render_frame,replay_frame,delta_ms,instant_fps,engine_fps,process_ms,physics_ms,video_mb,texture_mb,buffer_mb,static_mb,objects,nodes,orphans,draw_calls,tweens
1,0,36.749,27.2116248061172,125.0,1488.316,0.037,0.0,0.0,0.0,293.275639533997,7237,1173,0,0,138
2,0,0.2808750141412,3560.30244647279,125.0,1488.316,0.037,0.0,0.0,0.0,293.277306556702,7237,1173,0,0,138
3,0,0.58162497589365,1719.32093951697,125.0,1488.316,0.037,0.0,0.0,0.0,293.278668403625,7237,1173,0,0,138
4,0,4.60516667663182,217.147406428162,125.0,1488.316,0.037,0.0,0.0,0.0,293.280381202698,7237,1173,0,0,138
5,0,6.85433333333344,145.89310898215,125.0,1488.316,0.037,0.0,0.0,0.0,293.281834602356,7237,1173,0,0,138
6,0,5.55555555555555,180.0,125.0,1488.316,0.037,0.0,0.0,0.0,293.28334903717,7237,1173,0,0,138
7,0,5.55555555555555,180.0,125.0,1488.316,0.037,0.0,0.0,0.0,293.284848213196,7237,1173,0,0,138
8,0,5.55555555555555,180.0,125.0,1488.316,0.037,0.0,0.0,0.0,293.28621006012,7237,1173,0,0,138
9,0,5.55555555555555,180.0,125.0,1488.316,0.037,0.0,0.0,0.0,293.287571907043,7237,1173,0,0,138
10,0,5.55555555555555,180.0,125.0,1488.316,0.037,0.0,0.0,0.0,293.289116859436,7237,1173,0,0,138
11,0,5.55555555555556,180.0,125.0,1488.316,0.037,0.0,0.0,0.0,293.29063129425,7237,1173,0,0,138
12,0,6.6779999999999,149.745432764303,125.0,1488.316,0.037,0.0,0.0,0.0,293.302834510803,7244,1174,0,0,140
13,0,6.9,144.927536231884,125.0,1488.316,0.037,0.0,0.0,0.0,293.304348945618,7244,1174,0,0,140
14,0,6.901,144.906535284741,125.0,1488.316,0.037,0.0,0.0,0.0,293.305985450745,7244,1174,0,0,140
15,0,6.9,144.927536231884,125.0,1488.316,0.037,0.0,0.0,0.0,293.307499885559,7244,1174,0,0,140
16,0,6.901,144.906535284741,125.0,1488.316,0.037,0.0,0.0,0.0,293.308861732483,7244,1174,0,0,140
17,0,6.898,144.969556393157,125.0,1488.316,0.037,0.0,0.0,0.0,293.310223579407,7244,1174,0,0,140
18,0,6.9,144.927536231884,125.0,1488.316,0.037,0.0,0.0,0.0,293.311585426331,7244,1174,0,0,140
19,0,6.901,144.906535284741,125.0,1488.316,0.037,0.0,0.0,0.0,293.313099861145,7244,1174,0,0,140
20,0,6.9,144.927536231884,125.0,1488.316,0.037,0.0,0.0,0.0,293.315026283264,7244,1174,0,0,140
21,0,6.9,144.927536231884,125.0,1488.316,0.037,0.0,0.0,0.0,293.316388130188,7244,1174,0,0,140
22,0,6.9,144.927536231884,125.0,1488.316,0.037,0.0,0.0,0.0,293.317749977112,7244,1174,0,0,140
23,0,6.899,144.94854326714,125.0,1488.316,0.037,0.0,0.0,0.0,293.330105781555,7251,1175,0,0,142
24,0,6.902,144.885540423066,125.0,1488.316,0.037,0.0,0.0,0.0,293.331467628479,7251,1175,0,0,142
25,0,6.899,144.94854326714,125.0,1488.316,0.037,0.0,0.0,0.0,293.332829475403,7251,1175,0,0,142
26,0,6.9,144.927536231884,125.0,1488.316,0.037,0.0,0.0,0.0,293.334191322327,7251,1175,0,0,142
27,0,6.901,144.906535284741,125.0,1488.316,0.037,0.0,0.0,0.0,293.335705757141,7251,1175,0,0,142
28,0,6.94444444444444,144.0,125.0,1488.316,0.037,0.0,0.0,0.0,293.34300327301,7251,1175,0,0,142
29,0,6.94444444444444,144.0,125.0,1488.316,0.037,0.0,0.0,0.0,293.345005989075,7251,1175,0,0,142
30,0,6.94444444444444,144.0,125.0,1488.316,0.037,0.0,0.0,0.0,293.346367835999,7251,1175,0,0,142
31,0,6.94444444444444,144.0,125.0,1488.316,0.037,0.0,0.0,0.0,293.347882270813,7251,1175,0,0,142
32,0,6.94444444444444,144.0,125.0,1488.316,0.037,0.0,0.0,0.0,293.349244117737,7251,1175,0,0,142
33,0,6.94444444444444,144.0,125.0,1488.316,0.037,0.0,0.0,0.0,293.350605964661,7251,1175,0,0,142
34,0,6.94444444444444,144.0,125.0,1488.316,0.037,0.0,0.0,0.0,293.351967811584,7251,1175,0,0,142
35,0,6.94444444444444,144.0,125.0,1488.316,0.037,0.0,0.0,0.0,293.35363483429,7251,1175,0,0,142
36,0,6.94444444444444,144.0,125.0,1488.316,0.037,0.0,0.0,0.0,293.354996681213,7251,1175,0,0,142
37,0,6.94444444444444,144.0,125.0,1488.316,0.037,0.0,0.0,0.0,293.356358528137,7251,1175,0,0,142
38,0,6.94444444444444,144.0,125.0,1488.316,0.037,0.0,0.0,0.0,293.367829322815,7257,1176,0,0,143
39,0,6.94444444444444,144.0,125.0,1488.316,0.037,0.0,0.0,0.0,293.369191169739,7257,1176,0,0,143
40,0,6.94444444444444,144.0,125.0,1488.316,0.037,0.0,0.0,0.0,293.370705604553,7257,1176,0,0,143
41,0,6.94444444444444,144.0,125.0,1488.316,0.037,0.0,0.0,0.0,293.370854377747,7255,1176,0,0,142
42,0,6.94444444444444,144.0,125.0,1488.316,0.037,0.0,0.0,0.0,293.372368812561,7255,1176,0,0,142
43,0,6.94444444444444,144.0,125.0,1488.316,0.037,0.0,0.0,0.0,293.374691963196,7255,1176,0,0,142
44,0,6.94444444444444,144.0,50.0,58.363,0.051,0.0,0.0,0.0,293.37620639801,7255,1176,0,0,142
45,0,6.94444444444444,144.0,50.0,58.363,0.051,0.0,0.0,0.0,293.377568244934,7255,1176,0,0,142
46,0,6.94444444444444,144.0,50.0,58.363,0.051,0.0,0.0,0.0,293.378930091858,7255,1176,0,0,142
47,0,6.94444444444444,144.0,50.0,58.363,0.051,0.0,0.0,0.0,293.380291938782,7255,1176,0,0,142
48,0,6.94444444444444,144.0,50.0,58.363,0.051,0.0,0.0,0.0,293.381806373596,7255,1176,0,0,142
49,0,6.94444444444444,144.0,50.0,58.363,0.051,0.0,0.0,0.0,293.383320808411,7255,1176,0,0,142
50,0,6.94444444444444,144.0,50.0,58.363,0.051,0.0,0.0,0.0,293.384682655334,7255,1176,0,0,142
51,0,6.94444444444444,144.0,50.0,58.363,0.051,0.0,0.0,0.0,293.386044502258,7255,1176,0,0,142
52,0,6.94444444444444,144.0,50.0,58.363,0.051,0.0,0.0,0.0,293.387558937073,7255,1176,0,0,142
53,0,6.94444444444444,144.0,50.0,58.363,0.051,0.0,0.0,0.0,293.388920783997,7255,1176,0,0,142
54,0,6.94444444444444,144.0,50.0,58.363,0.051,0.0,0.0,0.0,293.39028263092,7255,1176,0,0,142
55,0,6.94444444444444,144.0,50.0,58.363,0.051,0.0,0.0,0.0,293.391644477844,7255,1176,0,0,142
56,0,6.94444444444444,144.0,50.0,58.363,0.051,0.0,0.0,0.0,293.393158912659,7255,1176,0,0,142
57,0,6.94444444444444,144.0,50.0,58.363,0.051,0.0,0.0,0.0,293.394673347473,7255,1176,0,0,142
58,0,6.94444444444444,144.0,50.0,58.363,0.051,0.0,0.0,0.0,293.396035194397,7255,1176,0,0,142
59,0,6.94444444444444,144.0,50.0,58.363,0.051,0.0,0.0,0.0,293.396664619446,7254,1176,0,0,141
60,0,6.94444444444444,144.0,50.0,58.363,0.051,0.0,0.0,0.0,293.39802646637,7254,1176,0,0,141
61,0,6.94444444444444,144.0,50.0,58.363,0.051,0.0,0.0,0.0,293.399388313293,7254,1176,0,0,141
62,0,6.94444444444444,144.0,50.0,58.363,0.051,0.0,0.0,0.0,293.400017738342,7253,1176,0,0,140
63,0,6.94444444444444,144.0,50.0,58.363,0.051,0.0,0.0,0.0,293.400166511536,7251,1176,0,0,139
64,0,6.94444444444444,144.0,50.0,58.363,0.051,0.0,0.0,0.0,293.401803016663,7249,1176,0,0,137
65,0,6.94444444444444,144.0,50.0,58.363,0.051,0.0,0.0,0.0,293.401951789856,7247,1176,0,0,136
66,0,6.94444444444444,144.0,50.0,58.363,0.051,0.0,0.0,0.0,293.40331363678,7247,1176,0,0,136
67,0,6.94444444444444,144.0,50.0,58.363,0.051,0.0,0.0,0.0,293.404675483704,7247,1176,0,0,136
68,0,6.94444444444444,144.0,50.0,58.363,0.051,0.0,0.0,0.0,293.406037330627,7247,1176,0,0,136
69,0,6.94444444444444,144.0,50.0,58.363,0.051,0.0,0.0,0.0,293.407399177551,7247,1176,0,0,136
70,0,6.94444444444444,144.0,50.0,58.363,0.051,0.0,0.0,0.0,293.387047767639,7207,1176,0,0,122
71,0,6.94444444444444,144.0,50.0,58.363,0.051,0.0,0.0,0.0,293.388562202454,7207,1176,0,0,122
72,0,6.94444444444444,144.0,50.0,58.363,0.051,0.0,0.0,0.0,293.386658668518,7201,1176,0,0,120
73,0,6.94444444444444,144.0,50.0,58.363,0.051,0.0,0.0,0.0,293.388020515442,7201,1176,0,0,120
74,0,6.94444444444444,144.0,50.0,58.363,0.051,0.0,0.0,0.0,293.389382362366,7201,1176,0,0,120
75,0,6.94444444444444,144.0,50.0,58.363,0.051,0.0,0.0,0.0,293.386197090149,7193,1176,0,0,116
76,0,6.94444444444444,144.0,50.0,58.363,0.051,0.0,0.0,0.0,293.387558937073,7193,1176,0,0,116
77,0,6.94444444444444,144.0,50.0,58.363,0.051,0.0,0.0,0.0,293.388188362122,7192,1176,0,0,115
78,0,6.94444444444444,144.0,50.0,58.363,0.051,0.0,0.0,0.0,293.389702796936,7192,1176,0,0,115
79,0,6.94444444444444,144.0,50.0,58.363,0.051,0.0,0.0,0.0,293.39106464386,7192,1176,0,0,115
80,0,6.94444444444444,144.0,50.0,58.363,0.051,0.0,0.0,0.0,293.391213417053,7190,1176,0,0,114
81,0,6.94444444444444,144.0,50.0,58.363,0.051,0.0,0.0,0.0,293.392575263977,7190,1176,0,0,114
82,0,6.94444444444444,144.0,50.0,58.363,0.051,0.0,0.0,0.0,293.393937110901,7190,1176,0,0,114
83,0,6.94444444444444,144.0,50.0,58.363,0.051,0.0,0.0,0.0,293.395298957825,7190,1176,0,0,114
84,0,6.94444444444444,144.0,50.0,58.363,0.051,0.0,0.0,0.0,293.396660804749,7190,1176,0,0,114
85,0,6.94444444444444,144.0,50.0,58.363,0.051,0.0,0.0,0.0,293.37804889679,7153,1176,0,0,102
86,0,6.94444444444444,144.0,50.0,58.363,0.051,0.0,0.0,0.0,293.379410743713,7153,1176,0,0,102
87,0,6.94444444444444,144.0,50.0,58.363,0.051,0.0,0.0,0.0,293.380772590637,7153,1176,0,0,102
88,0,6.94444444444444,144.0,50.0,58.363,0.051,0.0,0.0,0.0,293.382134437561,7153,1176,0,0,102
89,0,6.94444444444444,144.0,50.0,58.363,0.051,0.0,0.0,0.0,293.381222724915,7149,1176,0,0,100
90,0,6.94444444444444,144.0,50.0,58.363,0.051,0.0,0.0,0.0,293.382584571838,7149,1176,0,0,100
91,0,6.94444444444444,144.0,50.0,58.363,0.051,0.0,0.0,0.0,293.383946418762,7149,1176,0,0,100
92,0,6.94444444444444,144.0,50.0,58.363,0.051,0.0,0.0,0.0,293.385308265686,7149,1176,0,0,100
93,0,6.94444444444444,144.0,50.0,58.363,0.051,0.0,0.0,0.0,293.38667011261,7149,1176,0,0,100
94,0,6.94444444444444,144.0,50.0,58.363,0.051,0.0,0.0,0.0,293.388031959534,7149,1176,0,0,100
95,0,6.94444444444444,144.0,50.0,58.363,0.051,0.0,0.0,0.0,293.391545295715,7149,1176,0,0,100
96,0,6.94444444444444,144.0,50.0,58.363,0.051,0.0,0.0,0.0,293.388360023499,7141,1176,0,0,96
97,0,6.94444444444444,144.0,50.0,58.363,0.051,0.0,0.0,0.0,293.389721870422,7141,1176,0,0,96
98,0,6.94444444444444,144.0,50.0,58.363,0.051,0.0,0.0,0.0,293.391083717346,7141,1176,0,0,96
99,0,6.94444444444444,144.0,50.0,58.363,0.051,0.0,0.0,0.0,293.39244556427,7141,1176,0,0,96
100,0,6.94444444444444,144.0,50.0,58.363,0.051,0.0,0.0,0.0,293.393807411194,7141,1176,0,0,96
101,0,6.94444444444444,144.0,50.0,58.363,0.051,0.0,0.0,0.0,293.395169258118,7141,1176,0,0,96
102,0,6.94444444444444,144.0,50.0,58.363,0.051,0.0,0.0,0.0,293.396531105042,7141,1176,0,0,96
103,0,6.94444444444444,144.0,50.0,58.363,0.051,0.0,0.0,0.0,293.397892951965,7141,1176,0,0,96
104,0,6.94444444444444,144.0,50.0,58.363,0.051,0.0,0.0,0.0,293.396981239319,7137,1176,0,0,94
105,0,6.94444444444444,144.0,50.0,58.363,0.051,0.0,0.0,0.0,293.398343086243,7137,1176,0,0,94
106,0,6.94444444444444,144.0,50.0,58.363,0.051,0.0,0.0,0.0,293.402588844299,7142,1176,0,0,96
107,0,6.94444444444444,144.0,50.0,58.363,0.051,0.0,0.0,0.0,293.403950691223,7142,1176,0,0,96
108,0,6.94444444444444,144.0,50.0,58.363,0.051,0.0,0.0,0.0,293.405312538147,7142,1176,0,0,96
109,0,6.94444444444444,144.0,50.0,58.363,0.051,0.0,0.0,0.0,293.406674385071,7142,1176,0,0,96
110,0,6.94444444444444,144.0,50.0,58.363,0.051,0.0,0.0,0.0,293.408036231995,7142,1176,0,0,96
111,0,6.94444444444444,144.0,50.0,58.363,0.051,0.0,0.0,0.0,293.407124519348,7138,1176,0,0,94
112,0,6.94444444444444,144.0,50.0,58.363,0.051,0.0,0.0,0.0,293.408486366272,7138,1176,0,0,94
113,0,6.94444444444444,144.0,50.0,58.363,0.051,0.0,0.0,0.0,293.412732124329,7143,1176,0,0,96
114,0,6.94444444444444,144.0,50.0,58.363,0.051,0.0,0.0,0.0,293.414093971252,7143,1176,0,0,96
115,0,6.94444444444444,144.0,50.0,58.363,0.051,0.0,0.0,0.0,293.415455818176,7143,1176,0,0,96
116,0,6.94444444444444,144.0,50.0,58.363,0.051,0.0,0.0,0.0,293.4168176651,7143,1176,0,0,96
117,0,6.94444444444444,144.0,50.0,58.363,0.051,0.0,0.0,0.0,293.418179512024,7143,1176,0,0,96
118,0,6.94444444444444,144.0,50.0,58.363,0.051,0.0,0.0,0.0,293.417267799377,7139,1176,0,0,94
119,0,6.94444444444444,144.0,50.0,58.363,0.051,0.0,0.0,0.0,293.418629646301,7139,1176,0,0,94
120,0,6.94444444444444,144.0,50.0,58.363,0.051,0.0,0.0,0.0,293.419991493225,7139,1176,0,0,94
121,0,6.94444444444444,144.0,50.0,58.363,0.051,0.0,0.0,0.0,293.424237251282,7144,1176,0,0,96
122,0,6.94444444444444,144.0,50.0,58.363,0.051,0.0,0.0,0.0,293.425599098206,7144,1176,0,0,96
123,0,6.94444444444444,144.0,50.0,58.363,0.051,0.0,0.0,0.0,293.426960945129,7144,1176,0,0,96
124,0,6.94444444444444,144.0,50.0,58.363,0.051,0.0,0.0,0.0,293.428322792053,7144,1176,0,0,96
125,0,6.94444444444444,144.0,50.0,58.363,0.051,0.0,0.0,0.0,293.427411079407,7140,1176,0,0,94
126,0,6.94444444444444,144.0,50.0,58.363,0.051,0.0,0.0,0.0,293.428772926331,7140,1176,0,0,94
127,0,6.94444444444444,144.0,50.0,58.363,0.051,0.0,0.0,0.0,293.430134773254,7140,1176,0,0,94
128,0,6.94444444444444,144.0,50.0,58.363,0.051,0.0,0.0,0.0,293.431496620178,7140,1176,0,0,94
129,0,6.94444444444444,144.0,50.0,58.363,0.051,0.0,0.0,0.0,293.432858467102,7140,1176,0,0,94
130,0,6.94444444444444,144.0,50.0,58.363,0.051,0.0,0.0,0.0,293.434220314026,7140,1176,0,0,94
131,0,6.94444444444444,144.0,50.0,58.363,0.051,0.0,0.0,0.0,293.43558216095,7140,1176,0,0,94
132,0,6.94444444444444,144.0,50.0,58.363,0.051,0.0,0.0,0.0,293.434670448303,7136,1176,0,0,92
133,0,6.94444444444444,144.0,50.0,58.363,0.051,0.0,0.0,0.0,293.436032295227,7136,1176,0,0,92
134,0,6.94444444444444,144.0,50.0,58.363,0.051,0.0,0.0,0.0,293.437394142151,7136,1176,0,0,92
135,0,6.94444444444444,144.0,50.0,58.363,0.051,0.0,0.0,0.0,293.438755989075,7136,1176,0,0,92
136,0,6.94444444444444,144.0,50.0,58.363,0.051,0.0,0.0,0.0,293.436852455139,7130,1176,0,0,90
137,0,6.94444444444444,144.0,50.0,58.363,0.051,0.0,0.0,0.0,293.438214302063,7130,1176,0,0,90
138,0,6.94444444444444,144.0,50.0,58.363,0.051,0.0,0.0,0.0,293.439576148987,7130,1176,0,0,90
139,0,6.94444444444444,144.0,50.0,58.363,0.051,0.0,0.0,0.0,293.881680488586,7466,1224,0,0,182
140,0,6.94444444444444,144.0,50.0,58.363,0.051,0.0,0.0,0.0,293.874604225159,7452,1224,0,0,174
141,0,6.94444444444444,144.0,50.0,58.363,0.051,0.0,0.0,0.0,293.875966072083,7452,1224,0,0,174
142,0,6.94444444444444,144.0,50.0,58.363,0.051,0.0,0.0,0.0,293.880532264709,7452,1224,0,0,174
143,0,6.94444444444444,144.0,50.0,58.363,0.051,0.0,0.0,0.0,293.881894111633,7452,1224,0,0,174
144,0,6.94444444444444,144.0,50.0,58.363,0.051,0.0,0.0,0.0,293.879990577698,7446,1224,0,0,172
145,0,6.94444444444444,144.0,50.0,58.363,0.051,0.0,0.0,0.0,293.881352424622,7446,1224,0,0,172
146,0,6.94444444444444,144.0,50.0,58.363,0.051,0.0,0.0,0.0,293.882714271545,7446,1224,0,0,172
147,0,6.94444444444444,144.0,50.0,58.363,0.051,0.0,0.0,0.0,293.881802558899,7442,1224,0,0,170
148,0,6.94444444444444,144.0,50.0,58.363,0.051,0.0,0.0,0.0,293.879899024963,7436,1224,0,0,168
149,0,6.94444444444444,144.0,50.0,58.363,0.051,0.0,0.0,0.0,293.881260871887,7436,1224,0,0,168
150,0,6.94444444444444,144.0,50.0,58.363,0.051,0.0,0.0,0.0,293.880646705627,7433,1224,0,0,166
151,0,6.94444444444444,144.0,50.0,58.363,0.051,0.0,0.0,0.0,293.882008552551,7433,1224,0,0,166
152,0,6.94444444444444,144.0,50.0,58.363,0.051,0.0,0.0,0.0,293.880105018616,7427,1224,0,0,164
153,0,6.94444444444444,144.0,50.0,58.363,0.051,0.0,0.0,0.0,293.88146686554,7427,1224,0,0,164
154,0,6.94444444444444,144.0,50.0,58.363,0.051,0.0,0.0,0.0,293.880555152893,7423,1224,0,0,162
155,0,6.94444444444444,144.0,50.0,58.363,0.051,0.0,0.0,0.0,293.881916999817,7423,1224,0,0,162
156,0,6.94444444444444,144.0,50.0,58.363,0.051,0.0,0.0,0.0,293.872624397278,7408,1222,0,0,160
157,0,6.94444444444444,144.0,50.0,58.363,0.051,0.0,0.0,0.0,293.873986244202,7408,1222,0,0,160
158,0,6.94444444444444,144.0,50.0,58.363,0.051,0.0,0.0,0.0,293.875348091125,7408,1222,0,0,160
159,0,6.94444444444444,144.0,50.0,58.363,0.051,0.0,0.0,0.0,293.876709938049,7408,1222,0,0,160
160,0,6.94444444444444,144.0,50.0,58.363,0.051,0.0,0.0,0.0,293.874806404114,7402,1222,0,0,158
161,0,6.94444444444444,144.0,50.0,58.363,0.051,0.0,0.0,0.0,293.876168251038,7402,1222,0,0,158
162,0,6.94444444444444,144.0,50.0,58.363,0.051,0.0,0.0,0.0,293.877530097961,7402,1222,0,0,158
163,0,6.94444444444444,144.0,50.0,58.363,0.051,0.0,0.0,0.0,293.878891944885,7402,1222,0,0,158
164,0,6.94444444444444,144.0,50.0,58.363,0.051,0.0,0.0,0.0,293.87698841095,7396,1222,0,0,156
165,0,6.94444444444444,144.0,50.0,58.363,0.051,0.0,0.0,0.0,293.87637424469,7393,1222,0,0,154
166,0,6.94444444444444,144.0,50.0,58.363,0.051,0.0,0.0,0.0,293.877736091614,7393,1222,0,0,154
167,0,6.94444444444444,144.0,50.0,58.363,0.051,0.0,0.0,0.0,293.879097938538,7393,1222,0,0,154
168,0,6.94444444444444,144.0,50.0,58.363,0.051,0.0,0.0,0.0,293.874920845032,7383,1222,0,0,150
169,0,6.94444444444444,144.0,50.0,58.363,0.051,0.0,0.0,0.0,293.876282691956,7383,1222,0,0,150
170,0,6.94444444444444,144.0,50.0,58.363,0.051,0.0,0.0,0.0,293.877644538879,7383,1222,0,0,150
171,0,6.94444444444444,144.0,50.0,58.363,0.051,0.0,0.0,0.0,293.862812995911,7374,1220,0,0,150
172,0,6.94444444444444,144.0,50.0,58.363,0.051,0.0,0.0,0.0,293.860909461975,7368,1220,0,0,148
173,0,6.94444444444444,144.0,50.0,58.363,0.051,0.0,0.0,0.0,293.862271308899,7368,1220,0,0,148
174,0,6.94444444444444,144.0,50.0,58.363,0.051,0.0,0.0,0.0,293.863633155823,7368,1220,0,0,148
175,0,6.94444444444444,144.0,50.0,58.363,0.051,0.0,0.0,0.0,293.864995002747,7368,1220,0,0,148
176,0,6.94444444444444,144.0,50.0,58.363,0.051,0.0,0.0,0.0,293.863091468811,7362,1220,0,0,146
177,0,6.94444444444444,144.0,50.0,58.363,0.051,0.0,0.0,0.0,293.864453315735,7362,1220,0,0,146
178,0,6.94444444444444,144.0,50.0,58.363,0.051,0.0,0.0,0.0,293.865815162659,7362,1220,0,0,146
179,0,6.94444444444444,144.0,50.0,58.363,0.051,0.0,0.0,0.0,293.867177009583,7362,1220,0,0,146
180,0,6.94444444444444,144.0,50.0,58.363,0.051,0.0,0.0,0.0,293.863297462463,7353,1220,0,0,142
181,0,6.94444444444444,144.0,50.0,58.363,0.051,0.0,0.0,0.0,293.864659309387,7353,1220,0,0,142
182,0,6.94444444444444,144.0,50.0,58.363,0.051,0.0,0.0,0.0,293.866021156311,7353,1220,0,0,142
183,0,6.94444444444444,144.0,50.0,58.363,0.051,0.0,0.0,0.0,293.867383003235,7353,1220,0,0,142
184,0,6.94444444444444,144.0,50.0,58.363,0.051,0.0,0.0,0.0,293.868744850159,7353,1220,0,0,142
185,0,6.94444444444444,144.0,50.0,58.363,0.051,0.0,0.0,0.0,293.86486530304,7344,1220,0,0,138
186,0,6.94444444444444,144.0,50.0,58.363,0.051,0.0,0.0,0.0,293.850094795227,7335,1218,0,0,138
187,0,6.94444444444444,144.0,50.0,58.363,0.051,0.0,0.0,0.0,293.851456642151,7335,1218,0,0,138
188,0,6.94444444444444,144.0,50.0,58.363,0.051,0.0,0.0,0.0,293.852818489075,7335,1218,0,0,138
189,0,6.94444444444444,144.0,145.0,6.085,0.058,0.0,0.0,0.0,293.850914955139,7329,1218,0,0,136
190,0,6.94444444444444,144.0,145.0,6.085,0.058,0.0,0.0,0.0,293.852276802063,7329,1218,0,0,136
191,0,6.94444444444444,144.0,145.0,6.085,0.058,0.0,0.0,0.0,293.853638648987,7329,1218,0,0,136
192,0,6.94444444444444,144.0,145.0,6.085,0.058,0.0,0.0,0.0,293.837891578674,7320,1216,0,0,136
193,0,6.94444444444444,144.0,145.0,6.085,0.058,0.0,0.0,0.0,293.839253425598,7320,1216,0,0,136
194,0,6.94444444444444,144.0,145.0,6.085,0.058,0.0,0.0,0.0,293.837243080139,7314,1216,0,0,134
195,0,6.94444444444444,144.0,145.0,6.085,0.058,0.0,0.0,0.0,293.838604927063,7314,1216,0,0,134
196,0,6.94444444444444,144.0,145.0,6.085,0.058,0.0,0.0,0.0,293.839966773987,7314,1216,0,0,134
197,0,6.94444444444444,144.0,145.0,6.085,0.058,0.0,0.0,0.0,293.841328620911,7314,1216,0,0,134
198,0,6.94444444444444,144.0,145.0,6.085,0.058,0.0,0.0,0.0,293.842690467834,7314,1216,0,0,134
199,0,6.94444444444444,144.0,145.0,6.085,0.058,0.0,0.0,0.0,293.844052314758,7314,1216,0,0,134
200,0,6.94444444444444,144.0,145.0,6.085,0.058,0.0,0.0,0.0,293.845414161682,7314,1216,0,0,134
201,0,6.94444444444444,144.0,145.0,6.085,0.058,0.0,0.0,0.0,293.846776008606,7314,1216,0,0,134
202,0,6.94444444444444,144.0,145.0,6.085,0.058,0.0,0.0,0.0,293.84813785553,7314,1216,0,0,134
203,0,6.94444444444444,144.0,145.0,6.085,0.058,0.0,0.0,0.0,293.849499702454,7314,1216,0,0,134
204,0,6.94444444444444,144.0,145.0,6.085,0.058,0.0,0.0,0.0,293.850861549377,7314,1216,0,0,134
205,0,6.94444444444444,144.0,145.0,6.085,0.058,0.0,0.0,0.0,293.852223396301,7314,1216,0,0,134
206,0,6.94444444444444,144.0,145.0,6.085,0.058,0.0,0.0,0.0,293.853585243225,7314,1216,0,0,134
207,0,6.94444444444444,144.0,145.0,6.085,0.058,0.0,0.0,0.0,293.854947090149,7314,1216,0,0,134
208,0,6.94444444444444,144.0,145.0,6.085,0.058,0.0,0.0,0.0,293.856308937073,7314,1216,0,0,134
209,0,6.94444444444444,144.0,145.0,6.085,0.058,0.0,0.0,0.0,293.806492805481,7236,1216,0,0,82
210,0,6.94444444444444,144.0,145.0,6.085,0.058,0.0,0.0,0.0,293.807854652405,7236,1216,0,0,82
211,0,6.94444444444444,144.0,145.0,6.085,0.058,0.0,0.0,0.0,293.805233955383,7230,1216,0,0,78
212,0,6.94444444444444,144.0,145.0,6.085,0.058,0.0,0.0,0.0,293.811402320862,7230,1216,0,0,78
213,0,6.94444444444444,144.0,145.0,6.085,0.058,0.0,0.0,0.0,293.812764167786,7230,1216,0,0,78
214,0,6.94444444444444,144.0,145.0,6.085,0.058,0.0,0.0,0.0,293.814126014709,7230,1216,0,0,78
215,0,6.92022222222215,144.50403005684,145.0,6.085,0.058,0.0,0.0,0.0,293.815487861633,7230,1216,0,0,78
216,0,6.9,144.927536231884,145.0,6.085,0.058,0.0,0.0,0.0,293.816849708557,7230,1216,0,0,78
217,0,6.901,144.906535284741,145.0,6.085,0.058,0.0,0.0,0.0,293.818211555481,7230,1216,0,0,78
218,0,6.9,144.927536231884,145.0,6.085,0.058,0.0,0.0,0.0,293.819573402405,7230,1216,0,0,78
219,0,6.9,144.927536231884,145.0,6.085,0.058,0.0,0.0,0.0,293.820935249329,7230,1216,0,0,78
220,0,6.905,144.822592324403,145.0,6.085,0.058,0.0,0.0,0.0,293.822297096252,7230,1216,0,0,78
221,0,6.894,145.053669857847,145.0,6.085,0.058,0.0,0.0,0.0,293.823658943176,7230,1216,0,0,78
222,0,6.9,144.927536231884,145.0,6.085,0.058,0.0,0.0,0.0,293.8250207901,7230,1216,0,0,78
223,0,6.901,144.906535284741,145.0,6.085,0.058,0.0,0.0,0.0,293.826382637024,7230,1216,0,0,78
224,0,6.9,144.927536231884,145.0,6.085,0.058,0.0,0.0,0.0,293.827744483948,7230,1216,0,0,78
225,0,6.9,144.927536231884,145.0,6.085,0.058,0.0,0.0,0.0,293.829106330872,7230,1216,0,0,78
226,0,6.899,144.94854326714,145.0,6.085,0.058,0.0,0.0,0.0,293.828042030334,7226,1216,0,0,76
227,0,6.899,144.94854326714,145.0,6.085,0.058,0.0,0.0,0.0,293.829403877258,7226,1216,0,0,76
228,0,6.901,144.906535284741,145.0,6.085,0.058,0.0,0.0,0.0,293.830765724182,7226,1216,0,0,76
229,0,6.901,144.906535284741,145.0,6.085,0.058,0.0,0.0,0.0,293.832127571106,7226,1216,0,0,76
230,0,6.899,144.94854326714,145.0,6.085,0.058,0.0,0.0,0.0,293.83348941803,7226,1216,0,0,76
231,0,6.901,144.906535284741,145.0,6.085,0.058,0.0,0.0,0.0,293.834851264954,7226,1216,0,0,76
232,0,6.899,144.94854326714,145.0,6.085,0.058,0.0,0.0,0.0,293.836213111877,7226,1216,0,0,76
233,0,6.9,144.927536231884,145.0,6.085,0.058,0.0,0.0,0.0,293.837574958801,7226,1216,0,0,76
234,0,6.9,144.927536231884,145.0,6.085,0.058,0.0,0.0,0.0,293.838936805725,7226,1216,0,0,76
235,0,6.901,144.906535284741,145.0,6.085,0.058,0.0,0.0,0.0,293.810357093811,7212,1212,0,0,76
236,0,6.906,144.801621778164,145.0,6.085,0.058,0.0,0.0,0.0,293.811718940735,7212,1212,0,0,76
237,0,6.895,145.032632342277,145.0,6.085,0.058,0.0,0.0,0.0,293.813080787659,7212,1212,0,0,76
238,0,6.898,144.969556393157,145.0,6.085,0.058,0.0,0.0,0.0,293.814442634583,7212,1212,0,0,76
239,0,6.901,144.906535284741,145.0,6.085,0.058,0.0,0.0,0.0,293.815804481506,7212,1212,0,0,76
240,0,6.9,144.927536231884,145.0,6.085,0.058,0.0,0.0,0.0,293.81716632843,7212,1212,0,0,76
241,0,6.9,144.927536231884,145.0,6.085,0.058,0.0,0.0,0.0,293.818528175354,7212,1212,0,0,76
242,0,6.901,144.906535284741,145.0,6.085,0.058,0.0,0.0,0.0,293.819890022278,7212,1212,0,0,76
243,0,6.9,144.927536231884,145.0,6.085,0.058,0.0,0.0,0.0,293.821251869202,7212,1212,0,0,76
244,0,6.898,144.969556393157,145.0,6.085,0.058,0.0,0.0,0.0,293.822613716125,7212,1212,0,0,76
245,0,6.9,144.927536231884,145.0,6.085,0.058,0.0,0.0,0.0,293.823975563049,7212,1212,0,0,76
246,0,6.9,144.927536231884,145.0,6.085,0.058,0.0,0.0,0.0,293.825337409973,7212,1212,0,0,76
247,0,6.9,144.927536231884,145.0,6.085,0.058,0.0,0.0,0.0,293.826699256897,7212,1212,0,0,76
248,0,6.899,144.94854326714,145.0,6.085,0.058,0.0,0.0,0.0,293.828061103821,7212,1212,0,0,76
249,0,6.907,144.780657304184,145.0,6.085,0.058,0.0,0.0,0.0,293.829422950745,7212,1212,0,0,76
250,0,6.894,145.053669857847,145.0,6.085,0.058,0.0,0.0,0.0,293.799290657043,7164,1212,0,0,44
251,0,6.9,144.927536231884,145.0,6.085,0.058,0.0,0.0,0.0,293.800652503967,7164,1212,0,0,44
252,0,6.901,144.906535284741,145.0,6.085,0.058,0.0,0.0,0.0,293.802014350891,7164,1212,0,0,44
253,0,6.9,144.927536231884,145.0,6.085,0.058,0.0,0.0,0.0,293.803376197815,7164,1212,0,0,44
254,0,6.9,144.927536231884,145.0,6.085,0.058,0.0,0.0,0.0,293.804738044739,7164,1212,0,0,44
255,0,6.908,144.759698899826,145.0,6.085,0.058,0.0,0.0,0.0,293.806099891663,7164,1212,0,0,44
256,0,6.891,145.116819039327,145.0,6.085,0.058,0.0,0.0,0.0,293.807461738586,7164,1212,0,0,44
257,0,6.9,144.927536231884,145.0,6.085,0.058,0.0,0.0,0.0,293.80882358551,7164,1212,0,0,44
258,0,6.901,144.906535284741,145.0,6.085,0.058,0.0,0.0,0.0,293.806660652161,7158,1212,0,0,42
259,0,6.9,144.927536231884,145.0,6.085,0.058,0.0,0.0,0.0,293.808022499084,7158,1212,0,0,42
260,0,6.9,144.927536231884,145.0,6.085,0.058,0.0,0.0,0.0,293.809384346008,7158,1212,0,0,42
261,0,6.899,144.94854326714,145.0,6.085,0.058,0.0,0.0,0.0,293.810746192932,7158,1212,0,0,42
262,0,6.899,144.94854326714,145.0,6.085,0.058,0.0,0.0,0.0,293.812108039856,7158,1212,0,0,42
263,0,6.901,144.906535284741,145.0,6.085,0.058,0.0,0.0,0.0,293.81346988678,7158,1212,0,0,42
264,0,6.901,144.906535284741,145.0,6.085,0.058,0.0,0.0,0.0,293.814831733704,7158,1212,0,0,42
265,0,6.9,144.927536231884,145.0,6.085,0.058,0.0,0.0,0.0,293.816193580627,7158,1212,0,0,42
266,0,6.901,144.906535284741,145.0,6.085,0.058,0.0,0.0,0.0,293.817555427551,7158,1212,0,0,42
267,0,6.898,144.969556393157,145.0,6.085,0.058,0.0,0.0,0.0,293.818917274475,7158,1212,0,0,42
268,0,6.9,144.927536231884,145.0,6.085,0.058,0.0,0.0,0.0,293.820279121399,7158,1212,0,0,42
269,0,6.9,144.927536231884,145.0,6.085,0.058,0.0,0.0,0.0,293.821640968323,7158,1212,0,0,42
270,0,6.901,144.906535284741,145.0,6.085,0.058,0.0,0.0,0.0,293.823002815247,7158,1212,0,0,42
271,0,6.9,144.927536231884,145.0,6.085,0.058,0.0,0.0,0.0,293.82436466217,7158,1212,0,0,42
272,0,6.9,144.927536231884,145.0,6.085,0.058,0.0,0.0,0.0,293.825726509094,7158,1212,0,0,42
273,0,6.898,144.969556393157,145.0,6.085,0.058,0.0,0.0,0.0,293.827088356018,7158,1212,0,0,42
274,0,6.901,144.906535284741,145.0,6.085,0.058,0.0,0.0,0.0,293.828450202942,7158,1212,0,0,42
275,0,6.9,144.927536231884,145.0,6.085,0.058,0.0,0.0,0.0,293.748093605042,7012,1212,0,0,0
276,0,6.901,144.906535284741,145.0,6.085,0.058,0.0,0.0,0.0,293.749455451965,7012,1212,0,0,0
277,0,6.9,144.927536231884,145.0,6.085,0.058,0.0,0.0,0.0,293.750817298889,7012,1212,0,0,0
278,0,6.899,144.94854326714,145.0,6.085,0.058,0.0,0.0,0.0,293.752179145813,7012,1212,0,0,0
279,0,6.9,144.927536231884,145.0,6.085,0.058,0.0,0.0,0.0,293.753540992737,7012,1212,0,0,0
280,0,6.9,144.927536231884,145.0,6.085,0.058,0.0,0.0,0.0,293.754902839661,7012,1212,0,0,0
281,0,6.9,144.927536231884,145.0,6.085,0.058,0.0,0.0,0.0,293.756264686584,7012,1212,0,0,0
282,0,6.901,144.906535284741,145.0,6.085,0.058,0.0,0.0,0.0,293.757626533508,7012,1212,0,0,0
283,0,6.91,144.717800289436,145.0,6.085,0.058,0.0,0.0,0.0,293.758988380432,7012,1212,0,0,0
284,0,6.889,145.158949049209,145.0,6.085,0.058,0.0,0.0,0.0,293.020524024963,6560,1102,0,0,0
285,0,6.9,144.927536231884,145.0,6.085,0.058,0.0,0.0,0.0,293.021885871887,6560,1102,0,0,0
286,0,6.9,144.927536231884,145.0,6.085,0.058,0.0,0.0,0.0,293.023247718811,6560,1102,0,0,0
287,0,6.901,144.906535284741,145.0,6.085,0.058,0.0,0.0,0.0,293.024609565735,6560,1102,0,0,0
288,0,6.9,144.927536231884,145.0,6.085,0.058,0.0,0.0,0.0,293.025971412659,6560,1102,0,0,0
289,0,6.9,144.927536231884,145.0,6.085,0.058,0.0,0.0,0.0,293.027333259583,6560,1102,0,0,0
290,0,6.9,144.927536231884,145.0,6.085,0.058,0.0,0.0,0.0,293.026497840881,6558,1102,0,0,0
291,0,6.94444444444444,144.0,145.0,6.085,0.058,0.0,0.0,0.0,293.10268497467,6558,1102,0,0,0
292,0,6.94444444444444,144.0,145.0,6.085,0.058,0.0,0.0,0.0,293.104046821594,6558,1102,0,0,0
293,0,6.94444444444444,144.0,145.0,6.085,0.058,0.0,0.0,0.0,293.105408668518,6558,1102,0,0,0
294,0,6.94444444444444,144.0,145.0,6.085,0.058,0.0,0.0,0.0,293.106770515442,6558,1102,0,0,0
295,0,6.94444444444444,144.0,145.0,6.085,0.058,0.0,0.0,0.0,293.108132362366,6558,1102,0,0,0
296,0,6.67577777777778,149.795279784295,145.0,6.085,0.058,0.0,0.0,0.0,293.10949420929,6558,1102,0,0,0
297,0,6.9,144.927536231884,145.0,6.085,0.058,0.0,0.0,0.0,293.110856056213,6558,1102,0,0,0
298,0,6.9,144.927536231884,145.0,6.085,0.058,0.0,0.0,0.0,293.112217903137,6558,1102,0,0,0
299,0,6.9,144.927536231884,145.0,6.085,0.058,0.0,0.0,0.0,293.113579750061,6558,1102,0,0,0
300,0,6.901,144.906535284741,145.0,6.085,0.058,0.0,0.0,0.0,293.114941596985,6558,1102,0,0,0
301,0,6.9,144.927536231884,145.0,6.085,0.058,0.0,0.0,0.0,293.116303443909,6558,1102,0,0,0
302,0,6.899,144.94854326714,145.0,6.085,0.058,0.0,0.0,0.0,293.117665290833,6558,1102,0,0,0
303,0,6.9,144.927536231884,145.0,6.085,0.058,0.0,0.0,0.0,293.119027137756,6558,1102,0,0,0
304,0,6.9,144.927536231884,145.0,6.085,0.058,0.0,0.0,0.0,293.12038898468,6558,1102,0,0,0
305,1,6.901,144.906535284741,145.0,6.085,0.058,0.0,0.0,0.0,293.121750831604,6558,1102,0,0,0
306,1,6.9,144.927536231884,145.0,6.085,0.058,0.0,0.0,0.0,293.123112678528,6558,1102,0,0,0
307,1,6.9,144.927536231884,145.0,6.085,0.058,0.0,0.0,0.0,293.124474525452,6558,1102,0,0,0
308,1,6.9,144.927536231884,145.0,6.085,0.058,0.0,0.0,0.0,293.125836372375,6558,1102,0,0,0
309,1,6.899,144.94854326714,145.0,6.085,0.058,0.0,0.0,0.0,293.127198219299,6558,1102,0,0,0
310,1,6.9,144.927536231884,145.0,6.085,0.058,0.0,0.0,0.0,293.128560066223,6558,1102,0,0,0
311,1,6.9,144.927536231884,145.0,6.085,0.058,0.0,0.0,0.0,293.129921913147,6558,1102,0,0,0
312,1,6.901,144.906535284741,145.0,6.085,0.058,0.0,0.0,0.0,293.131283760071,6558,1102,0,0,0
313,1,6.899,144.94854326714,145.0,6.085,0.058,0.0,0.0,0.0,293.132645606995,6558,1102,0,0,0
314,1,6.9,144.927536231884,145.0,6.085,0.058,0.0,0.0,0.0,293.134007453918,6558,1102,0,0,0
315,1,6.9,144.927536231884,145.0,6.085,0.058,0.0,0.0,0.0,293.135369300842,6558,1102,0,0,0
316,1,6.9,144.927536231884,145.0,6.085,0.058,0.0,0.0,0.0,293.136731147766,6558,1102,0,0,0
317,1,6.9,144.927536231884,145.0,6.085,0.058,0.0,0.0,0.0,293.145325660706,6558,1102,0,0,0
318,1,6.901,144.906535284741,145.0,6.085,0.058,0.0,0.0,0.0,293.146687507629,6558,1102,0,0,0
319,2,6.94444444444444,144.0,145.0,6.085,0.058,0.0,0.0,0.0,293.211663246155,6584,1107,0,0,3
320,2,6.94444444444444,144.0,145.0,6.085,0.058,0.0,0.0,0.0,293.222546577454,6584,1107,0,0,3
321,2,6.94444444444444,144.0,145.0,6.085,0.058,0.0,0.0,0.0,293.223908424377,6584,1107,0,0,3
322,2,6.94444444444444,144.0,145.0,6.085,0.058,0.0,0.0,0.0,293.225270271301,6584,1107,0,0,3
323,2,6.94444444444444,144.0,145.0,6.085,0.058,0.0,0.0,0.0,293.255757331848,6599,1110,0,0,5
324,2,6.93577777777778,144.179936560828,145.0,6.085,0.058,0.0,0.0,0.0,293.257119178772,6599,1110,0,0,5
325,2,6.66666666666667,150.0,145.0,6.085,0.058,0.0,0.0,0.0,293.258481025696,6599,1110,0,0,5
326,2,6.87433333333333,145.468651505601,145.0,6.085,0.058,0.0,0.0,0.0,293.25984287262,6599,1110,0,0,5
327,2,6.9,144.927536231884,145.0,6.085,0.058,0.0,0.0,0.0,293.259991645813,6597,1110,0,0,4
328,2,6.9,144.927536231884,145.0,6.085,0.058,0.0,0.0,0.0,293.292164802551,6621,1115,0,0,8
329,2,6.9,144.927536231884,145.0,6.085,0.058,0.0,0.0,0.0,293.292313575745,6619,1115,0,0,7
330,2,6.901,144.906535284741,145.0,6.085,0.058,0.0,0.0,0.0,293.293675422668,6619,1115,0,0,7
331,2,6.899,144.94854326714,145.0,6.085,0.058,0.0,0.0,0.0,293.295037269592,6619,1115,0,0,7
332,2,6.9,144.927536231884,145.0,6.085,0.058,0.0,0.0,0.0,293.296399116516,6619,1115,0,0,7
333,2,6.9,144.927536231884,145.0,6.085,0.058,0.0,0.0,0.0,293.29776096344,6619,1115,0,0,7
334,3,6.9,144.927536231884,145.0,11.932,0.039,0.0,0.0,0.0,293.359066963196,6645,1120,0,0,10
335,3,6.901,144.906535284741,145.0,11.932,0.039,0.0,0.0,0.0,293.36042881012,6645,1120,0,0,10
336,3,6.899,144.94854326714,145.0,11.932,0.039,0.0,0.0,0.0,293.361165046692,6646,1120,0,0,10
337,3,6.9,144.927536231884,145.0,11.932,0.039,0.0,0.0,0.0,293.356045722961,6644,1118,0,0,10
338,3,6.9,144.927536231884,145.0,11.932,0.039,0.0,0.0,0.0,293.381932258606,6651,1121,0,0,9
339,3,6.9,144.927536231884,145.0,11.932,0.039,0.0,0.0,0.0,293.379693031311,6650,1120,0,0,9
340,3,6.9,144.927536231884,145.0,11.932,0.039,0.0,0.0,0.0,293.379376411438,6647,1120,0,0,8
341,3,6.901,144.906535284741,145.0,11.932,0.039,0.0,0.0,0.0,293.380738258362,6647,1120,0,0,8
342,3,6.9,144.927536231884,145.0,11.932,0.039,0.0,0.0,0.0,293.380887031555,6645,1120,0,0,7
343,3,6.899,144.94854326714,145.0,11.932,0.039,0.0,0.0,0.0,293.411870002747,6667,1125,0,0,10
344,3,6.9,144.927536231884,145.0,11.932,0.039,0.0,0.0,0.0,293.41201877594,6665,1125,0,0,9
345,3,6.9,144.927536231884,145.0,11.932,0.039,0.0,0.0,0.0,293.401085853577,6658,1123,0,0,9
346,3,6.9,144.927536231884,145.0,11.932,0.039,0.0,0.0,0.0,293.4024477005,6658,1123,0,0,9
347,3,6.901,144.906535284741,145.0,11.932,0.039,0.0,0.0,0.0,293.403809547424,6658,1123,0,0,9
348,4,20.8976666666667,47.8522323066371,145.0,11.932,0.039,0.0,0.0,0.0,299.543358802795,6914,1184,0,0,42
349,4,8.33333333333333,120.0,145.0,11.932,0.039,0.0,0.0,0.0,299.544095039368,6915,1184,0,0,42
350,4,8.33333333333333,120.0,145.0,11.932,0.039,0.0,0.0,0.0,299.538838386536,6913,1182,0,0,42
351,4,8.33333333333333,120.0,145.0,11.932,0.039,0.0,0.0,0.0,299.531907081604,6904,1181,0,0,39
352,4,8.33333333333333,120.0,145.0,11.932,0.039,0.0,0.0,0.0,299.531590461731,6901,1181,0,0,38
353,4,8.33333333333333,120.0,145.0,11.932,0.039,0.0,0.0,0.0,299.531991004944,6899,1181,0,0,37
354,4,8.33333333333333,120.0,145.0,11.932,0.039,0.0,0.0,0.0,299.533352851868,6899,1181,0,0,37
355,4,8.33333333333333,120.0,145.0,11.932,0.039,0.0,0.0,0.0,299.536190986633,6901,1181,0,0,37
356,4,7.64433333333333,130.815854881612,145.0,11.932,0.039,0.0,0.0,0.0,299.537552833557,6901,1181,0,0,37
357,4,6.061,164.98927569708,145.0,11.932,0.039,0.0,0.0,0.0,299.526436805725,6894,1179,0,0,37
358,4,6.729,148.610491900728,145.0,11.932,0.039,0.0,0.0,0.0,299.527066230774,6893,1179,0,0,36
359,4,6.899,144.94854326714,145.0,11.932,0.039,0.0,0.0,0.0,299.502789497375,6881,1176,0,0,35
360,5,6.9,144.927536231884,145.0,11.932,0.039,0.0,0.0,0.0,299.503067970276,6879,1176,0,0,34
361,5,7.57575757575758,132.0,145.0,11.932,0.039,0.0,0.0,0.0,299.907166481018,7138,1246,0,0,71
362,5,7.57575757575758,132.0,145.0,11.932,0.039,0.0,0.0,0.0,299.908528327942,7138,1246,0,0,71
363,5,6.98248484848485,143.215491576325,145.0,11.932,0.039,0.0,0.0,0.0,299.87730884552,7124,1242,0,0,71
364,5,6.48,154.320987654321,145.0,11.932,0.039,0.0,0.0,0.0,299.889847755432,7132,1243,0,0,73
365,5,6.014,166.27868307283,145.0,11.932,0.039,0.0,0.0,0.0,299.891209602356,7132,1243,0,0,73
366,5,6.772,147.666863555818,145.0,11.932,0.039,0.0,0.0,0.0,299.891934394836,7131,1243,0,0,73
367,5,6.9,144.927536231884,145.0,11.932,0.039,0.0,0.0,0.0,299.910603523254,7147,1246,0,0,75
368,5,6.9,144.927536231884,145.0,11.932,0.039,0.0,0.0,0.0,299.90541934967,7135,1246,0,0,69
369,5,6.901,144.906535284741,145.0,11.932,0.039,0.0,0.0,0.0,299.906781196594,7135,1246,0,0,69
370,5,6.911,144.696860078136,145.0,11.932,0.039,0.0,0.0,0.0,299.897469520569,7133,1242,0,0,69
371,5,6.888,145.180023228804,145.0,11.932,0.039,0.0,0.0,0.0,299.914387702942,7137,1244,0,0,67
372,5,6.9,144.927536231884,145.0,11.932,0.039,0.0,0.0,0.0,299.905007362366,7137,1240,0,0,68
373,5,6.9,144.927536231884,145.0,11.932,0.039,0.0,0.0,0.0,299.892300605774,7130,1239,0,0,64
374,6,6.9,144.927536231884,145.0,11.932,0.039,0.0,0.0,0.0,299.882012367249,7131,1239,0,0,64
375,6,6.9,144.927536231884,145.0,11.932,0.039,0.0,0.0,0.0,299.873372077942,7122,1238,0,0,63
376,6,6.901,144.906535284741,145.0,11.932,0.039,0.0,0.0,0.0,299.874733924866,7122,1238,0,0,63
377,6,6.899,144.94854326714,145.0,11.932,0.039,0.0,0.0,0.0,299.87609577179,7122,1238,0,0,63
378,6,6.94444444444444,144.0,145.0,11.932,0.039,0.0,0.0,0.0,299.841206550598,7106,1234,0,0,62
379,6,6.94444444444444,144.0,145.0,11.932,0.039,0.0,0.0,0.0,299.842568397522,7106,1234,0,0,62
380,6,6.94211111111111,144.048400262488,145.0,11.932,0.039,0.0,0.0,0.0,299.837239265442,7103,1232,0,0,61
381,6,6.775,147.60147601476,145.0,11.932,0.039,0.0,0.0,0.0,299.84637928009,7109,1234,0,0,61
382,6,6.894,145.053669857847,145.0,11.932,0.039,0.0,0.0,0.0,299.867615699768,7121,1236,0,0,62
383,6,6.94444444444444,144.0,145.0,11.932,0.039,0.0,0.0,0.0,299.868245124817,7120,1236,0,0,61
384,6,6.85555555555556,145.867098865478,145.0,11.932,0.039,0.0,0.0,0.0,299.897767066956,7142,1238,0,0,68
385,6,6.9,144.927536231884,145.0,11.932,0.039,0.0,0.0,0.0,299.884457588196,7129,1237,0,0,60
386,6,6.901,144.906535284741,145.0,11.932,0.039,0.0,0.0,0.0,299.883545875549,7125,1237,0,0,59
387,6,6.899,144.94854326714,145.0,11.932,0.039,0.0,0.0,0.0,299.862019538879,7106,1234,0,0,52
388,6,6.66666666666667,150.0,145.0,11.932,0.039,0.0,0.0,0.0,299.873684883118,7123,1236,0,0,55
389,7,6.66666666666667,150.0,145.0,11.932,0.039,0.0,0.0,0.0,299.872712135315,7119,1236,0,0,54
390,7,6.66666666666667,150.0,145.0,11.932,0.039,0.0,0.0,0.0,299.874554634094,7112,1235,0,0,54
391,7,6.66666666666667,150.0,145.0,11.932,0.039,0.0,0.0,0.0,299.875916481018,7112,1235,0,0,54
392,7,6.66666666666667,150.0,145.0,11.932,0.039,0.0,0.0,0.0,299.875302314758,7109,1235,0,0,52
393,7,6.66666666666667,150.0,145.0,11.932,0.039,0.0,0.0,0.0,299.870179176331,7098,1235,0,0,49
394,7,6.66666666666667,150.0,145.0,11.932,0.039,0.0,0.0,0.0,299.87181186676,7103,1233,0,0,51
395,7,6.66666666666667,150.0,145.0,11.932,0.039,0.0,0.0,0.0,299.884205818176,7111,1236,0,0,51
396,7,6.66666666666667,150.0,145.0,11.932,0.039,0.0,0.0,0.0,299.874634742737,7107,1234,0,0,51
397,7,6.66666666666667,150.0,145.0,11.932,0.039,0.0,0.0,0.0,299.87144947052,7099,1234,0,0,49
398,7,6.66666666666667,150.0,145.0,11.932,0.039,0.0,0.0,0.0,299.861496925354,7091,1233,0,0,48
399,7,6.66666666666667,150.0,145.0,11.932,0.039,0.0,0.0,0.0,299.860585212708,7087,1233,0,0,47
400,7,6.66666666666667,150.0,145.0,11.932,0.039,0.0,0.0,0.0,299.859070777893,7082,1233,0,0,46
401,7,6.66666666666667,150.0,145.0,11.932,0.039,0.0,0.0,0.0,299.854481697083,7080,1231,0,0,47
402,7,6.66666666666667,150.0,145.0,11.932,0.039,0.0,0.0,0.0,299.900849342346,7106,1238,0,0,50
403,7,6.66666666666667,150.0,145.0,11.932,0.039,0.0,0.0,0.0,299.881443977356,7100,1233,0,0,51
404,8,6.66666666666667,150.0,145.0,11.932,0.039,0.0,0.0,0.0,300.066723823547,7183,1245,0,0,62
405,8,6.66666666666667,150.0,145.0,11.932,0.039,0.0,0.0,0.0,300.065209388733,7178,1245,0,0,61
406,8,6.66666666666667,150.0,145.0,11.932,0.039,0.0,0.0,0.0,300.066571235657,7178,1245,0,0,61
407,8,6.66666666666667,150.0,145.0,11.932,0.039,0.0,0.0,0.0,300.064309120178,7173,1245,0,0,56
408,8,6.66666666666667,150.0,145.0,11.932,0.039,0.0,0.0,0.0,300.054486274719,7173,1242,0,0,58
409,8,6.66666666666667,150.0,145.0,11.932,0.039,0.0,0.0,0.0,300.124070167542,7209,1251,0,0,62
410,8,6.66666666666667,150.0,145.0,11.932,0.039,0.0,0.0,0.0,300.117512702942,7210,1249,0,0,63
411,8,6.66666666666667,150.0,145.0,11.932,0.039,0.0,0.0,0.0,300.114327430725,7202,1249,0,0,61
412,8,6.66666666666667,150.0,145.0,11.932,0.039,0.0,0.0,0.0,300.115689277649,7202,1249,0,0,61
413,8,6.66666666666667,150.0,145.0,11.932,0.039,0.0,0.0,0.0,300.137238502502,7237,1249,0,0,75
414,8,6.66666666666667,150.0,145.0,11.932,0.039,0.0,0.0,0.0,300.136174201965,7233,1249,0,0,73
415,8,6.66666666666667,150.0,145.0,11.932,0.039,0.0,0.0,0.0,300.193009376526,7274,1256,0,0,80
416,8,6.66666666666667,150.0,145.0,11.932,0.039,0.0,0.0,0.0,300.204190254211,7280,1259,0,0,79
417,8,6.66666666666667,150.0,145.0,11.932,0.039,0.0,0.0,0.0,300.20140171051,7277,1258,0,0,77
418,8,6.66666666666667,150.0,145.0,11.932,0.039,0.0,0.0,0.0,300.197667121887,7269,1258,0,0,74
419,9,6.94444444444444,144.0,145.0,11.932,0.039,0.0,0.0,0.0,300.3985414505,7406,1280,0,0,97
420,9,6.94444444444444,144.0,145.0,11.932,0.039,0.0,0.0,0.0,300.384743690491,7404,1276,0,0,99
421,9,6.94444444444444,144.0,145.0,11.932,0.039,0.0,0.0,0.0,300.384854316711,7406,1276,0,0,99
422,9,6.76966666666665,147.71776059875,145.0,11.932,0.039,0.0,0.0,0.0,300.411469459534,7431,1278,0,0,103
423,9,6.66666666666667,150.0,145.0,11.932,0.039,0.0,0.0,0.0,300.386399269104,7417,1273,0,0,101
424,9,6.66666666666667,150.0,145.0,11.932,0.039,0.0,0.0,0.0,300.360066413879,7400,1269,0,0,100
425,9,6.66666666666667,150.0,145.0,11.932,0.039,0.0,0.0,0.0,300.359154701233,7396,1269,0,0,99
426,9,6.66666666666667,150.0,145.0,11.932,0.039,0.0,0.0,0.0,300.356907844543,7399,1267,0,0,101
427,9,6.73133333333333,148.558977914232,145.0,11.932,0.039,0.0,0.0,0.0,300.328721046448,7375,1264,0,0,97
428,9,6.9,144.927536231884,145.0,11.932,0.039,0.0,0.0,0.0,300.324208259583,7370,1263,0,0,95
429,9,6.899,144.94854326714,145.0,11.932,0.039,0.0,0.0,0.0,300.307522773743,7348,1261,0,0,89
430,9,6.9,144.927536231884,145.0,11.932,0.039,0.0,0.0,0.0,300.307991981506,7343,1262,0,0,86
431,9,6.9,144.927536231884,145.0,11.932,0.039,0.0,0.0,0.0,300.297234535217,7337,1258,0,0,86
432,9,6.9,144.927536231884,145.0,11.932,0.039,0.0,0.0,0.0,300.288769721985,7320,1258,0,0,81
433,10,6.94444444444444,144.0,145.0,11.932,0.039,0.0,0.0,0.0,300.340256690979,7319,1258,0,0,82
434,10,6.94444444444444,144.0,145.0,11.932,0.039,0.0,0.0,0.0,300.306511878967,7302,1251,0,0,82
435,10,7.66877777777789,130.398875671915,145.0,11.932,0.039,0.0,0.0,0.0,300.29735660553,7284,1250,0,0,77
436,10,6.94444444444444,144.0,145.0,11.932,0.039,0.0,0.0,0.0,300.381640434265,7353,1259,0,0,87
437,10,6.94444444444444,144.0,145.0,11.932,0.039,0.0,0.0,0.0,300.38608455658,7358,1259,0,0,88
438,10,6.94444444444444,144.0,145.0,11.932,0.039,0.0,0.0,0.0,300.417750358582,7381,1264,0,0,91
439,10,6.94444444444444,144.0,145.0,11.932,0.039,0.0,0.0,0.0,300.393252372742,7372,1258,0,0,91
440,10,6.94444444444444,144.0,145.0,11.932,0.039,0.0,0.0,0.0,300.380030632019,7353,1257,0,0,91
441,10,6.94444444444444,144.0,145.0,11.932,0.039,0.0,0.0,0.0,300.382300376892,7355,1257,0,0,91
442,10,6.94444444444444,144.0,145.0,11.932,0.039,0.0,0.0,0.0,300.383662223816,7355,1257,0,0,91
443,10,6.94444444444444,144.0,145.0,11.932,0.039,0.0,0.0,0.0,300.371943473816,7338,1256,0,0,90
444,10,6.94444444444444,144.0,145.0,11.932,0.039,0.0,0.0,0.0,300.368357658386,7334,1255,0,0,89
445,10,6.80633333333322,146.921984426272,145.0,11.932,0.039,0.0,0.0,0.0,300.34900188446,7317,1253,0,0,86
446,10,6.66666666666667,150.0,145.0,11.932,0.039,0.0,0.0,0.0,300.346465110779,7310,1253,0,0,82
447,10,6.66666666666667,150.0,145.0,11.932,0.039,0.0,0.0,0.0,300.345587730408,7313,1252,0,0,86
448,11,29.9646666666667,33.3726388857988,145.0,11.932,0.039,0.0,0.0,0.0,308.482592582703,7378,1262,0,0,95
449,11,7.078,141.282848262221,145.0,11.932,0.039,0.0,0.0,0.0,308.457346916199,7372,1256,0,0,97
450,11,14.9643333333333,66.8255630053683,145.0,11.932,0.039,0.0,0.0,0.0,308.253401756287,7228,1233,0,0,71
451,11,6.14,162.866449511401,145.0,11.932,0.039,0.0,0.0,0.0,308.25476360321,7228,1233,0,0,71
452,11,7.404,135.062128579146,145.0,11.932,0.039,0.0,0.0,0.0,308.243391990662,7205,1233,0,0,64
453,11,6.42,155.763239875389,145.0,11.932,0.039,0.0,0.0,0.0,308.244753837585,7205,1233,0,0,64
454,11,7.746,129.098889749548,145.0,11.932,0.039,0.0,0.0,0.0,308.149809837341,7171,1213,0,0,72
455,11,8.33333333333333,120.0,145.0,11.932,0.039,0.0,0.0,0.0,309.813055992126,7183,1215,0,0,74
456,11,8.33333333333333,120.0,145.0,11.932,0.039,0.0,0.0,0.0,309.81441783905,7183,1215,0,0,74
457,12,8.33333333333333,120.0,145.0,11.932,0.039,0.0,0.0,0.0,309.793437004089,7150,1214,0,0,71
458,12,8.33333333333333,120.0,145.0,11.932,0.039,0.0,0.0,0.0,309.794066429138,7149,1214,0,0,70
459,12,7.40266666666667,135.086455331412,145.0,11.932,0.039,0.0,0.0,0.0,309.774821281433,7138,1205,0,0,69
460,12,8.33333333333333,120.0,145.0,11.932,0.039,0.0,0.0,0.0,309.963904380798,7272,1227,0,0,86
461,12,8.33333333333333,120.0,145.0,11.932,0.039,0.0,0.0,0.0,309.95444393158,7259,1226,0,0,85
462,12,7.22533333333333,138.401919173279,145.0,11.932,0.039,0.0,0.0,0.0,309.950053215027,7249,1226,0,0,83
463,12,6.05,165.289256198347,145.0,11.932,0.039,0.0,0.0,0.0,309.949439048767,7246,1226,0,0,81
464,12,6.45,155.038759689922,145.0,11.932,0.039,0.0,0.0,0.0,309.948100090027,7242,1226,0,0,78
465,12,6.811,146.82131845544,145.0,11.932,0.039,0.0,0.0,0.0,309.933470726013,7233,1224,0,0,78
466,12,6.887,145.201103528387,145.0,11.932,0.039,0.0,0.0,0.0,310.033827781677,7297,1234,0,0,86
467,12,6.603,151.446312282296,145.0,11.932,0.039,0.0,0.0,0.0,310.003836631775,7279,1230,0,0,85
468,12,7.57575757575758,132.0,145.0,11.932,0.039,0.0,0.0,0.0,310.099539756775,7339,1239,0,0,94
469,12,6.66024242424243,150.144684878155,145.0,11.932,0.039,0.0,0.0,0.0,310.097556114197,7333,1239,0,0,93
470,12,6.714,148.942508191838,145.0,11.932,0.039,0.0,0.0,0.0,310.108611106873,7332,1241,0,0,92
471,13,7.14285714285714,140.0,145.0,11.932,0.039,0.0,0.0,0.0,310.284556388855,7397,1253,0,0,98
472,13,7.14285714285714,140.0,138.0,30.656,0.04,0.0,0.0,0.0,310.281935691834,7392,1253,0,0,96
473,13,7.14285714285714,140.0,138.0,30.656,0.04,0.0,0.0,0.0,310.28842830658,7402,1253,0,0,99
474,13,7.14285714285714,140.0,138.0,30.656,0.04,0.0,0.0,0.0,310.298251152039,7405,1254,0,0,99
475,13,6.94444444444444,144.0,138.0,30.656,0.04,0.0,0.0,0.0,310.261975288391,7391,1248,0,0,103
476,13,6.94444444444444,144.0,138.0,30.656,0.04,0.0,0.0,0.0,310.306481361389,7394,1254,0,0,98
477,13,6.94444444444444,144.0,138.0,30.656,0.04,0.0,0.0,0.0,310.307843208313,7394,1254,0,0,98
478,13,6.48823809523809,154.125046787961,138.0,30.656,0.04,0.0,0.0,0.0,310.308480262756,7393,1254,0,0,97
479,13,6.689,149.499177754522,138.0,30.656,0.04,0.0,0.0,0.0,310.333256721497,7412,1256,0,0,103
480,13,6.892,145.095763203714,138.0,30.656,0.04,0.0,0.0,0.0,310.340180397034,7418,1257,0,0,104
481,13,6.871,145.53922282055,138.0,30.656,0.04,0.0,0.0,0.0,310.348526954651,7416,1258,0,0,100
482,13,6.94444444444444,144.0,138.0,30.656,0.04,0.0,0.0,0.0,310.411690711975,7469,1268,0,0,110
483,13,6.94055555555556,144.080685183703,138.0,30.656,0.04,0.0,0.0,0.0,310.410626411438,7465,1268,0,0,108
484,13,6.613,151.217299259035,138.0,30.656,0.04,0.0,0.0,0.0,310.411988258362,7465,1268,0,0,108
485,14,6.94444444444444,144.0,138.0,30.656,0.04,0.0,0.0,0.0,310.491589546204,7486,1273,0,0,111
486,14,6.94444444444444,144.0,138.0,30.656,0.04,0.0,0.0,0.0,310.492951393127,7486,1273,0,0,111
487,14,6.94444444444444,144.0,138.0,30.656,0.04,0.0,0.0,0.0,310.502190589905,7496,1274,0,0,113
488,14,6.94444444444444,144.0,138.0,30.656,0.04,0.0,0.0,0.0,311.517609596252,7508,1276,0,0,113
489,14,6.94444444444444,144.0,138.0,30.656,0.04,0.0,0.0,0.0,311.54451084137,7517,1279,0,0,113
490,14,6.94444444444444,144.0,138.0,30.656,0.04,0.0,0.0,0.0,311.545872688293,7517,1279,0,0,113
491,14,6.94444444444444,144.0,138.0,30.656,0.04,0.0,0.0,0.0,311.680226325989,7625,1291,0,0,134
492,14,7.14355555555566,139.986312449447,138.0,30.656,0.04,0.0,0.0,0.0,311.63195514679,7588,1287,0,0,133
493,14,6.94444444444444,144.0,138.0,30.656,0.04,0.0,0.0,0.0,311.619278907776,7581,1283,0,0,131
494,14,6.94444444444444,144.0,138.0,30.656,0.04,0.0,0.0,0.0,311.761612892151,7672,1300,0,0,142
495,14,6.94444444444444,144.0,138.0,30.656,0.04,0.0,0.0,0.0,311.747929573059,7658,1297,0,0,136
496,14,6.94444444444444,144.0,138.0,30.656,0.04,0.0,0.0,0.0,311.743660926819,7648,1297,0,0,133
497,14,6.94444444444444,144.0,138.0,30.656,0.04,0.0,0.0,0.0,311.676602363586,7620,1289,0,0,131
498,14,6.94444444444444,144.0,138.0,30.656,0.04,0.0,0.0,0.0,312.6492395401,7590,1286,0,0,124
499,14,6.94444444444444,144.0,138.0,30.656,0.04,0.0,0.0,0.0,312.650601387024,7590,1286,0,0,124
500,15,6.94444444444444,144.0,138.0,30.656,0.04,0.0,0.0,0.0,312.711506843567,7617,1291,0,0,127
501,15,6.94444444444444,144.0,138.0,30.656,0.04,0.0,0.0,0.0,312.681534767151,7588,1288,0,0,122
502,15,6.94444444444444,144.0,138.0,30.656,0.04,0.0,0.0,0.0,312.648903846741,7591,1284,0,0,126
503,15,6.94444444444444,144.0,138.0,30.656,0.04,0.0,0.0,0.0,312.624073982239,7553,1282,0,0,113
504,15,6.94444444444444,144.0,138.0,30.656,0.04,0.0,0.0,0.0,312.634121894836,7551,1283,0,0,112
505,15,6.94444444444444,144.0,138.0,30.656,0.04,0.0,0.0,0.0,312.631791114807,7550,1282,0,0,112
506,15,6.94444444444444,144.0,138.0,30.656,0.04,0.0,0.0,0.0,312.74351978302,7621,1293,0,0,121
507,15,6.94444444444444,144.0,138.0,30.656,0.04,0.0,0.0,0.0,312.744881629944,7621,1293,0,0,121
508,15,6.94444444444444,144.0,138.0,30.656,0.04,0.0,0.0,0.0,312.7505235672,7625,1294,0,0,121
509,15,6.94444444444444,144.0,138.0,30.656,0.04,0.0,0.0,0.0,312.768837928772,7635,1297,0,0,121
510,15,6.94444444444444,144.0,138.0,30.656,0.04,0.0,0.0,0.0,312.759282112122,7623,1297,0,0,117
511,15,6.94444444444444,144.0,138.0,30.656,0.04,0.0,0.0,0.0,312.748211860657,7616,1295,0,0,117
512,15,6.94444444444444,144.0,138.0,30.656,0.04,0.0,0.0,0.0,312.759369850159,7622,1296,0,0,117
513,15,6.94444444444444,144.0,138.0,30.656,0.04,0.0,0.0,0.0,312.77916431427,7633,1298,0,0,118
514,16,7.14285714285714,140.0,138.0,30.656,0.04,0.0,0.0,0.0,316.045853614807,7655,1302,0,0,117
515,16,7.14285714285714,140.0,138.0,30.656,0.04,0.0,0.0,0.0,316.051445960999,7659,1303,0,0,117
516,16,7.14285714285714,140.0,138.0,30.656,0.04,0.0,0.0,0.0,316.042260169983,7653,1301,0,0,116
517,16,7.14285714285714,140.0,138.0,30.656,0.04,0.0,0.0,0.0,316.200890541077,7756,1322,0,0,130
518,16,7.14285714285714,140.0,138.0,30.656,0.04,0.0,0.0,0.0,316.197522163391,7754,1320,0,0,130
519,16,7.14285714285714,140.0,138.0,30.656,0.04,0.0,0.0,0.0,316.193070411682,7744,1320,0,0,126
520,16,7.14285714285714,140.0,138.0,30.656,0.04,0.0,0.0,0.0,316.200222969055,7747,1320,0,0,124
521,16,7.14285714285714,140.0,138.0,30.656,0.04,0.0,0.0,0.0,316.104550361633,7702,1296,0,0,122
522,16,7.14285714285714,140.0,138.0,30.656,0.04,0.0,0.0,0.0,316.097535133362,7703,1297,0,0,120
523,16,7.14285714285714,140.0,138.0,30.656,0.04,0.0,0.0,0.0,316.119381904602,7707,1298,0,0,117
524,16,7.14285714285714,140.0,138.0,30.656,0.04,0.0,0.0,0.0,316.115708351135,7702,1298,0,0,115
525,16,7.14285714285714,140.0,138.0,30.656,0.04,0.0,0.0,0.0,316.12421131134,7698,1300,0,0,112
526,16,7.14285714285714,140.0,138.0,30.656,0.04,0.0,0.0,0.0,316.123227119446,7697,1299,0,0,107
527,16,7.14285714285714,140.0,138.0,30.656,0.04,0.0,0.0,0.0,316.017422676086,7651,1283,0,0,105
528,17,18.2573333333332,54.7725115022278,138.0,30.656,0.04,0.0,0.0,0.0,320.865307807922,7749,1291,0,0,126
529,17,8.33333333333333,120.0,138.0,30.656,0.04,0.0,0.0,0.0,320.893887519836,7749,1300,0,0,118
530,17,10.2066666666667,97.9751796211626,138.0,30.656,0.04,0.0,0.0,0.0,320.854710578918,7724,1296,0,0,114
531,17,8.33333333333333,120.0,138.0,30.656,0.04,0.0,0.0,0.0,320.85756778717,7727,1296,0,0,115
532,17,8.33333333333333,120.0,138.0,30.656,0.04,0.0,0.0,0.0,320.868180274963,7732,1297,0,0,115
533,17,8.33333333333333,120.0,138.0,30.656,0.04,0.0,0.0,0.0,320.865357398987,7729,1296,0,0,114
534,17,8.33333333333333,120.0,138.0,30.656,0.04,0.0,0.0,0.0,320.88288974762,7739,1299,0,0,114
535,17,8.33333333333333,120.0,138.0,30.656,0.04,0.0,0.0,0.0,320.871029853821,7728,1298,0,0,111
536,17,8.33333333333333,120.0,138.0,30.656,0.04,0.0,0.0,0.0,320.762467384338,7685,1282,0,0,117
537,17,8.33333333333333,120.0,138.0,30.656,0.04,0.0,0.0,0.0,320.732758522034,7635,1281,0,0,101
538,17,8.33333333333333,120.0,138.0,30.656,0.04,0.0,0.0,0.0,320.725102424622,7625,1279,0,0,102
539,18,8.90166666666667,112.338513387006,138.0,30.656,0.04,0.0,0.0,0.0,320.771916389465,7640,1280,0,0,103
540,18,8.378,119.36022917164,138.0,30.656,0.04,0.0,0.0,0.0,320.762421607971,7621,1281,0,0,97
541,18,8.33333333333333,120.0,138.0,30.656,0.04,0.0,0.0,0.0,320.779660224915,7637,1283,0,0,100
542,18,8.33333333333333,120.0,138.0,30.656,0.04,0.0,0.0,0.0,320.745335578918,7620,1279,0,0,99
543,18,8.33333333333333,120.0,138.0,30.656,0.04,0.0,0.0,0.0,320.910794258118,7743,1294,0,0,121
544,18,8.33333333333333,120.0,138.0,30.656,0.04,0.0,0.0,0.0,319.897305488586,7732,1292,0,0,119
545,18,8.33333333333333,120.0,138.0,30.656,0.04,0.0,0.0,0.0,319.883690834045,7734,1289,0,0,122
546,18,8.33333333333333,120.0,138.0,30.656,0.04,0.0,0.0,0.0,319.741074562073,7646,1274,0,0,117
547,18,8.33333333333333,120.0,138.0,30.656,0.04,0.0,0.0,0.0,319.719243049622,7606,1274,0,0,101
548,18,8.33333333333333,120.0,138.0,30.656,0.04,0.0,0.0,0.0,319.745503425598,7620,1279,0,0,101
549,18,7.36766666666667,135.728181694793,138.0,30.656,0.04,0.0,0.0,0.0,319.744126319885,7615,1279,0,0,99
550,18,6.867,145.623998835008,138.0,30.656,0.04,0.0,0.0,0.0,319.764168739319,7633,1282,0,0,101
551,19,7.089,141.063619692481,138.0,30.656,0.04,0.0,0.0,0.0,319.733899116516,7619,1275,0,0,98
552,19,7.436,134.480903711673,138.0,30.656,0.04,0.0,0.0,0.0,319.758519172668,7641,1277,0,0,105
553,19,6.951,143.864192202561,138.0,30.656,0.04,0.0,0.0,0.0,319.745697975159,7629,1276,0,0,103
554,19,7.116,140.52838673412,138.0,30.656,0.04,0.0,0.0,0.0,319.863812446594,7711,1287,0,0,117
555,19,6.596,151.607034566404,138.0,30.656,0.04,0.0,0.0,0.0,319.857186317444,7708,1286,0,0,117
556,19,6.87,145.560407569141,138.0,30.656,0.04,0.0,0.0,0.0,319.773056983948,7673,1276,0,0,115
557,19,6.79,147.275405007364,138.0,30.656,0.04,0.0,0.0,0.0,319.75800037384,7644,1276,0,0,104
558,19,6.796,147.145379635079,138.0,30.656,0.04,0.0,0.0,0.0,319.755646705627,7643,1275,0,0,104
559,19,6.672,149.880095923261,138.0,30.656,0.04,0.0,0.0,0.0,319.752076148987,7641,1274,0,0,103
560,19,7.013,142.592328532725,138.0,30.656,0.04,0.0,0.0,0.0,319.708333015442,7599,1269,0,0,93
561,19,7.334,136.351240796291,138.0,30.656,0.04,0.0,0.0,0.0,319.699318885803,7607,1266,0,0,98
562,19,6.748,148.19205690575,138.0,30.656,0.04,0.0,0.0,0.0,319.691159248352,7591,1266,0,0,92
563,19,6.953,143.822810297713,138.0,30.656,0.04,0.0,0.0,0.0,319.691796302795,7590,1266,0,0,91
564,19,6.722,148.765248437965,138.0,30.656,0.04,0.0,0.0,0.0,319.710991859436,7607,1269,0,0,93
565,20,7.14285714285714,140.0,138.0,30.656,0.04,0.0,0.0,0.0,319.780060768127,7640,1270,0,0,100
566,20,7.14285714285714,140.0,138.0,30.656,0.04,0.0,0.0,0.0,319.778153419495,7639,1269,0,0,100
567,20,7.81661904761914,127.932549086499,138.0,30.656,0.04,0.0,0.0,0.0,318.868782997131,7700,1277,0,0,111
568,20,7.14285714285714,140.0,138.0,30.656,0.04,0.0,0.0,0.0,318.849843025208,7683,1277,0,0,105
569,20,7.14285714285714,140.0,138.0,30.656,0.04,0.0,0.0,0.0,318.851204872131,7683,1277,0,0,105
570,20,7.14285714285714,140.0,138.0,30.656,0.04,0.0,0.0,0.0,318.908871650696,7710,1283,0,0,107
571,20,7.14285714285714,140.0,138.0,30.656,0.04,0.0,0.0,0.0,318.85297870636,7664,1277,0,0,107
572,20,7.14285714285714,140.0,138.0,30.656,0.04,0.0,0.0,0.0,318.84983921051,7657,1277,0,0,103
573,20,7.14285714285714,140.0,138.0,30.656,0.04,0.0,0.0,0.0,318.84964466095,7660,1276,0,0,104
574,20,6.68052380952372,149.688861010331,138.0,30.656,0.04,0.0,0.0,0.0,318.838990211487,7641,1276,0,0,94
575,20,6.94444444444444,144.0,138.0,30.656,0.04,0.0,0.0,0.0,318.86151599884,7665,1281,0,0,98
576,20,6.94444444444444,144.0,138.0,30.656,0.04,0.0,0.0,0.0,318.812600135803,7642,1275,0,0,99
577,20,6.94444444444444,144.0,138.0,30.656,0.04,0.0,0.0,0.0,318.785099983215,7625,1270,0,0,97
578,20,6.94444444444444,144.0,138.0,30.656,0.04,0.0,0.0,0.0,318.779641151428,7613,1270,0,0,94
579,21,6.94444444444444,144.0,138.0,30.656,0.04,0.0,0.0,0.0,318.79185962677,7614,1270,0,0,94
580,21,6.87977777777777,145.35353209083,138.0,30.656,0.04,0.0,0.0,0.0,318.793221473694,7614,1270,0,0,94
581,21,6.711,149.009089554463,138.0,30.656,0.04,0.0,0.0,0.0,318.78697681427,7602,1270,0,0,87
582,21,6.841,146.177459435755,138.0,30.656,0.04,0.0,0.0,0.0,318.786522865295,7605,1270,0,0,87
583,21,6.857,145.836371591075,138.0,30.656,0.04,0.0,0.0,0.0,318.695775032043,7548,1259,0,0,87
584,21,6.607,151.35462388376,138.0,30.656,0.04,0.0,0.0,0.0,318.690377235413,7536,1259,0,0,83
585,21,6.396,156.347717323327,138.0,30.656,0.04,0.0,0.0,0.0,318.66702747345,7520,1256,0,0,83
586,21,6.704,149.164677804296,138.0,30.656,0.04,0.0,0.0,0.0,318.658589363098,7513,1254,0,0,81
587,21,6.687,149.543891132047,138.0,30.656,0.04,0.0,0.0,0.0,318.630925178528,7495,1251,0,0,78
588,21,6.875,145.454545454545,138.0,30.656,0.04,0.0,0.0,0.0,318.528321266174,7440,1239,0,0,74
589,21,6.541,152.881822351322,138.0,30.656,0.04,0.0,0.0,0.0,318.509533882141,7404,1239,0,0,61
590,21,6.906,144.801621778164,138.0,30.656,0.04,0.0,0.0,0.0,318.510895729065,7404,1239,0,0,61
591,21,6.66666666666667,150.0,138.0,30.656,0.04,0.0,0.0,0.0,318.512257575989,7404,1239,0,0,61
592,21,6.66666666666667,150.0,138.0,30.656,0.04,0.0,0.0,0.0,318.506859779358,7392,1239,0,0,57
593,21,6.66666666666667,150.0,138.0,30.656,0.04,0.0,0.0,0.0,318.47403049469,7378,1235,0,0,57
594,22,6.66666666666667,150.0,138.0,30.656,0.04,0.0,0.0,0.0,318.589562416077,7420,1241,0,0,65
595,22,6.66666666666667,150.0,138.0,30.656,0.04,0.0,0.0,0.0,318.522351264954,7374,1233,0,0,64
596,22,6.66666666666667,150.0,138.0,30.656,0.04,0.0,0.0,0.0,318.693116188049,7503,1255,0,0,84
597,22,6.66666666666667,150.0,138.0,30.656,0.04,0.0,0.0,0.0,318.694478034973,7503,1255,0,0,84
598,22,6.66666666666667,150.0,138.0,30.656,0.04,0.0,0.0,0.0,318.724328041077,7517,1258,0,0,86
599,22,6.66666666666667,150.0,138.0,30.656,0.04,0.0,0.0,0.0,318.725689888,7517,1258,0,0,86
600,22,6.66666666666667,150.0,138.0,30.656,0.04,0.0,0.0,0.0,318.719567298889,7504,1258,0,0,81
601,22,6.66666666666667,150.0,138.0,30.656,0.04,0.0,0.0,0.0,318.723813056946,7509,1258,0,0,83
602,22,6.66666666666667,150.0,138.0,30.656,0.04,0.0,0.0,0.0,318.647469520569,7485,1249,0,0,84
603,22,6.66666666666667,150.0,138.0,30.656,0.04,0.0,0.0,0.0,318.720917701721,7511,1258,0,0,80
604,22,6.66666666666667,150.0,138.0,30.656,0.04,0.0,0.0,0.0,318.751877784729,7533,1263,0,0,83
605,22,6.91833333333333,144.543483497952,138.0,30.656,0.04,0.0,0.0,0.0,318.776101112366,7555,1267,0,0,86
606,22,6.692,149.432157800359,138.0,30.656,0.04,0.0,0.0,0.0,318.775059700012,7551,1267,0,0,84
607,22,6.94444444444444,144.0,138.0,30.656,0.04,0.0,0.0,0.0,318.724419593811,7515,1260,0,0,82
608,22,6.91855555555556,144.538840798497,138.0,30.656,0.04,0.0,0.0,0.0,318.709378242493,7497,1259,0,0,78
609,23,6.94444444444444,144.0,137.0,19.6,0.03,0.0,0.0,0.0,318.820614814758,7564,1270,0,0,90
610,23,6.94444444444444,144.0,137.0,19.6,0.03,0.0,0.0,0.0,318.803151130676,7550,1268,0,0,88
611,23,7.03977777777787,142.049938445025,137.0,19.6,0.03,0.0,0.0,0.0,318.820164680481,7565,1271,0,0,89
612,23,6.94444444444444,144.0,137.0,19.6,0.03,0.0,0.0,0.0,318.82079410553,7564,1271,0,0,88
613,23,6.94444444444444,144.0,137.0,19.6,0.03,0.0,0.0,0.0,318.847275733948,7586,1272,0,0,94
614,23,6.94444444444444,144.0,137.0,19.6,0.03,0.0,0.0,0.0,318.822464942932,7570,1269,0,0,91
615,23,6.94444444444444,144.0,137.0,19.6,0.03,0.0,0.0,0.0,318.92284488678,7657,1277,0,0,107
616,23,6.94444444444444,144.0,137.0,19.6,0.03,0.0,0.0,0.0,318.923943519592,7653,1278,0,0,104
617,23,6.94444444444444,144.0,137.0,19.6,0.03,0.0,0.0,0.0,318.921284675598,7650,1277,0,0,103
618,23,6.94444444444444,144.0,137.0,19.6,0.03,0.0,0.0,0.0,318.91616153717,7638,1277,0,0,98
619,23,6.94444444444444,144.0,137.0,19.6,0.03,0.0,0.0,0.0,318.913201332092,7639,1277,0,0,97
620,23,6.94444444444444,144.0,137.0,19.6,0.03,0.0,0.0,0.0,318.88911151886,7643,1276,0,0,103
621,23,6.94444444444444,144.0,137.0,19.6,0.03,0.0,0.0,0.0,318.887234687805,7641,1275,0,0,102
622,23,6.66666666666667,150.0,137.0,19.6,0.03,0.0,0.0,0.0,318.883522987366,7633,1275,0,0,98
623,23,6.94444444444444,144.0,137.0,19.6,0.03,0.0,0.0,0.0,318.884930610657,7642,1276,0,0,99
624,24,6.94444444444444,144.0,137.0,19.6,0.03,0.0,0.0,0.0,318.882031440735,7636,1273,0,0,99
625,24,6.94444444444444,144.0,137.0,19.6,0.03,0.0,0.0,0.0,318.878228187561,7627,1273,0,0,96
626,24,6.94444444444444,144.0,137.0,19.6,0.03,0.0,0.0,0.0,318.878399848938,7629,1273,0,0,96
627,24,6.94444444444444,144.0,137.0,19.6,0.03,0.0,0.0,0.0,318.879761695862,7629,1273,0,0,96
628,24,6.66666666666667,150.0,137.0,19.6,0.03,0.0,0.0,0.0,318.864991188049,7620,1271,0,0,96
629,24,6.66666666666667,150.0,137.0,19.6,0.03,0.0,0.0,0.0,318.866353034973,7620,1271,0,0,96
630,24,6.94444444444444,144.0,137.0,19.6,0.03,0.0,0.0,0.0,318.856266975403,7615,1270,0,0,96
631,24,6.94444444444444,144.0,137.0,19.6,0.03,0.0,0.0,0.0,318.851243019104,7617,1267,0,0,98
632,24,6.94444444444444,144.0,137.0,19.6,0.03,0.0,0.0,0.0,318.856854438782,7613,1268,0,0,95
633,24,6.94444444444444,144.0,137.0,19.6,0.03,0.0,0.0,0.0,318.836464881897,7606,1266,0,0,94
634,24,6.94444444444444,144.0,137.0,19.6,0.03,0.0,0.0,0.0,318.767262458801,7574,1258,0,0,91
635,24,6.66666666666667,150.0,137.0,19.6,0.03,0.0,0.0,0.0,318.746758460999,7547,1257,0,0,83
636,24,6.94444444444444,144.0,137.0,19.6,0.03,0.0,0.0,0.0,318.676419258118,7504,1249,0,0,82
637,24,6.66733333333323,149.985001499852,137.0,19.6,0.03,0.0,0.0,0.0,318.682717323303,7509,1250,0,0,82
638,25,6.94444444444444,144.0,137.0,19.6,0.03,0.0,0.0,0.0,318.777810096741,7547,1254,0,0,90
639,25,6.94444444444444,144.0,137.0,19.6,0.03,0.0,0.0,0.0,318.721291542053,7508,1247,0,0,89
640,25,6.94444444444444,144.0,137.0,19.6,0.03,0.0,0.0,0.0,318.72553730011,7513,1247,0,0,91
641,25,6.94444444444444,144.0,137.0,19.6,0.03,0.0,0.0,0.0,318.728672981262,7520,1249,0,0,93
642,25,6.94444444444444,144.0,137.0,19.6,0.03,0.0,0.0,0.0,318.759160041809,7535,1252,0,0,95
643,25,6.94444444444444,144.0,137.0,19.6,0.03,0.0,0.0,0.0,318.762917518616,7528,1253,0,0,90
644,25,6.94444444444444,144.0,137.0,19.6,0.03,0.0,0.0,0.0,318.769772529602,7534,1254,0,0,91
645,25,6.94444444444444,144.0,137.0,19.6,0.03,0.0,0.0,0.0,318.76793384552,7532,1253,0,0,91
646,25,6.94444444444444,144.0,137.0,19.6,0.03,0.0,0.0,0.0,318.757370948792,7523,1252,0,0,89
647,25,6.94444444444444,144.0,137.0,19.6,0.03,0.0,0.0,0.0,318.787171363831,7543,1257,0,0,92
648,25,6.94444444444444,144.0,137.0,19.6,0.03,0.0,0.0,0.0,318.771431922913,7535,1255,0,0,92
649,25,6.94444444444444,144.0,137.0,19.6,0.03,0.0,0.0,0.0,318.767163276672,7525,1255,0,0,89
650,25,6.94444444444444,144.0,137.0,19.6,0.03,0.0,0.0,0.0,318.777962684631,7522,1257,0,0,86
651,25,6.94444444444444,144.0,137.0,19.6,0.03,0.0,0.0,0.0,318.814061164856,7547,1261,0,0,90
652,26,6.94444444444444,144.0,137.0,19.6,0.03,0.0,0.0,0.0,318.818089485168,7538,1258,0,0,93
653,26,6.94444444444444,144.0,137.0,19.6,0.03,0.0,0.0,0.0,318.815819740295,7534,1258,0,0,91
654,26,6.94444444444444,144.0,137.0,19.6,0.03,0.0,0.0,0.0,318.806927680969,7525,1257,0,0,90
655,26,6.94444444444444,144.0,137.0,19.6,0.03,0.0,0.0,0.0,319.824833869934,7538,1260,0,0,90
656,26,6.94444444444444,144.0,137.0,19.6,0.03,0.0,0.0,0.0,319.848519325256,7551,1261,0,0,92
657,26,6.94444444444444,144.0,137.0,19.6,0.03,0.0,0.0,0.0,319.836117744446,7539,1260,0,0,88
658,26,6.94444444444444,144.0,137.0,19.6,0.03,0.0,0.0,0.0,319.82827091217,7525,1260,0,0,82
659,26,6.94444444444444,144.0,137.0,19.6,0.03,0.0,0.0,0.0,319.799294471741,7509,1256,0,0,79
660,26,6.94444444444444,144.0,137.0,19.6,0.03,0.0,0.0,0.0,319.794659614563,7507,1256,0,0,78
661,26,6.94444444444444,144.0,137.0,19.6,0.03,0.0,0.0,0.0,319.80773639679,7517,1259,0,0,79
662,26,6.94444444444444,144.0,137.0,19.6,0.03,0.0,0.0,0.0,319.792782783508,7505,1257,0,0,75
663,26,6.94444444444444,144.0,137.0,19.6,0.03,0.0,0.0,0.0,319.807728767395,7522,1260,0,0,76
664,26,6.94444444444444,144.0,137.0,19.6,0.03,0.0,0.0,0.0,319.770710945129,7505,1251,0,0,77
665,26,6.94444444444444,144.0,137.0,19.6,0.03,0.0,0.0,0.0,320.742817878723,7488,1248,0,0,70
666,26,7.46322222222221,133.990382468103,137.0,19.6,0.03,0.0,0.0,0.0,320.73636341095,7479,1247,0,0,67
667,27,12.446,80.3470994697091,137.0,19.6,0.03,0.0,0.0,0.0,320.776432991028,7487,1247,0,0,75
668,27,8.33333333333333,120.0,137.0,19.6,0.03,0.0,0.0,0.0,320.818345069885,7517,1257,0,0,78
669,27,8.33333333333333,120.0,137.0,19.6,0.03,0.0,0.0,0.0,320.798542976379,7506,1253,0,0,78
670,27,8.33333333333333,120.0,137.0,19.6,0.03,0.0,0.0,0.0,320.824604988098,7517,1255,0,0,79
671,27,8.33333333333333,120.0,137.0,19.6,0.03,0.0,0.0,0.0,320.823315620422,7509,1254,0,0,78
672,27,8.33333333333333,120.0,137.0,19.6,0.03,0.0,0.0,0.0,320.832573890686,7511,1255,0,0,77
673,27,8.33333333333333,120.0,137.0,19.6,0.03,0.0,0.0,0.0,320.8403673172,7517,1256,0,0,78
674,27,8.33333333333333,120.0,137.0,19.6,0.03,0.0,0.0,0.0,320.868058204651,7540,1259,0,0,80
675,27,8.33333333333333,120.0,137.0,19.6,0.03,0.0,0.0,0.0,320.842904090881,7522,1256,0,0,76
676,27,8.33333333333333,120.0,137.0,19.6,0.03,0.0,0.0,0.0,320.80011844635,7491,1252,0,0,77
677,27,8.33333333333333,120.0,137.0,19.6,0.03,0.0,0.0,0.0,320.777192115784,7472,1249,0,0,75
678,28,9.09090909090909,110.0,137.0,19.6,0.03,0.0,0.0,0.0,320.856648445129,7513,1253,0,0,85
679,28,8.33333333333333,120.0,137.0,19.6,0.03,0.0,0.0,0.0,320.83954334259,7507,1251,0,0,84
680,28,8.33333333333333,120.0,137.0,19.6,0.03,0.0,0.0,0.0,320.854313850403,7519,1253,0,0,85
681,28,8.33333333333333,120.0,137.0,19.6,0.03,0.0,0.0,0.0,320.815182685852,7503,1247,0,0,85
682,28,8.33333333333333,120.0,137.0,19.6,0.03,0.0,0.0,0.0,320.841069221497,7510,1250,0,0,84
683,28,8.33333333333333,120.0,137.0,19.6,0.03,0.0,0.0,0.0,320.964001655579,7613,1259,0,0,103
684,28,8.33333333333333,120.0,137.0,19.6,0.03,0.0,0.0,0.0,320.942563056946,7580,1258,0,0,99
685,28,8.33333333333333,120.0,137.0,19.6,0.03,0.0,0.0,0.0,320.92405796051,7581,1256,0,0,100
686,28,8.33333333333333,120.0,137.0,19.6,0.03,0.0,0.0,0.0,320.919499397278,7556,1256,0,0,89
687,28,7.34375757575758,136.170072293929,137.0,19.6,0.03,0.0,0.0,0.0,320.945725440979,7583,1260,0,0,94
688,28,6.342,157.678965625985,137.0,19.6,0.03,0.0,0.0,0.0,320.944195747375,7578,1260,0,0,92
689,28,6.869,145.581598485951,137.0,19.6,0.03,0.0,0.0,0.0,320.917088508606,7562,1256,0,0,92
690,28,6.757,147.994672191801,137.0,19.6,0.03,0.0,0.0,0.0,320.890175819397,7550,1252,0,0,91
691,29,7.57575757575758,132.0,137.0,19.6,0.03,0.0,0.0,0.0,320.975499153137,7628,1269,0,0,100
692,29,7.57575757575758,132.0,137.0,19.6,0.03,0.0,0.0,0.0,320.971486091614,7623,1269,0,0,100
693,29,7.57575757575758,132.0,137.0,19.6,0.03,0.0,0.0,0.0,322.552742958069,7671,1281,0,0,106
694,29,7.57575757575758,132.0,137.0,19.6,0.03,0.0,0.0,0.0,322.518082618713,7654,1277,0,0,104
695,29,7.57575757575758,132.0,137.0,19.6,0.03,0.0,0.0,0.0,322.503514289856,7645,1275,0,0,104
696,29,7.57575757575758,132.0,137.0,19.6,0.03,0.0,0.0,0.0,322.50487613678,7645,1275,0,0,104
697,29,7.40740740740741,135.0,137.0,19.6,0.03,0.0,0.0,0.0,322.496438026428,7641,1272,0,0,104
698,29,7.12404713804714,140.369649529596,137.0,19.6,0.03,0.0,0.0,0.0,322.483204841614,7615,1272,0,0,95
699,29,7.277,137.419266181119,137.0,19.6,0.03,0.0,0.0,0.0,322.489327430725,7618,1273,0,0,93
700,29,7.40740740740741,135.0,137.0,19.6,0.03,0.0,0.0,0.0,322.454949378967,7600,1270,0,0,91
701,29,7.11459259259259,140.556186033921,137.0,19.6,0.03,0.0,0.0,0.0,322.456311225891,7600,1270,0,0,91
702,29,6.826,146.498681511866,137.0,19.6,0.03,0.0,0.0,0.0,322.447922706604,7595,1269,0,0,90
703,29,6.445,155.159038013964,137.0,19.6,0.03,0.0,0.0,0.0,322.829411506653,7613,1271,0,0,90
704,29,8.35366666666675,119.707912693028,137.0,19.6,0.03,0.0,0.0,0.0,322.809700965881,7605,1265,0,0,89
705,30,7.40740740740741,135.0,137.0,19.6,0.03,0.0,0.0,0.0,324.39562702179,7640,1269,0,0,97
706,30,7.40740740740741,135.0,137.0,19.6,0.03,0.0,0.0,0.0,324.370144844055,7616,1267,0,0,92
707,30,7.40740740740741,135.0,137.0,19.6,0.03,0.0,0.0,0.0,324.371506690979,7616,1267,0,0,92
708,30,7.40740740740741,135.0,137.0,19.6,0.03,0.0,0.0,0.0,324.337998390198,7601,1263,0,0,91
709,30,7.40740740740741,135.0,137.0,19.6,0.03,0.0,0.0,0.0,324.36172580719,7604,1266,0,0,89
710,30,7.40740740740741,135.0,137.0,19.6,0.03,0.0,0.0,0.0,324.38055896759,7614,1268,0,0,90
711,30,7.40740740740741,135.0,137.0,19.6,0.03,0.0,0.0,0.0,323.36229801178,7607,1265,0,0,89
712,30,7.40740740740741,135.0,137.0,19.6,0.03,0.0,0.0,0.0,323.343461036682,7588,1261,0,0,87
713,30,7.40740740740741,135.0,137.0,19.6,0.03,0.0,0.0,0.0,323.349095344543,7584,1262,0,0,82
714,30,7.40740740740741,135.0,137.0,19.6,0.03,0.0,0.0,0.0,323.334874153137,7575,1259,0,0,80
715,30,7.40740740740741,135.0,137.0,19.6,0.03,0.0,0.0,0.0,323.344025611877,7577,1262,0,0,81
716,30,7.40740740740741,135.0,137.0,19.6,0.03,0.0,0.0,0.0,323.376042366028,7592,1266,0,0,82
717,30,7.40740740740741,135.0,137.0,19.6,0.03,0.0,0.0,0.0,323.332676887512,7559,1262,0,0,75
718,31,7.40740740740741,135.0,137.0,19.6,0.03,0.0,0.0,0.0,323.321457862854,7543,1258,0,0,79
719,31,7.40740740740741,135.0,137.0,19.6,0.03,0.0,0.0,0.0,323.294075965881,7534,1255,0,0,78
720,31,7.40740740740741,135.0,137.0,19.6,0.03,0.0,0.0,0.0,323.287636756897,7525,1255,0,0,76
721,31,7.40740740740741,135.0,137.0,19.6,0.03,0.0,0.0,0.0,323.287121772766,7528,1255,0,0,76
722,31,7.40740740740741,135.0,137.0,19.6,0.03,0.0,0.0,0.0,323.309208869934,7540,1257,0,0,78
723,31,7.40740740740741,135.0,137.0,19.6,0.03,0.0,0.0,0.0,323.278649330139,7510,1254,0,0,77
724,31,7.40740740740741,135.0,137.0,19.6,0.03,0.0,0.0,0.0,323.262963294983,7501,1252,0,0,76
725,31,7.3611851851851,135.847689582999,137.0,19.6,0.03,0.0,0.0,0.0,323.256699562073,7498,1250,0,0,75
726,31,6.818,146.670577882077,137.0,19.6,0.03,0.0,0.0,0.0,323.248017311096,7485,1249,0,0,70
727,31,7.071,141.422712487626,137.0,19.6,0.03,0.0,0.0,0.0,323.242482185364,7482,1249,0,0,67
728,31,7.40740740740741,135.0,137.0,19.6,0.03,0.0,0.0,0.0,323.272530555725,7503,1254,0,0,70
729,31,6.74559259259259,148.244944572862,137.0,19.6,0.03,0.0,0.0,0.0,323.268788337708,7495,1254,0,0,65
730,31,7.40740740740741,135.0,137.0,19.6,0.03,0.0,0.0,0.0,323.236287117004,7481,1250,0,0,65
731,31,7.14285714285714,140.0,137.0,19.6,0.03,0.0,0.0,0.0,323.244641304016,7487,1252,0,0,66
732,32,7.14285714285714,140.0,137.0,19.6,0.03,0.0,0.0,0.0,323.319260597229,7520,1255,0,0,71
733,32,7.14285714285714,140.0,137.0,19.6,0.03,0.0,0.0,0.0,322.299004554749,7510,1252,0,0,73
734,32,7.14285714285714,140.0,137.0,19.6,0.03,0.0,0.0,0.0,322.443520545959,7632,1272,0,0,92
735,32,7.14285714285714,140.0,137.0,19.6,0.03,0.0,0.0,0.0,322.451581001282,7632,1273,0,0,91
736,32,7.14285714285714,140.0,137.0,19.6,0.03,0.0,0.0,0.0,324.255043983459,7645,1275,0,0,93
737,32,7.40740740740741,135.0,137.0,19.6,0.03,0.0,0.0,0.0,322.788926124573,7669,1279,0,0,97
738,32,8.77670899470908,113.937923725492,137.0,19.6,0.03,0.0,0.0,0.0,322.781949043274,7664,1277,0,0,97
739,32,7.40740740740741,135.0,137.0,19.6,0.03,0.0,0.0,0.0,322.787579536438,7667,1278,0,0,97
740,32,7.40740740740741,135.0,137.0,19.6,0.03,0.0,0.0,0.0,322.875870704651,7723,1286,0,0,104
741,32,7.40740740740741,135.0,137.0,19.6,0.03,0.0,0.0,0.0,322.86985874176,7715,1285,0,0,101
742,32,7.40740740740741,135.0,137.0,19.6,0.03,0.0,0.0,0.0,322.89049243927,7746,1290,0,0,109
743,32,7.40740740740741,135.0,137.0,19.6,0.03,0.0,0.0,0.0,322.864666938782,7722,1286,0,0,105
744,32,7.26896296296288,137.571205837097,137.0,19.6,0.03,0.0,0.0,0.0,322.842202186584,7700,1283,0,0,101
745,33,7.40740740740741,135.0,136.0,14.304,0.028,0.0,0.0,0.0,322.835129737854,7702,1273,0,0,104
746,33,7.40740740740741,135.0,136.0,14.304,0.028,0.0,0.0,0.0,322.825028419495,7697,1271,0,0,104
747,33,7.54585185185192,132.523142467285,136.0,14.304,0.028,0.0,0.0,0.0,322.823651313782,7692,1271,0,0,102
748,33,7.40740740740741,135.0,136.0,14.304,0.028,0.0,0.0,0.0,322.82241153717,7692,1271,0,0,102
749,33,7.40740740740741,135.0,136.0,14.304,0.028,0.0,0.0,0.0,322.855648994446,7716,1274,0,0,108
750,33,7.40740740740741,135.0,136.0,14.304,0.028,0.0,0.0,0.0,322.85701084137,7716,1274,0,0,108
751,33,7.40740740740741,135.0,136.0,14.304,0.028,0.0,0.0,0.0,322.833844184875,7700,1271,0,0,108
752,33,7.40740740740741,135.0,136.0,14.304,0.028,0.0,0.0,0.0,322.800980567932,7683,1266,0,0,106
753,33,7.40740740740741,135.0,136.0,14.304,0.028,0.0,0.0,0.0,322.796055793762,7678,1265,0,0,103
754,33,7.14285714285714,140.0,136.0,14.304,0.028,0.0,0.0,0.0,322.773404121399,7643,1264,0,0,94
755,33,7.14285714285714,140.0,136.0,14.304,0.028,0.0,0.0,0.0,322.762047767639,7641,1263,0,0,94
756,33,7.14285714285714,140.0,136.0,14.304,0.028,0.0,0.0,0.0,322.723942756653,7610,1259,0,0,89
757,33,7.14285714285714,140.0,136.0,14.304,0.028,0.0,0.0,0.0,322.691113471985,7596,1255,0,0,89
758,33,7.14285714285714,140.0,136.0,14.304,0.028,0.0,0.0,0.0,322.690201759338,7592,1255,0,0,88
759,34,7.40740740740741,135.0,136.0,14.304,0.028,0.0,0.0,0.0,322.860619544983,7723,1271,0,0,112
760,34,7.40740740740741,135.0,136.0,14.304,0.028,0.0,0.0,0.0,322.845784187317,7710,1269,0,0,111
761,34,7.40740740740741,135.0,136.0,14.304,0.028,0.0,0.0,0.0,322.839592933655,7702,1269,0,0,106
762,34,7.40740740740741,135.0,136.0,14.304,0.028,0.0,0.0,0.0,322.840394020081,7701,1269,0,0,106
763,34,7.40740740740741,135.0,136.0,14.304,0.028,0.0,0.0,0.0,322.814732551575,7688,1265,0,0,108
764,34,7.40740740740741,135.0,136.0,14.304,0.028,0.0,0.0,0.0,322.816094398499,7688,1265,0,0,108
765,34,7.40740740740741,135.0,136.0,14.304,0.028,0.0,0.0,0.0,322.447613716125,7683,1264,0,0,108
766,34,7.40740740740741,135.0,136.0,14.304,0.028,0.0,0.0,0.0,322.445740699768,7677,1264,0,0,106
767,34,7.40740740740741,135.0,136.0,14.304,0.028,0.0,0.0,0.0,322.446377754211,7676,1264,0,0,104
768,34,7.40740740740741,135.0,136.0,14.304,0.028,0.0,0.0,0.0,322.442315101624,7682,1265,0,0,107
769,34,7.40740740740741,135.0,136.0,14.304,0.028,0.0,0.0,0.0,322.294156074524,7603,1249,0,0,103
770,34,7.40740740740741,135.0,136.0,14.304,0.028,0.0,0.0,0.0,322.282090187073,7579,1249,0,0,95
771,34,7.40740740740741,135.0,136.0,14.304,0.028,0.0,0.0,0.0,322.274735450745,7572,1248,0,0,95
772,35,7.40740740740741,135.0,136.0,14.304,0.028,0.0,0.0,0.0,322.327523231506,7597,1253,0,0,98
773,35,7.40740740740741,135.0,136.0,14.304,0.028,0.0,0.0,0.0,322.325528144836,7591,1253,0,0,96
774,35,7.40740740740741,135.0,136.0,14.304,0.028,0.0,0.0,0.0,322.315117835999,7588,1251,0,0,97
775,35,7.40740740740741,135.0,136.0,14.304,0.028,0.0,0.0,0.0,322.362355232239,7616,1258,0,0,100
776,35,7.40740740740741,135.0,136.0,14.304,0.028,0.0,0.0,0.0,322.389550209045,7627,1261,0,0,101
777,35,7.40740740740741,135.0,136.0,14.304,0.028,0.0,0.0,0.0,322.374787330627,7609,1259,0,0,94
778,35,7.40740740740741,135.0,136.0,14.304,0.028,0.0,0.0,0.0,322.319005012512,7580,1252,0,0,91
779,35,7.40740740740741,135.0,136.0,14.304,0.028,0.0,0.0,0.0,322.292004585266,7557,1249,0,0,87
780,35,7.40740740740741,135.0,136.0,14.304,0.028,0.0,0.0,0.0,322.28929233551,7550,1249,0,0,84
781,35,7.40740740740741,135.0,136.0,14.304,0.028,0.0,0.0,0.0,322.306210517883,7566,1252,0,0,87
782,35,7.40740740740741,135.0,136.0,14.304,0.028,0.0,0.0,0.0,322.293007850647,7553,1251,0,0,85
783,35,7.40740740740741,135.0,136.0,14.304,0.028,0.0,0.0,0.0,322.221447944641,7523,1243,0,0,85
784,35,7.40740740740741,135.0,136.0,14.304,0.028,0.0,0.0,0.0,322.202847480774,7503,1241,0,0,80
785,35,7.40740740740741,135.0,136.0,14.304,0.028,0.0,0.0,0.0,322.20987033844,7502,1242,0,0,78
786,36,11.6712698412698,85.6804798106874,136.0,14.304,0.028,0.0,0.0,0.0,322.985268592834,7882,1280,0,0,150
787,36,8.112,123.2741617357,136.0,14.304,0.028,0.0,0.0,0.0,322.91214466095,7849,1271,0,0,152
788,36,7.986,125.219133483596,136.0,14.304,0.028,0.0,0.0,0.0,320.608654022217,7778,1238,0,0,151
789,36,7.442,134.37248051599,136.0,14.304,0.028,0.0,0.0,0.0,320.600177764893,7771,1236,0,0,150
790,36,7.726,129.433083096039,136.0,14.304,0.028,0.0,0.0,0.0,320.622463226318,7777,1238,0,0,149
791,36,7.906,126.486213002783,136.0,14.304,0.028,0.0,0.0,0.0,320.613426208496,7762,1238,0,0,144
792,36,7.765,128.783000643915,136.0,14.304,0.028,0.0,0.0,0.0,320.598346710205,7754,1235,0,0,141
793,36,7.57575757575758,132.0,136.0,14.304,0.028,0.0,0.0,0.0,320.602897644043,7756,1236,0,0,140
794,36,9.70324242424243,103.058334140103,136.0,14.304,0.028,0.0,0.0,0.0,320.608535766602,7762,1236,0,0,140
795,36,8.523,117.329578786812,136.0,14.304,0.028,0.0,0.0,0.0,320.689434051514,7822,1248,0,0,151
796,36,8.33333333333333,120.0,136.0,14.304,0.028,0.0,0.0,0.0,320.647090911865,7793,1240,0,0,143
797,36,8.33333333333333,120.0,136.0,14.304,0.028,0.0,0.0,0.0,320.644435882568,7786,1240,0,0,141
798,37,9.00533333333334,111.045306485046,136.0,14.304,0.028,0.0,0.0,0.0,320.617980957031,7778,1226,0,0,145
799,37,8.33333333333333,120.0,136.0,14.304,0.028,0.0,0.0,0.0,320.616184234619,7772,1226,0,0,143
800,37,8.33333333333333,120.0,136.0,14.304,0.028,0.0,0.0,0.0,320.696025848389,7835,1225,0,0,154
801,37,8.33333333333333,120.0,136.0,14.304,0.028,0.0,0.0,0.0,320.660289764404,7816,1221,0,0,152
802,37,8.33333333333333,120.0,136.0,14.304,0.028,0.0,0.0,0.0,320.660514831543,7814,1221,0,0,151
803,37,8.33333333333333,120.0,136.0,14.304,0.028,0.0,0.0,0.0,320.670238494873,7817,1222,0,0,150
804,37,9.76233333333334,102.434527264657,136.0,14.304,0.028,0.0,0.0,0.0,320.661865234375,7810,1220,0,0,148
805,37,8.33000000000005,120.048019207682,136.0,14.304,0.028,0.0,0.0,0.0,320.651294708252,7800,1218,0,0,145
806,37,8.33333333333333,120.0,136.0,14.304,0.028,0.0,0.0,0.0,320.636268615723,7786,1215,0,0,141
807,37,8.33333333333333,120.0,136.0,14.304,0.028,0.0,0.0,0.0,320.569324493408,7736,1208,0,0,138
808,37,8.33333333333333,120.0,136.0,14.304,0.028,0.0,0.0,0.0,320.555274963379,7724,1206,0,0,136
809,37,8.33333333333333,120.0,136.0,14.304,0.028,0.0,0.0,0.0,320.550762176514,7727,1205,0,0,138
810,38,8.33333333333333,120.0,136.0,14.304,0.028,0.0,0.0,0.0,320.578948974609,7737,1206,0,0,139
811,38,8.33333333333333,120.0,136.0,14.304,0.028,0.0,0.0,0.0,320.558059692383,7722,1203,0,0,138
812,38,9.23899999999995,108.236822166902,136.0,14.304,0.028,0.0,0.0,0.0,321.660186767578,7784,1222,0,0,144
813,38,9.09090909090909,110.0,136.0,14.304,0.028,0.0,0.0,0.0,321.657207489014,7785,1221,0,0,146
814,38,9.09090909090909,110.0,136.0,14.304,0.028,0.0,0.0,0.0,321.755100250244,7868,1230,0,0,161
815,38,9.09090909090909,110.0,136.0,14.304,0.028,0.0,0.0,0.0,321.738376617432,7844,1229,0,0,160
816,38,9.09090909090909,110.0,136.0,14.304,0.028,0.0,0.0,0.0,321.740982055664,7852,1229,0,0,163
817,38,9.09090909090909,110.0,136.0,14.304,0.028,0.0,0.0,0.0,321.765155792236,7866,1234,0,0,163
818,38,9.09090909090909,110.0,136.0,14.304,0.028,0.0,0.0,0.0,321.755054473877,7863,1234,0,0,162
819,38,9.09090909090909,110.0,136.0,14.304,0.028,0.0,0.0,0.0,321.74796295166,7856,1232,0,0,158
820,38,9.09090909090909,110.0,136.0,14.304,0.028,0.0,0.0,0.0,322.755687713623,7858,1232,0,0,156
821,39,9.09090909090909,110.0,136.0,14.304,0.028,0.0,0.0,0.0,322.855167388916,7975,1241,0,0,176
822,39,8.94281818181824,111.821573431193,136.0,14.304,0.028,0.0,0.0,0.0,322.871543884277,7978,1243,0,0,177
823,39,9.09090909090909,110.0,136.0,14.304,0.028,0.0,0.0,0.0,322.878047943115,7989,1243,0,0,181
824,39,9.09090909090909,110.0,136.0,14.304,0.028,0.0,0.0,0.0,320.383685112,7929,1209,0,0,181
825,39,9.09090909090909,110.0,136.0,14.304,0.028,0.0,0.0,0.0,320.372870445251,7913,1208,0,0,176
826,39,8.33333333333333,120.0,136.0,14.304,0.028,0.0,0.0,0.0,320.342135429382,7894,1204,0,0,174
827,39,8.33333333333333,120.0,136.0,14.304,0.028,0.0,0.0,0.0,320.339228630066,7882,1205,0,0,169
828,39,8.33333333333333,120.0,136.0,14.304,0.028,0.0,0.0,0.0,320.311858177185,7862,1202,0,0,166
829,39,8.33333333333333,120.0,136.0,14.304,0.028,0.0,0.0,0.0,320.324442863464,7870,1203,0,0,167
830,39,8.33333333333333,120.0,136.0,14.304,0.028,0.0,0.0,0.0,320.324126243591,7867,1203,0,0,166
831,39,8.33333333333333,120.0,136.0,14.304,0.028,0.0,0.0,0.0,320.25518321991,7825,1194,0,0,160
832,40,8.33333333333333,120.0,136.0,14.304,0.028,0.0,0.0,0.0,320.296931266785,7844,1187,0,0,166
833,40,8.33333333333333,120.0,136.0,14.304,0.028,0.0,0.0,0.0,320.294978141785,7851,1188,0,0,168
834,40,8.33333333333333,120.0,136.0,14.304,0.028,0.0,0.0,0.0,320.271952629089,7832,1186,0,0,164
835,40,8.33333333333333,120.0,136.0,14.304,0.028,0.0,0.0,0.0,317.430990219116,7771,1156,0,0,162
836,40,8.33333333333333,120.0,136.0,14.304,0.028,0.0,0.0,0.0,317.431612014771,7770,1156,0,0,162
837,40,8.33333333333333,120.0,136.0,14.304,0.028,0.0,0.0,0.0,317.432973861694,7770,1156,0,0,162
838,40,8.33333333333333,120.0,136.0,14.304,0.028,0.0,0.0,0.0,317.436521530151,7770,1156,0,0,159
839,40,8.33333333333333,120.0,136.0,14.304,0.028,0.0,0.0,0.0,317.435628890991,7772,1157,0,0,159
840,40,8.33333333333333,120.0,136.0,14.304,0.028,0.0,0.0,0.0,317.426073074341,7753,1155,0,0,155
841,40,8.33333333333333,120.0,136.0,14.304,0.028,0.0,0.0,0.0,317.415994644165,7750,1154,0,0,156
842,40,8.33333333333333,120.0,136.0,14.304,0.028,0.0,0.0,0.0,317.41449546814,7745,1154,0,0,154
843,40,8.33333333333333,120.0,136.0,14.304,0.028,0.0,0.0,0.0,317.398080825806,7723,1153,0,0,148
844,41,8.33333333333333,120.0,136.0,14.304,0.028,0.0,0.0,0.0,317.464288711548,7760,1158,0,0,154
845,41,8.33333333333333,120.0,136.0,14.304,0.028,0.0,0.0,0.0,317.308313369751,7678,1137,0,0,152
846,41,8.79693939393934,113.675899675852,136.0,14.304,0.028,0.0,0.0,0.0,318.930536270142,7741,1160,0,0,156
847,41,8.33333333333333,120.0,136.0,14.304,0.028,0.0,0.0,0.0,318.943151473999,7749,1161,0,0,157
848,41,8.33333333333333,120.0,136.0,14.304,0.028,0.0,0.0,0.0,318.910440444946,7735,1157,0,0,157
849,41,8.33333333333333,120.0,136.0,14.304,0.028,0.0,0.0,0.0,319.015996932983,7815,1167,0,0,170
850,41,8.33333333333333,120.0,136.0,14.304,0.028,0.0,0.0,0.0,319.005823135376,7803,1166,0,0,168
851,41,8.33333333333333,120.0,136.0,14.304,0.028,0.0,0.0,0.0,319.017404556274,7811,1168,0,0,169
852,41,8.33333333333333,120.0,136.0,14.304,0.028,0.0,0.0,0.0,318.999948501587,7795,1168,0,0,163
853,41,8.33333333333333,120.0,136.0,14.304,0.028,0.0,0.0,0.0,319.017026901245,7803,1170,0,0,165
854,41,8.33333333333333,120.0,136.0,14.304,0.028,0.0,0.0,0.0,319.381116867065,7810,1168,0,0,166
855,41,8.46133333333333,118.184683265049,136.0,14.304,0.028,0.0,0.0,0.0,319.355226516724,7791,1163,0,0,163
856,42,9.09090909090909,110.0,136.0,14.304,0.028,0.0,0.0,0.0,319.453123092651,7810,1173,0,0,158
857,42,9.09090909090909,110.0,136.0,14.304,0.028,0.0,0.0,0.0,319.460660934448,7818,1174,0,0,159
858,42,8.99818181818182,111.133562335825,136.0,14.304,0.028,0.0,0.0,0.0,316.716885566711,7787,1155,0,0,162
859,42,8.33333333333333,120.0,136.0,14.304,0.028,0.0,0.0,0.0,316.704731941223,7777,1152,0,0,161
860,42,8.33333333333333,120.0,136.0,14.304,0.028,0.0,0.0,0.0,316.755654335022,7797,1158,0,0,163
861,42,8.33333333333333,120.0,136.0,14.304,0.028,0.0,0.0,0.0,316.762001991272,7792,1159,0,0,165
862,42,8.33333333333333,120.0,136.0,14.304,0.028,0.0,0.0,0.0,315.743588447571,7775,1157,0,0,162
863,42,8.79166666666667,113.744075829384,136.0,14.304,0.028,0.0,0.0,0.0,315.857159614563,7856,1168,0,0,173
864,42,8.34,119.904076738609,136.0,14.304,0.028,0.0,0.0,0.0,315.86925983429,7868,1172,0,0,174
865,42,8.33333333333333,120.0,136.0,14.304,0.028,0.0,0.0,0.0,315.884236335754,7874,1176,0,0,174
866,42,8.33333333333333,120.0,136.0,14.304,0.028,0.0,0.0,0.0,315.8797082901,7864,1176,0,0,170
867,42,8.33333333333333,120.0,136.0,14.304,0.028,0.0,0.0,0.0,315.869069099426,7851,1174,0,0,167
868,43,8.33333333333333,120.0,123.0,18.817,0.057,0.0,0.0,0.0,315.862648963928,7846,1173,0,0,166
869,43,8.33333333333333,120.0,123.0,18.817,0.057,0.0,0.0,0.0,315.835125923157,7792,1174,0,0,152
870,43,8.33333333333333,120.0,123.0,18.817,0.057,0.0,0.0,0.0,313.316665649414,7730,1142,0,0,150
871,43,8.33333333333333,120.0,123.0,18.817,0.057,0.0,0.0,0.0,313.332473754883,7733,1143,0,0,153
872,43,8.33333333333333,120.0,123.0,18.817,0.057,0.0,0.0,0.0,313.34508895874,7741,1144,0,0,154
873,43,8.33333333333333,120.0,123.0,18.817,0.057,0.0,0.0,0.0,313.329666137695,7735,1141,0,0,153
874,43,8.33333333333333,120.0,123.0,18.817,0.057,0.0,0.0,0.0,313.310569763184,7714,1138,0,0,145
875,43,8.33333333333333,120.0,123.0,18.817,0.057,0.0,0.0,0.0,313.307270050049,7707,1138,0,0,138
876,43,8.33333333333333,120.0,123.0,18.817,0.057,0.0,0.0,0.0,313.215564727783,7672,1127,0,0,138
877,43,8.33333333333333,120.0,123.0,18.817,0.057,0.0,0.0,0.0,313.160556793213,7610,1123,0,0,124
878,43,8.33333333333333,120.0,123.0,18.817,0.057,0.0,0.0,0.0,313.16024017334,7607,1123,0,0,123
879,43,8.08066666666667,123.752165662899,123.0,18.817,0.057,0.0,0.0,0.0,313.172393798828,7611,1126,0,0,123
880,44,8.33333333333333,120.0,123.0,18.817,0.057,0.0,0.0,0.0,313.1435546875,7604,1108,0,0,128
881,44,8.33333333333333,120.0,123.0,18.817,0.057,0.0,0.0,0.0,313.119964599609,7601,1105,0,0,128
882,44,8.33333333333333,120.0,123.0,18.817,0.057,0.0,0.0,0.0,312.082504272461,7582,1101,0,0,126
883,44,8.33333333333333,120.0,123.0,18.817,0.057,0.0,0.0,0.0,312.07506942749,7567,1101,0,0,121
884,44,8.33333333333333,120.0,123.0,18.817,0.057,0.0,0.0,0.0,312.070617675781,7562,1101,0,0,120
885,44,8.33333333333333,120.0,123.0,18.817,0.057,0.0,0.0,0.0,312.064628601074,7558,1100,0,0,119
886,44,8.33333333333333,120.0,123.0,18.817,0.057,0.0,0.0,0.0,312.062328338623,7558,1100,0,0,121
887,44,8.33333333333333,120.0,123.0,18.817,0.057,0.0,0.0,0.0,310.548198699951,7568,1099,0,0,125
888,44,8.33333333333333,120.0,123.0,18.817,0.057,0.0,0.0,0.0,310.550189971924,7564,1100,0,0,118
889,44,8.33333333333333,120.0,123.0,18.817,0.057,0.0,0.0,0.0,310.4543800354,7530,1086,0,0,118
890,44,8.33333333333333,120.0,123.0,18.817,0.057,0.0,0.0,0.0,310.330165863037,7445,1070,0,0,109
891,44,8.33333333333333,120.0,123.0,18.817,0.057,0.0,0.0,0.0,310.32243347168,7429,1070,0,0,105
892,45,9.09090909090909,110.0,123.0,18.817,0.057,0.0,0.0,0.0,310.340770721436,7433,1065,0,0,110
893,45,10.6524242424243,93.8753449207744,123.0,18.817,0.057,0.0,0.0,0.0,310.333694458008,7431,1064,0,0,108
894,45,9.09090909090909,110.0,123.0,18.817,0.057,0.0,0.0,0.0,310.367622375488,7449,1070,0,0,111
895,45,9.09090909090909,110.0,123.0,18.817,0.057,0.0,0.0,0.0,310.363170623779,7444,1070,0,0,110
896,45,9.09090909090909,110.0,123.0,18.817,0.057,0.0,0.0,0.0,310.360610961914,7434,1070,0,0,107
897,45,9.09090909090909,110.0,123.0,18.817,0.057,0.0,0.0,0.0,310.306629180908,7407,1063,0,0,108
898,45,9.09090909090909,110.0,123.0,18.817,0.057,0.0,0.0,0.0,310.286212921143,7385,1062,0,0,106
899,45,8.90078787878783,112.349604733664,123.0,18.817,0.057,0.0,0.0,0.0,310.2653465271,7368,1057,0,0,101
900,45,8.814,113.455865668255,123.0,18.817,0.057,0.0,0.0,0.0,310.239715576172,7354,1057,0,0,99
901,45,9.09090909090909,110.0,123.0,18.817,0.057,0.0,0.0,0.0,310.236644744873,7347,1057,0,0,95
902,45,9.09090909090909,110.0,123.0,18.817,0.057,0.0,0.0,0.0,310.205276489258,7324,1054,0,0,90
903,46,9.09090909090909,110.0,123.0,18.817,0.057,0.0,0.0,0.0,310.225582122803,7336,1055,0,0,93
904,46,9.09090909090909,110.0,123.0,18.817,0.057,0.0,0.0,0.0,310.225090026855,7333,1055,0,0,92
905,46,8.83936363636364,113.130315839273,123.0,18.817,0.057,0.0,0.0,0.0,310.223552703857,7330,1055,0,0,91
906,46,8.341,119.889701474643,123.0,18.817,0.057,0.0,0.0,0.0,310.224277496338,7329,1055,0,0,91
907,46,8.33333333333333,120.0,123.0,18.817,0.057,0.0,0.0,0.0,310.225639343262,7329,1055,0,0,91
908,46,8.33333333333333,120.0,123.0,18.817,0.057,0.0,0.0,0.0,309.789226531982,7272,1035,0,0,85
909,46,8.33333333333333,120.0,123.0,18.817,0.057,0.0,0.0,0.0,309.721881866455,7239,1027,0,0,86
910,46,9.09090909090909,110.0,123.0,18.817,0.057,0.0,0.0,0.0,309.678153991699,7212,1018,0,0,82
911,46,9.09090909090909,110.0,123.0,18.817,0.057,0.0,0.0,0.0,309.694183349609,7218,1020,0,0,81
912,46,9.09090909090909,110.0,123.0,18.817,0.057,0.0,0.0,0.0,309.70503616333,7216,1022,0,0,76
913,46,9.09090909090909,110.0,123.0,18.817,0.057,0.0,0.0,0.0,309.695419311523,7206,1021,0,0,74
914,47,8.33333333333333,120.0,123.0,18.817,0.057,0.0,0.0,0.0,309.685039520264,7197,1020,0,0,72
915,47,8.33333333333333,120.0,123.0,18.817,0.057,0.0,0.0,0.0,309.661231994629,7185,1017,0,0,70
916,47,8.33333333333333,120.0,123.0,18.817,0.057,0.0,0.0,0.0,307.208018302917,7128,986,0,0,70
917,47,8.33333333333333,120.0,123.0,18.817,0.057,0.0,0.0,0.0,307.202994346619,7117,986,0,0,67
918,47,8.33333333333333,120.0,123.0,18.817,0.057,0.0,0.0,0.0,307.204356193542,7117,986,0,0,67
919,47,8.33333333333333,120.0,123.0,18.817,0.057,0.0,0.0,0.0,307.198283195496,7112,985,0,0,66
920,47,8.33333333333333,120.0,123.0,18.817,0.057,0.0,0.0,0.0,307.194090843201,7111,983,0,0,66
921,47,8.33333333333333,120.0,123.0,18.817,0.057,0.0,0.0,0.0,307.187495231628,7097,983,0,0,62
922,47,8.33333333333333,120.0,123.0,18.817,0.057,0.0,0.0,0.0,307.15763759613,7078,979,0,0,61
923,47,8.33333333333333,120.0,123.0,18.817,0.057,0.0,0.0,0.0,307.095309257507,7033,973,0,0,57
924,47,8.33333333333333,120.0,123.0,18.817,0.057,0.0,0.0,0.0,307.087019920349,7028,972,0,0,56
925,47,8.33333333333333,120.0,123.0,18.817,0.057,0.0,0.0,0.0,307.08825969696,7028,972,0,0,56
926,48,8.33333333333333,120.0,123.0,18.817,0.057,0.0,0.0,0.0,307.124384880066,7038,974,0,0,57
927,48,8.33333333333333,120.0,123.0,18.817,0.057,0.0,0.0,0.0,307.115386009216,7033,972,0,0,57
928,48,8.33333333333333,120.0,123.0,18.817,0.057,0.0,0.0,0.0,307.116351127625,7033,972,0,0,57
929,48,8.33333333333333,120.0,123.0,18.817,0.057,0.0,0.0,0.0,307.117712974548,7033,972,0,0,57
930,48,8.33333333333333,120.0,123.0,18.817,0.057,0.0,0.0,0.0,307.104491233826,7014,971,0,0,57
931,48,8.33333333333333,120.0,123.0,18.817,0.057,0.0,0.0,0.0,307.094897270203,6997,971,0,0,51
932,48,8.33333333333333,120.0,123.0,18.817,0.057,0.0,0.0,0.0,307.099143028259,7002,971,0,0,53
933,48,8.33333333333333,120.0,123.0,18.817,0.057,0.0,0.0,0.0,307.066340446472,6993,967,0,0,54
934,48,8.33333333333333,120.0,123.0,18.817,0.057,0.0,0.0,0.0,307.042731285095,6976,964,0,0,52
935,48,8.33333333333333,120.0,123.0,18.817,0.057,0.0,0.0,0.0,307.039301872253,6976,964,0,0,52
936,48,8.33333333333333,120.0,123.0,18.817,0.057,0.0,0.0,0.0,307.040663719177,6976,964,0,0,52
937,48,8.33333333333333,120.0,123.0,18.817,0.057,0.0,0.0,0.0,307.00036907196,6950,960,0,0,48
938,49,8.33333333333333,120.0,123.0,18.817,0.057,0.0,0.0,0.0,307.023299217224,6952,960,0,0,48
939,49,8.33333333333333,120.0,123.0,18.817,0.057,0.0,0.0,0.0,307.025694847107,6954,960,0,0,49
940,49,8.33333333333333,120.0,123.0,18.817,0.057,0.0,0.0,0.0,307.34441280365,7157,1012,0,0,82
941,49,8.33333333333333,120.0,123.0,18.817,0.057,0.0,0.0,0.0,307.34513759613,7156,1012,0,0,82
942,49,8.11136363636364,123.283833006444,123.0,18.817,0.057,0.0,0.0,0.0,307.348246574402,7159,1012,0,0,83
943,49,7.427,134.643866971859,123.0,18.817,0.057,0.0,0.0,0.0,307.336916923523,7142,1012,0,0,78
944,49,7.068,141.482739105829,123.0,18.817,0.057,0.0,0.0,0.0,307.337557792664,7142,1012,0,0,78
945,49,7.19,139.082058414465,123.0,18.817,0.057,0.0,0.0,0.0,307.344214439392,7146,1013,0,0,78
946,49,7.57575757575758,132.0,123.0,18.817,0.057,0.0,0.0,0.0,307.342509269714,7141,1013,0,0,75
947,49,7.57575757575758,132.0,123.0,18.817,0.057,0.0,0.0,0.0,307.315131187439,7118,1010,0,0,69
948,49,7.49748484848485,133.37806213801,123.0,18.817,0.057,0.0,0.0,0.0,307.290652275085,7101,1006,0,0,67
949,49,7.351,136.035913481159,123.0,18.817,0.057,0.0,0.0,0.0,307.285544395447,7090,1006,0,0,62
950,49,7.391,135.299688810716,123.0,18.817,0.057,0.0,0.0,0.0,307.270155906677,7075,1004,0,0,60
951,50,7.57575757575758,132.0,123.0,18.817,0.057,0.0,0.0,0.0,307.346972465515,7110,1010,0,0,66
952,50,7.57575757575758,132.0,123.0,18.817,0.057,0.0,0.0,0.0,307.338294029236,7107,1009,0,0,67
953,50,7.57575757575758,132.0,123.0,18.817,0.057,0.0,0.0,0.0,308.352599143982,7110,1012,0,0,63
954,50,7.57575757575758,132.0,123.0,18.817,0.057,0.0,0.0,0.0,308.353960990906,7110,1012,0,0,63
955,50,7.76596969696975,128.766920168411,123.0,18.817,0.057,0.0,0.0,0.0,308.338759422302,7100,1010,0,0,62
956,50,7.57575757575758,132.0,123.0,18.817,0.057,0.0,0.0,0.0,308.457461357117,7197,1020,0,0,80
957,50,7.57575757575758,132.0,123.0,18.817,0.057,0.0,0.0,0.0,308.452605247498,7191,1019,0,0,78
958,50,7.57575757575758,132.0,123.0,18.817,0.057,0.0,0.0,0.0,308.457701683044,7193,1020,0,0,78
959,50,7.57575757575758,132.0,123.0,18.817,0.057,0.0,0.0,0.0,308.456835746765,7189,1020,0,0,76
960,50,7.57575757575758,132.0,123.0,18.817,0.057,0.0,0.0,0.0,312.20744228363,7187,1020,0,0,75
961,50,7.57575757575758,132.0,123.0,18.817,0.057,0.0,0.0,0.0,312.252818107605,7210,1026,0,0,77
962,50,7.57575757575758,132.0,123.0,18.817,0.057,0.0,0.0,0.0,313.257979393005,7207,1027,0,0,66
963,50,7.57575757575758,132.0,123.0,18.817,0.057,0.0,0.0,0.0,313.247363090515,7187,1027,0,0,56
964,51,8.13260606060602,122.961814767342,123.0,18.817,0.057,0.0,0.0,0.0,313.265192985535,7191,1025,0,0,59
965,51,8.33333333333333,120.0,123.0,18.817,0.057,0.0,0.0,0.0,313.166708946228,7149,1014,0,0,61
966,51,7.57575757575758,132.0,123.0,18.817,0.057,0.0,0.0,0.0,313.156531333923,7144,1013,0,0,59
967,51,7.57575757575758,132.0,123.0,18.817,0.057,0.0,0.0,0.0,313.157160758972,7143,1013,0,0,58
968,51,7.57575757575758,132.0,123.0,18.817,0.057,0.0,0.0,0.0,313.157309532166,7141,1013,0,0,57
969,51,7.57575757575758,132.0,123.0,18.817,0.057,0.0,0.0,0.0,313.155402183533,7140,1012,0,0,57
970,51,7.57575757575758,132.0,123.0,18.817,0.057,0.0,0.0,0.0,313.160582542419,7142,1013,0,0,57
971,51,7.57575757575758,132.0,123.0,18.817,0.057,0.0,0.0,0.0,313.160700798035,7140,1013,0,0,56
972,51,7.57575757575758,132.0,123.0,18.817,0.057,0.0,0.0,0.0,313.17001247406,7142,1014,0,0,54
973,51,7.57575757575758,132.0,123.0,18.817,0.057,0.0,0.0,0.0,313.170641899109,7141,1014,0,0,53
974,51,7.57575757575758,132.0,123.0,18.817,0.057,0.0,0.0,0.0,313.166838645935,7132,1014,0,0,50
975,51,7.57575757575758,132.0,123.0,18.817,0.057,0.0,0.0,0.0,313.164298057556,7130,1013,0,0,49
976,51,7.57575757575758,132.0,123.0,18.817,0.057,0.0,0.0,0.0,313.187357902527,7149,1017,0,0,50
977,52,7.57575757575758,132.0,123.0,18.817,0.057,0.0,0.0,0.0,313.197421073914,7147,1011,0,0,52
978,52,7.57575757575758,132.0,123.0,18.817,0.057,0.0,0.0,0.0,313.189188957214,7145,1009,0,0,54
979,52,7.57575757575758,132.0,123.0,18.817,0.057,0.0,0.0,0.0,313.250491142273,7183,1021,0,0,58
980,52,7.57575757575758,132.0,123.0,18.817,0.057,0.0,0.0,0.0,313.251852989197,7183,1021,0,0,58
981,52,7.57575757575758,132.0,123.0,18.817,0.057,0.0,0.0,0.0,313.253214836121,7183,1021,0,0,58
982,52,7.57575757575758,132.0,123.0,18.817,0.057,0.0,0.0,0.0,313.262248039246,7189,1021,0,0,58
983,52,7.57575757575758,132.0,123.0,18.817,0.057,0.0,0.0,0.0,313.259116172791,7183,1021,0,0,57
984,52,7.57575757575758,132.0,123.0,18.817,0.057,0.0,0.0,0.0,313.203917503357,7153,1016,0,0,57
985,52,7.57575757575758,132.0,123.0,18.817,0.057,0.0,0.0,0.0,313.304297447205,7208,1025,0,0,63
986,52,8.33333333333333,120.0,123.0,18.817,0.057,0.0,0.0,0.0,313.173033714294,7185,1009,0,0,88
987,52,8.33333333333333,120.0,123.0,18.817,0.057,0.0,0.0,0.0,313.162180900574,7169,1008,0,0,84
988,52,7.9458484848485,125.851883773878,123.0,18.817,0.057,0.0,0.0,0.0,313.1449842453,7155,1006,0,0,83
989,52,7.57575757575758,132.0,123.0,18.817,0.057,0.0,0.0,0.0,313.139853477478,7153,1004,0,0,83
990,53,8.33333333333333,120.0,122.0,13.249,0.028,0.0,0.0,0.0,313.194952964783,7178,1008,0,0,86
991,53,7.57575757575758,132.0,122.0,13.249,0.028,0.0,0.0,0.0,313.192362785339,7171,1008,0,0,84
992,53,7.57575757575758,132.0,122.0,13.249,0.028,0.0,0.0,0.0,313.206297874451,7188,1009,0,0,87
993,53,7.86239393939394,127.187725228263,122.0,13.249,0.028,0.0,0.0,0.0,313.239535331726,7212,1012,0,0,93
994,53,7.57575757575758,132.0,122.0,13.249,0.028,0.0,0.0,0.0,313.269297599792,7226,1015,0,0,94
995,53,7.57575757575758,132.0,122.0,13.249,0.028,0.0,0.0,0.0,313.257098197937,7209,1014,0,0,94
996,53,7.57575757575758,132.0,122.0,13.249,0.028,0.0,0.0,0.0,313.264021873474,7215,1015,0,0,95
997,53,7.79872727272727,128.226050870771,122.0,13.249,0.028,0.0,0.0,0.0,313.260313987732,7218,1014,0,0,96
998,53,7.57575757575758,132.0,122.0,13.249,0.028,0.0,0.0,0.0,313.254153251648,7205,1014,0,0,90
999,53,7.82024242424242,127.873273710805,122.0,13.249,0.028,0.0,0.0,0.0,313.279009819031,7233,1019,0,0,95
1000,53,7.57575757575758,132.0,122.0,13.249,0.028,0.0,0.0,0.0,313.251921653748,7214,1016,0,0,92
1001,53,7.57575757575758,132.0,122.0,13.249,0.028,0.0,0.0,0.0,313.251009941101,7210,1016,0,0,91
1002,53,7.57575757575758,132.0,122.0,13.249,0.028,0.0,0.0,0.0,313.269072532654,7224,1018,0,0,93
1003,54,8.33333333333333,120.0,122.0,13.249,0.028,0.0,0.0,0.0,313.302008628845,7239,1018,0,0,97
1004,54,8.02939393939394,124.542401026531,122.0,13.249,0.028,0.0,0.0,0.0,313.217524528503,7194,1008,0,0,96
1005,54,7.633,131.010087776759,122.0,13.249,0.028,0.0,0.0,0.0,313.25749874115,7219,1018,0,0,98
1006,54,7.57575757575758,132.0,122.0,13.249,0.028,0.0,0.0,0.0,313.235415458679,7205,1014,0,0,98
1007,54,7.57575757575758,132.0,122.0,13.249,0.028,0.0,0.0,0.0,313.236777305603,7205,1014,0,0,98
1008,54,7.57575757575758,132.0,122.0,13.249,0.028,0.0,0.0,0.0,313.23561000824,7206,1013,0,0,97
1009,54,7.57575757575758,132.0,122.0,13.249,0.028,0.0,0.0,0.0,313.232478141785,7202,1012,0,0,96
1010,54,7.57575757575758,132.0,122.0,13.249,0.028,0.0,0.0,0.0,313.225321769714,7200,1011,0,0,96
1011,54,7.57575757575758,132.0,122.0,13.249,0.028,0.0,0.0,0.0,313.204604148865,7180,1009,0,0,92
1012,54,7.57575757575758,132.0,122.0,13.249,0.028,0.0,0.0,0.0,313.217242240906,7188,1010,0,0,93
1013,54,7.57575757575758,132.0,122.0,13.249,0.028,0.0,0.0,0.0,313.130663871765,7154,999,0,0,93
1014,54,7.57575757575758,132.0,122.0,13.249,0.028,0.0,0.0,0.0,313.121321678162,7131,1000,0,0,84
1015,54,8.33333333333333,120.0,122.0,13.249,0.028,0.0,0.0,0.0,313.116236686707,7129,998,0,0,84
1016,55,8.33333333333333,120.0,122.0,13.249,0.028,0.0,0.0,0.0,313.094687461853,7131,996,0,0,86
1017,55,8.33333333333333,120.0,122.0,13.249,0.028,0.0,0.0,0.0,313.082179069519,7121,994,0,0,85
1018,55,8.33333333333333,120.0,122.0,13.249,0.028,0.0,0.0,0.0,313.097899436951,7113,1000,0,0,67
1019,55,7.93484848484849,126.026350964292,122.0,13.249,0.028,0.0,0.0,0.0,313.099261283875,7113,1000,0,0,67
1020,55,7.57575757575758,132.0,122.0,13.249,0.028,0.0,0.0,0.0,313.115874290466,7127,1002,0,0,70
1021,55,7.67024242424243,130.373975774145,122.0,13.249,0.028,0.0,0.0,0.0,311.928210258484,7006,979,0,0,59
1022,55,7.57575757575758,132.0,122.0,13.249,0.028,0.0,0.0,0.0,311.932860374451,7008,980,0,0,59
1023,55,7.65024242424242,130.714811968724,122.0,13.249,0.028,0.0,0.0,0.0,311.931445121765,7007,979,0,0,59
1024,55,7.57575757575758,132.0,122.0,13.249,0.028,0.0,0.0,0.0,311.927260398865,6997,979,0,0,55
1025,55,7.57575757575758,132.0,122.0,13.249,0.028,0.0,0.0,0.0,311.925539970398,7000,979,0,0,56
1026,55,7.57575757575758,132.0,122.0,13.249,0.028,0.0,0.0,0.0,311.850584983826,6951,960,0,0,55
1027,55,7.57575757575758,132.0,122.0,13.249,0.028,0.0,0.0,0.0,311.859393119812,6956,960,0,0,55
1028,55,7.57575757575758,132.0,122.0,13.249,0.028,0.0,0.0,0.0,311.863974571228,6958,961,0,0,55
1029,56,8.33333333333333,120.0,122.0,13.249,0.028,0.0,0.0,0.0,311.98327922821,7023,972,0,0,64
1030,56,8.33333333333333,120.0,122.0,13.249,0.028,0.0,0.0,0.0,311.963286399841,7016,971,0,0,63
1031,56,7.76854545454546,128.724225899314,122.0,13.249,0.028,0.0,0.0,0.0,311.962374687195,7012,971,0,0,62
1032,56,7.57575757575758,132.0,122.0,13.249,0.028,0.0,0.0,0.0,311.969229698181,7018,972,0,0,63
1033,56,7.61924242424242,131.246644261937,122.0,13.249,0.028,0.0,0.0,0.0,312.001822471619,7037,974,0,0,67
1034,56,7.57575757575758,132.0,122.0,13.249,0.028,0.0,0.0,0.0,312.004939079285,7037,975,0,0,65
1035,56,7.57575757575758,132.0,122.0,13.249,0.028,0.0,0.0,0.0,312.020186424255,7050,977,0,0,65
1036,56,7.57575757575758,132.0,122.0,13.249,0.028,0.0,0.0,0.0,311.997790336609,7036,971,0,0,63
1037,56,7.57575757575758,132.0,122.0,13.249,0.028,0.0,0.0,0.0,312.007849693298,7040,972,0,0,62
1038,56,7.9299696969697,126.10388667464,122.0,13.249,0.028,0.0,0.0,0.0,312.017676353455,7062,974,0,0,69
1039,56,7.57575757575758,132.0,122.0,13.249,0.028,0.0,0.0,0.0,312.023325920105,7055,975,0,0,62
1040,56,7.57575757575758,132.0,122.0,13.249,0.028,0.0,0.0,0.0,311.017645835876,7052,975,0,0,62
1041,56,7.57575757575758,132.0,122.0,13.249,0.028,0.0,0.0,0.0,311.004881858826,7043,973,0,0,61
1042,57,7.72472727272727,129.454408511039,122.0,13.249,0.028,0.0,0.0,0.0,310.997797966003,7037,973,0,0,59
1043,57,7.57575757575758,132.0,122.0,13.249,0.028,0.0,0.0,0.0,310.997946739197,7035,973,0,0,58
1044,57,7.57575757575758,132.0,122.0,13.249,0.028,0.0,0.0,0.0,310.997973442078,7037,973,0,0,58
1045,57,7.57575757575758,132.0,122.0,13.249,0.028,0.0,0.0,0.0,310.999335289001,7037,973,0,0,58
1046,57,7.57575757575758,132.0,122.0,13.249,0.028,0.0,0.0,0.0,310.996607780457,7030,973,0,0,55
1047,57,7.57575757575758,132.0,122.0,13.249,0.028,0.0,0.0,0.0,310.993117332459,7025,971,0,0,52
1048,57,7.57575757575758,132.0,122.0,13.249,0.028,0.0,0.0,0.0,310.980826377869,7015,968,0,0,51
1049,57,7.57575757575758,132.0,122.0,13.249,0.028,0.0,0.0,0.0,310.971621513367,7002,967,0,0,47
1050,57,7.57575757575758,132.0,122.0,13.249,0.028,0.0,0.0,0.0,310.9796667099,7007,969,0,0,47
1051,57,8.33333333333333,120.0,122.0,13.249,0.028,0.0,0.0,0.0,310.871989250183,6946,954,0,0,44
1052,57,8.33333333333333,120.0,122.0,13.249,0.028,0.0,0.0,0.0,310.869864463806,6940,954,0,0,42
1053,57,8.33333333333333,120.0,122.0,13.249,0.028,0.0,0.0,0.0,310.864081382751,6932,953,0,0,40
1054,57,7.57575757575758,132.0,122.0,13.249,0.028,0.0,0.0,0.0,310.880049705505,6938,955,0,0,40
1055,58,8.12618181818182,123.059023582584,122.0,13.249,0.028,0.0,0.0,0.0,310.894289970398,6942,954,0,0,42
1056,58,7.57575757575758,132.0,122.0,13.249,0.028,0.0,0.0,0.0,310.898535728455,6947,954,0,0,44
1057,58,7.57575757575758,132.0,122.0,13.249,0.028,0.0,0.0,0.0,310.899897575378,6947,954,0,0,44
1058,58,7.57575757575758,132.0,122.0,13.249,0.028,0.0,0.0,0.0,310.886233329773,6927,953,0,0,44
1059,58,7.57575757575758,132.0,122.0,13.249,0.028,0.0,0.0,0.0,310.85865688324,6909,949,0,0,44
1060,58,7.57575757575758,132.0,122.0,13.249,0.028,0.0,0.0,0.0,310.848124504089,6888,949,0,0,37
1061,58,6.59621212121216,151.602159182266,122.0,13.249,0.028,0.0,0.0,0.0,310.841048240662,6885,948,0,0,37
1062,58,7.72799999999997,129.399585921326,122.0,13.249,0.028,0.0,0.0,0.0,310.829882621765,6878,945,0,0,36
1063,58,7.57575757575758,132.0,122.0,13.249,0.028,0.0,0.0,0.0,310.824423789978,6866,945,0,0,33
1064,58,7.57575757575758,132.0,122.0,13.249,0.028,0.0,0.0,0.0,310.822291374207,6868,945,0,0,34
1065,58,7.57575757575758,132.0,122.0,13.249,0.028,0.0,0.0,0.0,310.82365322113,6868,945,0,0,34
1066,58,7.57575757575758,132.0,122.0,13.249,0.028,0.0,0.0,0.0,310.840014457703,6874,947,0,0,34
1067,58,7.57575757575758,132.0,122.0,13.249,0.028,0.0,0.0,0.0,310.861662864685,6867,947,0,0,31
1068,59,7.57575757575758,132.0,122.0,13.249,0.028,0.0,0.0,0.0,310.870898246765,6868,947,0,0,31
1069,59,7.57575757575758,132.0,122.0,13.249,0.028,0.0,0.0,0.0,310.863638877869,6853,947,0,0,27
1070,59,7.57575757575758,132.0,122.0,13.249,0.028,0.0,0.0,0.0,310.862524986267,6851,947,0,0,26
1071,59,7.57575757575758,132.0,122.0,13.249,0.028,0.0,0.0,0.0,310.863886833191,6851,947,0,0,26
1072,59,7.42351515151518,134.70707334596,122.0,13.249,0.028,0.0,0.0,0.0,310.865248680115,6851,947,0,0,26
1073,59,7.57575757575758,132.0,122.0,13.249,0.028,0.0,0.0,0.0,310.906352043152,6901,949,0,0,42
1074,59,7.57575757575758,132.0,122.0,13.249,0.028,0.0,0.0,0.0,310.90548992157,6898,949,0,0,41
1075,59,7.57575757575758,132.0,122.0,13.249,0.028,0.0,0.0,0.0,310.904929161072,6894,949,0,0,39
1076,59,7.57575757575758,132.0,122.0,13.249,0.028,0.0,0.0,0.0,310.882586479187,6880,946,0,0,39
1077,59,7.57575757575758,132.0,122.0,13.249,0.028,0.0,0.0,0.0,310.875987052917,6879,946,0,0,37
1078,59,7.57575757575758,132.0,122.0,13.249,0.028,0.0,0.0,0.0,310.802798271179,6848,938,0,0,36
1079,59,7.57575757575758,132.0,122.0,13.249,0.028,0.0,0.0,0.0,310.784979820251,6834,936,0,0,33
1080,59,7.57575757575758,132.0,122.0,13.249,0.028,0.0,0.0,0.0,310.784583091736,6831,936,0,0,33
1081,60,7.57575757575758,132.0,122.0,13.249,0.028,0.0,0.0,0.0,310.764777183533,6813,934,0,0,30
1082,60,7.57575757575758,132.0,122.0,13.249,0.028,0.0,0.0,0.0,310.764163017273,6810,934,0,0,28
1083,60,7.57575757575758,132.0,122.0,13.249,0.028,0.0,0.0,0.0,311.087504386902,7021,986,0,0,64
1084,60,7.57575757575758,132.0,122.0,13.249,0.028,0.0,0.0,0.0,311.073760032654,7012,984,0,0,64
1085,60,7.57575757575758,132.0,122.0,13.249,0.028,0.0,0.0,0.0,311.075121879578,7012,984,0,0,64
1086,60,7.57575757575758,132.0,122.0,13.249,0.028,0.0,0.0,0.0,311.076483726501,7012,984,0,0,64
1087,60,7.57575757575758,132.0,122.0,13.249,0.028,0.0,0.0,0.0,311.077998161316,7012,984,0,0,64
1088,60,7.57575757575758,132.0,122.0,13.249,0.028,0.0,0.0,0.0,311.08579158783,7018,985,0,0,65
1089,60,7.57575757575758,132.0,122.0,13.249,0.028,0.0,0.0,0.0,311.087153434753,7018,985,0,0,65
1090,60,7.57575757575758,132.0,122.0,13.249,0.028,0.0,0.0,0.0,311.075316429138,7012,984,0,0,65
1091,60,7.57575757575758,132.0,122.0,13.249,0.028,0.0,0.0,0.0,311.066279411316,7003,982,0,0,63
1092,60,7.57575757575758,132.0,122.0,13.249,0.028,0.0,0.0,0.0,311.065192222595,6999,982,0,0,61
1093,60,7.06484848484848,141.545852277602,122.0,13.249,0.028,0.0,0.0,0.0,311.062212944031,6997,981,0,0,60
1094,60,7.493,133.457894034432,122.0,13.249,0.028,0.0,0.0,0.0,311.0453748703,6986,979,0,0,59
1095,61,8.33333333333333,120.0,122.0,13.249,0.028,0.0,0.0,0.0,315.452055931091,7034,987,0,0,66
1096,61,8.33333333333333,120.0,122.0,13.249,0.028,0.0,0.0,0.0,315.446105003357,7030,986,0,0,66
1097,61,8.33333333333333,120.0,122.0,13.249,0.028,0.0,0.0,0.0,315.447466850281,7030,986,0,0,66
1098,61,8.33333333333333,120.0,122.0,13.249,0.028,0.0,0.0,0.0,315.448828697205,7030,986,0,0,66
1099,61,8.33333333333333,120.0,122.0,13.249,0.028,0.0,0.0,0.0,315.447058677673,7029,985,0,0,66
1100,61,8.33333333333333,120.0,122.0,13.249,0.028,0.0,0.0,0.0,315.446223258972,7025,985,0,0,65
1101,61,8.33333333333333,120.0,122.0,13.249,0.028,0.0,0.0,0.0,315.453593254089,7031,986,0,0,66
1102,61,7.57575757575758,132.0,122.0,13.249,0.028,0.0,0.0,0.0,315.454955101013,7031,986,0,0,66
1103,61,7.57575757575758,132.0,122.0,13.249,0.028,0.0,0.0,0.0,315.454340934753,7028,986,0,0,64
1104,61,7.57575757575758,132.0,122.0,13.249,0.028,0.0,0.0,0.0,315.44670009613,7015,986,0,0,53
1105,61,7.57575757575758,132.0,122.0,13.249,0.028,0.0,0.0,0.0,315.449084281921,7016,986,0,0,55
1106,61,7.57575757575758,132.0,122.0,13.249,0.028,0.0,0.0,0.0,315.435046195984,6995,985,0,0,45
1107,62,8.33333333333333,120.0,122.0,13.249,0.028,0.0,0.0,0.0,315.579649925232,7087,1002,0,0,59
1108,62,8.12121212121212,123.134328358209,122.0,13.249,0.028,0.0,0.0,0.0,315.578600883484,7083,1002,0,0,57
1109,62,7.763,128.816179312122,122.0,13.249,0.028,0.0,0.0,0.0,315.574927330017,7081,1002,0,0,54
1110,62,7.57575757575758,132.0,122.0,13.249,0.028,0.0,0.0,0.0,315.60343837738,7093,1005,0,0,54
1111,62,7.57575757575758,132.0,122.0,13.249,0.028,0.0,0.0,0.0,315.588419914246,7083,1003,0,0,53
1112,62,7.57575757575758,132.0,122.0,13.249,0.028,0.0,0.0,0.0,315.586512565613,7082,1002,0,0,53
1113,62,7.4367272727273,134.467752188157,122.0,13.249,0.028,0.0,0.0,0.0,315.591540336609,7084,1003,0,0,53
1114,62,7.57575757575758,132.0,122.0,13.249,0.028,0.0,0.0,0.0,315.591689109802,7082,1003,0,0,52
1115,62,7.57575757575758,132.0,122.0,13.249,0.028,0.0,0.0,0.0,315.634257316589,7113,1009,0,0,58
1116,62,8.33333333333333,120.0,122.0,13.249,0.028,0.0,0.0,0.0,315.631133079529,7105,1009,0,0,54
1117,62,8.33333333333333,120.0,122.0,13.249,0.028,0.0,0.0,0.0,315.648684501648,7114,1011,0,0,55
1118,62,7.81981818181816,127.880211118603,122.0,13.249,0.028,0.0,0.0,0.0,315.664828300476,7130,1013,0,0,57
1119,62,7.57575757575758,132.0,122.0,13.249,0.028,0.0,0.0,0.0,315.638411521912,7117,1007,0,0,56
1120,63,8.33333333333333,120.0,130.0,22.201,0.034,0.0,0.0,0.0,315.551203727722,7076,988,0,0,59
1121,63,8.33333333333333,120.0,130.0,22.201,0.034,0.0,0.0,0.0,315.554236412048,7079,988,0,0,60
1122,63,8.33333333333333,120.0,130.0,22.201,0.034,0.0,0.0,0.0,315.549849510193,7089,987,0,0,63
1123,63,7.70624242424243,129.764928865225,130.0,22.201,0.034,0.0,0.0,0.0,315.547156333923,7092,985,0,0,65
1124,63,7.57575757575758,132.0,130.0,22.201,0.034,0.0,0.0,0.0,315.536509513855,7082,983,0,0,62
1125,63,7.63724242424242,130.937312769562,130.0,22.201,0.034,0.0,0.0,0.0,315.533919334412,7075,983,0,0,60
1126,63,7.7,129.87012987013,130.0,22.201,0.034,0.0,0.0,0.0,315.533244132996,7075,983,0,0,60
1127,63,7.57575757575758,132.0,130.0,22.201,0.034,0.0,0.0,0.0,315.534605979919,7075,983,0,0,60
1128,63,7.57575757575758,132.0,130.0,22.201,0.034,0.0,0.0,0.0,315.550650596619,7115,980,0,0,76
1129,63,7.57575757575758,132.0,130.0,22.201,0.034,0.0,0.0,0.0,315.537077903748,7098,980,0,0,70
1130,63,7.57575757575758,132.0,130.0,22.201,0.034,0.0,0.0,0.0,315.528845787048,7096,978,0,0,72
1131,63,7.57575757575758,132.0,130.0,22.201,0.034,0.0,0.0,0.0,315.530207633972,7096,978,0,0,72
1132,63,7.57575757575758,132.0,130.0,22.201,0.034,0.0,0.0,0.0,315.531569480896,7096,978,0,0,72
1133,64,8.33333333333333,120.0,130.0,22.201,0.034,0.0,0.0,0.0,315.547965049744,7119,969,0,0,81
1134,64,8.33333333333333,120.0,130.0,22.201,0.034,0.0,0.0,0.0,315.5522108078,7124,969,0,0,83
1135,64,8.33333333333333,120.0,130.0,22.201,0.034,0.0,0.0,0.0,315.552321434021,7126,969,0,0,83
1136,64,8.33333333333333,120.0,130.0,22.201,0.034,0.0,0.0,0.0,315.553683280945,7126,969,0,0,83
1137,64,8.33333333333333,120.0,130.0,22.201,0.034,0.0,0.0,0.0,315.541949272156,7110,968,0,0,83
1138,64,8.33333333333333,120.0,130.0,22.201,0.034,0.0,0.0,0.0,315.542349815369,7108,968,0,0,82
1139,64,8.33333333333333,120.0,130.0,22.201,0.034,0.0,0.0,0.0,315.543711662292,7108,968,0,0,82
1140,64,8.18312121212122,122.202760301137,130.0,22.201,0.034,0.0,0.0,0.0,315.534529685974,7108,968,0,0,82
1141,64,8.33333333333333,120.0,130.0,22.201,0.034,0.0,0.0,0.0,315.542078971863,7109,968,0,0,81
1142,64,8.33333333333333,120.0,130.0,22.201,0.034,0.0,0.0,0.0,315.529166221619,7103,966,0,0,82
1143,64,8.33333333333333,120.0,130.0,22.201,0.034,0.0,0.0,0.0,315.530528068542,7103,966,0,0,82
1144,64,8.33333333333333,120.0,130.0,22.201,0.034,0.0,0.0,0.0,315.503214836121,7086,963,0,0,79
1145,65,8.33333333333333,120.0,130.0,22.201,0.034,0.0,0.0,0.0,315.605246543884,7141,973,0,0,90
1146,65,8.33333333333333,120.0,130.0,22.201,0.034,0.0,0.0,0.0,315.589789390564,7130,971,0,0,89
1147,65,8.33333333333333,120.0,130.0,22.201,0.034,0.0,0.0,0.0,315.595931053162,7142,975,0,0,91
1148,65,8.33333333333333,120.0,130.0,22.201,0.034,0.0,0.0,0.0,315.597292900085,7142,975,0,0,91
1149,65,8.33333333333333,120.0,130.0,22.201,0.034,0.0,0.0,0.0,315.582724571228,7133,973,0,0,91
1150,65,8.33333333333333,120.0,130.0,22.201,0.034,0.0,0.0,0.0,315.584086418152,7133,973,0,0,91
1151,65,8.33333333333333,120.0,130.0,22.201,0.034,0.0,0.0,0.0,315.584811210632,7132,973,0,0,91
1152,65,8.33333333333333,120.0,130.0,22.201,0.034,0.0,0.0,0.0,315.592604637146,7138,974,0,0,92
1153,65,8.33333333333333,120.0,130.0,22.201,0.034,0.0,0.0,0.0,315.587038993835,7126,974,0,0,86
1154,65,8.33333333333333,120.0,130.0,22.201,0.034,0.0,0.0,0.0,315.581969261169,7132,974,0,0,88
1155,65,8.33333333333333,120.0,130.0,22.201,0.034,0.0,0.0,0.0,315.567385673523,7123,972,0,0,88
1156,65,8.33333333333333,120.0,130.0,22.201,0.034,0.0,0.0,0.0,315.561522483826,7120,970,0,0,87
1157,66,8.33333333333333,120.0,130.0,22.201,0.034,0.0,0.0,0.0,315.616839408875,7142,974,0,0,88
1158,66,8.33333333333333,120.0,130.0,22.201,0.034,0.0,0.0,0.0,315.611445426941,7135,974,0,0,86
1159,66,8.33333333333333,120.0,130.0,22.201,0.034,0.0,0.0,0.0,315.569849967957,7092,971,0,0,66
1160,66,8.33333333333333,120.0,130.0,22.201,0.034,0.0,0.0,0.0,315.57121181488,7092,971,0,0,66
1161,66,8.33333333333333,120.0,130.0,22.201,0.034,0.0,0.0,0.0,315.348937988281,7041,943,0,0,54
1162,66,8.33333333333333,120.0,130.0,22.201,0.034,0.0,0.0,0.0,315.187297821045,6946,923,0,0,53
1163,66,8.33333333333333,120.0,130.0,22.201,0.034,0.0,0.0,0.0,315.172466278076,6937,921,0,0,53
1164,66,8.27433333333334,120.855658059058,130.0,22.201,0.034,0.0,0.0,0.0,315.174354553223,6946,921,0,0,55
1165,66,7.759,128.882587962366,130.0,22.201,0.034,0.0,0.0,0.0,315.169536590576,6939,921,0,0,52
1166,66,8.041,124.362641462505,130.0,22.201,0.034,0.0,0.0,0.0,315.123126983643,6913,906,0,0,56
1167,66,7.941,125.928724342022,130.0,22.201,0.034,0.0,0.0,0.0,315.115272521973,6897,906,0,0,50
1168,66,7.665,130.463144161774,130.0,22.201,0.034,0.0,0.0,0.0,315.114360809326,6893,906,0,0,49
1169,67,7.713,129.651238169325,130.0,22.201,0.034,0.0,0.0,0.0,315.115661621094,6893,906,0,0,49
1170,67,8.33333333333333,120.0,130.0,22.201,0.034,0.0,0.0,0.0,315.098476409912,6905,905,0,0,53
1171,67,8.33333333333333,120.0,130.0,22.201,0.034,0.0,0.0,0.0,315.140079498291,6930,915,0,0,55
1172,67,8.33333333333333,120.0,130.0,22.201,0.034,0.0,0.0,0.0,312.379202842712,6863,884,0,0,53
1173,67,8.33333333333333,120.0,130.0,22.201,0.034,0.0,0.0,0.0,312.376452445984,6856,884,0,0,51
1174,67,7.75466666666667,128.954607977992,130.0,22.201,0.034,0.0,0.0,0.0,312.369528770447,6841,884,0,0,46
1175,67,8.182,122.219506233195,130.0,22.201,0.034,0.0,0.0,0.0,312.36332988739,6839,882,0,0,46
1176,67,8.33333333333333,120.0,130.0,22.201,0.034,0.0,0.0,0.0,312.368746757507,6842,883,0,0,45
1177,67,8.33333333333333,120.0,130.0,22.201,0.034,0.0,0.0,0.0,312.362944602966,6833,882,0,0,42
1178,67,8.33333333333333,120.0,130.0,22.201,0.034,0.0,0.0,0.0,312.37451839447,6840,883,0,0,46
1179,67,8.33333333333333,120.0,130.0,22.201,0.034,0.0,0.0,0.0,312.375880241394,6840,883,0,0,46
1180,67,8.33333333333333,120.0,130.0,22.201,0.034,0.0,0.0,0.0,312.367415428162,6832,881,0,0,44
1181,68,8.33333333333333,120.0,130.0,22.201,0.034,0.0,0.0,0.0,312.384108543396,6846,884,0,0,45
1182,68,8.33333333333333,120.0,130.0,22.201,0.034,0.0,0.0,0.0,312.346018791199,6834,875,0,0,46
1183,68,8.33333333333333,120.0,130.0,22.201,0.034,0.0,0.0,0.0,312.34303188324,6827,875,0,0,44
1184,68,8.33333333333333,120.0,130.0,22.201,0.034,0.0,0.0,0.0,312.330195426941,6821,875,0,0,41
1185,68,7.662,130.51422605064,130.0,22.201,0.034,0.0,0.0,0.0,312.33082485199,6820,875,0,0,40
1186,68,8.33333333333333,120.0,130.0,22.201,0.034,0.0,0.0,0.0,312.413058280945,6894,882,0,0,55
1187,68,8.33333333333333,120.0,130.0,22.201,0.034,0.0,0.0,0.0,312.410708427429,6889,882,0,0,53
1188,68,8.33333333333333,120.0,130.0,22.201,0.034,0.0,0.0,0.0,312.408610343933,6884,882,0,0,52
1189,68,7.961,125.612360256249,130.0,22.201,0.034,0.0,0.0,0.0,312.404921531677,6879,881,0,0,51
1190,68,7.57575757575758,132.0,130.0,22.201,0.034,0.0,0.0,0.0,312.402331352234,6872,881,0,0,49
1191,68,7.00057575757577,142.845393668919,130.0,22.201,0.034,0.0,0.0,0.0,312.403693199158,6872,881,0,0,49
1192,68,7.92766666666666,126.140520539882,130.0,22.201,0.034,0.0,0.0,0.0,312.395056724548,6869,878,0,0,49
1193,68,7.831,127.697612054655,130.0,22.201,0.034,0.0,0.0,0.0,312.38863658905,6855,878,0,0,45
1194,69,8.33333333333333,120.0,130.0,22.201,0.034,0.0,0.0,0.0,312.40373134613,6874,872,0,0,50
1195,69,8.33333333333333,120.0,130.0,22.201,0.034,0.0,0.0,0.0,312.402361869812,6873,871,0,0,50
1196,69,8.33333333333333,120.0,130.0,22.201,0.034,0.0,0.0,0.0,312.401450157166,6869,871,0,0,49
1197,69,8.33333333333333,120.0,130.0,22.201,0.034,0.0,0.0,0.0,312.399188041687,6864,871,0,0,44
1198,69,8.33333333333333,120.0,130.0,22.201,0.034,0.0,0.0,0.0,312.394736289978,6859,871,0,0,43
1199,69,8.33333333333333,120.0,130.0,22.201,0.034,0.0,0.0,0.0,312.395976066589,6859,871,0,0,43
1200,69,8.33333333333333,120.0,130.0,22.201,0.034,0.0,0.0,0.0,312.378405570984,6855,869,0,0,44
1201,69,8.33333333333333,120.0,130.0,22.201,0.034,0.0,0.0,0.0,312.376990318298,6854,868,0,0,44
1202,69,8.33333333333333,120.0,130.0,22.201,0.034,0.0,0.0,0.0,312.360690116882,6838,867,0,0,44
1203,69,8.33333333333333,120.0,130.0,22.201,0.034,0.0,0.0,0.0,312.362051963806,6838,867,0,0,44
1204,69,8.33333333333333,120.0,130.0,22.201,0.034,0.0,0.0,0.0,312.345339775085,6834,865,0,0,46
1205,69,8.33333333333333,120.0,130.0,22.201,0.034,0.0,0.0,0.0,312.36487865448,6852,868,0,0,48
1206,70,8.33333333333333,120.0,130.0,22.201,0.034,0.0,0.0,0.0,312.387877464294,6863,865,0,0,51
1207,70,8.33333333333333,120.0,130.0,22.201,0.034,0.0,0.0,0.0,312.384119987488,6859,864,0,0,50
1208,70,8.33333333333333,120.0,130.0,22.201,0.034,0.0,0.0,0.0,312.38258266449,6856,864,0,0,49
1209,70,8.33333333333333,120.0,130.0,22.201,0.034,0.0,0.0,0.0,312.383944511414,6856,864,0,0,49
1210,70,8.33333333333333,120.0,130.0,22.201,0.034,0.0,0.0,0.0,312.385306358337,6856,864,0,0,49
1211,70,8.33333333333333,120.0,130.0,22.201,0.034,0.0,0.0,0.0,312.386668205261,6856,864,0,0,49
1212,70,8.33333333333333,120.0,130.0,22.201,0.034,0.0,0.0,0.0,312.390990257263,6861,864,0,0,51
1213,70,8.33333333333333,120.0,130.0,22.201,0.034,0.0,0.0,0.0,312.38863658905,6860,863,0,0,51
1214,70,8.33333333333333,120.0,130.0,22.201,0.034,0.0,0.0,0.0,312.386633872986,6854,863,0,0,49
1215,70,8.33333333333333,120.0,130.0,22.201,0.034,0.0,0.0,0.0,312.400103569031,6856,865,0,0,47
1216,70,8.33333333333333,120.0,130.0,22.201,0.034,0.0,0.0,0.0,312.390044212341,6851,862,0,0,46
1217,70,8.33333333333333,120.0,130.0,22.201,0.034,0.0,0.0,0.0,312.375544548035,6832,861,0,0,43
1218,71,27.336,36.5817968978636,130.0,22.201,0.034,0.0,0.0,0.0,316.169547080994,6858,867,0,0,45
1219,71,16.6666666666667,60.0,130.0,22.201,0.034,0.0,0.0,0.0,316.544137001038,7098,920,0,0,84
1220,71,10.6506666666667,93.8908362543816,130.0,22.201,0.034,0.0,0.0,0.0,316.542553901672,7095,920,0,0,83
1221,71,8.21,121.802679658953,130.0,22.201,0.034,0.0,0.0,0.0,316.543915748596,7095,920,0,0,83
1222,71,8.366,119.53143676787,130.0,22.201,0.034,0.0,0.0,0.0,316.529976844788,7075,919,0,0,81
1223,71,8.577,116.590882592981,130.0,22.201,0.034,0.0,0.0,0.0,316.52184009552,7069,918,0,0,79
1224,71,7.921,126.246686024492,130.0,22.201,0.034,0.0,0.0,0.0,316.519082069397,7067,917,0,0,79
1225,71,7.986,125.219133483596,130.0,22.201,0.034,0.0,0.0,0.0,316.518765449524,7064,917,0,0,78
1226,72,9.52380952380952,105.0,130.0,22.201,0.034,0.0,0.0,0.0,316.558392524719,7076,918,0,0,88
1227,72,8.39919047619048,119.059092996491,130.0,22.201,0.034,0.0,0.0,0.0,316.562638282776,7081,918,0,0,90
1228,72,8.043,124.331717021012,130.0,22.201,0.034,0.0,0.0,0.0,316.557713508606,7074,918,0,0,87
1229,72,8.085,123.685837971552,130.0,22.201,0.034,0.0,0.0,0.0,313.954074859619,7023,888,0,0,88
1230,72,7.968,125.502008032129,130.0,22.201,0.034,0.0,0.0,0.0,313.981662750244,7033,891,0,0,89
1231,72,7.756,128.932439401753,130.0,22.201,0.034,0.0,0.0,0.0,313.983024597168,7033,891,0,0,89
1232,72,7.953,125.738714950333,130.0,22.201,0.034,0.0,0.0,0.0,313.980205535889,7031,891,0,0,89
1233,72,7.481,133.671968988103,130.0,22.201,0.034,0.0,0.0,0.0,313.981567382813,7031,891,0,0,89
1234,72,7.341,136.221223266585,130.0,22.201,0.034,0.0,0.0,0.0,313.975517272949,7023,890,0,0,85
1235,72,8.33333333333333,120.0,130.0,22.201,0.034,0.0,0.0,0.0,314.014308929443,7054,896,0,0,91
1236,72,8.33333333333333,120.0,130.0,22.201,0.034,0.0,0.0,0.0,314.037574768066,7063,899,0,0,87
1237,72,8.33333333333333,120.0,130.0,22.201,0.034,0.0,0.0,0.0,314.025192260742,7048,899,0,0,79
1238,72,8.33333333333333,120.0,130.0,22.201,0.034,0.0,0.0,0.0,314.025821685791,7047,899,0,0,78
1239,73,8.33333333333333,120.0,119.0,22.075,0.028,0.0,0.0,0.0,314.011226654053,7041,887,0,0,81
1240,73,8.33333333333333,120.0,119.0,22.075,0.028,0.0,0.0,0.0,314.007568359375,7048,886,0,0,81
1241,73,8.33333333333333,120.0,119.0,22.075,0.028,0.0,0.0,0.0,314.006446838379,7049,887,0,0,79
1242,73,8.33333333333333,120.0,119.0,22.075,0.028,0.0,0.0,0.0,314.006595611572,7047,887,0,0,78
1243,73,8.33333333333333,120.0,119.0,22.075,0.028,0.0,0.0,0.0,313.992073059082,7038,885,0,0,78
1244,73,8.33333333333333,120.0,119.0,22.075,0.028,0.0,0.0,0.0,313.98649597168,7036,883,0,0,78
1245,73,8.33333333333333,120.0,119.0,22.075,0.028,0.0,0.0,0.0,313.981281280518,7025,883,0,0,73
1246,73,8.33333333333333,120.0,119.0,22.075,0.028,0.0,0.0,0.0,313.970432281494,7014,881,0,0,68
1247,73,8.33333333333333,120.0,119.0,22.075,0.028,0.0,0.0,0.0,313.971073150635,7009,882,0,0,64
1248,73,8.33333333333333,120.0,119.0,22.075,0.028,0.0,0.0,0.0,313.938625335693,6988,878,0,0,63
1249,73,7.80733333333334,128.084706686022,119.0,22.075,0.028,0.0,0.0,0.0,313.937713623047,6984,878,0,0,62
1250,73,7.57575757575758,132.0,119.0,22.075,0.028,0.0,0.0,0.0,313.938343048096,6983,878,0,0,61
1251,74,7.57575757575758,132.0,119.0,22.075,0.028,0.0,0.0,0.0,313.921977996826,6968,876,0,0,56
1252,74,7.57575757575758,132.0,119.0,22.075,0.028,0.0,0.0,0.0,313.899131774902,6958,873,0,0,56
1253,74,7.57575757575758,132.0,119.0,22.075,0.028,0.0,0.0,0.0,314.816228866577,6931,859,0,0,56
1254,74,7.57575757575758,132.0,119.0,22.075,0.028,0.0,0.0,0.0,314.786600112915,6895,857,0,0,47
1255,74,7.57575757575758,132.0,119.0,22.075,0.028,0.0,0.0,0.0,314.787961959839,6895,857,0,0,47
1256,74,7.57575757575758,132.0,119.0,22.075,0.028,0.0,0.0,0.0,314.794687271118,6898,858,0,0,48
1257,74,7.57575757575758,132.0,119.0,22.075,0.028,0.0,0.0,0.0,314.795774459839,6898,858,0,0,48
1258,74,7.57575757575758,132.0,119.0,22.075,0.028,0.0,0.0,0.0,314.796072006226,6901,857,0,0,49
1259,74,7.57575757575758,132.0,119.0,22.075,0.028,0.0,0.0,0.0,314.788827896118,6899,858,0,0,46
1260,74,7.57575757575758,132.0,119.0,22.075,0.028,0.0,0.0,0.0,314.793073654175,6904,858,0,0,48
1261,74,7.57575757575758,132.0,119.0,22.075,0.028,0.0,0.0,0.0,314.817506790161,6944,858,0,0,64
1262,74,7.57575757575758,132.0,119.0,22.075,0.028,0.0,0.0,0.0,315.831968307495,6954,859,0,0,65
1263,74,8.33333333333333,120.0,119.0,22.075,0.028,0.0,0.0,0.0,315.832368850708,6952,859,0,0,64
1264,75,8.33333333333333,120.0,119.0,22.075,0.028,0.0,0.0,0.0,315.915552139282,7004,866,0,0,73
1265,75,8.33333333333333,120.0,119.0,22.075,0.028,0.0,0.0,0.0,315.881376266479,6987,859,0,0,72
1266,75,8.33333333333333,120.0,119.0,22.075,0.028,0.0,0.0,0.0,315.885622024536,6992,859,0,0,74
1267,75,8.33333333333333,120.0,119.0,22.075,0.028,0.0,0.0,0.0,315.916109085083,7007,862,0,0,76
1268,75,8.33333333333333,120.0,119.0,22.075,0.028,0.0,0.0,0.0,315.910711288452,6995,862,0,0,72
1269,75,8.24881818181819,121.229487419685,119.0,22.075,0.028,0.0,0.0,0.0,315.887739181519,6985,859,0,0,72
1270,75,7.791,128.353228083686,119.0,22.075,0.028,0.0,0.0,0.0,315.885385513306,6984,858,0,0,72
1271,75,8.166,122.458976242959,119.0,22.075,0.028,0.0,0.0,0.0,315.82004737854,6935,852,0,0,69
1272,75,7.879,126.919659855312,119.0,22.075,0.028,0.0,0.0,0.0,315.86025428772,6962,858,0,0,71
1273,75,8.12,123.152709359606,119.0,22.075,0.028,0.0,0.0,0.0,315.857381820679,6963,858,0,0,71
1274,75,7.86,127.226463104326,119.0,22.075,0.028,0.0,0.0,0.0,315.798639297485,6937,849,0,0,71
1275,75,8.33333333333333,120.0,119.0,22.075,0.028,0.0,0.0,0.0,315.776411056519,6913,849,0,0,64
1276,76,8.33333333333333,120.0,119.0,22.075,0.028,0.0,0.0,0.0,316.007158279419,7078,876,0,0,90
1277,76,8.33333333333333,120.0,119.0,22.075,0.028,0.0,0.0,0.0,316.002607345581,7077,876,0,0,89
1278,76,8.33333333333333,120.0,119.0,22.075,0.028,0.0,0.0,0.0,316.002717971802,7079,876,0,0,89
1279,76,8.33333333333333,120.0,119.0,22.075,0.028,0.0,0.0,0.0,315.986211776733,7066,874,0,0,88
1280,76,8.33333333333333,120.0,119.0,22.075,0.028,0.0,0.0,0.0,313.175129890442,7031,844,0,0,92
1281,76,8.33333333333333,120.0,119.0,22.075,0.028,0.0,0.0,0.0,313.15656375885,7002,843,0,0,82
1282,76,8.33333333333333,120.0,119.0,22.075,0.028,0.0,0.0,0.0,313.153389930725,6989,843,0,0,82
1283,76,8.33333333333333,120.0,119.0,22.075,0.028,0.0,0.0,0.0,313.128121376038,6980,841,0,0,82
1284,76,8.33333333333333,120.0,119.0,22.075,0.028,0.0,0.0,0.0,313.133458137512,6972,841,0,0,78
1285,76,8.33333333333333,120.0,119.0,22.075,0.028,0.0,0.0,0.0,313.163998603821,6993,846,0,0,81
1286,76,8.33333333333333,120.0,119.0,22.075,0.028,0.0,0.0,0.0,313.153893470764,6982,845,0,0,79
1287,76,8.33333333333333,120.0,119.0,22.075,0.028,0.0,0.0,0.0,313.13533115387,6962,843,0,0,74
1288,77,8.33333333333333,120.0,119.0,22.075,0.028,0.0,0.0,0.0,313.127469062805,6960,842,0,0,74
1289,77,8.33333333333333,120.0,119.0,22.075,0.028,0.0,0.0,0.0,313.103051185608,6943,839,0,0,73
1290,77,8.33333333333333,120.0,119.0,22.075,0.028,0.0,0.0,0.0,314.634152412415,6957,842,0,0,73
1291,77,8.33333333333333,120.0,119.0,22.075,0.028,0.0,0.0,0.0,314.646767616272,6965,843,0,0,74
1292,77,8.33333333333333,120.0,119.0,22.075,0.028,0.0,0.0,0.0,314.724961280823,7013,852,0,0,66
1293,77,8.33333333333333,120.0,119.0,22.075,0.028,0.0,0.0,0.0,314.724099159241,7010,852,0,0,65
1294,77,8.33333333333333,120.0,119.0,22.075,0.028,0.0,0.0,0.0,314.715798377991,7004,850,0,0,64
1295,77,8.33333333333333,120.0,119.0,22.075,0.028,0.0,0.0,0.0,314.580784797668,6923,833,0,0,61
1296,77,8.33333333333333,120.0,119.0,22.075,0.028,0.0,0.0,0.0,314.576104164124,6912,833,0,0,56
1297,77,8.33333333333333,120.0,119.0,22.075,0.028,0.0,0.0,0.0,314.574444770813,6915,833,0,0,57
1298,77,8.33333333333333,120.0,119.0,22.075,0.028,0.0,0.0,0.0,314.940163612366,6922,833,0,0,58
1299,77,8.33333333333333,120.0,119.0,22.075,0.028,0.0,0.0,0.0,314.8725938797,6872,817,0,0,54
1300,78,8.33333333333333,120.0,119.0,22.075,0.028,0.0,0.0,0.0,314.911477088928,6896,820,0,0,58
1301,78,8.33333333333333,120.0,119.0,22.075,0.028,0.0,0.0,0.0,314.896401405334,6890,818,0,0,58
1302,78,8.33333333333333,120.0,119.0,22.075,0.028,0.0,0.0,0.0,314.897763252258,6890,818,0,0,58
1303,78,8.33333333333333,120.0,119.0,22.075,0.028,0.0,0.0,0.0,314.844124794006,6859,812,0,0,56
1304,78,8.33333333333333,120.0,119.0,22.075,0.028,0.0,0.0,0.0,314.873879432678,6873,815,0,0,57
1305,78,8.33333333333333,120.0,119.0,22.075,0.028,0.0,0.0,0.0,314.866703987122,6863,815,0,0,55
1306,78,8.33333333333333,120.0,119.0,22.075,0.028,0.0,0.0,0.0,314.866707801819,6862,815,0,0,55
1307,78,8.33333333333333,120.0,119.0,22.075,0.028,0.0,0.0,0.0,314.879284858704,6870,816,0,0,56
1308,78,8.33333333333333,120.0,119.0,22.075,0.028,0.0,0.0,0.0,314.869820594788,6863,815,0,0,54
1309,78,8.33333333333333,120.0,119.0,22.075,0.028,0.0,0.0,0.0,314.901955604553,6892,821,0,0,59
1310,78,8.33333333333333,120.0,119.0,22.075,0.028,0.0,0.0,0.0,314.896656990051,6880,821,0,0,54
1311,78,8.33333333333333,120.0,119.0,22.075,0.028,0.0,0.0,0.0,314.898171424866,6880,821,0,0,54
1312,79,8.33333333333333,120.0,119.0,22.075,0.028,0.0,0.0,0.0,314.911351203918,6883,821,0,0,55
1313,79,8.33333333333333,120.0,119.0,22.075,0.028,0.0,0.0,0.0,314.906792640686,6881,821,0,0,55
1314,79,8.33333333333333,120.0,119.0,22.075,0.028,0.0,0.0,0.0,314.893933296204,6867,820,0,0,53
1315,79,8.33333333333333,120.0,119.0,22.075,0.028,0.0,0.0,0.0,314.889542579651,6857,820,0,0,51
1316,79,8.33333333333333,120.0,119.0,22.075,0.028,0.0,0.0,0.0,314.847783088684,6835,815,0,0,50
1317,79,8.33333333333333,120.0,119.0,22.075,0.028,0.0,0.0,0.0,314.84072971344,6832,814,0,0,50
1318,79,8.33333333333333,120.0,119.0,22.075,0.028,0.0,0.0,0.0,314.842164039612,6830,813,0,0,48
1319,79,8.33333333333333,120.0,119.0,22.075,0.028,0.0,0.0,0.0,314.838925361633,6822,813,0,0,45
1320,79,7.89500000000001,126.66244458518,119.0,22.075,0.028,0.0,0.0,0.0,314.829316139221,6808,812,0,0,41
1321,79,8.084,123.70113805047,119.0,22.075,0.028,0.0,0.0,0.0,314.750771522522,6774,804,0,0,40
1322,79,7.57575757575758,132.0,119.0,22.075,0.028,0.0,0.0,0.0,314.752133369446,6774,804,0,0,40
1323,79,8.32124242424243,120.174362074428,119.0,22.075,0.028,0.0,0.0,0.0,314.749344825745,6767,804,0,0,39
1324,80,7.831,127.697612054655,119.0,22.075,0.028,0.0,0.0,0.0,314.750706672668,6767,804,0,0,39
1325,80,8.061,124.054087582186,119.0,22.075,0.028,0.0,0.0,0.0,314.73106098175,6757,801,0,0,39
1326,80,8.181,122.234445666789,119.0,22.075,0.028,0.0,0.0,0.0,314.779061317444,6786,811,0,0,42
1327,80,7.633,131.010087776759,119.0,22.075,0.028,0.0,0.0,0.0,314.761258125305,6771,811,0,0,39
1328,80,7.57575757575758,132.0,119.0,22.075,0.028,0.0,0.0,0.0,314.773102760315,6778,812,0,0,39
1329,80,7.57575757575758,132.0,119.0,22.075,0.028,0.0,0.0,0.0,314.790390968323,6785,814,0,0,40
1330,80,7.68748484848485,130.081557194496,119.0,22.075,0.028,0.0,0.0,0.0,313.265885353088,6779,812,0,0,40
1331,80,8.2,121.951219512195,119.0,22.075,0.028,0.0,0.0,0.0,313.273678779602,6785,813,0,0,41
1332,80,7.668,130.412102243088,119.0,22.075,0.028,0.0,0.0,0.0,313.273949623108,6783,813,0,0,40
1333,80,8.022,124.65719272002,119.0,22.075,0.028,0.0,0.0,0.0,313.281109809875,6790,814,0,0,43
1334,80,7.834,127.648710748021,119.0,22.075,0.028,0.0,0.0,0.0,312.269097328186,6781,812,0,0,42
1335,80,7.939,125.960448419196,119.0,22.075,0.028,0.0,0.0,0.0,312.261929512024,6778,811,0,0,42
1336,80,8.032,124.501992031873,119.0,22.075,0.028,0.0,0.0,0.0,312.239640235901,6758,808,0,0,39
1337,81,8.33333333333333,120.0,119.0,22.075,0.028,0.0,0.0,0.0,312.243088722229,6751,807,0,0,43
1338,81,8.33333333333333,120.0,119.0,22.075,0.028,0.0,0.0,0.0,312.241093635559,6745,807,0,0,41
1339,81,8.33333333333333,120.0,119.0,22.075,0.028,0.0,0.0,0.0,312.242455482483,6745,807,0,0,41
1340,81,8.012,124.812780828757,119.0,22.075,0.028,0.0,0.0,0.0,312.243817329407,6745,807,0,0,41
1341,81,7.9,126.582278481013,119.0,22.075,0.028,0.0,0.0,0.0,312.274304389954,6760,810,0,0,43
1342,81,7.725,129.449838187702,119.0,22.075,0.028,0.0,0.0,0.0,312.275666236877,6760,810,0,0,43
1343,81,7.673,130.327121073895,119.0,22.075,0.028,0.0,0.0,0.0,312.256081581116,6754,808,0,0,44
1344,81,7.79,128.369704749679,119.0,22.075,0.028,0.0,0.0,0.0,312.246136665344,6750,806,0,0,44
1345,81,7.57575757575758,132.0,119.0,22.075,0.028,0.0,0.0,0.0,312.233452796936,6737,805,0,0,41
1346,81,7.57575757575758,132.0,119.0,22.075,0.028,0.0,0.0,0.0,312.230595588684,6730,805,0,0,38
1347,81,7.57575757575758,132.0,119.0,22.075,0.028,0.0,0.0,0.0,312.260277748108,6751,810,0,0,40
1348,81,7.57575757575758,132.0,119.0,22.075,0.028,0.0,0.0,0.0,312.225304603577,6733,806,0,0,38
1349,81,7.57575757575758,132.0,119.0,22.075,0.028,0.0,0.0,0.0,312.232159614563,6739,807,0,0,39
1350,82,8.33333333333333,120.0,119.0,22.075,0.028,0.0,0.0,0.0,312.295125007629,6774,812,0,0,46
1351,82,8.33333333333333,120.0,119.0,22.075,0.028,0.0,0.0,0.0,312.294213294983,6770,812,0,0,45
1352,82,8.33333333333333,120.0,119.0,22.075,0.028,0.0,0.0,0.0,312.458996772766,6900,834,0,0,65
1353,82,8.33333333333333,120.0,119.0,22.075,0.028,0.0,0.0,0.0,312.46035861969,6900,834,0,0,65
1354,82,7.62787878787879,131.098045447322,119.0,22.075,0.028,0.0,0.0,0.0,312.092503547668,6895,833,0,0,65
1355,82,7.838,127.58356723654,119.0,22.075,0.028,0.0,0.0,0.0,311.086731910706,6892,833,0,0,65
1356,82,7.783,128.485159964024,119.0,22.075,0.028,0.0,0.0,0.0,311.08304309845,6887,832,0,0,64
1357,82,7.947,125.833647917453,119.0,22.075,0.028,0.0,0.0,0.0,311.082222938538,6887,831,0,0,64
1358,82,8.045,124.300807955252,119.0,22.075,0.028,0.0,0.0,0.0,311.166207313538,6935,839,0,0,68
1359,82,7.66,130.548302872063,119.0,22.075,0.028,0.0,0.0,0.0,311.164212226868,6929,839,0,0,66
1360,82,8.143,122.804863072578,119.0,22.075,0.028,0.0,0.0,0.0,311.205185890198,6959,843,0,0,74
1361,82,8.33333333333333,120.0,119.0,22.075,0.028,0.0,0.0,0.0,311.216137886047,6975,844,0,0,78
1362,83,8.33333333333333,120.0,123.0,10.938,0.045,0.0,0.0,0.0,311.227299690247,6983,840,0,0,81
1363,83,8.33333333333333,120.0,123.0,10.938,0.045,0.0,0.0,0.0,311.223717689514,6977,840,0,0,77
1364,83,8.33333333333333,120.0,123.0,10.938,0.045,0.0,0.0,0.0,311.204552650452,6960,838,0,0,72
1365,83,8.33333333333333,120.0,123.0,10.938,0.045,0.0,0.0,0.0,311.204701423645,6958,838,0,0,71
1366,83,8.24633333333333,121.266017219774,123.0,10.938,0.045,0.0,0.0,0.0,311.23793888092,6982,841,0,0,77
1367,83,7.57575757575758,132.0,123.0,10.938,0.045,0.0,0.0,0.0,311.239300727844,6982,841,0,0,77
1368,83,7.57575757575758,132.0,123.0,10.938,0.045,0.0,0.0,0.0,311.192391395569,6961,822,0,0,77
1369,83,7.57575757575758,132.0,123.0,10.938,0.045,0.0,0.0,0.0,311.172776222229,6948,820,0,0,77
1370,83,7.57575757575758,132.0,123.0,10.938,0.045,0.0,0.0,0.0,311.166317939758,6938,819,0,0,73
1371,83,7.57575757575758,132.0,123.0,10.938,0.045,0.0,0.0,0.0,311.134964942932,6916,816,0,0,71
1372,83,7.57575757575758,132.0,123.0,10.938,0.045,0.0,0.0,0.0,311.144604682922,6911,818,0,0,67
1373,83,7.57575757575758,132.0,123.0,10.938,0.045,0.0,0.0,0.0,311.135758399963,6908,815,0,0,67
1374,83,7.57575757575758,132.0,123.0,10.938,0.045,0.0,0.0,0.0,311.126515388489,6893,814,0,0,63
1375,84,8.33333333333333,120.0,123.0,10.938,0.045,0.0,0.0,0.0,311.161416053772,6914,818,0,0,66
1376,84,7.96360606060607,125.571254076309,123.0,10.938,0.045,0.0,0.0,0.0,311.162922859192,6918,817,0,0,68
1377,84,7.612,131.371518654756,123.0,10.938,0.045,0.0,0.0,0.0,311.161461830139,6915,817,0,0,67
1378,84,7.57575757575758,132.0,123.0,10.938,0.045,0.0,0.0,0.0,311.156064033508,6903,817,0,0,63
1379,84,7.57575757575758,132.0,123.0,10.938,0.045,0.0,0.0,0.0,311.157425880432,6903,817,0,0,63
1380,84,7.57575757575758,132.0,123.0,10.938,0.045,0.0,0.0,0.0,311.158787727356,6903,817,0,0,63
1381,84,7.57575757575758,132.0,123.0,10.938,0.045,0.0,0.0,0.0,311.14121723175,6899,815,0,0,64
1382,84,7.57575757575758,132.0,123.0,10.938,0.045,0.0,0.0,0.0,311.141942024231,6898,815,0,0,64
1383,84,7.57575757575758,132.0,123.0,10.938,0.045,0.0,0.0,0.0,311.124890327454,6876,813,0,0,62
1384,84,7.57575757575758,132.0,123.0,10.938,0.045,0.0,0.0,0.0,311.117276191711,6877,813,0,0,62
1385,84,7.57575757575758,132.0,123.0,10.938,0.045,0.0,0.0,0.0,311.067406654358,6859,807,0,0,63
1386,84,7.57575757575758,132.0,123.0,10.938,0.045,0.0,0.0,0.0,311.020443916321,6821,803,0,0,55
1387,84,7.57575757575758,132.0,123.0,10.938,0.045,0.0,0.0,0.0,311.046368598938,6846,807,0,0,59
1388,85,7.68542424242425,130.116434494261,123.0,10.938,0.045,0.0,0.0,0.0,311.046010017395,6840,801,0,0,59
1389,85,8.33333333333333,120.0,123.0,10.938,0.045,0.0,0.0,0.0,311.044945716858,6840,800,0,0,60
1390,85,8.33333333333333,120.0,123.0,10.938,0.045,0.0,0.0,0.0,311.04340839386,6837,800,0,0,59
1391,85,8.29433333333333,120.564240646224,123.0,10.938,0.045,0.0,0.0,0.0,311.044770240784,6837,800,0,0,59
1392,85,7.803,128.155837498398,123.0,10.938,0.045,0.0,0.0,0.0,311.042256355286,6830,800,0,0,57
1393,85,7.816,127.942681678608,123.0,10.938,0.045,0.0,0.0,0.0,311.043618202209,6830,800,0,0,57
1394,85,7.723,129.483361388062,123.0,10.938,0.045,0.0,0.0,0.0,311.041710853577,6829,799,0,0,57
1395,85,8.205,121.87690432663,123.0,10.938,0.045,0.0,0.0,0.0,311.04079914093,6825,799,0,0,56
1396,85,7.954,125.722906713603,123.0,10.938,0.045,0.0,0.0,0.0,311.037117958069,6817,799,0,0,51
1397,85,8.285,120.70006035003,123.0,10.938,0.045,0.0,0.0,0.0,311.035737037659,6821,799,0,0,52
1398,85,7.633,131.010087776759,123.0,10.938,0.045,0.0,0.0,0.0,311.003903388977,6801,795,0,0,51
1399,85,7.57575757575758,132.0,123.0,10.938,0.045,0.0,0.0,0.0,310.990906715393,6791,792,0,0,48
1400,86,8.29124242424242,120.609186034187,123.0,10.938,0.045,0.0,0.0,0.0,310.995541572571,6777,790,0,0,47
1401,86,7.57575757575758,132.0,123.0,10.938,0.045,0.0,0.0,0.0,310.994629859924,6773,790,0,0,46
1402,86,7.12190909090908,140.411789484434,123.0,10.938,0.045,0.0,0.0,0.0,310.998875617981,6778,790,0,0,48
1403,86,8.33333333333333,120.0,123.0,10.938,0.045,0.0,0.0,0.0,312.014466285706,6783,793,0,0,44
1404,86,8.33333333333333,120.0,123.0,10.938,0.045,0.0,0.0,0.0,311.984013557434,6765,789,0,0,44
1405,86,8.33333333333333,120.0,123.0,10.938,0.045,0.0,0.0,0.0,312.102143287659,6862,799,0,0,62
1406,86,8.15233333333335,122.664267898761,123.0,10.938,0.045,0.0,0.0,0.0,312.101281166077,6859,799,0,0,61
1407,86,7.57575757575758,132.0,123.0,10.938,0.045,0.0,0.0,0.0,312.10191822052,6858,799,0,0,60
1408,86,7.91224242424243,126.386420736565,123.0,10.938,0.045,0.0,0.0,0.0,312.103280067444,6858,799,0,0,60
1409,86,7.893,126.694539465349,123.0,10.938,0.045,0.0,0.0,0.0,312.085186958313,6839,798,0,0,58
1410,86,7.631,131.044424059756,123.0,10.938,0.045,0.0,0.0,0.0,312.073853492737,6835,796,0,0,60
1411,86,7.57575757575758,132.0,123.0,10.938,0.045,0.0,0.0,0.0,312.075367927551,6835,796,0,0,60
1412,86,7.70024242424242,129.866041210824,123.0,10.938,0.045,0.0,0.0,0.0,313.083924293518,6836,797,0,0,55
1413,87,8.33333333333333,120.0,123.0,10.938,0.045,0.0,0.0,0.0,313.186448097229,6882,807,0,0,60
1414,87,8.33333333333333,120.0,123.0,10.938,0.045,0.0,0.0,0.0,313.185505867004,6880,807,0,0,59
1415,87,8.33333333333333,120.0,123.0,10.938,0.045,0.0,0.0,0.0,313.432900428772,7036,851,0,0,82
1416,87,8.33333333333333,120.0,123.0,10.938,0.045,0.0,0.0,0.0,313.448784828186,7042,852,0,0,84
1417,87,8.33333333333333,120.0,123.0,10.938,0.045,0.0,0.0,0.0,313.479271888733,7057,855,0,0,86
1418,87,8.33333333333333,120.0,123.0,10.938,0.045,0.0,0.0,0.0,313.479542732239,7055,855,0,0,85
1419,87,8.33333333333333,120.0,123.0,10.938,0.045,0.0,0.0,0.0,313.480904579163,7055,855,0,0,85
1420,87,8.33333333333333,120.0,123.0,10.938,0.045,0.0,0.0,0.0,313.4917345047,7061,857,0,0,84
1421,87,8.33333333333333,120.0,123.0,10.938,0.045,0.0,0.0,0.0,313.528496742249,7086,863,0,0,85
1422,87,8.33333333333333,120.0,123.0,10.938,0.045,0.0,0.0,0.0,313.558438301086,7110,868,0,0,89
1423,87,8.33333333333333,120.0,123.0,10.938,0.045,0.0,0.0,0.0,313.484467506409,7062,858,0,0,88
1424,87,8.33333333333333,120.0,123.0,10.938,0.045,0.0,0.0,0.0,313.461018562317,7045,853,0,0,85
1425,88,8.33333333333333,120.0,123.0,10.938,0.045,0.0,0.0,0.0,313.5645570755,7085,861,0,0,88
1426,88,8.33333333333333,120.0,123.0,10.938,0.045,0.0,0.0,0.0,313.568806648254,7090,862,0,0,89
1427,88,8.33333333333333,120.0,123.0,10.938,0.045,0.0,0.0,0.0,313.563897132874,7092,862,0,0,88
1428,88,8.33333333333333,120.0,123.0,10.938,0.045,0.0,0.0,0.0,313.565258979797,7092,862,0,0,88
1429,88,8.33333333333333,120.0,123.0,10.938,0.045,0.0,0.0,0.0,313.601990699768,7110,864,0,0,91
1430,88,8.33333333333333,120.0,123.0,10.938,0.045,0.0,0.0,0.0,313.606320381165,7109,864,0,0,89
1431,88,8.33333333333333,120.0,123.0,10.938,0.045,0.0,0.0,0.0,313.593174934387,7098,861,0,0,85
1432,88,8.33333333333333,120.0,123.0,10.938,0.045,0.0,0.0,0.0,313.582173347473,7096,861,0,0,83
1433,88,8.33333333333333,120.0,123.0,10.938,0.045,0.0,0.0,0.0,313.585518836975,7081,861,0,0,77
1434,88,8.33333333333333,120.0,123.0,10.938,0.045,0.0,0.0,0.0,313.615612983704,7102,866,0,0,80
1435,88,8.33333333333333,120.0,123.0,10.938,0.045,0.0,0.0,0.0,313.594143867493,7082,864,0,0,72
1436,88,8.33333333333333,120.0,123.0,10.938,0.045,0.0,0.0,0.0,313.573773384094,7060,862,0,0,64
1437,89,8.33333333333333,120.0,123.0,10.938,0.045,0.0,0.0,0.0,313.58499622345,7062,861,0,0,64
1438,89,8.33333333333333,120.0,123.0,10.938,0.045,0.0,0.0,0.0,313.549675941467,7046,858,0,0,62
1439,89,8.33333333333333,120.0,123.0,10.938,0.045,0.0,0.0,0.0,313.556553840637,7048,859,0,0,61
1440,89,8.213,121.758188238159,123.0,10.938,0.045,0.0,0.0,0.0,313.557190895081,7047,859,0,0,60
1441,89,7.595,131.665569453588,123.0,10.938,0.045,0.0,0.0,0.0,313.558552742004,7047,859,0,0,60
1442,89,7.617,131.285282919785,123.0,10.938,0.045,0.0,0.0,0.0,313.559914588928,7047,859,0,0,60
1443,89,7.619,131.250820317627,123.0,10.938,0.045,0.0,0.0,0.0,313.534100532532,7032,854,0,0,59
1444,89,8.063,124.02331638348,123.0,10.938,0.045,0.0,0.0,0.0,313.533505439758,7030,854,0,0,57
1445,89,7.57575757575758,132.0,123.0,10.938,0.045,0.0,0.0,0.0,313.521973609924,7007,854,0,0,49
1446,89,7.87624242424242,126.964096092584,123.0,10.938,0.045,0.0,0.0,0.0,313.527710914612,7015,856,0,0,50
1447,89,7.57575757575758,132.0,123.0,10.938,0.045,0.0,0.0,0.0,313.520672798157,7012,855,0,0,50
1448,89,8.33333333333333,120.0,123.0,10.938,0.045,0.0,0.0,0.0,313.518799781799,7006,855,0,0,48
1449,89,8.33333333333333,120.0,123.0,10.938,0.045,0.0,0.0,0.0,313.464165687561,6997,849,0,0,55
1450,90,8.33333333333333,120.0,123.0,10.938,0.045,0.0,0.0,0.0,313.453156471252,6993,838,0,0,59
1451,90,8.33333333333333,120.0,123.0,10.938,0.045,0.0,0.0,0.0,313.444489479065,6980,837,0,0,55
1452,90,8.33333333333333,120.0,123.0,10.938,0.045,0.0,0.0,0.0,313.409386634827,6962,833,0,0,54
1453,90,8.33333333333333,120.0,123.0,10.938,0.045,0.0,0.0,0.0,313.41074848175,6962,833,0,0,54
1454,90,8.33333333333333,120.0,123.0,10.938,0.045,0.0,0.0,0.0,313.387684822083,6952,830,0,0,54
1455,90,8.33333333333333,120.0,123.0,10.938,0.045,0.0,0.0,0.0,313.387578010559,6955,829,0,0,56
1456,90,8.33333333333333,120.0,123.0,10.938,0.045,0.0,0.0,0.0,313.38894367218,6954,829,0,0,55
1457,90,8.01424242424243,124.777857601996,123.0,10.938,0.045,0.0,0.0,0.0,313.385758399963,6946,829,0,0,53
1458,90,8.282,120.743781695243,123.0,10.938,0.045,0.0,0.0,0.0,313.360402107239,6967,825,0,0,66
1459,90,7.676,130.276185513288,123.0,10.938,0.045,0.0,0.0,0.0,313.392048835754,6988,827,0,0,69
1460,90,7.907,126.47021626407,123.0,10.938,0.045,0.0,0.0,0.0,313.374562263489,6969,824,0,0,64
1461,90,7.624,131.164742917104,123.0,10.938,0.045,0.0,0.0,0.0,313.368466377258,6956,824,0,0,61
1462,91,8.33333333333333,120.0,123.0,10.938,0.045,0.0,0.0,0.0,313.381707191467,6959,824,0,0,62
1463,91,7.85366666666667,127.329060735962,123.0,10.938,0.045,0.0,0.0,0.0,313.380024909973,6962,824,0,0,63
1464,91,7.933,126.055716626749,123.0,10.938,0.045,0.0,0.0,0.0,313.391198158264,6972,825,0,0,67
1465,91,7.702,129.836406128278,123.0,10.938,0.045,0.0,0.0,0.0,313.391827583313,6971,825,0,0,66
1466,91,8.33333333333333,120.0,123.0,10.938,0.045,0.0,0.0,0.0,313.350171089172,6955,820,0,0,66
1467,91,7.70266666666667,129.825168772719,123.0,10.938,0.045,0.0,0.0,0.0,313.336163520813,6935,819,0,0,65
1468,91,7.57575757575758,132.0,123.0,10.938,0.045,0.0,0.0,0.0,313.335602760315,6931,819,0,0,63
1469,91,7.62424242424242,131.160572337043,123.0,10.938,0.045,0.0,0.0,0.0,313.346928596497,6937,820,0,0,63
1470,91,7.57575757575758,132.0,123.0,10.938,0.045,0.0,0.0,0.0,313.33189868927,6915,819,0,0,60
1471,91,7.57575757575758,132.0,123.0,10.938,0.045,0.0,0.0,0.0,313.248768806458,6875,810,0,0,59
1472,91,7.37881818181817,135.523057400175,123.0,10.938,0.045,0.0,0.0,0.0,313.248917579651,6873,810,0,0,58
1473,91,7.57575757575758,132.0,123.0,10.938,0.045,0.0,0.0,0.0,313.2495470047,6872,810,0,0,57
1474,91,7.57575757575758,132.0,123.0,10.938,0.045,0.0,0.0,0.0,313.26944065094,6883,812,0,0,60
1475,92,8.33333333333333,120.0,123.0,10.938,0.045,0.0,0.0,0.0,315.264981269836,6942,826,0,0,67
1476,92,8.33333333333333,120.0,123.0,10.938,0.045,0.0,0.0,0.0,315.261185646057,6941,825,0,0,68
1477,92,8.33333333333333,120.0,123.0,10.938,0.045,0.0,0.0,0.0,315.528614997864,7138,856,0,0,99
1478,92,8.33333333333333,120.0,123.0,10.938,0.045,0.0,0.0,0.0,315.529976844788,7138,856,0,0,99
1479,92,8.33333333333333,120.0,123.0,10.938,0.045,0.0,0.0,0.0,315.542546272278,7146,857,0,0,100
1480,92,8.33333333333333,120.0,123.0,10.938,0.045,0.0,0.0,0.0,315.542695045471,7144,857,0,0,99
1481,92,8.33333333333333,120.0,123.0,10.938,0.045,0.0,0.0,0.0,315.544056892395,7144,857,0,0,99
1482,92,8.33333333333333,120.0,123.0,10.938,0.045,0.0,0.0,0.0,315.645245552063,7214,867,0,0,110
1483,92,8.33333333333333,120.0,123.0,10.938,0.045,0.0,0.0,0.0,315.62987613678,7211,866,0,0,111
1484,92,8.33333333333333,120.0,123.0,10.938,0.045,0.0,0.0,0.0,315.651043891907,7224,868,0,0,114
1485,92,8.33333333333333,120.0,123.0,10.938,0.045,0.0,0.0,0.0,315.670609474182,7235,870,0,0,116
1486,92,8.33333333333333,120.0,124.0,15.611,0.034,0.0,0.0,0.0,314.661286354065,7233,867,0,0,117
1487,93,8.33333333333333,120.0,124.0,15.611,0.034,0.0,0.0,0.0,314.770199775696,7301,878,0,0,126
1488,93,8.33333333333333,120.0,124.0,15.611,0.034,0.0,0.0,0.0,314.774312019348,7306,878,0,0,127
1489,93,8.33333333333333,120.0,124.0,15.611,0.034,0.0,0.0,0.0,314.760445594788,7284,878,0,0,113
1490,93,8.33333333333333,120.0,124.0,15.611,0.034,0.0,0.0,0.0,314.793683052063,7308,881,0,0,119
1491,93,8.33333333333333,120.0,124.0,15.611,0.034,0.0,0.0,0.0,314.784920692444,7291,881,0,0,112
1492,93,8.33333333333333,120.0,124.0,15.611,0.034,0.0,0.0,0.0,314.683125495911,7225,869,0,0,106
1493,93,8.33333333333333,120.0,124.0,15.611,0.034,0.0,0.0,0.0,314.705018043518,7239,871,0,0,110
1494,93,8.33333333333333,120.0,124.0,15.611,0.034,0.0,0.0,0.0,314.70982837677,7242,872,0,0,109
1495,93,8.33333333333333,120.0,124.0,15.611,0.034,0.0,0.0,0.0,314.680817604065,7231,868,0,0,109
1496,93,8.33333333333333,120.0,124.0,15.611,0.034,0.0,0.0,0.0,314.645836830139,7202,858,0,0,108
1497,93,8.33333333333333,120.0,124.0,15.611,0.034,0.0,0.0,0.0,314.754307746887,7267,869,0,0,116
1498,93,8.33333333333333,120.0,124.0,15.611,0.034,0.0,0.0,0.0,314.754937171936,7266,869,0,0,115
1499,94,8.33333333333333,120.0,124.0,15.611,0.034,0.0,0.0,0.0,314.821232795715,7297,875,0,0,119
1500,94,8.33333333333333,120.0,124.0,15.611,0.034,0.0,0.0,0.0,314.82188129425,7300,876,0,0,119
1501,94,8.33333333333333,120.0,124.0,15.611,0.034,0.0,0.0,0.0,314.830636024475,7304,876,0,0,120
1502,94,8.33333333333333,120.0,124.0,15.611,0.034,0.0,0.0,0.0,314.829724311829,7300,876,0,0,119
1503,94,8.1468181818182,122.74730792836,124.0,15.611,0.034,0.0,0.0,0.0,314.850892066956,7313,878,0,0,122
1504,94,7.678,130.24225058609,124.0,15.611,0.034,0.0,0.0,0.0,314.84410572052,7299,878,0,0,117
1505,94,7.913,126.374320738026,124.0,15.611,0.034,0.0,0.0,0.0,313.750737190247,7261,867,0,0,115
1506,94,8.33333333333333,120.0,124.0,15.611,0.034,0.0,0.0,0.0,313.867123603821,7318,881,0,0,117
1507,94,7.95766666666667,125.664977170862,124.0,15.611,0.034,0.0,0.0,0.0,313.850266456604,7308,878,0,0,117
1508,94,7.864,127.161749745677,124.0,15.611,0.034,0.0,0.0,0.0,313.756798744202,7262,867,0,0,113
1509,94,7.836,127.616130678918,124.0,15.611,0.034,0.0,0.0,0.0,313.706280708313,7214,863,0,0,107
1510,94,7.585,131.8391562294,124.0,15.611,0.034,0.0,0.0,0.0,313.704262733459,7208,863,0,0,105
1511,95,8.33333333333333,120.0,124.0,15.611,0.034,0.0,0.0,0.0,313.848198890686,7299,877,0,0,125
1512,95,8.33333333333333,120.0,124.0,15.611,0.034,0.0,0.0,0.0,313.824383735657,7288,871,0,0,123
1513,95,8.33333333333333,120.0,124.0,15.611,0.034,0.0,0.0,0.0,313.818074226379,7284,870,0,0,120
1514,95,7.791,128.353228083686,124.0,15.611,0.034,0.0,0.0,0.0,313.837693214417,7294,872,0,0,123
1515,95,7.57575757575758,132.0,124.0,15.611,0.034,0.0,0.0,0.0,313.837666511536,7292,872,0,0,122
1516,95,7.81224242424242,128.004220260353,124.0,15.611,0.034,0.0,0.0,0.0,313.995911598206,7440,885,0,0,152
1517,95,7.57575757575758,132.0,124.0,15.611,0.034,0.0,0.0,0.0,313.977540016174,7406,885,0,0,140
1518,95,7.57575757575758,132.0,124.0,15.611,0.034,0.0,0.0,0.0,313.978169441223,7405,885,0,0,139
1519,95,7.57575757575758,132.0,124.0,15.611,0.034,0.0,0.0,0.0,313.972420692444,7398,884,0,0,136
1520,95,7.57575757575758,132.0,124.0,15.611,0.034,0.0,0.0,0.0,313.969830513,7391,884,0,0,134
1521,95,7.57575757575758,132.0,124.0,15.611,0.034,0.0,0.0,0.0,314.00218296051,7407,888,0,0,135
1522,95,7.72621212121212,129.429529543271,124.0,15.611,0.034,0.0,0.0,0.0,313.97243976593,7380,885,0,0,130
1523,95,7.747,129.082225377565,124.0,15.611,0.034,0.0,0.0,0.0,313.960839271545,7372,882,0,0,128
1524,96,7.799,128.221566867547,124.0,15.611,0.034,0.0,0.0,0.0,313.97227191925,7369,884,0,0,125
1525,96,7.937,125.992188484314,124.0,15.611,0.034,0.0,0.0,0.0,313.976975440979,7375,884,0,0,127
1526,96,8.016,124.750499001996,124.0,15.611,0.034,0.0,0.0,0.0,313.974743843079,7373,884,0,0,125
1527,96,8.196,122.010736944851,124.0,15.611,0.034,0.0,0.0,0.0,314.008076667786,7420,885,0,0,137
1528,96,7.876,126.968004062976,124.0,15.611,0.034,0.0,0.0,0.0,313.99192905426,7389,885,0,0,126
1529,96,8.045,124.300807955252,124.0,15.611,0.034,0.0,0.0,0.0,313.993443489075,7389,885,0,0,126
1530,96,7.57575757575758,132.0,124.0,15.611,0.034,0.0,0.0,0.0,313.992867469788,7386,885,0,0,124
1531,96,7.57575757575758,132.0,124.0,15.611,0.034,0.0,0.0,0.0,313.991097450256,7389,885,0,0,124
1532,96,7.57575757575758,132.0,124.0,15.611,0.034,0.0,0.0,0.0,313.98888874054,7383,885,0,0,121
1533,96,7.58872727272728,131.774402223394,124.0,15.611,0.034,0.0,0.0,0.0,313.968926429749,7370,884,0,0,121
1534,96,7.57575757575758,132.0,124.0,15.611,0.034,0.0,0.0,0.0,313.973629951477,7376,884,0,0,123
1535,96,7.61024242424243,131.40185873902,124.0,15.611,0.034,0.0,0.0,0.0,313.987504005432,7378,886,0,0,119
1536,96,7.612,131.371518654756,124.0,15.611,0.034,0.0,0.0,0.0,313.905968666077,7347,876,0,0,118
1537,97,8.33333333333333,120.0,124.0,15.611,0.034,0.0,0.0,0.0,314.026661872864,7398,887,0,0,120
1538,97,8.22066666666667,121.644635471576,124.0,15.611,0.034,0.0,0.0,0.0,314.033059120178,7407,887,0,0,123
1539,97,7.643,130.8386759126,124.0,15.611,0.034,0.0,0.0,0.0,314.034420967102,7407,887,0,0,123
1540,97,7.57575757575758,132.0,124.0,15.611,0.034,0.0,0.0,0.0,314.034569740295,7405,887,0,0,122
1541,97,7.57575757575758,132.0,124.0,15.611,0.034,0.0,0.0,0.0,314.034718513489,7403,887,0,0,121
1542,97,7.57575757575758,132.0,124.0,15.611,0.034,0.0,0.0,0.0,314.029061317444,7393,887,0,0,113
1543,97,7.57575757575758,132.0,124.0,15.611,0.034,0.0,0.0,0.0,314.030499458313,7393,887,0,0,113
1544,97,7.57575757575758,132.0,124.0,15.611,0.034,0.0,0.0,0.0,314.031861305237,7393,887,0,0,113
1545,97,7.57575757575758,132.0,124.0,15.611,0.034,0.0,0.0,0.0,314.021748542786,7375,887,0,0,102
1546,97,7.57575757575758,132.0,124.0,15.611,0.034,0.0,0.0,0.0,314.013482093811,7375,887,0,0,103
1547,97,7.57575757575758,132.0,124.0,15.611,0.034,0.0,0.0,0.0,313.846879005432,7291,867,0,0,102
1548,97,7.8359393939394,127.617117709389,124.0,15.611,0.034,0.0,0.0,0.0,313.943387031555,7335,878,0,0,102
1549,97,7.647,130.770236694128,124.0,15.611,0.034,0.0,0.0,0.0,313.93269443512,7328,876,0,0,102
1550,98,7.714,129.634430904848,124.0,15.611,0.034,0.0,0.0,0.0,313.889615058899,7298,871,0,0,102
1551,98,8.33333333333333,120.0,124.0,15.611,0.034,0.0,0.0,0.0,313.889763832092,7296,871,0,0,101
1552,98,8.33333333333333,120.0,124.0,15.611,0.034,0.0,0.0,0.0,314.071164131165,7405,905,0,0,112
1553,98,8.33333333333333,120.0,124.0,15.611,0.034,0.0,0.0,0.0,314.071801185608,7404,905,0,0,111
1554,98,8.33333333333333,120.0,124.0,15.611,0.034,0.0,0.0,0.0,314.040783882141,7384,901,0,0,110
1555,98,8.33333333333333,120.0,124.0,15.611,0.034,0.0,0.0,0.0,314.04075717926,7382,901,0,0,109
1556,98,8.33333333333333,120.0,124.0,15.611,0.034,0.0,0.0,0.0,314.042119026184,7382,901,0,0,109
1557,98,8.33333333333333,120.0,124.0,15.611,0.034,0.0,0.0,0.0,313.973126411438,7363,893,0,0,110
1558,98,7.98566666666667,125.224360312226,124.0,15.611,0.034,0.0,0.0,0.0,313.950844764709,7322,893,0,0,93
1559,98,7.683,130.157490563582,124.0,15.611,0.034,0.0,0.0,0.0,313.952206611633,7322,893,0,0,93
1560,98,8.33333333333333,120.0,124.0,15.611,0.034,0.0,0.0,0.0,313.870865821838,7272,882,0,0,93
1561,98,8.33333333333333,120.0,124.0,15.611,0.034,0.0,0.0,0.0,313.858685493469,7263,879,0,0,91
1562,99,8.33333333333333,120.0,124.0,15.611,0.034,0.0,0.0,0.0,313.841267585754,7250,877,0,0,93
1563,99,8.33333333333333,120.0,124.0,15.611,0.034,0.0,0.0,0.0,313.830750465393,7221,879,0,0,81
1564,99,7.89866666666667,126.60364618501,124.0,15.611,0.034,0.0,0.0,0.0,313.815808296204,7210,877,0,0,80
1565,99,7.611,131.388779398239,124.0,15.611,0.034,0.0,0.0,0.0,313.785401344299,7192,873,0,0,80
1566,99,7.642,130.855796911803,124.0,15.611,0.034,0.0,0.0,0.0,313.814499855042,7205,876,0,0,81
1567,99,7.57575757575758,132.0,124.0,15.611,0.034,0.0,0.0,0.0,313.733460426331,7175,866,0,0,81
1568,99,7.57575757575758,132.0,124.0,15.611,0.034,0.0,0.0,0.0,313.716202735901,7147,865,0,0,71
1569,99,7.57575757575758,132.0,124.0,15.611,0.034,0.0,0.0,0.0,313.726861000061,7155,867,0,0,72
1570,99,7.57575757575758,132.0,124.0,15.611,0.034,0.0,0.0,0.0,313.718731880188,7142,866,0,0,68
1571,99,7.57575757575758,132.0,124.0,15.611,0.034,0.0,0.0,0.0,313.672287940979,7106,861,0,0,66
1572,99,7.57575757575758,132.0,124.0,15.611,0.034,0.0,0.0,0.0,313.704461097717,7130,866,0,0,70
1573,99,7.57575757575758,132.0,124.0,15.611,0.034,0.0,0.0,0.0,313.701687812805,7124,866,0,0,65
1574,99,7.57575757575758,132.0,124.0,15.611,0.034,0.0,0.0,0.0,313.69632434845,7117,865,0,0,62
1575,100,8.33333333333333,120.0,124.0,15.611,0.034,0.0,0.0,0.0,313.690873146057,7130,857,0,0,67
1576,100,8.33333333333333,120.0,124.0,15.611,0.034,0.0,0.0,0.0,313.674878120422,7121,854,0,0,67
1577,100,8.26227272727273,121.032073499477,124.0,15.611,0.034,0.0,0.0,0.0,313.681000709534,7131,854,0,0,72
1578,100,7.812,128.008192524322,124.0,15.611,0.034,0.0,0.0,0.0,313.599514961243,7105,844,0,0,73
1579,100,7.671,130.361100247686,124.0,15.611,0.034,0.0,0.0,0.0,313.583367347717,7074,844,0,0,62
1580,100,7.875,126.984126984127,124.0,15.611,0.034,0.0,0.0,0.0,313.540024757385,7048,838,0,0,64
1581,100,7.664,130.480167014614,124.0,15.611,0.034,0.0,0.0,0.0,313.550545692444,7056,840,0,0,65
1582,100,7.832,127.681307456588,124.0,15.611,0.034,0.0,0.0,0.0,313.542237281799,7053,837,0,0,65
1583,100,7.57575757575758,132.0,124.0,15.611,0.034,0.0,0.0,0.0,313.527836799622,7031,836,0,0,57
1584,100,7.58424242424242,131.852325395557,124.0,15.611,0.034,0.0,0.0,0.0,313.527520179749,7028,836,0,0,56
1585,100,7.675,130.293159609121,124.0,15.611,0.034,0.0,0.0,0.0,313.528882026672,7028,836,0,0,56
1586,100,7.732,129.332643559234,124.0,15.611,0.034,0.0,0.0,0.0,313.52697467804,7027,835,0,0,56
1587,100,7.69,130.039011703511,124.0,15.611,0.034,0.0,0.0,0.0,313.573578834534,7069,843,0,0,62
1588,101,8.33333333333333,120.0,124.0,15.611,0.034,0.0,0.0,0.0,313.53627872467,7053,831,0,0,62
1589,101,8.10666666666667,123.355263157895,124.0,15.611,0.034,0.0,0.0,0.0,313.522164344788,7041,829,0,0,60
1590,101,8.33333333333333,120.0,124.0,15.611,0.034,0.0,0.0,0.0,315.054711341858,7050,832,0,0,59
1591,101,8.33333333333333,120.0,124.0,15.611,0.034,0.0,0.0,0.0,315.011799812317,7020,827,0,0,59
1592,101,8.33333333333333,120.0,124.0,15.611,0.034,0.0,0.0,0.0,315.009892463684,7019,826,0,0,59
1593,101,8.33333333333333,120.0,124.0,15.611,0.034,0.0,0.0,0.0,315.008980751038,7015,826,0,0,58
1594,101,8.33333333333333,120.0,124.0,15.611,0.034,0.0,0.0,0.0,315.00413608551,7017,825,0,0,58
1595,101,8.33333333333333,120.0,124.0,15.611,0.034,0.0,0.0,0.0,315.003224372864,7013,825,0,0,57
1596,101,8.33333333333333,120.0,124.0,15.611,0.034,0.0,0.0,0.0,315.009125709534,7029,825,0,0,63
1597,101,7.99066666666667,125.146003670949,124.0,15.611,0.034,0.0,0.0,0.0,314.99697971344,7020,822,0,0,61
1598,101,8.33333333333333,120.0,124.0,15.611,0.034,0.0,0.0,0.0,314.977654457092,7004,818,0,0,58
1599,101,8.17466666666667,122.329146958082,124.0,15.611,0.034,0.0,0.0,0.0,315.337986946106,6995,818,0,0,54
1600,102,8.33333333333333,120.0,124.0,15.611,0.034,0.0,0.0,0.0,315.42442035675,7017,823,0,0,56
1601,102,8.33333333333333,120.0,124.0,15.611,0.034,0.0,0.0,0.0,315.381600379944,6987,818,0,0,56
1602,102,8.33333333333333,120.0,124.0,15.611,0.034,0.0,0.0,0.0,315.551918983459,7116,840,0,0,76
1603,102,8.33333333333333,120.0,124.0,15.611,0.034,0.0,0.0,0.0,315.553280830383,7116,840,0,0,76
1604,102,8.33333333333333,120.0,124.0,15.611,0.034,0.0,0.0,0.0,315.577008247375,7119,843,0,0,74
1605,102,8.33333333333333,120.0,124.0,15.611,0.034,0.0,0.0,0.0,315.541253089905,7092,839,0,0,74
1606,102,8.33333333333333,120.0,124.0,15.611,0.034,0.0,0.0,0.0,315.542614936829,7092,839,0,0,74
1607,102,8.33333333333333,120.0,124.0,15.611,0.034,0.0,0.0,0.0,315.627785682678,7140,848,0,0,83
1608,102,7.87033333333333,127.059421456101,124.0,15.611,0.034,0.0,0.0,0.0,315.626843452454,7136,848,0,0,81
1609,102,8.05,124.223602484472,124.0,15.611,0.034,0.0,0.0,0.0,315.66454410553,7162,854,0,0,84
1610,102,8.103,123.411082315192,124.0,15.611,0.034,0.0,0.0,0.0,315.585755348206,7114,845,0,0,82
1611,102,7.808,128.073770491803,124.0,15.611,0.034,0.0,0.0,0.0,315.574757575989,7100,843,0,0,78
1612,103,8.33333333333333,120.0,126.0,11.357,0.025,0.0,0.0,0.0,315.591668128967,7098,843,0,0,77
1613,103,8.33333333333333,120.0,126.0,11.357,0.025,0.0,0.0,0.0,315.592080116272,7105,843,0,0,79
1614,103,8.33333333333333,120.0,126.0,11.357,0.025,0.0,0.0,0.0,315.42133140564,7076,823,0,0,77
1615,103,8.33333333333333,120.0,126.0,11.357,0.025,0.0,0.0,0.0,315.443925857544,7090,824,0,0,82
1616,103,8.33333333333333,120.0,126.0,11.357,0.025,0.0,0.0,0.0,315.448171615601,7095,824,0,0,84
1617,103,8.33333333333333,120.0,126.0,11.357,0.025,0.0,0.0,0.0,315.44277381897,7083,824,0,0,80
1618,103,8.33333333333333,120.0,126.0,11.357,0.025,0.0,0.0,0.0,315.435682296753,7081,822,0,0,80
1619,103,8.33333333333333,120.0,126.0,11.357,0.025,0.0,0.0,0.0,315.449258804321,7087,824,0,0,79
1620,103,8.33333333333333,120.0,126.0,11.357,0.025,0.0,0.0,0.0,315.398801803589,7053,817,0,0,78
1621,103,7.81,128.040973111396,126.0,11.357,0.025,0.0,0.0,0.0,315.394235610962,7043,817,0,0,74
1622,103,7.697,129.92074834351,126.0,11.357,0.025,0.0,0.0,0.0,315.393323898315,7039,817,0,0,73
1623,103,7.65,130.718954248366,126.0,11.357,0.025,0.0,0.0,0.0,315.372385025024,7011,816,0,0,61
1624,104,8.056,124.131082423039,126.0,11.357,0.025,0.0,0.0,0.0,315.373624801636,7011,816,0,0,61
1625,104,7.737,129.249062944294,126.0,11.357,0.025,0.0,0.0,0.0,315.35186958313,7001,813,0,0,62
1626,104,8.33333333333333,120.0,126.0,11.357,0.025,0.0,0.0,0.0,316.36789894104,7011,815,0,0,62
1627,104,8.33333333333333,120.0,126.0,11.357,0.025,0.0,0.0,0.0,316.289533615112,6961,806,0,0,57
1628,104,8.33333333333333,120.0,126.0,11.357,0.025,0.0,0.0,0.0,314.762662887573,6951,804,0,0,56
1629,104,8.33333333333333,120.0,126.0,11.357,0.025,0.0,0.0,0.0,314.877153396606,7042,814,0,0,71
1630,104,8.33333333333333,120.0,126.0,11.357,0.025,0.0,0.0,0.0,314.828672409058,7012,808,0,0,70
1631,104,7.57575757575758,132.0,126.0,11.357,0.025,0.0,0.0,0.0,314.835527420044,7018,809,0,0,71
1632,104,7.62357575757576,131.172042070451,126.0,11.357,0.025,0.0,0.0,0.0,314.83302116394,7015,808,0,0,70
1633,104,7.855,127.307447485678,126.0,11.357,0.025,0.0,0.0,0.0,314.762899398804,6990,800,0,0,70
1634,104,7.617,131.285282919785,126.0,11.357,0.025,0.0,0.0,0.0,314.657663345337,6912,786,0,0,62
1635,104,7.621,131.2163758037,126.0,11.357,0.025,0.0,0.0,0.0,315.668325424194,6916,787,0,0,59
1636,104,8.33333333333333,120.0,126.0,11.357,0.025,0.0,0.0,0.0,315.689203262329,6935,790,0,0,62
1637,105,8.33333333333333,120.0,126.0,11.357,0.025,0.0,0.0,0.0,315.898973464966,7035,805,0,0,75
1638,105,8.33333333333333,120.0,126.0,11.357,0.025,0.0,0.0,0.0,315.894792556763,7030,804,0,0,74
1639,105,8.33333333333333,120.0,126.0,11.357,0.025,0.0,0.0,0.0,315.893880844116,7026,804,0,0,73
1640,105,8.33333333333333,120.0,126.0,11.357,0.025,0.0,0.0,0.0,315.908327102661,7032,805,0,0,75
1641,105,8.33333333333333,120.0,126.0,11.357,0.025,0.0,0.0,0.0,315.991132736206,7072,814,0,0,80
1642,105,8.33333333333333,120.0,126.0,11.357,0.025,0.0,0.0,0.0,315.976068496704,7063,812,0,0,80
1643,105,8.33333333333333,120.0,126.0,11.357,0.025,0.0,0.0,0.0,315.949865341187,7056,809,0,0,80
1644,105,8.33333333333333,120.0,126.0,11.357,0.025,0.0,0.0,0.0,315.956308364868,7059,809,0,0,79
1645,105,8.33333333333333,120.0,126.0,11.357,0.025,0.0,0.0,0.0,315.980394363403,7069,814,0,0,77
1646,105,8.33333333333333,120.0,126.0,11.357,0.025,0.0,0.0,0.0,316.058115005493,7127,826,0,0,87
1647,105,8.33333333333333,120.0,126.0,11.357,0.025,0.0,0.0,0.0,315.641313552856,7098,818,0,0,83
1648,105,8.33333333333333,120.0,126.0,11.357,0.025,0.0,0.0,0.0,315.633085250854,7081,818,0,0,78
1649,106,8.33333333333333,120.0,126.0,11.357,0.025,0.0,0.0,0.0,315.701639175415,7114,824,0,0,83
1650,106,8.33333333333333,120.0,126.0,11.357,0.025,0.0,0.0,0.0,315.697912216187,7114,824,0,0,83
1651,106,8.33333333333333,120.0,126.0,11.357,0.025,0.0,0.0,0.0,315.696207046509,7119,824,0,0,83
1652,106,8.33333333333333,120.0,126.0,11.357,0.025,0.0,0.0,0.0,315.697568893433,7119,824,0,0,83
1653,106,7.91733333333333,126.305153250253,126.0,11.357,0.025,0.0,0.0,0.0,315.69135093689,7116,822,0,0,82
1654,106,7.712,129.668049792531,126.0,11.357,0.025,0.0,0.0,0.0,315.695680618286,7115,822,0,0,80
1655,106,8.33333333333333,120.0,126.0,11.357,0.025,0.0,0.0,0.0,315.668489456177,7102,818,0,0,75
1656,106,8.21666666666667,121.703853955375,126.0,11.357,0.025,0.0,0.0,0.0,315.664701461792,7084,816,0,0,69
1657,106,7.876,126.968004062976,126.0,11.357,0.025,0.0,0.0,0.0,315.643400192261,7051,815,0,0,61
1658,106,7.748,129.065565307176,126.0,11.357,0.025,0.0,0.0,0.0,315.641870498657,7046,815,0,0,59
1659,106,7.999,125.015626953369,126.0,11.357,0.025,0.0,0.0,0.0,315.657861709595,7052,817,0,0,59
1660,106,7.768,128.733264675592,126.0,11.357,0.025,0.0,0.0,0.0,315.637704849243,7038,814,0,0,59
1661,107,8.33333333333333,120.0,126.0,11.357,0.025,0.0,0.0,0.0,315.777181625366,7158,834,0,0,79
1662,107,8.33333333333333,120.0,126.0,11.357,0.025,0.0,0.0,0.0,315.752733230591,7143,830,0,0,78
1663,107,8.33333333333333,120.0,126.0,11.357,0.025,0.0,0.0,0.0,315.750417709351,7141,830,0,0,76
1664,107,8.022,124.65719272002,126.0,11.357,0.025,0.0,0.0,0.0,315.763032913208,7149,831,0,0,77
1665,107,7.717,129.584035246858,126.0,11.357,0.025,0.0,0.0,0.0,315.763669967651,7148,831,0,0,76
1666,107,7.679,130.22528975127,126.0,11.357,0.025,0.0,0.0,0.0,315.740056991577,7132,828,0,0,75
1667,107,7.908,126.454223571067,126.0,11.357,0.025,0.0,0.0,0.0,315.737596511841,7125,828,0,0,72
1668,107,7.733,129.315918789603,126.0,11.357,0.025,0.0,0.0,0.0,315.738958358765,7125,828,0,0,72
1669,107,7.705,129.785853341986,126.0,11.357,0.025,0.0,0.0,0.0,315.738138198853,7121,828,0,0,70
1670,107,8.33333333333333,120.0,126.0,11.357,0.025,0.0,0.0,0.0,315.732824325562,7139,828,0,0,76
1671,107,8.33333333333333,120.0,126.0,11.357,0.025,0.0,0.0,0.0,315.668634414673,7095,821,0,0,72
1672,107,8.33333333333333,120.0,126.0,11.357,0.025,0.0,0.0,0.0,315.664838790894,7085,821,0,0,68
1673,107,8.33333333333333,120.0,126.0,11.357,0.025,0.0,0.0,0.0,315.643808364868,7077,817,0,0,70
1674,108,8.33333333333333,120.0,126.0,11.357,0.025,0.0,0.0,0.0,315.707300186157,7104,820,0,0,82
1675,108,8.33333333333333,120.0,126.0,11.357,0.025,0.0,0.0,0.0,315.711790084839,7109,820,0,0,84
1676,108,8.33333333333333,120.0,126.0,11.357,0.025,0.0,0.0,0.0,315.713151931763,7109,820,0,0,84
1677,108,8.33333333333333,120.0,126.0,11.357,0.025,0.0,0.0,0.0,315.680368423462,7095,816,0,0,84
1678,108,9.24,108.225108225108,126.0,11.357,0.025,0.0,0.0,0.0,315.637670516968,7080,810,0,0,86
1679,108,9.396,106.428267347808,126.0,11.357,0.025,0.0,0.0,0.0,315.639059066772,7082,810,0,0,88
1680,108,8.53,117.233294255569,126.0,11.357,0.025,0.0,0.0,0.0,315.628999710083,7073,809,0,0,85
1681,108,8.33333333333333,120.0,126.0,11.357,0.025,0.0,0.0,0.0,315.626111984253,7066,809,0,0,82
1682,108,8.36366666666667,119.564784185565,126.0,11.357,0.025,0.0,0.0,0.0,315.508085250854,7026,797,0,0,83
1683,108,8.33333333333333,120.0,126.0,11.357,0.025,0.0,0.0,0.0,315.558462142944,7069,803,0,0,94
1684,108,9.25566666666667,108.041920265063,126.0,11.357,0.025,0.0,0.0,0.0,315.556062698364,7063,803,0,0,93
1685,109,9.347,106.986198780357,126.0,11.357,0.025,0.0,0.0,0.0,315.557504653931,7063,803,0,0,93
1686,109,8.749,114.298777003086,126.0,11.357,0.025,0.0,0.0,0.0,315.568483352661,7060,805,0,0,89
1687,109,9.698,103.114044132811,126.0,11.357,0.025,0.0,0.0,0.0,314.728319168091,7159,836,0,0,101
1688,109,8.33333333333333,120.0,126.0,11.357,0.025,0.0,0.0,0.0,314.712537765503,7148,834,0,0,100
1689,109,8.33333333333333,120.0,126.0,11.357,0.025,0.0,0.0,0.0,314.713899612427,7148,834,0,0,100
1690,109,8.33333333333333,120.0,126.0,11.357,0.025,0.0,0.0,0.0,314.70672416687,7145,833,0,0,100
1691,109,8.33333333333333,120.0,126.0,11.357,0.025,0.0,0.0,0.0,314.702936172485,7136,833,0,0,98
1692,109,8.33333333333333,120.0,126.0,11.357,0.025,0.0,0.0,0.0,314.704355239868,7134,833,0,0,96
1693,109,8.33333333333333,120.0,126.0,11.357,0.025,0.0,0.0,0.0,314.686769485474,7106,832,0,0,84
1694,109,8.33333333333333,120.0,126.0,11.357,0.025,0.0,0.0,0.0,314.658208847046,7081,828,0,0,80
1695,109,8.33333333333333,120.0,126.0,11.357,0.025,0.0,0.0,0.0,314.618478775024,7047,824,0,0,76
1696,109,8.33333333333333,120.0,126.0,11.357,0.025,0.0,0.0,0.0,314.606779098511,7039,821,0,0,75
1697,110,8.33333333333333,120.0,126.0,11.357,0.025,0.0,0.0,0.0,314.598161697388,7031,820,0,0,72
1698,110,8.33333333333333,120.0,126.0,11.357,0.025,0.0,0.0,0.0,314.587259292603,7028,821,0,0,70
1699,110,8.33333333333333,120.0,126.0,11.357,0.025,0.0,0.0,0.0,314.560136795044,7006,818,0,0,64
1700,110,8.33333333333333,120.0,126.0,11.357,0.025,0.0,0.0,0.0,314.553922653198,6993,818,0,0,60
1701,110,8.33333333333333,120.0,126.0,11.357,0.025,0.0,0.0,0.0,314.526308059692,6980,814,0,0,62
1702,110,8.33333333333333,120.0,126.0,11.357,0.025,0.0,0.0,0.0,314.524793624878,6975,814,0,0,61
1703,110,8.33333333333333,120.0,126.0,11.357,0.025,0.0,0.0,0.0,314.520009994507,6969,813,0,0,60
1704,110,8.33333333333333,120.0,126.0,11.357,0.025,0.0,0.0,0.0,314.52784538269,6976,814,0,0,61
1705,110,8.33333333333333,120.0,126.0,11.357,0.025,0.0,0.0,0.0,314.514574050903,6967,814,0,0,59
1706,110,8.33333333333333,120.0,126.0,11.357,0.025,0.0,0.0,0.0,314.51881980896,6972,814,0,0,61
1707,110,8.33333333333333,120.0,126.0,11.357,0.025,0.0,0.0,0.0,314.515108108521,6964,814,0,0,57
1708,110,8.11166666666667,123.279227450175,126.0,11.357,0.025,0.0,0.0,0.0,313.496816635132,6943,813,0,0,52
1709,111,8.33333333333333,120.0,126.0,11.357,0.025,0.0,0.0,0.0,313.503492355347,6939,812,0,0,51
1710,111,8.33333333333333,120.0,126.0,11.357,0.025,0.0,0.0,0.0,313.490217208862,6948,811,0,0,55
1711,111,8.24833333333333,121.236613457264,126.0,11.357,0.025,0.0,0.0,0.0,313.487627029419,6941,811,0,0,53
1712,111,8.102,123.426314490249,126.0,11.357,0.025,0.0,0.0,0.0,313.485525131226,6935,811,0,0,53
1713,111,8.33333333333333,120.0,126.0,11.357,0.025,0.0,0.0,0.0,313.478151321411,6920,811,0,0,47
1714,111,8.11566666666667,123.218466340822,126.0,11.357,0.025,0.0,0.0,0.0,313.479513168335,6920,811,0,0,47
1715,111,7.787,128.419160138693,126.0,11.357,0.025,0.0,0.0,0.0,313.453271865845,6909,807,0,0,47
1716,111,7.993,125.109470786939,126.0,11.357,0.025,0.0,0.0,0.0,313.460969924927,6916,808,0,0,48
1717,111,7.844,127.48597654258,126.0,11.357,0.025,0.0,0.0,0.0,313.441385269165,6898,806,0,0,44
1718,111,7.95,125.786163522013,126.0,11.357,0.025,0.0,0.0,0.0,313.442747116089,6898,806,0,0,44
1719,111,7.814,127.975428717686,126.0,11.357,0.025,0.0,0.0,0.0,313.428117752075,6889,804,0,0,44
1720,111,7.944,125.881168177241,126.0,11.357,0.025,0.0,0.0,0.0,313.419687271118,6890,806,0,0,44
1721,112,8.33333333333333,120.0,126.0,11.357,0.025,0.0,0.0,0.0,313.407613754272,6890,797,0,0,47
1722,112,8.33333333333333,120.0,126.0,11.357,0.025,0.0,0.0,0.0,313.400819778442,6881,796,0,0,44
1723,112,8.33333333333333,120.0,126.0,11.357,0.025,0.0,0.0,0.0,313.543035507202,6986,815,0,0,61
1724,112,8.33333333333333,120.0,126.0,11.357,0.025,0.0,0.0,0.0,313.525587081909,6972,813,0,0,59
1725,112,8.33333333333333,120.0,126.0,11.357,0.025,0.0,0.0,0.0,313.511018753052,6963,811,0,0,59
1726,112,7.64133333333333,130.867213400803,126.0,11.357,0.025,0.0,0.0,0.0,313.508504867554,6956,811,0,0,57
1727,112,7.597,131.630906936949,126.0,11.357,0.025,0.0,0.0,0.0,313.506151199341,6955,810,0,0,57
1728,112,7.876,126.968004062976,126.0,11.357,0.025,0.0,0.0,0.0,313.508108139038,6956,810,0,0,57
1729,112,8.33333333333333,120.0,126.0,11.357,0.025,0.0,0.0,0.0,313.597852706909,7011,819,0,0,64
1730,112,8.33333333333333,120.0,126.0,11.357,0.025,0.0,0.0,0.0,313.598173141479,7023,816,0,0,70
1731,112,8.26433333333333,121.001895696366,126.0,11.357,0.025,0.0,0.0,0.0,313.575254440308,6995,813,0,0,63
1732,112,7.774,128.633907898122,126.0,11.357,0.025,0.0,0.0,0.0,313.563302993774,6981,811,0,0,60
1733,112,7.713,129.651238169325,126.0,11.357,0.025,0.0,0.0,0.0,313.547624588013,6962,810,0,0,56
1734,113,7.833,127.665007021575,122.0,12.172,0.036,0.0,0.0,0.0,313.550561904907,6966,810,0,0,56
1735,113,8.68666666666663,115.118956254797,122.0,12.172,0.036,0.0,0.0,0.0,315.070932388306,6963,812,0,0,52
1736,113,8.33333333333333,120.0,122.0,12.172,0.036,0.0,0.0,0.0,315.072294235229,6963,812,0,0,52
1737,113,8.33333333333333,120.0,122.0,12.172,0.036,0.0,0.0,0.0,315.105531692505,6987,815,0,0,58
1738,113,8.33333333333333,120.0,122.0,12.172,0.036,0.0,0.0,0.0,315.210542678833,7068,824,0,0,76
1739,113,8.33333333333333,120.0,122.0,12.172,0.036,0.0,0.0,0.0,315.209680557251,7065,824,0,0,75
1740,113,8.33333333333333,120.0,122.0,12.172,0.036,0.0,0.0,0.0,315.227445602417,7078,826,0,0,78
1741,113,8.33333333333334,120.0,122.0,12.172,0.036,0.0,0.0,0.0,315.212659835815,7059,824,0,0,77
1742,113,8.33333333333333,120.0,122.0,12.172,0.036,0.0,0.0,0.0,315.211748123169,7055,824,0,0,76
1743,113,8.33333333333333,120.0,122.0,12.172,0.036,0.0,0.0,0.0,315.581281661987,7057,825,0,0,74
1744,113,8.33333333333333,120.0,122.0,12.172,0.036,0.0,0.0,0.0,315.582796096802,7057,825,0,0,74
1745,113,8.33333333333333,120.0,122.0,12.172,0.036,0.0,0.0,0.0,315.583532333374,7058,825,0,0,74
1746,114,8.33333333333333,120.0,122.0,12.172,0.036,0.0,0.0,0.0,315.63946723938,7092,831,0,0,79
1747,114,8.33333333333333,120.0,122.0,12.172,0.036,0.0,0.0,0.0,315.638189315796,7091,830,0,0,79
1748,114,8.33333333333333,120.0,122.0,12.172,0.036,0.0,0.0,0.0,315.632356643677,7087,828,0,0,80
1749,114,8.33333333333333,120.0,122.0,12.172,0.036,0.0,0.0,0.0,315.633718490601,7087,828,0,0,80
1750,114,8.33333333333333,120.0,122.0,12.172,0.036,0.0,0.0,0.0,315.664205551147,7102,831,0,0,82
1751,114,8.33333333333333,120.0,122.0,12.172,0.036,0.0,0.0,0.0,315.620134353638,7082,813,0,0,82
1752,114,8.33333333333333,120.0,122.0,12.172,0.036,0.0,0.0,0.0,315.63747215271,7095,815,0,0,83
1753,114,8.33333333333333,120.0,122.0,12.172,0.036,0.0,0.0,0.0,315.634981155396,7092,814,0,0,82
1754,114,8.33333333333333,120.0,122.0,12.172,0.036,0.0,0.0,0.0,315.632856369019,7086,814,0,0,80
1755,114,8.33333333333333,120.0,122.0,12.172,0.036,0.0,0.0,0.0,315.526971817017,7043,803,0,0,83
1756,114,8.33333333333333,120.0,122.0,12.172,0.036,0.0,0.0,0.0,315.532560348511,7035,806,0,0,76
1757,114,8.33333333333333,120.0,122.0,12.172,0.036,0.0,0.0,0.0,315.522348403931,7035,801,0,0,78
1758,115,8.33333333333333,120.0,122.0,12.172,0.036,0.0,0.0,0.0,315.542833328247,7041,801,0,0,80
1759,115,8.33333333333333,120.0,122.0,12.172,0.036,0.0,0.0,0.0,315.540925979614,7040,800,0,0,80
1760,115,8.33333333333333,120.0,122.0,12.172,0.036,0.0,0.0,0.0,315.533460617065,7028,800,0,0,73
1761,115,8.33333333333333,120.0,122.0,12.172,0.036,0.0,0.0,0.0,315.546075820923,7036,801,0,0,74
1762,115,8.33333333333333,120.0,122.0,12.172,0.036,0.0,0.0,0.0,315.54306602478,7029,801,0,0,70
1763,115,8.33333333333333,120.0,122.0,12.172,0.036,0.0,0.0,0.0,315.496519088745,7002,795,0,0,70
1764,115,8.33333333333333,120.0,122.0,12.172,0.036,0.0,0.0,0.0,315.487752914429,6995,793,0,0,67
1765,115,8.33333333333333,120.0,122.0,12.172,0.036,0.0,0.0,0.0,315.480798721313,6986,792,0,0,64
1766,115,8.33333333333333,120.0,122.0,12.172,0.036,0.0,0.0,0.0,315.474630355835,6978,791,0,0,62
1767,115,8.33333333333333,120.0,122.0,12.172,0.036,0.0,0.0,0.0,315.44041633606,6957,782,0,0,61
1768,115,8.33333333333333,120.0,122.0,12.172,0.036,0.0,0.0,0.0,315.433725357056,6942,782,0,0,57
1769,115,8.33333333333333,120.0,122.0,12.172,0.036,0.0,0.0,0.0,313.906854629517,6932,780,0,0,56
1770,116,8.33333333333333,120.0,122.0,12.172,0.036,0.0,0.0,0.0,313.969034194946,6962,785,0,0,62
1771,116,8.33333333333333,120.0,122.0,12.172,0.036,0.0,0.0,0.0,313.95228767395,6945,783,0,0,59
1772,116,8.33333333333333,120.0,122.0,12.172,0.036,0.0,0.0,0.0,314.971281051636,6955,786,0,0,58
1773,116,8.33333333333333,120.0,122.0,12.172,0.036,0.0,0.0,0.0,314.971918106079,6954,786,0,0,57
1774,116,8.33333333333333,120.0,122.0,12.172,0.036,0.0,0.0,0.0,315.002405166626,6969,789,0,0,59
1775,116,8.33333333333333,120.0,122.0,12.172,0.036,0.0,0.0,0.0,315.00376701355,6969,789,0,0,59
1776,116,8.33333333333333,120.0,122.0,12.172,0.036,0.0,0.0,0.0,314.989767074585,6959,787,0,0,58
1777,116,8.33333333333333,120.0,122.0,12.172,0.036,0.0,0.0,0.0,314.978010177612,6943,786,0,0,58
1778,116,8.33333333333333,120.0,122.0,12.172,0.036,0.0,0.0,0.0,314.977067947388,6939,786,0,0,56
1779,116,8.33333333333333,120.0,122.0,12.172,0.036,0.0,0.0,0.0,315.014646530151,6973,792,0,0,63
1780,116,8.33333333333333,120.0,122.0,12.172,0.036,0.0,0.0,0.0,316.019716262817,6968,793,0,0,56
1781,116,8.33333333333333,120.0,122.0,12.172,0.036,0.0,0.0,0.0,316.021078109741,6968,793,0,0,56
1782,117,8.99766666666672,111.139925165783,122.0,12.172,0.036,0.0,0.0,0.0,316.123941421509,7023,794,0,0,70
1783,117,8.33333333333333,120.0,122.0,12.172,0.036,0.0,0.0,0.0,316.119863510132,7021,794,0,0,69
1784,117,8.33333333333333,120.0,122.0,12.172,0.036,0.0,0.0,0.0,316.119241714478,7022,794,0,0,68
1785,117,8.67133333333333,115.322518643807,122.0,12.172,0.036,0.0,0.0,0.0,316.117414474487,7017,794,0,0,65
1786,117,9.317,107.330685843083,122.0,12.172,0.036,0.0,0.0,0.0,316.188989639282,7051,801,0,0,70
1787,117,8.33333333333333,120.0,122.0,12.172,0.036,0.0,0.0,0.0,316.161870956421,7044,796,0,0,72
1788,117,8.33333333333333,120.0,122.0,12.172,0.036,0.0,0.0,0.0,315.78790473938,7030,795,0,0,68
1789,117,8.33333333333333,120.0,122.0,12.172,0.036,0.0,0.0,0.0,315.791379928589,7027,795,0,0,65
1790,117,9.36299999999999,106.80337498665,122.0,12.172,0.036,0.0,0.0,0.0,315.817548751831,7041,800,0,0,64
1791,117,9.841,101.615689462453,122.0,12.172,0.036,0.0,0.0,0.0,315.81011390686,7036,801,0,0,68
1792,117,10.54,94.876660341556,122.0,12.172,0.036,0.0,0.0,0.0,315.761186599731,7009,795,0,0,65
1793,118,9.642,103.71292263016,122.0,12.172,0.036,0.0,0.0,0.0,315.796449661255,7026,798,0,0,68
1794,118,9.102,109.8659635245,122.0,12.172,0.036,0.0,0.0,0.0,315.785680770874,7020,796,0,0,68
1795,118,9.835,101.677681748856,122.0,12.172,0.036,0.0,0.0,0.0,315.785165786743,7023,796,0,0,68
1796,118,12.66,78.9889415481833,122.0,12.172,0.036,0.0,0.0,0.0,315.786527633667,7023,796,0,0,68
1797,118,9.091,109.998900011,122.0,12.172,0.036,0.0,0.0,0.0,315.793104171753,7029,795,0,0,69
1798,118,9.09090909090909,110.0,122.0,12.172,0.036,0.0,0.0,0.0,315.785856246948,7024,793,0,0,68
1799,118,8.84909090909085,113.005958495994,122.0,12.172,0.036,0.0,0.0,0.0,315.768827438354,7015,792,0,0,65
1800,118,9.09090909090909,110.0,122.0,12.172,0.036,0.0,0.0,0.0,315.774240493774,7009,791,0,0,62
1801,118,7.57575757575758,132.0,122.0,12.172,0.036,0.0,0.0,0.0,315.783723831177,7020,793,0,0,64
1802,118,9.09090909090909,110.0,122.0,12.172,0.036,0.0,0.0,0.0,315.78412437439,7018,793,0,0,63
1803,118,7.57575757575758,132.0,122.0,12.172,0.036,0.0,0.0,0.0,315.776445388794,7011,792,0,0,63
1804,119,9.12466666666672,109.593044494775,122.0,12.172,0.036,0.0,0.0,0.0,315.718381881714,6970,776,0,0,60
1805,119,9.09090909090909,110.0,122.0,12.172,0.036,0.0,0.0,0.0,315.700170516968,6953,774,0,0,56
1806,119,9.09090909090909,110.0,122.0,12.172,0.036,0.0,0.0,0.0,315.712785720825,6961,775,0,0,57
1807,119,9.09090909090909,110.0,122.0,12.172,0.036,0.0,0.0,0.0,315.712934494019,6959,775,0,0,56
1808,119,9.09090909090909,110.0,122.0,12.172,0.036,0.0,0.0,0.0,315.689916610718,6949,772,0,0,56
1809,119,9.09090909090909,110.0,122.0,12.172,0.036,0.0,0.0,0.0,315.691278457642,6949,772,0,0,56
1810,119,9.09090909090909,110.0,122.0,12.172,0.036,0.0,0.0,0.0,315.682306289673,6939,772,0,0,52
1811,119,9.09090909090909,110.0,122.0,12.172,0.036,0.0,0.0,0.0,315.680601119995,6934,772,0,0,49
1812,119,9.09090909090909,110.0,122.0,12.172,0.036,0.0,0.0,0.0,315.635000228882,6934,767,0,0,53
1813,119,9.09090909090909,110.0,122.0,12.172,0.036,0.0,0.0,0.0,315.618097305298,6921,765,0,0,52
1814,119,9.05715151515147,110.409989092832,122.0,12.172,0.036,0.0,0.0,0.0,315.616899490356,6916,765,0,0,50
1815,120,8.76900000000005,114.038088721632,122.0,12.172,0.036,0.0,0.0,0.0,315.628324508667,6922,766,0,0,50
1816,120,8.33333333333333,120.0,122.0,12.172,0.036,0.0,0.0,0.0,315.622156143188,6909,766,0,0,45
1817,120,9.09090909090909,110.0,122.0,12.172,0.036,0.0,0.0,0.0,313.017811775208,6970,770,0,0,63
1818,120,9.09090909090909,110.0,122.0,12.172,0.036,0.0,0.0,0.0,313.016274452209,6965,770,0,0,62
1819,120,8.33333333333333,120.0,122.0,12.172,0.036,0.0,0.0,0.0,312.960049629211,6930,764,0,0,56
1820,120,8.33333333333333,120.0,122.0,12.172,0.036,0.0,0.0,0.0,312.959450721741,6930,764,0,0,56
1821,120,8.33333333333333,120.0,122.0,12.172,0.036,0.0,0.0,0.0,312.92817401886,6917,760,0,0,56
1822,120,9.09090909090909,110.0,122.0,12.172,0.036,0.0,0.0,0.0,312.932957649231,6920,762,0,0,55
1823,120,8.6539393939394,115.554310525947,122.0,12.172,0.036,0.0,0.0,0.0,312.908268928528,6902,759,0,0,53
1824,120,8.33333333333333,120.0,122.0,12.172,0.036,0.0,0.0,0.0,312.825455665588,6869,748,0,0,54
1825,120,8.33333333333333,120.0,122.0,12.172,0.036,0.0,0.0,0.0,312.775212287903,6835,742,0,0,48
1826,121,9.09090909090909,110.0,122.0,12.172,0.036,0.0,0.0,0.0,312.818856239319,6847,745,0,0,50
1827,121,8.75242424242424,114.254059481356,122.0,12.172,0.036,0.0,0.0,0.0,312.805645942688,6840,743,0,0,49
1828,121,8.339,119.918455450294,122.0,12.172,0.036,0.0,0.0,0.0,312.833039283752,6857,747,0,0,50
1829,121,8.487,117.827265229174,122.0,12.172,0.036,0.0,0.0,0.0,311.822751045227,6851,745,0,0,50
1830,121,8.33333333333333,120.0,122.0,12.172,0.036,0.0,0.0,0.0,311.811066627502,6847,743,0,0,52
1831,121,9.08766666666667,110.039247331548,122.0,12.172,0.036,0.0,0.0,0.0,311.797131538391,6832,742,0,0,48
1832,121,9.09090909090909,110.0,122.0,12.172,0.036,0.0,0.0,0.0,311.792950630188,6827,741,0,0,47
1833,121,8.33333333333333,120.0,122.0,12.172,0.036,0.0,0.0,0.0,311.792038917542,6823,741,0,0,46
1834,121,8.84175757575758,113.099685377239,122.0,12.172,0.036,0.0,0.0,0.0,311.791085243225,6824,741,0,0,46
1835,121,8.389,119.203719156038,122.0,12.172,0.036,0.0,0.0,0.0,311.807095527649,6830,743,0,0,47
1836,121,8.33333333333333,120.0,122.0,12.172,0.036,0.0,0.0,0.0,311.78799533844,6814,741,0,0,42
1837,121,8.33333333333333,120.0,122.0,12.172,0.036,0.0,0.0,0.0,311.776936531067,6801,740,0,0,40
1838,122,8.33333333333333,120.0,122.0,12.172,0.036,0.0,0.0,0.0,311.769383430481,6791,739,0,0,35
1839,122,9.09090909090909,110.0,122.0,12.172,0.036,0.0,0.0,0.0,311.920224189758,6914,760,0,0,53
1840,122,8.33333333333333,120.0,122.0,12.172,0.036,0.0,0.0,0.0,311.922436714172,6922,760,0,0,55
1841,122,8.33333333333333,120.0,122.0,12.172,0.036,0.0,0.0,0.0,311.892136573792,6904,758,0,0,52
1842,122,8.33333333333333,120.0,122.0,12.172,0.036,0.0,0.0,0.0,312.003239631653,6994,768,0,0,68
1843,122,8.33333333333333,120.0,122.0,12.172,0.036,0.0,0.0,0.0,312.002102851868,6991,768,0,0,67
1844,122,8.33333333333333,120.0,122.0,12.172,0.036,0.0,0.0,0.0,312.09890460968,7057,777,0,0,77
1845,122,8.33333333333333,120.0,122.0,12.172,0.036,0.0,0.0,0.0,312.095810890198,7049,777,0,0,74
1846,122,8.33333333333333,120.0,122.0,12.172,0.036,0.0,0.0,0.0,312.105095863342,7059,778,0,0,75
1847,122,8.33333333333333,120.0,122.0,12.172,0.036,0.0,0.0,0.0,312.102971076965,7053,778,0,0,73
1848,122,8.33333333333333,120.0,122.0,12.172,0.036,0.0,0.0,0.0,312.098084449768,7051,776,0,0,73
1849,122,8.33333333333333,120.0,122.0,12.172,0.036,0.0,0.0,0.0,308.61315536499,7023,751,0,0,77
1850,123,8.70875757575758,114.826941880169,116.0,12.649,0.034,0.0,0.0,0.0,308.668601989746,7084,755,0,0,89
1851,123,8.33333333333333,120.0,116.0,12.649,0.034,0.0,0.0,0.0,308.659420013428,7079,753,0,0,89
1852,123,8.33333333333333,120.0,116.0,12.649,0.034,0.0,0.0,0.0,308.687301635742,7098,755,0,0,94
1853,123,8.33333333333333,120.0,116.0,12.649,0.034,0.0,0.0,0.0,308.684429168701,7094,755,0,0,93
1854,123,9.09090909090909,110.0,116.0,12.649,0.034,0.0,0.0,0.0,308.688827514648,7099,755,0,0,95
1855,123,8.44809090909091,118.369938340023,116.0,12.649,0.034,0.0,0.0,0.0,308.690189361572,7099,755,0,0,95
1856,123,8.33333333333333,120.0,116.0,12.649,0.034,0.0,0.0,0.0,308.690574645996,7103,754,0,0,96
1857,123,8.33333333333333,120.0,116.0,12.649,0.034,0.0,0.0,0.0,308.684383392334,7098,754,0,0,95
1858,123,8.33333333333333,120.0,116.0,12.649,0.034,0.0,0.0,0.0,308.686790466309,7119,750,0,0,105
1859,123,8.33333333333333,120.0,116.0,12.649,0.034,0.0,0.0,0.0,308.675701141357,7097,750,0,0,99
1860,123,8.33333333333333,120.0,116.0,12.649,0.034,0.0,0.0,0.0,308.666263580322,7093,747,0,0,98
1861,123,8.33333333333333,120.0,116.0,12.649,0.034,0.0,0.0,0.0,308.65767288208,7084,747,0,0,96
1862,124,8.33333333333333,120.0,116.0,12.649,0.034,0.0,0.0,0.0,308.730140686035,7117,752,0,0,101
1863,124,8.33333333333333,120.0,116.0,12.649,0.034,0.0,0.0,0.0,308.727916717529,7111,752,0,0,99
1864,124,8.33333333333333,120.0,116.0,12.649,0.034,0.0,0.0,0.0,308.7041015625,7094,749,0,0,99
1865,124,8.33333333333333,120.0,116.0,12.649,0.034,0.0,0.0,0.0,308.730514526367,7102,752,0,0,98
1866,124,8.33333333333333,120.0,116.0,12.649,0.034,0.0,0.0,0.0,308.712211608887,7080,751,0,0,96
1867,124,8.33333333333333,120.0,116.0,12.649,0.034,0.0,0.0,0.0,308.710952758789,7077,751,0,0,94
1868,124,8.33333333333333,120.0,116.0,12.649,0.034,0.0,0.0,0.0,308.716594696045,7081,752,0,0,94
1869,124,8.33333333333333,120.0,116.0,12.649,0.034,0.0,0.0,0.0,308.701366424561,7063,750,0,0,93
1870,124,8.33333333333333,120.0,116.0,12.649,0.034,0.0,0.0,0.0,308.662265777588,7054,747,0,0,93
1871,124,8.33333333333333,120.0,116.0,12.649,0.034,0.0,0.0,0.0,308.543361663818,6963,735,0,0,82
1872,124,8.33333333333333,120.0,116.0,12.649,0.034,0.0,0.0,0.0,308.562580108643,6980,738,0,0,84
1873,124,8.33333333333333,120.0,116.0,12.649,0.034,0.0,0.0,0.0,308.539813995361,6971,732,0,0,83
1874,125,8.33333333333333,120.0,116.0,12.649,0.034,0.0,0.0,0.0,308.523948669434,6960,730,0,0,83
1875,125,8.33333333333333,120.0,116.0,12.649,0.034,0.0,0.0,0.0,308.518852233887,6954,729,0,0,80
1876,125,8.33333333333333,120.0,116.0,12.649,0.034,0.0,0.0,0.0,310.044776916504,6960,731,0,0,81
1877,125,8.33333333333333,120.0,116.0,12.649,0.034,0.0,0.0,0.0,310.037532806396,6954,729,0,0,80
1878,125,8.33333333333333,120.0,116.0,12.649,0.034,0.0,0.0,0.0,310.031955718994,6952,727,0,0,80
1879,125,8.33333333333333,120.0,116.0,12.649,0.034,0.0,0.0,0.0,310.022804260254,6941,726,0,0,77
1880,125,8.33333333333333,120.0,116.0,12.649,0.034,0.0,0.0,0.0,310.02103805542,6936,726,0,0,74
1881,125,8.33333333333333,120.0,116.0,12.649,0.034,0.0,0.0,0.0,310.018684387207,6935,725,0,0,74
1882,125,8.33333333333333,120.0,116.0,12.649,0.034,0.0,0.0,0.0,310.013912200928,6924,725,0,0,70
1883,125,8.33333333333333,120.0,116.0,12.649,0.034,0.0,0.0,0.0,310.004295349121,6920,722,0,0,69
1884,125,8.33333333333333,120.0,116.0,12.649,0.034,0.0,0.0,0.0,310.371578216553,6918,723,0,0,67
1885,125,8.33333333333333,120.0,116.0,12.649,0.034,0.0,0.0,0.0,310.360507965088,6911,721,0,0,67
1886,126,8.33333333333333,120.0,116.0,12.649,0.034,0.0,0.0,0.0,310.431442260742,6947,727,0,0,81
1887,126,8.33333333333333,120.0,116.0,12.649,0.034,0.0,0.0,0.0,310.432804107666,6947,727,0,0,81
1888,126,8.33333333333333,120.0,116.0,12.649,0.034,0.0,0.0,0.0,310.426261901855,6935,727,0,0,73
1889,126,8.33333333333333,120.0,116.0,12.649,0.034,0.0,0.0,0.0,310.427623748779,6935,727,0,0,73
1890,126,8.33333333333333,120.0,116.0,12.649,0.034,0.0,0.0,0.0,310.458110809326,6950,730,0,0,75
1891,126,8.33333333333333,120.0,116.0,12.649,0.034,0.0,0.0,0.0,310.39404296875,6912,722,0,0,73
1892,126,8.33333333333333,120.0,116.0,12.649,0.034,0.0,0.0,0.0,310.394443511963,6910,722,0,0,72
1893,126,8.33333333333333,120.0,116.0,12.649,0.034,0.0,0.0,0.0,310.393901824951,6902,722,0,0,73
1894,126,8.33333333333333,120.0,116.0,12.649,0.034,0.0,0.0,0.0,310.394050598145,6900,722,0,0,72
1895,126,8.33333333333333,120.0,116.0,12.649,0.034,0.0,0.0,0.0,310.429306030273,6927,728,0,0,74
1896,126,8.33333333333333,120.0,116.0,12.649,0.034,0.0,0.0,0.0,310.406085968018,6910,722,0,0,73
1897,126,8.33333333333333,120.0,116.0,12.649,0.034,0.0,0.0,0.0,310.406715393066,6909,722,0,0,72
1898,127,8.33333333333333,120.0,116.0,12.649,0.034,0.0,0.0,0.0,310.468280792236,6945,717,0,0,81
1899,127,8.33333333333333,120.0,116.0,12.649,0.034,0.0,0.0,0.0,310.465137481689,6949,717,0,0,82
1900,127,8.33333333333333,120.0,116.0,12.649,0.034,0.0,0.0,0.0,310.465873718262,6950,717,0,0,82
1901,127,8.33333333333333,120.0,116.0,12.649,0.034,0.0,0.0,0.0,310.433044433594,6936,713,0,0,82
1902,127,8.33333333333333,120.0,116.0,12.649,0.034,0.0,0.0,0.0,310.484718322754,6965,718,0,0,86
1903,127,8.33333333333333,120.0,116.0,12.649,0.034,0.0,0.0,0.0,310.486080169678,6965,718,0,0,86
1904,127,8.33333333333333,120.0,116.0,12.649,0.034,0.0,0.0,0.0,310.477828979492,6960,716,0,0,86
1905,127,8.33333333333333,120.0,116.0,12.649,0.034,0.0,0.0,0.0,310.474590301514,6952,716,0,0,83
1906,127,8.33333333333333,120.0,116.0,12.649,0.034,0.0,0.0,0.0,310.416831970215,6912,709,0,0,81
1907,127,8.33333333333333,120.0,116.0,12.649,0.034,0.0,0.0,0.0,310.464248657227,6943,716,0,0,86
1908,127,8.33333333333333,120.0,116.0,12.649,0.034,0.0,0.0,0.0,310.452831268311,6936,714,0,0,85
1909,127,8.33333333333333,120.0,116.0,12.649,0.034,0.0,0.0,0.0,310.471946716309,6947,716,0,0,87
1910,128,8.33333333333333,120.0,116.0,12.649,0.034,0.0,0.0,0.0,308.980503082275,6957,717,0,0,89
1911,128,8.33333333333333,120.0,116.0,12.649,0.034,0.0,0.0,0.0,308.957042694092,6941,714,0,0,86
1912,128,8.33333333333333,120.0,116.0,12.649,0.034,0.0,0.0,0.0,309.974922180176,6950,717,0,0,87
1913,128,8.33333333333333,120.0,116.0,12.649,0.034,0.0,0.0,0.0,309.9762840271,6950,717,0,0,87
1914,128,9.09090909090909,110.0,116.0,12.649,0.034,0.0,0.0,0.0,309.976432800293,6948,717,0,0,86
1915,128,9.09090909090909,110.0,116.0,12.649,0.034,0.0,0.0,0.0,309.977794647217,6948,717,0,0,86
1916,128,9.09090909090909,110.0,116.0,12.649,0.034,0.0,0.0,0.0,309.970859527588,6944,715,0,0,84
1917,128,8.33333333333333,120.0,116.0,12.649,0.034,0.0,0.0,0.0,309.959373474121,6927,714,0,0,79
1918,128,8.33333333333333,120.0,116.0,12.649,0.034,0.0,0.0,0.0,309.966499328613,6935,715,0,0,81
1919,128,8.33333333333333,120.0,116.0,12.649,0.034,0.0,0.0,0.0,309.980693817139,6938,717,0,0,81
1920,128,8.33333333333333,120.0,116.0,12.649,0.034,0.0,0.0,0.0,310.983840942383,6940,717,0,0,81
1921,129,9.09090909090909,110.0,116.0,12.649,0.034,0.0,0.0,0.0,311.061195373535,6960,726,0,0,77
1922,129,9.09090909090909,110.0,116.0,12.649,0.034,0.0,0.0,0.0,311.048950195313,6953,724,0,0,76
1923,129,9.09090909090909,110.0,116.0,12.649,0.034,0.0,0.0,0.0,311.051357269287,6957,724,0,0,77
1924,129,9.09090909090909,110.0,116.0,12.649,0.034,0.0,0.0,0.0,311.050010681152,6953,724,0,0,74
1925,129,8.56396969696971,116.768278658651,116.0,12.649,0.034,0.0,0.0,0.0,311.100917816162,6968,730,0,0,72
1926,129,8.33333333333333,120.0,116.0,12.649,0.034,0.0,0.0,0.0,311.054878234863,6940,725,0,0,70
1927,129,8.33333333333333,120.0,116.0,12.649,0.034,0.0,0.0,0.0,311.023109436035,6915,722,0,0,64
1928,129,8.33333333333333,120.0,116.0,12.649,0.034,0.0,0.0,0.0,310.648723602295,6900,721,0,0,62
1929,129,8.33333333333333,120.0,116.0,12.649,0.034,0.0,0.0,0.0,310.668556213379,6909,725,0,0,61
1930,129,8.66266666666667,115.437894412806,116.0,12.649,0.034,0.0,0.0,0.0,310.668315887451,6915,725,0,0,62
1931,129,8.453,118.301194842068,116.0,12.649,0.034,0.0,0.0,0.0,310.658065795898,6895,725,0,0,54
1932,129,8.509,117.522623104948,116.0,12.649,0.034,0.0,0.0,0.0,310.624320983887,6879,721,0,0,53
1933,130,9.09090909090909,110.0,116.0,12.649,0.034,0.0,0.0,0.0,310.705623626709,6908,729,0,0,57
1934,130,9.6377575757575,103.758575803501,116.0,12.649,0.034,0.0,0.0,0.0,310.703392028809,6913,729,0,0,58
1935,130,8.86633333333341,112.786194969735,116.0,12.649,0.034,0.0,0.0,0.0,307.836680412292,6857,699,0,0,58
1936,130,8.33333333333333,120.0,116.0,12.649,0.034,0.0,0.0,0.0,307.829398155212,6843,699,0,0,51
1937,130,8.33333333333333,120.0,116.0,12.649,0.034,0.0,0.0,0.0,307.792635917664,6819,694,0,0,47
1938,130,8.33333333333333,120.0,116.0,12.649,0.034,0.0,0.0,0.0,307.874266624451,6870,702,0,0,54
1939,130,8.33333333333333,120.0,116.0,12.649,0.034,0.0,0.0,0.0,307.859980583191,6866,701,0,0,53
1940,130,8.33333333333333,120.0,116.0,12.649,0.034,0.0,0.0,0.0,307.869116783142,6861,701,0,0,51
1941,130,9.09090909090909,110.0,116.0,12.649,0.034,0.0,0.0,0.0,307.864462852478,6865,701,0,0,51
1942,130,9.09090909090909,110.0,116.0,12.649,0.034,0.0,0.0,0.0,307.85148525238,6866,699,0,0,55
1943,130,8.33333333333333,120.0,116.0,12.649,0.034,0.0,0.0,0.0,307.82443523407,6844,696,0,0,53
1944,131,8.33333333333333,120.0,116.0,12.649,0.034,0.0,0.0,0.0,307.832743644714,6852,696,0,0,57
1945,131,8.33333333333333,120.0,116.0,12.649,0.034,0.0,0.0,0.0,306.813094139099,6842,693,0,0,56
1946,131,8.33333333333333,120.0,116.0,12.649,0.034,0.0,0.0,0.0,306.933863639832,6910,718,0,0,63
1947,131,8.33333333333333,120.0,116.0,12.649,0.034,0.0,0.0,0.0,306.963843345642,6929,721,0,0,67
1948,131,8.33333333333333,120.0,116.0,12.649,0.034,0.0,0.0,0.0,306.949412345886,6920,719,0,0,67
1949,131,8.33333333333333,120.0,116.0,12.649,0.034,0.0,0.0,0.0,306.95077419281,6920,719,0,0,67
1950,131,8.33333333333333,120.0,116.0,12.649,0.034,0.0,0.0,0.0,306.955019950867,6925,719,0,0,69
1951,131,8.33333333333333,120.0,116.0,12.649,0.034,0.0,0.0,0.0,306.972128868103,6942,721,0,0,73
1952,131,8.33333333333333,120.0,116.0,12.649,0.034,0.0,0.0,0.0,306.965415000916,6936,721,0,0,69
1953,131,8.33333333333333,120.0,116.0,12.649,0.034,0.0,0.0,0.0,306.957003593445,6928,720,0,0,68
1954,131,8.33333333333333,120.0,116.0,12.649,0.034,0.0,0.0,0.0,306.923819541931,6908,715,0,0,65
1955,131,8.33333333333333,120.0,116.0,12.649,0.034,0.0,0.0,0.0,306.90744304657,6891,712,0,0,60
1956,132,8.33333333333333,120.0,116.0,12.649,0.034,0.0,0.0,0.0,306.933630943298,6900,716,0,0,59
1957,132,8.33333333333333,120.0,116.0,12.649,0.034,0.0,0.0,0.0,306.937148094177,6904,717,0,0,59
1958,132,8.33333333333333,120.0,116.0,12.649,0.034,0.0,0.0,0.0,306.938502311707,6904,717,0,0,59
1959,132,8.33333333333333,120.0,116.0,12.649,0.034,0.0,0.0,0.0,306.930464744568,6893,717,0,0,55
1960,132,8.33333333333333,120.0,116.0,12.649,0.034,0.0,0.0,0.0,306.988308906555,6956,724,0,0,67
1961,132,8.33333333333333,120.0,116.0,12.649,0.034,0.0,0.0,0.0,306.935006141663,6931,718,0,0,66
1962,132,8.33333333333333,120.0,116.0,12.649,0.034,0.0,0.0,0.0,306.930455207825,6926,717,0,0,64
1963,132,8.33333333333333,120.0,116.0,12.649,0.034,0.0,0.0,0.0,306.941174507141,6938,718,0,0,67
1964,132,8.33333333333333,120.0,116.0,12.649,0.034,0.0,0.0,0.0,305.929364204407,6928,717,0,0,66
1965,132,8.33333333333333,120.0,116.0,12.649,0.034,0.0,0.0,0.0,305.854641914368,6902,709,0,0,68
1966,132,8.33333333333333,120.0,116.0,12.649,0.034,0.0,0.0,0.0,305.848786354065,6890,709,0,0,64
1967,132,8.33333333333333,120.0,116.0,12.649,0.034,0.0,0.0,0.0,305.846447944641,6884,709,0,0,62
1968,133,8.33333333333333,120.0,116.0,12.649,0.034,0.0,0.0,0.0,305.855244636536,6890,709,0,0,64
1969,133,8.33333333333333,120.0,119.0,11.864,0.029,0.0,0.0,0.0,305.793663978577,6876,702,0,0,66
1970,133,8.33333333333333,120.0,119.0,11.864,0.029,0.0,0.0,0.0,305.77489566803,6849,701,0,0,59
1971,133,8.33333333333333,120.0,119.0,11.864,0.029,0.0,0.0,0.0,305.776257514954,6849,701,0,0,59
1972,133,8.33333333333333,120.0,119.0,11.864,0.029,0.0,0.0,0.0,305.777619361877,6849,701,0,0,59
1973,133,8.33333333333333,120.0,119.0,11.864,0.029,0.0,0.0,0.0,305.778981208801,6849,701,0,0,59
1974,133,8.33333333333333,120.0,119.0,11.864,0.029,0.0,0.0,0.0,305.777165412903,6848,700,0,0,59
1975,133,8.33333333333333,120.0,119.0,11.864,0.029,0.0,0.0,0.0,305.784863471985,6855,701,0,0,60
1976,133,8.33333333333333,120.0,119.0,11.864,0.029,0.0,0.0,0.0,305.774865150452,6844,700,0,0,59
1977,133,8.33333333333333,120.0,119.0,11.864,0.029,0.0,0.0,0.0,305.785092353821,6848,701,0,0,59
1978,133,8.33333333333333,120.0,119.0,11.864,0.029,0.0,0.0,0.0,305.782799720764,6842,701,0,0,56
1979,133,8.33333333333333,120.0,119.0,11.864,0.029,0.0,0.0,0.0,305.786988258362,6851,702,0,0,58
1980,134,8.33333333333333,120.0,119.0,11.864,0.029,0.0,0.0,0.0,305.754330635071,6846,695,0,0,61
1981,134,8.33333333333333,120.0,119.0,11.864,0.029,0.0,0.0,0.0,305.703991889954,6816,686,0,0,57
1982,134,8.33333333333333,120.0,119.0,11.864,0.029,0.0,0.0,0.0,305.688286781311,6805,686,0,0,53
1983,134,8.33333333333333,120.0,119.0,11.864,0.029,0.0,0.0,0.0,305.672986030579,6795,684,0,0,52
1984,134,8.33333333333333,120.0,119.0,11.864,0.029,0.0,0.0,0.0,305.672410011292,6792,684,0,0,50
1985,134,8.33333333333333,120.0,119.0,11.864,0.029,0.0,0.0,0.0,305.684224128723,6799,685,0,0,51
1986,134,7.92651515151516,126.158845455414,119.0,11.864,0.029,0.0,0.0,0.0,305.681916236877,6798,684,0,0,51
1987,134,7.779,128.551227664224,119.0,11.864,0.029,0.0,0.0,0.0,305.672890663147,6794,683,0,0,49
1988,134,8.33333333333333,120.0,119.0,11.864,0.029,0.0,0.0,0.0,305.677746772766,6800,683,0,0,52
1989,134,7.70566666666667,129.774624735043,119.0,11.864,0.029,0.0,0.0,0.0,305.609581947327,6761,675,0,0,52
1990,134,7.57575757575758,132.0,119.0,11.864,0.029,0.0,0.0,0.0,305.588963508606,6752,669,0,0,51
1991,134,7.57575757575758,132.0,119.0,11.864,0.029,0.0,0.0,0.0,305.558663368225,6716,667,0,0,44
1992,134,7.57575757575758,132.0,119.0,11.864,0.029,0.0,0.0,0.0,305.558812141418,6714,667,0,0,43
1993,135,7.57575757575758,132.0,119.0,11.864,0.029,0.0,0.0,0.0,305.532925605774,6695,663,0,0,46
1994,135,7.57575757575758,132.0,119.0,11.864,0.029,0.0,0.0,0.0,305.520421028137,6681,662,0,0,39
1995,135,7.57575757575758,132.0,119.0,11.864,0.029,0.0,0.0,0.0,305.500496864319,6671,654,0,0,39
1996,135,7.57575757575758,132.0,119.0,11.864,0.029,0.0,0.0,0.0,305.501858711243,6671,654,0,0,39
1997,135,7.57575757575758,132.0,119.0,11.864,0.029,0.0,0.0,0.0,305.543522834778,6694,658,0,0,43
1998,135,7.57575757575758,132.0,119.0,11.864,0.029,0.0,0.0,0.0,305.468264579773,6667,649,0,0,43
1999,135,7.57575757575758,132.0,119.0,11.864,0.029,0.0,0.0,0.0,305.417105674744,6604,646,0,0,28
2000,135,7.57575757575758,132.0,119.0,11.864,0.029,0.0,0.0,0.0,305.404623985291,6587,645,0,0,27
2001,135,7.57575757575758,132.0,119.0,11.864,0.029,0.0,0.0,0.0,305.438467979431,6614,650,0,0,32
2002,135,7.57575757575758,132.0,119.0,11.864,0.029,0.0,0.0,0.0,305.439829826355,6614,650,0,0,32
2003,135,7.57575757575758,132.0,119.0,11.864,0.029,0.0,0.0,0.0,305.437087059021,6607,650,0,0,29
2004,135,7.57575757575758,132.0,119.0,11.864,0.029,0.0,0.0,0.0,305.434718132019,6601,650,0,0,26
2005,135,7.57575757575758,132.0,119.0,11.864,0.029,0.0,0.0,0.0,305.438963890076,6606,650,0,0,28
2006,136,8.33333333333333,120.0,119.0,11.864,0.029,0.0,0.0,0.0,305.421511650085,6602,640,0,0,30
2007,136,8.33333333333333,120.0,119.0,11.864,0.029,0.0,0.0,0.0,305.425757408142,6607,640,0,0,32
2008,136,8.33333333333333,120.0,119.0,11.864,0.029,0.0,0.0,0.0,305.42090511322,6611,638,0,0,34
2009,136,8.33333333333333,120.0,119.0,11.864,0.029,0.0,0.0,0.0,305.414114952087,6607,636,0,0,33
2010,136,8.33333333333333,120.0,119.0,11.864,0.029,0.0,0.0,0.0,305.407183647156,6598,635,0,0,30
2011,136,8.33333333333333,120.0,119.0,11.864,0.029,0.0,0.0,0.0,305.406867027283,6595,635,0,0,29
2012,136,8.23254545454546,121.469113717176,119.0,11.864,0.029,0.0,0.0,0.0,305.408228874207,6595,635,0,0,29
2013,136,8.318,120.221207020918,119.0,11.864,0.029,0.0,0.0,0.0,305.28794002533,6515,621,0,0,29
2014,136,7.983,125.266190655142,119.0,11.864,0.029,0.0,0.0,0.0,305.284556388855,6507,621,0,0,25
2015,136,7.973,125.423303649818,119.0,11.864,0.029,0.0,0.0,0.0,305.285918235779,6507,621,0,0,25
2016,136,8.092,123.578843302027,119.0,11.864,0.029,0.0,0.0,0.0,305.274802207947,6500,619,0,0,25
2017,136,7.92,126.262626262626,119.0,11.864,0.029,0.0,0.0,0.0,305.276164054871,6500,619,0,0,25
2018,137,8.33333333333333,120.0,119.0,11.864,0.029,0.0,0.0,0.0,305.277342796326,6500,619,0,0,25
2019,137,8.33333333333333,120.0,119.0,11.864,0.029,0.0,0.0,0.0,305.262572288513,6491,617,0,0,25
2020,137,8.33333333333333,120.0,119.0,11.864,0.029,0.0,0.0,0.0,306.792441368103,6496,620,0,0,21
2021,137,8.33333333333333,120.0,119.0,11.864,0.029,0.0,0.0,0.0,306.793803215027,6496,620,0,0,21
2022,137,8.33333333333333,120.0,119.0,11.864,0.029,0.0,0.0,0.0,306.795165061951,6496,620,0,0,21
2023,137,8.33333333333333,120.0,119.0,11.864,0.029,0.0,0.0,0.0,306.763339042664,6476,616,0,0,20
2024,137,8.33333333333333,120.0,119.0,11.864,0.029,0.0,0.0,0.0,306.762724876404,6473,616,0,0,18
2025,137,8.33333333333333,120.0,119.0,11.864,0.029,0.0,0.0,0.0,306.763125419617,6471,616,0,0,17
2026,137,8.33333333333333,120.0,119.0,11.864,0.029,0.0,0.0,0.0,306.747263908386,6460,614,0,0,16
2027,137,8.33333333333333,120.0,119.0,11.864,0.029,0.0,0.0,0.0,306.746947288513,6457,614,0,0,15
2028,137,8.33333333333333,120.0,119.0,11.864,0.029,0.0,0.0,0.0,307.111193656921,6459,613,0,0,14
2029,137,8.33333333333333,120.0,119.0,11.864,0.029,0.0,0.0,0.0,307.112555503845,6459,613,0,0,14
2030,138,8.33333333333333,120.0,119.0,11.864,0.029,0.0,0.0,0.0,307.420580863953,6665,650,0,0,48
2031,138,8.33333333333333,120.0,119.0,11.864,0.029,0.0,0.0,0.0,307.394877433777,6650,647,0,0,46
2032,138,8.33333333333333,120.0,119.0,11.864,0.029,0.0,0.0,0.0,307.396239280701,6650,647,0,0,46
2033,138,8.33333333333333,120.0,119.0,11.864,0.029,0.0,0.0,0.0,307.397601127625,6650,647,0,0,46
2034,138,8.33333333333333,120.0,119.0,11.864,0.029,0.0,0.0,0.0,307.423205375671,6666,649,0,0,50
2035,138,9.90900000000001,100.918357049147,119.0,11.864,0.029,0.0,0.0,0.0,307.424567222595,6666,649,0,0,50
2036,138,8.33333333333333,120.0,119.0,11.864,0.029,0.0,0.0,0.0,307.425292015076,6665,649,0,0,50
2037,138,8.33333333333333,120.0,119.0,11.864,0.029,0.0,0.0,0.0,307.43786907196,6673,650,0,0,51
2038,138,8.33333333333333,120.0,119.0,11.864,0.029,0.0,0.0,0.0,307.436804771423,6669,650,0,0,49
2039,138,8.33333333333333,120.0,119.0,11.864,0.029,0.0,0.0,0.0,307.532294273376,6737,664,0,0,61
2040,138,8.33333333333333,120.0,119.0,11.864,0.029,0.0,0.0,0.0,307.529253959656,6730,664,0,0,57
2041,138,8.33333333333333,120.0,119.0,11.864,0.029,0.0,0.0,0.0,307.545161247253,6739,665,0,0,59
2042,139,8.33333333333333,120.0,119.0,11.864,0.029,0.0,0.0,0.0,307.596617698669,6757,668,0,0,61
2043,139,8.33333333333333,120.0,119.0,11.864,0.029,0.0,0.0,0.0,307.586512565613,6746,667,0,0,59
2044,139,8.47633333333334,117.975539738094,119.0,11.864,0.029,0.0,0.0,0.0,307.569712638855,6741,665,0,0,59
2045,139,9.759,102.469515319193,119.0,11.864,0.029,0.0,0.0,0.0,307.570342063904,6740,665,0,0,58
2046,139,11.624,86.0289057123193,119.0,11.864,0.029,0.0,0.0,0.0,293.962692260742,6685,631,0,0,58
2047,139,9.406,106.315118009781,119.0,11.864,0.029,0.0,0.0,0.0,293.955154418945,6678,629,0,0,57
2048,139,9.09090909090909,110.0,119.0,11.864,0.029,0.0,0.0,0.0,293.940517425537,6665,626,0,0,53
2049,139,9.09090909090909,110.0,119.0,11.864,0.029,0.0,0.0,0.0,293.926078796387,6643,625,0,0,43
2050,139,9.09090909090909,110.0,119.0,11.864,0.029,0.0,0.0,0.0,293.935478210449,6644,626,0,0,41
2051,139,9.09090909090909,110.0,119.0,11.864,0.029,0.0,0.0,0.0,293.952312469482,6651,628,0,0,42
2052,139,9.09090909090909,110.0,119.0,11.864,0.029,0.0,0.0,0.0,293.97142791748,6662,630,0,0,44
2053,140,9.09090909090909,110.0,119.0,11.864,0.029,0.0,0.0,0.0,292.446067810059,6655,628,0,0,43
2054,140,9.09090909090909,110.0,119.0,11.864,0.029,0.0,0.0,0.0,292.41711807251,6644,623,0,0,44
2055,140,9.09090909090909,110.0,119.0,11.864,0.029,0.0,0.0,0.0,293.43221282959,6650,626,0,0,42
2056,140,7.90839393939384,126.447924529749,119.0,11.864,0.029,0.0,0.0,0.0,293.433574676514,6650,626,0,0,42
2057,140,9.09090909090909,110.0,119.0,11.864,0.029,0.0,0.0,0.0,293.449481964111,6659,627,0,0,44
2058,140,8.33333333333333,120.0,119.0,11.864,0.029,0.0,0.0,0.0,293.449317932129,6656,627,0,0,43
2059,140,8.33333333333333,120.0,119.0,11.864,0.029,0.0,0.0,0.0,293.450679779053,6656,627,0,0,43
2060,140,8.33333333333333,120.0,119.0,11.864,0.029,0.0,0.0,0.0,293.449859619141,6652,627,0,0,41
2061,140,8.33333333333333,120.0,119.0,11.864,0.029,0.0,0.0,0.0,293.4446144104,6674,627,0,0,49
2062,140,8.33333333333333,120.0,119.0,11.864,0.029,0.0,0.0,0.0,293.44115447998,6666,627,0,0,46
2063,140,8.33333333333333,120.0,119.0,11.864,0.029,0.0,0.0,0.0,294.440464019775,6661,627,0,0,44
2064,140,8.33333333333333,120.0,119.0,11.864,0.029,0.0,0.0,0.0,294.432838439941,6645,627,0,0,40
2065,141,8.78142424242435,113.876743953316,119.0,11.864,0.029,0.0,0.0,0.0,294.532791137695,6689,636,0,0,45
2066,141,8.33333333333333,120.0,119.0,11.864,0.029,0.0,0.0,0.0,294.534160614014,6689,636,0,0,46
2067,141,8.33333333333333,120.0,119.0,11.864,0.029,0.0,0.0,0.0,294.530235290527,6680,636,0,0,43
2068,141,8.33333333333333,120.0,119.0,11.864,0.029,0.0,0.0,0.0,294.533267974854,6683,636,0,0,44
2069,141,8.33333333333333,120.0,119.0,11.864,0.029,0.0,0.0,0.0,294.563053131104,6698,639,0,0,47
2070,141,8.33333333333333,120.0,119.0,11.864,0.029,0.0,0.0,0.0,294.534782409668,6680,636,0,0,44
2071,141,8.33333333333333,120.0,119.0,11.864,0.029,0.0,0.0,0.0,294.533267974854,6675,636,0,0,43
2072,141,8.33333333333333,120.0,119.0,11.864,0.029,0.0,0.0,0.0,294.165191650391,6660,636,0,0,37
2073,141,8.33333333333333,120.0,119.0,11.864,0.029,0.0,0.0,0.0,294.122005462646,6636,632,0,0,34
2074,141,8.33333333333333,120.0,119.0,11.864,0.029,0.0,0.0,0.0,294.123035430908,6643,633,0,0,39
2075,141,8.33333333333333,120.0,119.0,11.864,0.029,0.0,0.0,0.0,294.087142944336,6624,629,0,0,37
2076,141,8.33333333333333,120.0,119.0,11.864,0.029,0.0,0.0,0.0,294.087772369385,6623,629,0,0,36
2077,142,8.33333333333333,120.0,119.0,11.864,0.029,0.0,0.0,0.0,294.118141174316,6640,632,0,0,39
2078,142,8.33333333333333,120.0,119.0,11.864,0.029,0.0,0.0,0.0,294.115550994873,6634,632,0,0,35
2079,142,8.75466666666667,114.22479439537,119.0,11.864,0.029,0.0,0.0,0.0,294.231590270996,6703,654,0,0,48
2080,142,8.33333333333333,120.0,119.0,11.864,0.029,0.0,0.0,0.0,294.23295211792,6703,654,0,0,48
2081,142,8.33333333333333,120.0,119.0,11.864,0.029,0.0,0.0,0.0,294.245574951172,6711,655,0,0,49
2082,142,8.33333333333333,120.0,119.0,11.864,0.029,0.0,0.0,0.0,294.246936798096,6711,655,0,0,49
2083,142,8.33333333333333,120.0,119.0,11.864,0.029,0.0,0.0,0.0,294.233745574951,6714,653,0,0,51
2084,142,8.33333333333333,120.0,119.0,11.864,0.029,0.0,0.0,0.0,294.243789672852,6711,653,0,0,49
2085,142,8.33333333333333,120.0,119.0,11.864,0.029,0.0,0.0,0.0,294.230274200439,6694,652,0,0,44
2086,142,8.33333333333333,120.0,119.0,11.864,0.029,0.0,0.0,0.0,294.248558044434,6704,654,0,0,46
2087,142,8.33333333333333,120.0,119.0,11.864,0.029,0.0,0.0,0.0,294.218486785889,6686,649,0,0,46
2088,143,8.33333333333333,120.0,119.0,11.864,0.029,0.0,0.0,0.0,294.224533081055,6679,650,0,0,44
2089,143,8.33333333333333,120.0,120.0,12.969,0.027,0.0,0.0,0.0,293.186038970947,6656,645,0,0,40
2090,143,8.33333333333333,120.0,120.0,12.969,0.027,0.0,0.0,0.0,293.1535987854,6635,641,0,0,39
2091,143,8.33333333333333,120.0,120.0,12.969,0.027,0.0,0.0,0.0,293.133655548096,6619,639,0,0,35
2092,143,8.33333333333333,120.0,120.0,12.969,0.027,0.0,0.0,0.0,293.119087219238,6610,637,0,0,35
2093,143,8.33333333333333,120.0,120.0,12.969,0.027,0.0,0.0,0.0,293.120449066162,6610,637,0,0,35
2094,143,8.33333333333333,120.0,120.0,12.969,0.027,0.0,0.0,0.0,293.121810913086,6610,637,0,0,35
2095,143,8.33333333333333,120.0,120.0,12.969,0.027,0.0,0.0,0.0,293.122787475586,6614,636,0,0,37
2096,143,8.33333333333333,120.0,120.0,12.969,0.027,0.0,0.0,0.0,293.127883911133,6616,637,0,0,37
2097,143,8.33333333333333,120.0,120.0,12.969,0.027,0.0,0.0,0.0,293.124401092529,6616,637,0,0,36
2098,143,8.33333333333333,120.0,120.0,12.969,0.027,0.0,0.0,0.0,293.118942260742,6616,636,0,0,37
2099,143,8.33333333333333,120.0,120.0,12.969,0.027,0.0,0.0,0.0,293.113178253174,6604,636,0,0,30
2100,144,8.33333333333333,120.0,120.0,12.969,0.027,0.0,0.0,0.0,293.109504699707,6596,636,0,0,26
2101,144,8.33333333333333,120.0,120.0,12.969,0.027,0.0,0.0,0.0,293.105186462402,6591,635,0,0,24
2102,144,8.33333333333333,120.0,120.0,12.969,0.027,0.0,0.0,0.0,293.101390838623,6595,635,0,0,26
2103,144,8.33333333333333,120.0,120.0,12.969,0.027,0.0,0.0,0.0,293.102752685547,6595,635,0,0,26
2104,144,8.33333333333333,120.0,120.0,12.969,0.027,0.0,0.0,0.0,293.104114532471,6595,635,0,0,26
2105,144,8.33333333333333,120.0,120.0,12.969,0.027,0.0,0.0,0.0,293.056671142578,6575,629,0,0,26
2106,144,8.33333333333333,120.0,120.0,12.969,0.027,0.0,0.0,0.0,293.055812835693,6573,629,0,0,26
2107,144,8.33333333333333,120.0,120.0,12.969,0.027,0.0,0.0,0.0,292.04162979126,6563,627,0,0,24
2108,144,8.33333333333333,120.0,120.0,12.969,0.027,0.0,0.0,0.0,292.043746948242,6560,628,0,0,23
2109,144,8.33333333333333,120.0,120.0,12.969,0.027,0.0,0.0,0.0,292.047992706299,6565,628,0,0,25
2110,144,8.33333333333333,120.0,120.0,12.969,0.027,0.0,0.0,0.0,291.975311279297,6535,620,0,0,25
2111,144,8.33333333333333,120.0,120.0,12.969,0.027,0.0,0.0,0.0,291.976673126221,6535,620,0,0,25
2112,145,8.33333333333333,120.0,120.0,12.969,0.027,0.0,0.0,0.0,291.995666503906,6552,623,0,0,28
2113,145,8.19933333333334,121.96113505163,120.0,12.969,0.027,0.0,0.0,0.0,291.968418121338,6543,616,0,0,29
2114,145,7.686,130.106687483737,120.0,12.969,0.027,0.0,0.0,0.0,291.970390319824,6544,616,0,0,30
2115,145,8.33333333333333,120.0,120.0,12.969,0.027,0.0,0.0,0.0,291.971752166748,6544,616,0,0,30
2116,145,7.79366666666667,128.309310979,120.0,12.969,0.027,0.0,0.0,0.0,291.973114013672,6544,616,0,0,30
2117,145,7.617,131.285282919785,120.0,12.969,0.027,0.0,0.0,0.0,291.974475860596,6544,616,0,0,30
2118,145,7.57575757575758,132.0,120.0,12.969,0.027,0.0,0.0,0.0,291.930252075195,6524,598,0,0,30
2119,145,7.57575757575758,132.0,120.0,12.969,0.027,0.0,0.0,0.0,291.927898406982,6523,597,0,0,30
2120,145,7.57575757575758,132.0,120.0,12.969,0.027,0.0,0.0,0.0,291.926986694336,6519,597,0,0,29
2121,145,7.57575757575758,132.0,120.0,12.969,0.027,0.0,0.0,0.0,291.926372528076,6516,597,0,0,27
2122,145,7.57575757575758,132.0,120.0,12.969,0.027,0.0,0.0,0.0,291.910919189453,6518,593,0,0,32
2123,145,7.57575757575758,132.0,120.0,12.969,0.027,0.0,0.0,0.0,291.887493133545,6494,591,0,0,27
2124,145,7.57575757575758,132.0,120.0,12.969,0.027,0.0,0.0,0.0,291.888854980469,6494,591,0,0,27
2125,146,7.57575757575758,132.0,120.0,12.969,0.027,0.0,0.0,0.0,291.866374969482,6480,588,0,0,27
2126,146,7.57575757575758,132.0,120.0,12.969,0.027,0.0,0.0,0.0,291.848926544189,6466,586,0,0,25
2127,146,7.57575757575758,132.0,120.0,12.969,0.027,0.0,0.0,0.0,291.837768554688,6463,586,0,0,23
2128,146,7.57575757575758,132.0,120.0,12.969,0.027,0.0,0.0,0.0,291.839130401611,6463,586,0,0,23
2129,146,7.57575757575758,132.0,120.0,12.969,0.027,0.0,0.0,0.0,291.824562072754,6454,584,0,0,23
2130,146,7.57575757575758,132.0,120.0,12.969,0.027,0.0,0.0,0.0,291.825923919678,6454,584,0,0,23
2131,146,7.57575757575758,132.0,120.0,12.969,0.027,0.0,0.0,0.0,291.814167022705,6438,583,0,0,23
2132,146,7.57575757575758,132.0,120.0,12.969,0.027,0.0,0.0,0.0,291.815528869629,6438,583,0,0,23
2133,146,7.57575757575758,132.0,120.0,12.969,0.027,0.0,0.0,0.0,291.816890716553,6438,583,0,0,23
2134,146,7.57575757575758,132.0,120.0,12.969,0.027,0.0,0.0,0.0,291.818252563477,6438,583,0,0,23
2135,146,7.57575757575758,132.0,120.0,12.969,0.027,0.0,0.0,0.0,291.817935943604,6435,583,0,0,22
2136,146,7.57575757575758,132.0,120.0,12.969,0.027,0.0,0.0,0.0,291.817447662354,6432,583,0,0,21
2137,146,7.57575757575758,132.0,120.0,12.969,0.027,0.0,0.0,0.0,291.818809509277,6432,583,0,0,21
2138,146,7.57575757575758,132.0,120.0,12.969,0.027,0.0,0.0,0.0,291.820171356201,6432,583,0,0,21
2139,147,7.57575757575758,132.0,120.0,12.969,0.027,0.0,0.0,0.0,291.832920074463,6435,583,0,0,22
2140,147,7.57575757575758,132.0,120.0,12.969,0.027,0.0,0.0,0.0,291.825290679932,6428,582,0,0,21
2141,147,7.57575757575758,132.0,120.0,12.969,0.027,0.0,0.0,0.0,291.826103210449,6427,582,0,0,20
2142,147,7.57575757575758,132.0,120.0,12.969,0.027,0.0,0.0,0.0,291.819034576416,6421,580,0,0,19
2143,147,7.57575757575758,132.0,120.0,12.969,0.027,0.0,0.0,0.0,291.82039642334,6421,580,0,0,19
2144,147,7.57575757575758,132.0,120.0,12.969,0.027,0.0,0.0,0.0,291.821758270264,6421,580,0,0,19
2145,147,7.57575757575758,132.0,120.0,12.969,0.027,0.0,0.0,0.0,291.823120117188,6421,580,0,0,19
2146,147,7.57575757575758,132.0,120.0,12.969,0.027,0.0,0.0,0.0,291.794429779053,6403,576,0,0,19
2147,147,7.57575757575758,132.0,120.0,12.969,0.027,0.0,0.0,0.0,291.795791625977,6403,576,0,0,19
2148,147,7.57575757575758,132.0,120.0,12.969,0.027,0.0,0.0,0.0,291.7971534729,6403,576,0,0,19
2149,147,7.57575757575758,132.0,120.0,12.969,0.027,0.0,0.0,0.0,291.798515319824,6403,576,0,0,19
2150,147,7.57575757575758,132.0,120.0,12.969,0.027,0.0,0.0,0.0,291.799877166748,6403,576,0,0,19
2151,147,7.57575757575758,132.0,120.0,12.969,0.027,0.0,0.0,0.0,291.801239013672,6403,576,0,0,19
2152,148,7.57575757575758,132.0,120.0,12.969,0.027,0.0,0.0,0.0,291.814479827881,6406,576,0,0,20
2153,148,7.57575757575758,132.0,120.0,12.969,0.027,0.0,0.0,0.0,291.815841674805,6406,576,0,0,20
2154,148,7.57575757575758,132.0,120.0,12.969,0.027,0.0,0.0,0.0,291.866180419922,6435,586,0,0,23
2155,148,7.57575757575758,132.0,120.0,12.969,0.027,0.0,0.0,0.0,291.859638214111,6423,586,0,0,15
2156,148,7.57575757575758,132.0,120.0,12.969,0.027,0.0,0.0,0.0,291.861000061035,6423,586,0,0,15
2157,148,8.31912121212124,120.205004170749,120.0,12.969,0.027,0.0,0.0,0.0,291.862361907959,6423,586,0,0,15
2158,148,8.33333333333333,120.0,120.0,12.969,0.027,0.0,0.0,0.0,291.796409606934,6381,578,0,0,12
2159,148,8.33333333333333,120.0,120.0,12.969,0.027,0.0,0.0,0.0,291.804203033447,6387,579,0,0,13
2160,148,8.33333333333333,120.0,120.0,12.969,0.027,0.0,0.0,0.0,291.804473876953,6385,579,0,0,12
2161,148,8.33333333333333,120.0,120.0,12.969,0.027,0.0,0.0,0.0,291.80415725708,6382,579,0,0,11
2162,148,8.33333333333333,120.0,120.0,12.969,0.027,0.0,0.0,0.0,291.781921386719,6367,573,0,0,11
2163,148,7.87433333333334,126.994877873259,120.0,12.969,0.027,0.0,0.0,0.0,291.776790618896,6365,571,0,0,11
2164,149,8.33333333333333,120.0,120.0,12.969,0.027,0.0,0.0,0.0,291.860916137695,6402,579,0,0,15
2165,149,8.33333333333333,120.0,120.0,12.969,0.027,0.0,0.0,0.0,291.86466217041,6407,579,0,0,16
2166,149,8.19633333333333,122.005774940014,120.0,12.969,0.027,0.0,0.0,0.0,291.86266708374,6401,579,0,0,14
2167,149,8.33333333333333,120.0,120.0,12.969,0.027,0.0,0.0,0.0,293.395980834961,6412,582,0,0,14
2168,149,8.33333333333333,120.0,120.0,12.969,0.027,0.0,0.0,0.0,293.426467895508,6427,585,0,0,16
2169,149,8.33333333333333,120.0,120.0,12.969,0.027,0.0,0.0,0.0,293.427829742432,6427,585,0,0,16
2170,149,8.33333333333333,120.0,120.0,12.969,0.027,0.0,0.0,0.0,293.429191589355,6427,585,0,0,16
2171,149,8.33333333333333,120.0,120.0,12.969,0.027,0.0,0.0,0.0,293.433475494385,6432,585,0,0,17
2172,149,8.33333333333333,120.0,120.0,12.969,0.027,0.0,0.0,0.0,293.43025970459,6424,585,0,0,14
2173,149,7.912,126.39029322548,120.0,12.969,0.027,0.0,0.0,0.0,293.461986541748,6448,590,0,0,18
2174,149,7.623,131.181949363768,120.0,12.969,0.027,0.0,0.0,0.0,293.477081298828,6453,592,0,0,17
2175,149,7.591,131.734949282045,120.0,12.969,0.027,0.0,0.0,0.0,293.478443145752,6453,592,0,0,17
2176,149,7.57575757575758,132.0,120.0,12.969,0.027,0.0,0.0,0.0,293.852546691895,6463,593,0,0,18
2177,150,8.33333333333333,120.0,120.0,12.969,0.027,0.0,0.0,0.0,293.938060760498,6513,601,0,0,25
2178,150,8.33333333333333,120.0,120.0,12.969,0.027,0.0,0.0,0.0,293.934684753418,6509,601,0,0,23
2179,150,8.33333333333333,120.0,120.0,12.969,0.027,0.0,0.0,0.0,293.936046600342,6509,601,0,0,23
2180,150,8.33333333333333,120.0,120.0,12.969,0.027,0.0,0.0,0.0,293.937408447266,6509,601,0,0,23
2181,150,8.33333333333333,120.0,120.0,12.969,0.027,0.0,0.0,0.0,293.967895507813,6524,604,0,0,25
2182,150,7.96157575757576,125.603276342433,120.0,12.969,0.027,0.0,0.0,0.0,293.946311950684,6512,600,0,0,25
2183,150,7.752,128.998968008256,120.0,12.969,0.027,0.0,0.0,0.0,293.945743560791,6509,600,0,0,23
2184,150,7.892,126.710593005575,120.0,12.969,0.027,0.0,0.0,0.0,293.939002990723,6500,599,0,0,20
2185,150,7.785,128.452151573539,120.0,12.969,0.027,0.0,0.0,0.0,293.937473297119,6495,599,0,0,18
2186,150,7.857,127.275041364388,120.0,12.969,0.027,0.0,0.0,0.0,293.978916168213,6524,605,0,0,21
2187,150,7.977,125.360411182149,120.0,12.969,0.027,0.0,0.0,0.0,293.995986938477,6532,607,0,0,22
2188,150,7.766,128.766417718259,120.0,12.969,0.027,0.0,0.0,0.0,294.016761779785,6551,610,0,0,25
2189,151,8.33333333333333,120.0,120.0,12.969,0.027,0.0,0.0,0.0,294.033069610596,6554,604,0,0,29
2190,151,8.33333333333333,120.0,120.0,12.969,0.027,0.0,0.0,0.0,294.03145980835,6557,604,0,0,30
2191,151,8.33333333333333,120.0,120.0,12.969,0.027,0.0,0.0,0.0,294.030418395996,6557,604,0,0,29
2192,151,8.019,124.703828407532,120.0,12.969,0.027,0.0,0.0,0.0,294.03178024292,6557,604,0,0,29
2193,151,7.836,127.616130678918,120.0,12.969,0.027,0.0,0.0,0.0,294.033142089844,6557,604,0,0,29
2194,151,7.57575757575758,132.0,120.0,12.969,0.027,0.0,0.0,0.0,294.034503936768,6557,604,0,0,29
2195,151,7.57575757575758,132.0,120.0,12.969,0.027,0.0,0.0,0.0,294.035865783691,6557,604,0,0,29
2196,151,7.74648484848485,129.090809516731,120.0,12.969,0.027,0.0,0.0,0.0,294.037826538086,6562,602,0,0,30
2197,151,8.263,121.02142079148,120.0,12.969,0.027,0.0,0.0,0.0,294.020320892334,6551,601,0,0,26
2198,151,7.602,131.544330439358,120.0,12.969,0.027,0.0,0.0,0.0,294.022888183594,6553,601,0,0,27
2199,151,7.79,128.369704749679,120.0,12.969,0.027,0.0,0.0,0.0,294.029121398926,6557,600,0,0,27
2200,151,7.57575757575758,132.0,120.0,12.969,0.027,0.0,0.0,0.0,294.022701263428,6543,600,0,0,23
2201,151,8.00024242424243,124.996212235993,120.0,12.969,0.027,0.0,0.0,0.0,294.041816711426,6554,602,0,0,25
2202,152,8.33333333333333,120.0,120.0,12.969,0.027,0.0,0.0,0.0,292.528244018555,6550,600,0,0,25
2203,152,8.21966666666667,121.65943468916,120.0,12.969,0.027,0.0,0.0,0.0,292.518798828125,6546,598,0,0,26
2204,152,8.33333333333333,120.0,120.0,12.969,0.027,0.0,0.0,0.0,293.529232025146,6555,600,0,0,26
2205,152,8.33333333333333,120.0,120.0,12.969,0.027,0.0,0.0,0.0,293.5283203125,6551,600,0,0,25
2206,152,8.33333333333333,120.0,120.0,12.969,0.027,0.0,0.0,0.0,293.505256652832,6541,597,0,0,25
2207,152,8.222,121.624908781318,120.0,12.969,0.027,0.0,0.0,0.0,293.505657196045,6539,597,0,0,24
2208,152,7.748,129.065565307176,120.0,12.969,0.027,0.0,0.0,0.0,293.507019042969,6539,597,0,0,24
2209,152,7.826,127.779197546639,120.0,12.969,0.027,0.0,0.0,0.0,293.491104125977,6516,596,0,0,20
2210,152,8.063,124.02331638348,120.0,12.969,0.027,0.0,0.0,0.0,293.452545166016,6501,592,0,0,18
2211,152,7.831,127.697612054655,120.0,12.969,0.027,0.0,0.0,0.0,293.439586639404,6495,590,0,0,19
2212,152,7.887,126.790921770001,120.0,12.969,0.027,0.0,0.0,0.0,293.440948486328,6495,590,0,0,19
2213,152,7.836,127.616130678918,120.0,12.969,0.027,0.0,0.0,0.0,294.454772949219,6504,591,0,0,20
2214,153,8.33333333333333,120.0,125.0,11.715,0.017,0.0,0.0,0.0,294.534187316895,6541,599,0,0,23
2215,153,8.33333333333333,120.0,125.0,11.715,0.017,0.0,0.0,0.0,294.534183502197,6539,599,0,0,22
2216,153,8.33333333333333,120.0,125.0,11.715,0.017,0.0,0.0,0.0,294.723651885986,6660,631,0,0,41
2217,153,8.33333333333333,120.0,125.0,11.715,0.017,0.0,0.0,0.0,294.708946228027,6650,629,0,0,40
2218,153,8.33333333333333,120.0,125.0,11.715,0.017,0.0,0.0,0.0,294.767345428467,6678,635,0,0,43
2219,153,8.33333333333333,120.0,125.0,11.715,0.017,0.0,0.0,0.0,294.752361297607,6668,633,0,0,43
2220,153,8.33333333333333,120.0,125.0,11.715,0.017,0.0,0.0,0.0,294.729297637939,6658,630,0,0,43
2221,153,8.33333333333333,120.0,125.0,11.715,0.017,0.0,0.0,0.0,294.737091064453,6664,631,0,0,44
2222,153,8.33333333333333,120.0,125.0,11.715,0.017,0.0,0.0,0.0,294.734180450439,6654,631,0,0,39
2223,153,8.33333333333333,120.0,125.0,11.715,0.017,0.0,0.0,0.0,294.764072418213,6690,636,0,0,47
2224,153,8.33333333333333,120.0,125.0,11.715,0.017,0.0,0.0,0.0,294.370803833008,6670,631,0,0,45
2225,153,8.33333333333333,120.0,125.0,11.715,0.017,0.0,0.0,0.0,294.328651428223,6645,626,0,0,42
2226,154,8.33333333333333,120.0,125.0,11.715,0.017,0.0,0.0,0.0,294.361610412598,6660,629,0,0,44
2227,154,8.33333333333333,120.0,125.0,11.715,0.017,0.0,0.0,0.0,294.357723236084,6664,629,0,0,46
2228,154,8.33333333333333,120.0,125.0,11.715,0.017,0.0,0.0,0.0,294.356544494629,6662,629,0,0,44
2229,154,8.33333333333333,120.0,125.0,11.715,0.017,0.0,0.0,0.0,294.357906341553,6662,629,0,0,44
2230,154,8.33333333333333,120.0,125.0,11.715,0.017,0.0,0.0,0.0,294.34342956543,6653,627,0,0,44
2231,154,8.33333333333333,120.0,125.0,11.715,0.017,0.0,0.0,0.0,294.356052398682,6661,628,0,0,45
2232,154,8.33333333333333,120.0,125.0,11.715,0.017,0.0,0.0,0.0,294.336708068848,6658,625,0,0,45
2233,154,8.33333333333333,120.0,125.0,11.715,0.017,0.0,0.0,0.0,294.346939086914,6656,625,0,0,44
2234,154,8.33333333333333,120.0,125.0,11.715,0.017,0.0,0.0,0.0,294.343555450439,6648,625,0,0,40
2235,154,8.33333333333333,120.0,125.0,11.715,0.017,0.0,0.0,0.0,294.361839294434,6658,627,0,0,42
2236,154,8.09566666666667,123.522872318524,125.0,11.715,0.017,0.0,0.0,0.0,294.343639373779,6644,625,0,0,37
2237,154,7.776,128.600823045268,125.0,11.715,0.017,0.0,0.0,0.0,294.329895019531,6627,624,0,0,32
2238,155,7.674,130.310138128746,125.0,11.715,0.017,0.0,0.0,0.0,294.345275878906,6636,625,0,0,33
2239,155,8.33333333333333,120.0,125.0,11.715,0.017,0.0,0.0,0.0,293.311416625977,6620,621,0,0,32
2240,155,8.33333333333333,120.0,125.0,11.715,0.017,0.0,0.0,0.0,293.276782989502,6596,617,0,0,29
2241,155,7.64033333333333,130.884341869901,125.0,11.715,0.017,0.0,0.0,0.0,293.275283813477,6591,617,0,0,27
2242,155,7.57575757575758,132.0,125.0,11.715,0.017,0.0,0.0,0.0,293.260715484619,6582,615,0,0,27
2243,155,7.57575757575758,132.0,125.0,11.715,0.017,0.0,0.0,0.0,293.262077331543,6582,615,0,0,27
2244,155,7.57575757575758,132.0,125.0,11.715,0.017,0.0,0.0,0.0,293.26016998291,6581,614,0,0,27
2245,155,7.67172727272727,130.348742134638,125.0,11.715,0.017,0.0,0.0,0.0,293.265197753906,6583,615,0,0,27
2246,155,7.682,130.174433741213,125.0,11.715,0.017,0.0,0.0,0.0,293.265468597412,6581,615,0,0,26
2247,155,7.733,129.315918789603,125.0,11.715,0.017,0.0,0.0,0.0,293.266098022461,6580,615,0,0,25
2248,155,7.646,130.787339785509,125.0,11.715,0.017,0.0,0.0,0.0,293.266246795654,6578,615,0,0,24
2249,155,7.732,129.332643559234,125.0,11.715,0.017,0.0,0.0,0.0,293.257194519043,6571,614,0,0,22
2250,155,7.726,129.433083096039,125.0,11.715,0.017,0.0,0.0,0.0,293.271957397461,6585,616,0,0,24
2251,156,7.948,125.817815802718,125.0,11.715,0.017,0.0,0.0,0.0,293.244972229004,6572,610,0,0,23
2252,156,7.634,130.992926381975,125.0,11.715,0.017,0.0,0.0,0.0,293.23949432373,6569,609,0,0,23
2253,156,7.605,131.492439184747,125.0,11.715,0.017,0.0,0.0,0.0,293.239643096924,6567,609,0,0,22
2254,156,7.75,129.032258064516,125.0,11.715,0.017,0.0,0.0,0.0,293.241004943848,6567,609,0,0,22
2255,156,8.264,121.006776379477,125.0,11.715,0.017,0.0,0.0,0.0,293.242366790771,6567,609,0,0,22
2256,156,7.611,131.388779398239,125.0,11.715,0.017,0.0,0.0,0.0,293.191162109375,6546,602,0,0,22
2257,156,7.684,130.14055179594,125.0,11.715,0.017,0.0,0.0,0.0,293.188327789307,6538,602,0,0,19
2258,156,7.986,125.219133483596,125.0,11.715,0.017,0.0,0.0,0.0,292.179336547852,6533,601,0,0,19
2259,156,7.784,128.46865364851,125.0,11.715,0.017,0.0,0.0,0.0,292.177787780762,6528,601,0,0,18
2260,156,8.257,121.109361753664,125.0,11.715,0.017,0.0,0.0,0.0,292.103492736816,6526,590,0,0,30
2261,156,7.68,130.208333333333,125.0,11.715,0.017,0.0,0.0,0.0,292.098033905029,6514,590,0,0,27
2262,156,7.721,129.516901955705,125.0,11.715,0.017,0.0,0.0,0.0,292.099395751953,6514,590,0,0,27
2263,156,8.33333333333333,120.0,125.0,11.715,0.017,0.0,0.0,0.0,292.09948348999,6512,590,0,0,27
2264,157,8.09166666666667,123.583934088569,125.0,11.715,0.017,0.0,0.0,0.0,292.099754333496,6512,590,0,0,27
2265,157,7.859,127.242651736862,125.0,11.715,0.017,0.0,0.0,0.0,292.10111618042,6512,590,0,0,27
2266,157,7.808,128.073770491803,125.0,11.715,0.017,0.0,0.0,0.0,292.105361938477,6517,590,0,0,29
2267,157,8.078,123.793018073781,125.0,11.715,0.017,0.0,0.0,0.0,292.1067237854,6517,590,0,0,29
2268,157,7.842,127.518490181076,125.0,11.715,0.017,0.0,0.0,0.0,292.108085632324,6517,590,0,0,29
2269,157,7.934,126.039828585833,125.0,11.715,0.017,0.0,0.0,0.0,292.096351623535,6501,589,0,0,29
2270,157,8.088,123.639960435213,125.0,11.715,0.017,0.0,0.0,0.0,292.097713470459,6501,589,0,0,29
2271,157,8.217,121.69891687964,125.0,11.715,0.017,0.0,0.0,0.0,292.099075317383,6501,589,0,0,29
2272,157,7.779,128.551227664224,125.0,11.715,0.017,0.0,0.0,0.0,292.098461151123,6498,589,0,0,27
2273,157,7.818,127.909951394218,125.0,11.715,0.017,0.0,0.0,0.0,292.089057922363,6488,588,0,0,26
2274,157,7.729,129.382843834908,125.0,11.715,0.017,0.0,0.0,0.0,292.073215484619,6477,586,0,0,25
2275,157,7.57575757575758,132.0,125.0,11.715,0.017,0.0,0.0,0.0,292.074577331543,6477,586,0,0,25
2276,158,8.33333333333333,120.0,125.0,11.715,0.017,0.0,0.0,0.0,292.087955474854,6480,586,0,0,26
2277,158,7.89590909090909,126.647861378159,125.0,11.715,0.017,0.0,0.0,0.0,292.065536499023,6466,583,0,0,26
2278,158,7.57575757575758,132.0,125.0,11.715,0.017,0.0,0.0,0.0,292.051517486572,6458,583,0,0,22
2279,158,7.81724242424242,127.922347258779,125.0,11.715,0.017,0.0,0.0,0.0,292.029067993164,6444,579,0,0,22
2280,158,7.65,130.718954248366,125.0,11.715,0.017,0.0,0.0,0.0,292.030429840088,6444,579,0,0,22
2281,158,8.276,120.831319478009,125.0,11.715,0.017,0.0,0.0,0.0,292.031791687012,6444,579,0,0,22
2282,158,7.807,128.09017548354,125.0,11.715,0.017,0.0,0.0,0.0,292.033153533936,6444,579,0,0,22
2283,158,8.33333333333333,120.0,125.0,11.715,0.017,0.0,0.0,0.0,292.034515380859,6444,579,0,0,22
2284,158,8.33333333333333,120.0,125.0,11.715,0.017,0.0,0.0,0.0,292.035877227783,6444,579,0,0,22
2285,158,8.33333333333333,120.0,125.0,11.715,0.017,0.0,0.0,0.0,292.037239074707,6444,579,0,0,22
2286,158,8.33333333333333,120.0,125.0,11.715,0.017,0.0,0.0,0.0,292.036922454834,6441,579,0,0,21
2287,158,7.70666666666667,129.757785467128,125.0,11.715,0.017,0.0,0.0,0.0,292.037647247314,6440,579,0,0,21
2288,158,7.641,130.872922392357,125.0,11.715,0.017,0.0,0.0,0.0,292.039009094238,6440,579,0,0,21
2289,159,7.808,128.073770491803,125.0,11.715,0.017,0.0,0.0,0.0,292.040309906006,6440,579,0,0,21
2290,159,7.752,128.998968008256,125.0,11.715,0.017,0.0,0.0,0.0,292.032680511475,6433,578,0,0,20
2291,159,8.266,120.977498185338,125.0,11.715,0.017,0.0,0.0,0.0,292.083080291748,6462,588,0,0,23
2292,159,7.654,130.650640188137,125.0,11.715,0.017,0.0,0.0,0.0,292.074562072754,6447,588,0,0,13
2293,159,7.814,127.975428717686,125.0,11.715,0.017,0.0,0.0,0.0,292.075923919678,6447,588,0,0,13
2294,159,7.57575757575758,132.0,125.0,11.715,0.017,0.0,0.0,0.0,292.071220397949,6437,588,0,0,8
2295,159,7.57575757575758,132.0,125.0,11.715,0.017,0.0,0.0,0.0,291.9921875,6392,578,0,0,8
2296,159,7.72848484848485,129.391468005019,125.0,11.715,0.017,0.0,0.0,0.0,291.999980926514,6398,579,0,0,9
2297,159,7.57575757575758,132.0,125.0,11.715,0.017,0.0,0.0,0.0,292.00025177002,6396,579,0,0,8
2298,159,7.57575757575758,132.0,125.0,11.715,0.017,0.0,0.0,0.0,292.001613616943,6396,579,0,0,8
2299,159,7.57575757575758,132.0,125.0,11.715,0.017,0.0,0.0,0.0,291.96361541748,6371,569,0,0,8
2300,159,7.57575757575758,132.0,125.0,11.715,0.017,0.0,0.0,0.0,291.958484649658,6369,567,0,0,8
2301,159,7.6289696969697,131.079299003797,125.0,11.715,0.017,0.0,0.0,0.0,291.956489562988,6363,567,0,0,6
2302,160,8.33333333333333,120.0,125.0,11.715,0.017,0.0,0.0,0.0,292.058944702148,6414,575,0,0,14
2303,160,8.33333333333333,120.0,125.0,11.715,0.017,0.0,0.0,0.0,292.056949615479,6408,575,0,0,12
2304,160,8.33333333333333,120.0,125.0,11.715,0.017,0.0,0.0,0.0,292.058311462402,6408,575,0,0,12
2305,160,7.943,125.897016240715,125.0,11.715,0.017,0.0,0.0,0.0,292.059673309326,6408,575,0,0,12
2306,160,7.887,126.790921770001,125.0,11.715,0.017,0.0,0.0,0.0,292.090160369873,6423,578,0,0,14
2307,160,7.761,128.849375080531,125.0,11.715,0.017,0.0,0.0,0.0,292.091522216797,6423,578,0,0,14
2308,160,7.57575757575758,132.0,125.0,11.715,0.017,0.0,0.0,0.0,292.098445892334,6429,579,0,0,15
2309,160,7.80824242424243,128.069794156913,125.0,11.715,0.017,0.0,0.0,0.0,292.09716796875,6428,578,0,0,15
2310,160,7.57575757575758,132.0,125.0,11.715,0.017,0.0,0.0,0.0,292.095043182373,6422,578,0,0,13
2311,160,7.57575757575758,132.0,125.0,11.715,0.017,0.0,0.0,0.0,292.126770019531,6446,583,0,0,17
2312,160,7.71848484848485,129.559106434769,125.0,11.715,0.017,0.0,0.0,0.0,292.143840789795,6454,585,0,0,18
2313,160,7.79,128.369704749679,125.0,11.715,0.017,0.0,0.0,0.0,292.145202636719,6454,585,0,0,18
2314,160,7.586,131.821776957553,125.0,11.715,0.017,0.0,0.0,0.0,292.149784088135,6456,586,0,0,18
2315,161,8.33333333333333,120.0,125.0,11.715,0.017,0.0,0.0,0.0,292.179023742676,6474,588,0,0,21
2316,161,8.06166666666667,124.043828819516,125.0,11.715,0.017,0.0,0.0,0.0,292.176898956299,6468,588,0,0,19
2317,161,8.33333333333333,120.0,125.0,11.715,0.017,0.0,0.0,0.0,293.708961486816,6481,591,0,0,19
2318,161,8.33333333333333,120.0,125.0,11.715,0.017,0.0,0.0,0.0,293.71032333374,6481,591,0,0,19
2319,161,8.33333333333333,120.0,125.0,11.715,0.017,0.0,0.0,0.0,293.711685180664,6481,591,0,0,19
2320,161,8.33333333333333,120.0,125.0,11.715,0.017,0.0,0.0,0.0,293.712093353271,6485,590,0,0,20
2321,161,8.33333333333333,120.0,125.0,11.715,0.017,0.0,0.0,0.0,293.706077575684,6476,589,0,0,17
2322,161,7.69633333333333,129.932002252155,125.0,11.715,0.017,0.0,0.0,0.0,293.701473236084,6471,588,0,0,16
2323,161,7.666,130.446125750065,125.0,11.715,0.017,0.0,0.0,0.0,293.697151184082,6461,588,0,0,11
2324,161,7.74,129.198966408269,125.0,11.715,0.017,0.0,0.0,0.0,293.695621490479,6456,588,0,0,9
2325,161,7.8,128.205128205128,125.0,11.715,0.017,0.0,0.0,0.0,293.713905334473,6466,590,0,0,11
2326,161,7.915,126.342387871131,125.0,11.715,0.017,0.0,0.0,0.0,294.110137939453,6500,594,0,0,16
2327,162,8.33333333333333,120.0,125.0,11.715,0.017,0.0,0.0,0.0,294.121044158936,6506,591,0,0,18
2328,162,8.33333333333333,120.0,125.0,11.715,0.017,0.0,0.0,0.0,294.124557495117,6510,591,0,0,19
2329,162,8.33333333333333,120.0,125.0,11.715,0.017,0.0,0.0,0.0,294.124080657959,6509,591,0,0,18
2330,162,8.33333333333333,120.0,125.0,11.715,0.017,0.0,0.0,0.0,294.125442504883,6509,591,0,0,18
2331,162,8.33333333333333,120.0,125.0,11.715,0.017,0.0,0.0,0.0,294.15592956543,6524,594,0,0,20
2332,162,8.11233333333333,123.269096437523,125.0,11.715,0.017,0.0,0.0,0.0,294.154113769531,6523,593,0,0,20
2333,162,7.84,127.551020408163,125.0,11.715,0.017,0.0,0.0,0.0,294.153202056885,6519,593,0,0,19
2334,162,7.806,128.106584678452,125.0,11.715,0.017,0.0,0.0,0.0,294.154563903809,6519,593,0,0,19
2335,162,7.57575757575758,132.0,125.0,11.715,0.017,0.0,0.0,0.0,294.153621673584,6515,593,0,0,17
2336,162,8.09924242424243,123.46833785427,125.0,11.715,0.017,0.0,0.0,0.0,294.193447113037,6557,599,0,0,25
2337,162,7.57575757575758,132.0,125.0,11.715,0.017,0.0,0.0,0.0,294.182460784912,6550,596,0,0,23
2338,162,7.57575757575758,132.0,125.0,11.715,0.017,0.0,0.0,0.0,294.172325134277,6535,595,0,0,19
2339,163,8.33333333333333,120.0,125.0,11.01,0.025,0.0,0.0,0.0,294.241455078125,6553,599,0,0,22
2340,163,8.33333333333333,120.0,125.0,11.01,0.025,0.0,0.0,0.0,294.239669799805,6556,599,0,0,23
2341,163,7.75381818181818,128.968719223374,125.0,11.01,0.025,0.0,0.0,0.0,294.24328994751,6562,599,0,0,25
2342,163,7.619,131.250820317627,125.0,11.01,0.025,0.0,0.0,0.0,294.244651794434,6562,599,0,0,25
2343,163,7.57575757575758,132.0,125.0,11.01,0.025,0.0,0.0,0.0,294.246013641357,6562,599,0,0,25
2344,163,7.72324242424243,129.479297045125,125.0,11.01,0.025,0.0,0.0,0.0,294.222995758057,6552,596,0,0,25
2345,163,7.781,128.518185323223,125.0,11.01,0.025,0.0,0.0,0.0,294.22435760498,6552,596,0,0,25
2346,163,7.84,127.551020408163,125.0,11.01,0.025,0.0,0.0,0.0,294.229072570801,6556,595,0,0,25
2347,163,8.33333333333333,120.0,125.0,11.01,0.025,0.0,0.0,0.0,294.208625793457,6530,593,0,0,22
2348,163,8.33333333333333,120.0,125.0,11.01,0.025,0.0,0.0,0.0,294.202159881592,6525,593,0,0,19
2349,163,8.33333333333333,120.0,125.0,11.01,0.025,0.0,0.0,0.0,294.156223297119,6507,587,0,0,21
2350,163,8.33333333333333,120.0,125.0,11.01,0.025,0.0,0.0,0.0,294.157585144043,6507,587,0,0,21
2351,163,8.33333333333333,120.0,125.0,11.01,0.025,0.0,0.0,0.0,294.173789978027,6513,589,0,0,22
2352,164,8.33333333333333,120.0,125.0,11.01,0.025,0.0,0.0,0.0,292.683139801025,6524,590,0,0,25
2353,164,8.33333333333333,120.0,125.0,11.01,0.025,0.0,0.0,0.0,293.877006530762,6646,623,0,0,42
2354,164,8.33333333333333,120.0,125.0,11.01,0.025,0.0,0.0,0.0,293.867862701416,6640,622,0,0,40
2355,164,8.33333333333333,120.0,125.0,11.01,0.025,0.0,0.0,0.0,293.851020812988,6627,620,0,0,39
2356,164,8.33333333333333,120.0,125.0,11.01,0.025,0.0,0.0,0.0,293.852382659912,6627,620,0,0,39
2357,164,8.33333333333333,120.0,125.0,11.01,0.025,0.0,0.0,0.0,293.853744506836,6627,620,0,0,39
2358,164,8.33333333333333,120.0,125.0,11.01,0.025,0.0,0.0,0.0,293.872379302979,6640,622,0,0,42
2359,164,8.33333333333333,120.0,125.0,11.01,0.025,0.0,0.0,0.0,293.871559143066,6636,622,0,0,40
2360,164,8.33333333333333,120.0,125.0,11.01,0.025,0.0,0.0,0.0,293.858882904053,6629,621,0,0,39
2361,164,8.33333333333333,120.0,125.0,11.01,0.025,0.0,0.0,0.0,294.883911132813,6647,622,0,0,42
2362,164,8.33333333333333,120.0,125.0,11.01,0.025,0.0,0.0,0.0,294.862277984619,6631,619,0,0,40
2363,164,8.33333333333333,120.0,125.0,11.01,0.025,0.0,0.0,0.0,294.860771179199,6630,619,0,0,39
2364,165,8.33333333333333,120.0,125.0,11.01,0.025,0.0,0.0,0.0,294.857666015625,6630,619,0,0,38
2365,165,8.33333333333333,120.0,125.0,11.01,0.025,0.0,0.0,0.0,294.84822845459,6620,618,0,0,36
2366,165,8.33333333333333,120.0,125.0,11.01,0.025,0.0,0.0,0.0,294.849933624268,6623,618,0,0,36
2367,165,8.33333333333333,120.0,125.0,11.01,0.025,0.0,0.0,0.0,294.834678649902,6613,616,0,0,35
2368,165,8.33333333333333,120.0,125.0,11.01,0.025,0.0,0.0,0.0,294.834827423096,6611,616,0,0,34
2369,165,8.33333333333333,120.0,125.0,11.01,0.025,0.0,0.0,0.0,294.832920074463,6610,615,0,0,34
2370,165,8.33333333333333,120.0,125.0,11.01,0.025,0.0,0.0,0.0,294.824081420898,6609,614,0,0,34
2371,165,8.196,122.010736944851,125.0,11.01,0.025,0.0,0.0,0.0,294.824230194092,6607,614,0,0,33
2372,165,7.813,127.991808524254,125.0,11.01,0.025,0.0,0.0,0.0,294.822807312012,6602,614,0,0,30
2373,165,8.05,124.223602484472,125.0,11.01,0.025,0.0,0.0,0.0,294.449390411377,6590,613,0,0,24
2374,165,7.889,126.75877804538,125.0,11.01,0.025,0.0,0.0,0.0,294.442413330078,6576,613,0,0,18
2375,165,8.012,124.812780828757,125.0,11.01,0.025,0.0,0.0,0.0,294.416278839111,6569,609,0,0,20
2376,166,8.33333333333333,120.0,125.0,11.01,0.025,0.0,0.0,0.0,294.452030181885,6591,613,0,0,24
2377,166,8.33333333333333,120.0,125.0,11.01,0.025,0.0,0.0,0.0,294.453960418701,6592,613,0,0,25
2378,166,8.33333333333333,120.0,125.0,11.01,0.025,0.0,0.0,0.0,294.448009490967,6588,612,0,0,25
2379,166,8.312,120.307988450433,125.0,11.01,0.025,0.0,0.0,0.0,294.449371337891,6588,612,0,0,25
2380,166,8.008,124.875124875125,125.0,11.01,0.025,0.0,0.0,0.0,294.461994171143,6596,613,0,0,26
2381,166,8.009,124.859533025346,125.0,11.01,0.025,0.0,0.0,0.0,294.460224151611,6595,612,0,0,26
2382,166,7.828,127.746550843127,125.0,11.01,0.025,0.0,0.0,0.0,294.454708099365,6597,613,0,0,26
2383,166,8.33333333333333,120.0,125.0,11.01,0.025,0.0,0.0,0.0,294.469497680664,6602,613,0,0,28
2384,166,8.02266666666667,124.646833970417,125.0,11.01,0.025,0.0,0.0,0.0,294.473743438721,6607,613,0,0,30
2385,166,8.199,121.966093426028,125.0,11.01,0.025,0.0,0.0,0.0,294.474906921387,6615,613,0,0,33
2386,166,7.825,127.79552715655,125.0,11.01,0.025,0.0,0.0,0.0,294.491214752197,6622,615,0,0,33
2387,166,7.903,126.534227508541,125.0,11.01,0.025,0.0,0.0,0.0,294.508945465088,6641,617,0,0,38
2388,167,8.273,120.875135984528,125.0,11.01,0.025,0.0,0.0,0.0,293.451835632324,6609,607,0,0,36
2389,167,7.679,130.22528975127,125.0,11.01,0.025,0.0,0.0,0.0,293.452465057373,6608,607,0,0,35
2390,167,7.701,129.853265809635,125.0,11.01,0.025,0.0,0.0,0.0,293.428272247314,6593,604,0,0,34
2391,167,8.281,120.758362516604,125.0,11.01,0.025,0.0,0.0,0.0,293.426773071289,6588,604,0,0,32
2392,167,7.763,128.816179312122,125.0,11.01,0.025,0.0,0.0,0.0,293.428134918213,6588,604,0,0,32
2393,167,7.825,127.79552715655,125.0,11.01,0.025,0.0,0.0,0.0,293.42578125,6587,603,0,0,32
2394,167,8.33333333333333,120.0,125.0,11.01,0.025,0.0,0.0,0.0,293.422103881836,6595,603,0,0,34
2395,167,8.33333333333333,120.0,125.0,11.01,0.025,0.0,0.0,0.0,293.42346572876,6595,603,0,0,34
2396,167,8.12433333333333,123.087022524925,125.0,11.01,0.025,0.0,0.0,0.0,293.436180114746,6615,603,0,0,41
2397,167,7.932,126.071608673727,125.0,11.01,0.025,0.0,0.0,0.0,293.418853759766,6609,599,0,0,41
2398,167,7.916,126.326427488631,125.0,11.01,0.025,0.0,0.0,0.0,293.389827728271,6575,597,0,0,33
2399,167,7.99,125.156445556946,125.0,11.01,0.025,0.0,0.0,0.0,293.446075439453,6575,597,0,0,33
2400,167,7.791,128.353228083686,125.0,11.01,0.025,0.0,0.0,0.0,293.447437286377,6575,597,0,0,33
2401,168,8.33333333333333,120.0,125.0,11.01,0.025,0.0,0.0,0.0,293.584480285645,6711,620,0,0,56
2402,168,8.33333333333333,120.0,125.0,11.01,0.025,0.0,0.0,0.0,293.585834503174,6711,620,0,0,56
2403,168,8.33333333333333,120.0,125.0,11.01,0.025,0.0,0.0,0.0,293.58324432373,6705,620,0,0,52
2404,168,8.33333333333333,120.0,125.0,11.01,0.025,0.0,0.0,0.0,293.56872177124,6696,618,0,0,52
2405,168,8.33333333333333,120.0,125.0,11.01,0.025,0.0,0.0,0.0,293.540794372559,6671,615,0,0,52
2406,168,8.33333333333333,120.0,125.0,11.01,0.025,0.0,0.0,0.0,293.542156219482,6671,615,0,0,52
2407,168,8.33333333333333,120.0,125.0,11.01,0.025,0.0,0.0,0.0,292.533164978027,6666,614,0,0,52
2408,168,8.33333333333333,120.0,125.0,11.01,0.025,0.0,0.0,0.0,292.530883789063,6660,614,0,0,50
2409,168,8.33333333333333,120.0,125.0,11.01,0.025,0.0,0.0,0.0,292.532245635986,6660,614,0,0,50
2410,168,8.33333333333333,120.0,125.0,11.01,0.025,0.0,0.0,0.0,292.532386779785,6658,614,0,0,49
2411,168,8.33333333333333,120.0,125.0,11.01,0.025,0.0,0.0,0.0,292.533748626709,6658,614,0,0,49
2412,168,8.33333333333333,120.0,125.0,11.01,0.025,0.0,0.0,0.0,292.535110473633,6658,614,0,0,49
2413,169,8.33333333333333,120.0,125.0,11.01,0.025,0.0,0.0,0.0,292.550895690918,6667,615,0,0,51
2414,169,8.33333333333333,120.0,125.0,11.01,0.025,0.0,0.0,0.0,292.54630279541,6665,614,0,0,52
2415,169,8.33333333333333,120.0,125.0,11.01,0.025,0.0,0.0,0.0,292.589233398438,6689,622,0,0,55
2416,169,8.33333333333333,120.0,125.0,11.01,0.025,0.0,0.0,0.0,292.590595245361,6689,622,0,0,55
2417,169,8.14466666666667,122.779733158713,125.0,11.01,0.025,0.0,0.0,0.0,292.591957092285,6689,622,0,0,55
2418,169,7.825,127.79552715655,125.0,11.01,0.025,0.0,0.0,0.0,292.593318939209,6689,622,0,0,55
2419,169,7.866,127.129417747267,125.0,11.01,0.025,0.0,0.0,0.0,292.594680786133,6689,622,0,0,55
2420,169,7.781,128.518185323223,125.0,11.01,0.025,0.0,0.0,0.0,292.602474212646,6695,623,0,0,56
2421,169,8.33333333333333,120.0,125.0,11.01,0.025,0.0,0.0,0.0,292.598384857178,6694,623,0,0,54
2422,169,8.33333333333333,120.0,125.0,11.01,0.025,0.0,0.0,0.0,292.613384246826,6701,624,0,0,55
2423,169,8.33333333333333,120.0,125.0,11.01,0.025,0.0,0.0,0.0,292.597396850586,6689,622,0,0,54
2424,169,8.33333333333333,120.0,125.0,11.01,0.025,0.0,0.0,0.0,292.56848526001,6673,617,0,0,54
2425,170,8.33333333333333,120.0,125.0,11.01,0.025,0.0,0.0,0.0,292.543334960938,6695,598,0,0,61
2426,170,8.33333333333333,120.0,125.0,11.01,0.025,0.0,0.0,0.0,292.53776550293,6697,599,0,0,60
2427,170,8.33333333333333,120.0,125.0,11.01,0.025,0.0,0.0,0.0,292.527271270752,6679,599,0,0,48
2428,170,8.33333333333333,120.0,125.0,11.01,0.025,0.0,0.0,0.0,292.527900695801,6678,599,0,0,47
2429,170,8.33333333333333,120.0,125.0,11.01,0.025,0.0,0.0,0.0,292.506099700928,6657,597,0,0,41
2430,170,8.33333333333333,120.0,125.0,11.01,0.025,0.0,0.0,0.0,292.442001342773,6621,588,0,0,43
2431,170,8.33333333333333,120.0,125.0,11.01,0.025,0.0,0.0,0.0,292.438961029053,6613,588,0,0,41
2432,170,8.33333333333333,120.0,125.0,11.01,0.025,0.0,0.0,0.0,292.443061828613,6618,588,0,0,42
2433,170,8.33333333333333,120.0,125.0,11.01,0.025,0.0,0.0,0.0,292.442150115967,6614,588,0,0,41
2434,170,8.33333333333333,120.0,125.0,11.01,0.025,0.0,0.0,0.0,292.416767120361,6593,580,0,0,41
2435,170,8.33333333333333,120.0,125.0,11.01,0.025,0.0,0.0,0.0,292.417491912842,6592,580,0,0,41
2436,170,8.33333333333333,120.0,125.0,11.01,0.025,0.0,0.0,0.0,292.413101196289,6582,580,0,0,39
2437,171,8.33333333333333,120.0,125.0,11.01,0.025,0.0,0.0,0.0,292.500682830811,6624,588,0,0,45
2438,171,8.33333333333333,120.0,125.0,11.01,0.025,0.0,0.0,0.0,292.500324249268,6629,588,0,0,46
2439,171,8.33333333333333,120.0,125.0,11.01,0.025,0.0,0.0,0.0,292.489223480225,6616,587,0,0,44
2440,171,8.33333333333333,120.0,125.0,11.01,0.025,0.0,0.0,0.0,292.490585327148,6616,587,0,0,44
2441,171,8.33333333333333,120.0,125.0,11.01,0.025,0.0,0.0,0.0,292.535987854004,6635,592,0,0,48
2442,171,8.33333333333333,120.0,125.0,11.01,0.025,0.0,0.0,0.0,292.540233612061,6640,592,0,0,50
2443,171,8.33333333333333,120.0,125.0,11.01,0.025,0.0,0.0,0.0,292.535194396973,6629,592,0,0,47
2444,171,8.33333333333333,120.0,125.0,11.01,0.025,0.0,0.0,0.0,292.557830810547,6648,594,0,0,51
2445,171,8.33333333333333,120.0,125.0,11.01,0.025,0.0,0.0,0.0,292.552829742432,6637,594,0,0,48
2446,171,8.33333333333333,120.0,125.0,11.01,0.025,0.0,0.0,0.0,292.596923828125,6663,601,0,0,52
2447,171,8.33333333333333,120.0,125.0,11.01,0.025,0.0,0.0,0.0,292.59419631958,6656,601,0,0,50
2448,171,8.33333333333333,120.0,125.0,11.01,0.025,0.0,0.0,0.0,292.614524841309,6675,604,0,0,53
2449,172,8.33333333333333,120.0,125.0,11.01,0.025,0.0,0.0,0.0,292.585502624512,6659,598,0,0,50
2450,172,8.33333333333333,120.0,125.0,11.01,0.025,0.0,0.0,0.0,292.581169128418,6654,597,0,0,48
2451,172,8.33333333333333,120.0,125.0,11.01,0.025,0.0,0.0,0.0,292.599597930908,6666,599,0,0,51
2452,172,8.33333333333333,120.0,125.0,11.01,0.025,0.0,0.0,0.0,292.593887329102,6654,599,0,0,48
2453,172,8.33333333333333,120.0,125.0,11.01,0.025,0.0,0.0,0.0,292.595249176025,6654,599,0,0,48
2454,172,8.33333333333333,120.0,125.0,11.01,0.025,0.0,0.0,0.0,292.694931030273,6738,612,0,0,61
2455,172,8.33333333333333,120.0,125.0,11.01,0.025,0.0,0.0,0.0,292.689994812012,6736,610,0,0,61
2456,172,8.33333333333333,120.0,125.0,11.01,0.025,0.0,0.0,0.0,292.678134918213,6724,608,0,0,57
2457,172,8.33333333333333,120.0,125.0,11.01,0.025,0.0,0.0,0.0,292.672630310059,6712,608,0,0,52
2458,172,8.33333333333333,120.0,125.0,11.01,0.025,0.0,0.0,0.0,292.671390533447,6708,608,0,0,50
2459,172,8.33333333333333,120.0,125.0,11.01,0.025,0.0,0.0,0.0,292.662601470947,6705,605,0,0,50
2460,172,8.33333333333333,120.0,125.0,11.01,0.025,0.0,0.0,0.0,292.65714263916,6693,605,0,0,47
2461,173,8.33333333333333,120.0,122.0,11.148,0.023,0.0,0.0,0.0,292.719310760498,6732,614,0,0,53
2462,173,8.33333333333333,120.0,122.0,11.148,0.023,0.0,0.0,0.0,292.7112159729,6730,612,0,0,55
2463,173,8.33333333333333,120.0,122.0,11.148,0.023,0.0,0.0,0.0,287.101278305054,6614,551,0,0,53
2464,173,8.33333333333333,120.0,122.0,11.148,0.023,0.0,0.0,0.0,287.210710525513,6681,562,0,0,63
2465,173,8.33333333333333,120.0,122.0,11.148,0.023,0.0,0.0,0.0,287.196626663208,6672,560,0,0,63
2466,173,8.33333333333333,120.0,122.0,11.148,0.023,0.0,0.0,0.0,287.192853927612,6670,560,0,0,62
2467,173,8.33333333333333,120.0,122.0,11.148,0.023,0.0,0.0,0.0,287.194215774536,6670,560,0,0,62
2468,173,8.33333333333333,120.0,122.0,11.148,0.023,0.0,0.0,0.0,287.183954238892,6657,559,0,0,63
2469,173,8.33333333333333,120.0,122.0,11.148,0.023,0.0,0.0,0.0,287.188199996948,6662,559,0,0,65
2470,173,8.33333333333333,120.0,122.0,11.148,0.023,0.0,0.0,0.0,287.183057785034,6668,559,0,0,67
2471,173,8.33333333333333,120.0,122.0,11.148,0.023,0.0,0.0,0.0,287.201875686646,6677,561,0,0,68
2472,173,8.33333333333333,120.0,122.0,11.148,0.023,0.0,0.0,0.0,287.203237533569,6677,561,0,0,68
2473,174,8.33333333333333,120.0,122.0,11.148,0.023,0.0,0.0,0.0,287.267889022827,6705,566,0,0,72
2474,174,8.33333333333333,120.0,122.0,11.148,0.023,0.0,0.0,0.0,287.38311958313,6782,577,0,0,84
2475,174,8.33333333333333,120.0,122.0,11.148,0.023,0.0,0.0,0.0,287.383687973022,6782,577,0,0,84
2476,174,8.33333333333333,120.0,122.0,11.148,0.023,0.0,0.0,0.0,287.383836746216,6780,577,0,0,83
2477,174,8.33333333333333,120.0,122.0,11.148,0.023,0.0,0.0,0.0,287.390676498413,6785,577,0,0,85
2478,174,8.33333333333333,120.0,122.0,11.148,0.023,0.0,0.0,0.0,287.390649795532,6783,577,0,0,84
2479,174,8.33333333333333,120.0,122.0,11.148,0.023,0.0,0.0,0.0,287.391050338745,6781,577,0,0,83
2480,174,8.33333333333333,120.0,122.0,11.148,0.023,0.0,0.0,0.0,287.392412185669,6781,577,0,0,83
2481,174,8.33333333333333,120.0,122.0,11.148,0.023,0.0,0.0,0.0,287.386198043823,6769,577,0,0,77
2482,174,8.33333333333333,120.0,122.0,11.148,0.023,0.0,0.0,0.0,287.301870346069,6749,568,0,0,81
2483,174,8.33333333333333,120.0,122.0,11.148,0.023,0.0,0.0,0.0,287.268518447876,6707,566,0,0,69
2484,174,8.33333333333333,120.0,122.0,11.148,0.023,0.0,0.0,0.0,287.383111953735,6783,577,0,0,81
2485,175,8.33333333333333,120.0,122.0,11.148,0.023,0.0,0.0,0.0,287.384412765503,6783,577,0,0,81
2486,175,8.33333333333333,120.0,122.0,11.148,0.023,0.0,0.0,0.0,287.380311965942,6774,577,0,0,77
2487,175,8.33333333333333,120.0,122.0,11.148,0.023,0.0,0.0,0.0,287.565717697144,6894,608,0,0,98
2488,175,8.33333333333333,120.0,122.0,11.148,0.023,0.0,0.0,0.0,287.565690994263,6892,608,0,0,97
2489,175,8.33333333333333,120.0,122.0,11.148,0.023,0.0,0.0,0.0,287.555425643921,6882,608,0,0,95
2490,175,8.33333333333333,120.0,122.0,11.148,0.023,0.0,0.0,0.0,287.555791854858,6882,608,0,0,95
2491,175,8.33333333333333,120.0,122.0,11.148,0.023,0.0,0.0,0.0,287.498693466187,6850,588,0,0,92
2492,175,8.33333333333333,120.0,122.0,11.148,0.023,0.0,0.0,0.0,287.416692733765,6814,579,0,0,87
2493,175,8.33333333333333,120.0,122.0,11.148,0.023,0.0,0.0,0.0,287.394716262817,6778,578,0,0,74
2494,175,8.33333333333333,120.0,122.0,11.148,0.023,0.0,0.0,0.0,287.385358810425,6768,577,0,0,73
2495,175,8.33333333333333,120.0,122.0,11.148,0.023,0.0,0.0,0.0,287.378252029419,6763,575,0,0,71
2496,175,8.33333333333333,120.0,122.0,11.148,0.023,0.0,0.0,0.0,287.405225753784,6777,577,0,0,75
2497,176,8.33333333333333,120.0,122.0,11.148,0.023,0.0,0.0,0.0,287.387029647827,6764,575,0,0,73
2498,176,8.18933333333334,122.110061869098,122.0,11.148,0.023,0.0,0.0,0.0,287.356912612915,6747,571,0,0,73
2499,176,8.261,121.050720251786,122.0,11.148,0.023,0.0,0.0,0.0,287.358274459839,6747,571,0,0,73
2500,176,7.876,126.968004062976,122.0,11.148,0.023,0.0,0.0,0.0,287.359636306763,6747,571,0,0,73
2501,176,7.823,127.828198900677,122.0,11.148,0.023,0.0,0.0,0.0,287.370450973511,6752,572,0,0,74
2502,176,7.689,130.05592404734,122.0,11.148,0.023,0.0,0.0,0.0,287.288686752319,6721,562,0,0,73
2503,176,7.932,126.071608673727,122.0,11.148,0.023,0.0,0.0,0.0,287.268537521362,6688,561,0,0,61
2504,176,7.765,128.783000643915,122.0,11.148,0.023,0.0,0.0,0.0,287.273633956909,6690,562,0,0,61
2505,176,7.87,127.064803049555,122.0,11.148,0.023,0.0,0.0,0.0,287.274995803833,6690,562,0,0,61
2506,176,7.932,126.071608673727,122.0,11.148,0.023,0.0,0.0,0.0,287.273336410522,6693,562,0,0,62
2507,176,7.712,129.668049792531,122.0,11.148,0.023,0.0,0.0,0.0,287.26909828186,6685,562,0,0,55
2508,176,7.748,129.065565307176,122.0,11.148,0.023,0.0,0.0,0.0,287.268186569214,6681,562,0,0,54
2509,176,7.937,125.992188484314,122.0,11.148,0.023,0.0,0.0,0.0,287.259298324585,6668,561,0,0,48
2510,177,8.33333333333333,120.0,122.0,11.148,0.023,0.0,0.0,0.0,287.281244277954,6666,565,0,0,46
2511,177,8.33333333333333,120.0,122.0,11.148,0.023,0.0,0.0,0.0,287.282606124878,6666,565,0,0,46
2512,177,7.91933333333333,126.273255324522,122.0,11.148,0.023,0.0,0.0,0.0,287.283967971802,6666,565,0,0,46
2513,177,7.888,126.774847870183,122.0,11.148,0.023,0.0,0.0,0.0,287.1985912323,6633,555,0,0,43
2514,177,8.33333333333333,120.0,122.0,11.148,0.023,0.0,0.0,0.0,287.182443618774,6602,555,0,0,32
2515,177,7.94166666666667,125.91815320042,122.0,11.148,0.023,0.0,0.0,0.0,287.15611076355,6591,551,0,0,32
2516,177,7.926,126.167045167802,122.0,11.148,0.023,0.0,0.0,0.0,287.161138534546,6593,552,0,0,32
2517,177,8.046,124.285359184688,122.0,11.148,0.023,0.0,0.0,0.0,287.130968093872,6572,548,0,0,30
2518,177,7.858,127.258844489692,122.0,11.148,0.023,0.0,0.0,0.0,287.132329940796,6572,548,0,0,30
2519,177,7.703,129.819550824354,122.0,11.148,0.023,0.0,0.0,0.0,287.13369178772,6572,548,0,0,30
2520,177,7.911,126.40626975098,122.0,11.148,0.023,0.0,0.0,0.0,287.116846084595,6568,546,0,0,32
2521,177,7.871,127.048659636641,122.0,11.148,0.023,0.0,0.0,0.0,287.133882522583,6586,548,0,0,35
2522,178,8.33333333333333,120.0,122.0,11.148,0.023,0.0,0.0,0.0,288.683916091919,6597,536,0,0,41
2523,178,8.33333333333333,120.0,122.0,11.148,0.023,0.0,0.0,0.0,288.682451248169,6593,536,0,0,38
2524,178,8.33333333333333,120.0,122.0,11.148,0.023,0.0,0.0,0.0,288.684526443481,6601,536,0,0,39
2525,178,8.33333333333333,120.0,122.0,11.148,0.023,0.0,0.0,0.0,288.641569137573,6571,531,0,0,39
2526,178,8.33333333333333,120.0,122.0,11.148,0.023,0.0,0.0,0.0,288.639520645142,6566,531,0,0,35
2527,178,8.33333333333333,120.0,122.0,11.148,0.023,0.0,0.0,0.0,288.637166976929,6565,530,0,0,35
2528,178,8.33333333333333,120.0,122.0,11.148,0.023,0.0,0.0,0.0,288.631090164185,6556,530,0,0,33
2529,178,8.33333333333333,120.0,122.0,11.148,0.023,0.0,0.0,0.0,288.628080368042,6549,530,0,0,29
2530,178,8.33333333333333,120.0,122.0,11.148,0.023,0.0,0.0,0.0,288.642770767212,6572,530,0,0,38
2531,178,8.33333333333333,120.0,122.0,11.148,0.023,0.0,0.0,0.0,288.632036209106,6566,527,0,0,36
2532,178,8.33333333333333,120.0,122.0,11.148,0.023,0.0,0.0,0.0,288.638929367065,6556,529,0,0,32
2533,178,8.33333333333333,120.0,122.0,11.148,0.023,0.0,0.0,0.0,288.63125038147,6549,528,0,0,32
2534,179,8.33333333333333,120.0,122.0,11.148,0.023,0.0,0.0,0.0,288.631757736206,6548,528,0,0,31
2535,179,8.33333333333333,120.0,122.0,11.148,0.023,0.0,0.0,0.0,288.587633132935,6516,523,0,0,30
2536,179,8.33333333333333,120.0,122.0,11.148,0.023,0.0,0.0,0.0,288.640291213989,6551,533,0,0,35
2537,179,8.33333333333333,120.0,122.0,11.148,0.023,0.0,0.0,0.0,288.641653060913,6551,533,0,0,35
2538,179,8.33333333333333,120.0,122.0,11.148,0.023,0.0,0.0,0.0,288.643014907837,6551,533,0,0,35
2539,179,8.33333333333333,120.0,122.0,11.148,0.023,0.0,0.0,0.0,288.631280899048,6535,532,0,0,35
2540,179,8.33333333333333,120.0,122.0,11.148,0.023,0.0,0.0,0.0,288.632642745972,6535,532,0,0,35
2541,179,8.33333333333333,120.0,122.0,11.148,0.023,0.0,0.0,0.0,288.640436172485,6541,533,0,0,36
2542,179,8.33333333333333,120.0,122.0,11.148,0.023,0.0,0.0,0.0,288.639616012573,6537,533,0,0,34
2543,179,8.33333333333333,120.0,122.0,11.148,0.023,0.0,0.0,0.0,288.643129348755,6541,533,0,0,35
2544,179,8.33333333333333,120.0,122.0,11.148,0.023,0.0,0.0,0.0,288.641881942749,6537,533,0,0,33
2545,179,8.33333333333333,120.0,122.0,11.148,0.023,0.0,0.0,0.0,288.592844009399,6505,526,0,0,33
2546,180,8.33333333333333,120.0,122.0,11.148,0.023,0.0,0.0,0.0,283.787042617798,6477,520,0,0,31
2547,180,8.33333333333333,120.0,122.0,11.148,0.023,0.0,0.0,0.0,283.785509109497,6467,521,0,0,28
2548,180,8.33333333333333,120.0,122.0,11.148,0.023,0.0,0.0,0.0,283.786870956421,6467,521,0,0,28
2549,180,8.33333333333333,120.0,122.0,11.148,0.023,0.0,0.0,0.0,283.780397415161,6462,519,0,0,28
2550,180,8.33333333333333,120.0,122.0,11.148,0.023,0.0,0.0,0.0,283.781759262085,6462,519,0,0,28
2551,180,8.33333333333333,120.0,122.0,11.148,0.023,0.0,0.0,0.0,283.783121109009,6462,519,0,0,28
2552,180,8.33333333333333,120.0,122.0,11.148,0.023,0.0,0.0,0.0,283.787366867065,6467,519,0,0,30
2553,180,8.33333333333333,120.0,122.0,11.148,0.023,0.0,0.0,0.0,283.791467666626,6472,519,0,0,31
2554,180,8.33333333333333,120.0,122.0,11.148,0.023,0.0,0.0,0.0,283.790555953979,6468,519,0,0,30
2555,180,8.33333333333333,120.0,122.0,11.148,0.023,0.0,0.0,0.0,283.745176315308,6443,514,0,0,31
2556,180,8.33333333333333,120.0,122.0,11.148,0.023,0.0,0.0,0.0,283.746538162231,6443,514,0,0,31
2557,180,8.33333333333333,120.0,122.0,11.148,0.023,0.0,0.0,0.0,283.731908798218,6434,512,0,0,31
2558,181,8.33333333333333,120.0,122.0,11.148,0.023,0.0,0.0,0.0,283.767171859741,6451,515,0,0,34
2559,181,8.33333333333333,120.0,122.0,11.148,0.023,0.0,0.0,0.0,283.779901504517,6471,515,0,0,41
2560,181,8.33333333333333,120.0,122.0,11.148,0.023,0.0,0.0,0.0,283.770017623901,6454,515,0,0,30
2561,181,8.33333333333333,120.0,122.0,11.148,0.023,0.0,0.0,0.0,283.755495071411,6445,513,0,0,30
2562,181,8.33333333333333,120.0,122.0,11.148,0.023,0.0,0.0,0.0,279.600674629211,6377,483,0,0,30
2563,181,8.33333333333333,120.0,122.0,11.148,0.023,0.0,0.0,0.0,279.515904426575,6322,473,0,0,26
2564,181,8.33333333333333,120.0,122.0,11.148,0.023,0.0,0.0,0.0,279.517266273499,6322,473,0,0,26
2565,181,8.33333333333333,120.0,122.0,11.148,0.023,0.0,0.0,0.0,279.521298408508,6327,473,0,0,27
2566,181,8.33333333333333,120.0,122.0,11.148,0.023,0.0,0.0,0.0,279.516449928284,6320,473,0,0,24
2567,181,8.33333333333333,120.0,122.0,11.148,0.023,0.0,0.0,0.0,279.533055305481,6327,475,0,0,25
2568,181,8.13466666666667,122.930667103753,122.0,11.148,0.023,0.0,0.0,0.0,279.479111671448,6293,463,0,0,25
2569,181,7.57575757575758,132.0,122.0,11.148,0.023,0.0,0.0,0.0,279.499440193176,6312,466,0,0,28
2570,182,7.64224242424242,130.851645955098,122.0,11.148,0.023,0.0,0.0,0.0,279.474057197571,6302,460,0,0,27
2571,182,7.579,131.943528169943,122.0,11.148,0.023,0.0,0.0,0.0,279.469258308411,6296,459,0,0,25
2572,182,7.733,129.315918789603,122.0,11.148,0.023,0.0,0.0,0.0,279.458096504211,6286,458,0,0,22
2573,182,7.593,131.700250230475,122.0,11.148,0.023,0.0,0.0,0.0,279.459458351135,6286,458,0,0,22
2574,182,7.57575757575758,132.0,122.0,11.148,0.023,0.0,0.0,0.0,279.444890022278,6277,456,0,0,22
2575,182,8.33333333333333,120.0,122.0,11.148,0.023,0.0,0.0,0.0,279.446251869202,6277,456,0,0,22
2576,182,7.93090909090909,126.088950022925,122.0,11.148,0.023,0.0,0.0,0.0,279.447613716125,6277,456,0,0,22
2577,182,8.33333333333333,120.0,122.0,11.148,0.023,0.0,0.0,0.0,279.447888374329,6281,456,0,0,23
2578,182,8.33333333333333,120.0,122.0,11.148,0.023,0.0,0.0,0.0,279.444443702698,6278,455,0,0,22
2579,182,8.33333333333333,120.0,122.0,11.148,0.023,0.0,0.0,0.0,279.442799568176,6273,455,0,0,20
2580,182,8.33333333333333,120.0,122.0,11.148,0.023,0.0,0.0,0.0,279.432797431946,6268,452,0,0,19
2581,182,8.24666666666667,121.261115602264,122.0,11.148,0.023,0.0,0.0,0.0,279.427338600159,6256,452,0,0,16
2582,182,8.287,120.670930372873,122.0,11.148,0.023,0.0,0.0,0.0,279.428700447083,6256,452,0,0,16
2583,183,8.33333333333333,120.0,122.0,14.46,0.026,0.0,0.0,0.0,279.59198474884,6364,473,0,0,32
2584,183,8.33333333333333,120.0,122.0,14.46,0.026,0.0,0.0,0.0,279.588917732239,6365,472,0,0,34
2585,183,8.33333333333333,120.0,122.0,14.46,0.026,0.0,0.0,0.0,279.590279579163,6365,472,0,0,34
2586,183,8.33333333333333,120.0,122.0,14.46,0.026,0.0,0.0,0.0,279.591641426086,6365,472,0,0,34
2587,183,8.33333333333333,120.0,122.0,14.46,0.026,0.0,0.0,0.0,279.616314888,6375,475,0,0,35
2588,183,8.26333333333333,121.016538926987,122.0,14.46,0.026,0.0,0.0,0.0,279.616955757141,6375,475,0,0,35
2589,183,7.748,129.065565307176,122.0,14.46,0.026,0.0,0.0,0.0,279.618317604065,6375,475,0,0,35
2590,183,7.835,127.632418634333,122.0,14.46,0.026,0.0,0.0,0.0,279.606560707092,6359,474,0,0,35
2591,183,7.78,128.53470437018,122.0,14.46,0.026,0.0,0.0,0.0,279.609593391418,6362,474,0,0,36
2592,183,7.869,127.08095056551,122.0,14.46,0.026,0.0,0.0,0.0,279.641766548157,6386,479,0,0,40
2593,183,8.33333333333333,120.0,122.0,14.46,0.026,0.0,0.0,0.0,279.64191532135,6384,479,0,0,39
2594,183,8.33333333333333,120.0,122.0,14.46,0.026,0.0,0.0,0.0,279.643277168274,6384,479,0,0,39
2595,184,8.33333333333333,120.0,122.0,14.46,0.026,0.0,0.0,0.0,279.765698432922,6432,488,0,0,45
2596,184,8.33333333333333,120.0,122.0,14.46,0.026,0.0,0.0,0.0,279.767060279846,6432,488,0,0,45
2597,184,8.33333333333333,120.0,122.0,14.46,0.026,0.0,0.0,0.0,279.766407966614,6431,488,0,0,44
2598,184,8.33333333333333,120.0,122.0,14.46,0.026,0.0,0.0,0.0,279.767769813538,6431,488,0,0,44
2599,184,8.33333333333333,120.0,122.0,14.46,0.026,0.0,0.0,0.0,279.826169013977,6459,494,0,0,47
2600,184,8.33333333333333,120.0,122.0,14.46,0.026,0.0,0.0,0.0,279.827530860901,6459,494,0,0,47
2601,184,8.09833333333333,123.482197983124,122.0,14.46,0.026,0.0,0.0,0.0,279.822823524475,6457,492,0,0,47
2602,184,7.772,128.667009778693,122.0,14.46,0.026,0.0,0.0,0.0,279.815892219543,6448,491,0,0,44
2603,184,7.959,125.643925116221,122.0,14.46,0.026,0.0,0.0,0.0,279.808022499084,6441,491,0,0,39
2604,184,7.995,125.078173858662,122.0,14.46,0.026,0.0,0.0,0.0,279.84024143219,6465,496,0,0,43
2605,184,7.635,130.975769482646,122.0,14.46,0.026,0.0,0.0,0.0,279.817440986633,6443,494,0,0,35
2606,184,8.229,121.521448535667,122.0,14.46,0.026,0.0,0.0,0.0,279.818802833557,6443,494,0,0,35
2607,185,8.33333333333333,120.0,122.0,14.46,0.026,0.0,0.0,0.0,279.840439796448,6453,496,0,0,38
2608,185,8.33333333333333,120.0,122.0,14.46,0.026,0.0,0.0,0.0,279.827347755432,6443,494,0,0,36
2609,185,8.33333333333333,120.0,122.0,14.46,0.026,0.0,0.0,0.0,280.807221412659,6433,492,0,0,37
2610,185,8.33333333333333,120.0,122.0,14.46,0.026,0.0,0.0,0.0,280.792653083801,6424,490,0,0,37
2611,185,8.33333333333333,120.0,122.0,14.46,0.026,0.0,0.0,0.0,280.794014930725,6424,490,0,0,37
2612,185,8.33333333333333,120.0,122.0,14.46,0.026,0.0,0.0,0.0,280.884850502014,6481,499,0,0,45
2613,185,8.33333333333333,120.0,122.0,14.46,0.026,0.0,0.0,0.0,280.879685401917,6479,497,0,0,45
2614,185,8.33333333333333,120.0,122.0,14.46,0.026,0.0,0.0,0.0,280.872754096985,6470,496,0,0,42
2615,185,8.33333333333333,120.0,122.0,14.46,0.026,0.0,0.0,0.0,280.868805885315,6461,496,0,0,37
2616,185,8.33333333333333,120.0,122.0,14.46,0.026,0.0,0.0,0.0,280.867146492004,6464,496,0,0,38
2617,185,7.72166666666667,129.505719835959,122.0,14.46,0.026,0.0,0.0,0.0,280.864853858948,6458,496,0,0,35
2618,185,7.659,130.565347956652,122.0,14.46,0.026,0.0,0.0,0.0,281.876378059387,6463,497,0,0,33
2619,185,8.33333333333333,120.0,122.0,14.46,0.026,0.0,0.0,0.0,281.877114295959,6464,497,0,0,33
2620,186,8.33333333333333,120.0,122.0,14.46,0.026,0.0,0.0,0.0,281.971364021301,6516,504,0,0,45
2621,186,8.33333333333333,120.0,122.0,14.46,0.026,0.0,0.0,0.0,282.15961933136,6635,536,0,0,63
2622,186,8.33333333333333,120.0,122.0,14.46,0.026,0.0,0.0,0.0,282.192856788635,6659,539,0,0,69
2623,186,8.33333333333333,120.0,122.0,14.46,0.026,0.0,0.0,0.0,282.178818702698,6650,537,0,0,69
2624,186,8.33333333333333,120.0,122.0,14.46,0.026,0.0,0.0,0.0,282.184971809387,6655,537,0,0,71
2625,186,8.33333333333333,120.0,122.0,14.46,0.026,0.0,0.0,0.0,282.167981147766,6644,535,0,0,71
2626,186,8.33333333333333,120.0,122.0,14.46,0.026,0.0,0.0,0.0,282.174813270569,6648,536,0,0,71
2627,186,8.33333333333333,120.0,122.0,14.46,0.026,0.0,0.0,0.0,282.18630695343,6654,537,0,0,71
2628,186,8.33333333333333,120.0,122.0,14.46,0.026,0.0,0.0,0.0,282.183434486389,6655,537,0,0,71
2629,186,8.33333333333333,120.0,122.0,14.46,0.026,0.0,0.0,0.0,282.189526557922,6676,537,0,0,79
2630,186,8.33333333333333,120.0,122.0,14.46,0.026,0.0,0.0,0.0,282.180703163147,6663,536,0,0,74
2631,186,8.33333333333333,120.0,122.0,14.46,0.026,0.0,0.0,0.0,282.179123878479,6660,536,0,0,73
2632,187,8.33333333333333,120.0,122.0,14.46,0.026,0.0,0.0,0.0,282.18223285675,6669,537,0,0,75
2633,187,8.33333333333333,120.0,122.0,14.46,0.026,0.0,0.0,0.0,282.186478614807,6674,537,0,0,77
2634,187,8.33333333333333,120.0,122.0,14.46,0.026,0.0,0.0,0.0,282.187275886536,6675,537,0,0,77
2635,187,8.33333333333333,120.0,122.0,14.46,0.026,0.0,0.0,0.0,282.188637733459,6675,537,0,0,77
2636,187,8.33333333333333,120.0,122.0,14.46,0.026,0.0,0.0,0.0,282.152455329895,6663,532,0,0,78
2637,187,8.33333333333333,120.0,122.0,14.46,0.026,0.0,0.0,0.0,282.148671150208,6658,531,0,0,76
2638,187,8.33333333333333,120.0,122.0,14.46,0.026,0.0,0.0,0.0,282.136284828186,6658,530,0,0,76
2639,187,8.33333333333333,120.0,122.0,14.46,0.026,0.0,0.0,0.0,282.14358997345,6650,530,0,0,73
2640,187,8.33333333333333,120.0,122.0,14.46,0.026,0.0,0.0,0.0,282.058205604553,6610,520,0,0,72
2641,187,8.33333333333333,120.0,122.0,14.46,0.026,0.0,0.0,0.0,282.05349445343,6601,520,0,0,65
2642,187,8.33333333333333,120.0,122.0,14.46,0.026,0.0,0.0,0.0,282.064332008362,6598,522,0,0,61
2643,187,8.33333333333333,120.0,122.0,14.46,0.026,0.0,0.0,0.0,280.98468875885,6567,511,0,0,61
2644,188,8.33333333333333,120.0,122.0,14.46,0.026,0.0,0.0,0.0,281.000378608704,6563,515,0,0,57
2645,188,8.33333333333333,120.0,122.0,14.46,0.026,0.0,0.0,0.0,280.985646247864,6550,513,0,0,55
2646,188,8.33333333333333,120.0,122.0,14.46,0.026,0.0,0.0,0.0,280.997849464417,6557,514,0,0,57
2647,188,8.33333333333333,120.0,122.0,14.46,0.026,0.0,0.0,0.0,280.996335029602,6552,514,0,0,56
2648,188,8.33333333333333,120.0,122.0,14.46,0.026,0.0,0.0,0.0,280.993607521057,6545,514,0,0,54
2649,188,8.33333333333333,120.0,122.0,14.46,0.026,0.0,0.0,0.0,281.081028938293,6600,522,0,0,62
2650,188,8.33333333333333,120.0,122.0,14.46,0.026,0.0,0.0,0.0,281.084607124329,6600,523,0,0,60
2651,188,8.33333333333333,120.0,122.0,14.46,0.026,0.0,0.0,0.0,281.085968971252,6600,523,0,0,60
2652,188,8.33333333333333,120.0,122.0,14.46,0.026,0.0,0.0,0.0,281.07824420929,6593,522,0,0,60
2653,188,8.33333333333333,120.0,122.0,14.46,0.026,0.0,0.0,0.0,281.085927009583,6605,522,0,0,66
2654,188,9.40100000000001,106.371662589086,122.0,14.46,0.026,0.0,0.0,0.0,281.104004859924,6620,525,0,0,68
2655,189,8.33333333333333,120.0,122.0,14.46,0.026,0.0,0.0,0.0,281.072804450989,6605,518,0,0,65
2656,189,8.33333333333333,120.0,122.0,14.46,0.026,0.0,0.0,0.0,281.069718360901,6597,518,0,0,62
2657,189,8.33333333333333,120.0,122.0,14.46,0.026,0.0,0.0,0.0,281.071080207825,6597,518,0,0,62
2658,189,8.33333333333333,120.0,122.0,14.46,0.026,0.0,0.0,0.0,281.151703834534,6648,531,0,0,70
2659,189,8.33333333333333,120.0,122.0,14.46,0.026,0.0,0.0,0.0,281.153065681458,6648,531,0,0,70
2660,189,8.33333333333333,120.0,122.0,14.46,0.026,0.0,0.0,0.0,281.120953559875,6630,527,0,0,69
2661,189,8.33333333333333,120.0,122.0,14.46,0.026,0.0,0.0,0.0,281.119309425354,6625,527,0,0,67
2662,189,8.33333333333333,120.0,122.0,14.46,0.026,0.0,0.0,0.0,280.080140113831,6600,523,0,0,65
2663,189,8.33333333333333,120.0,122.0,14.46,0.026,0.0,0.0,0.0,280.089928627014,6624,521,0,0,75
2664,189,8.33333333333333,120.0,122.0,14.46,0.026,0.0,0.0,0.0,280.078087806702,6609,521,0,0,69
2665,189,8.33333333333333,120.0,122.0,14.46,0.026,0.0,0.0,0.0,280.077176094055,6605,521,0,0,68
2666,189,8.33333333333333,120.0,122.0,14.46,0.026,0.0,0.0,0.0,280.042340278625,6589,517,0,0,67
2667,190,8.33333333333333,120.0,122.0,14.46,0.026,0.0,0.0,0.0,280.071217536926,6604,518,0,0,70
2668,190,8.33333333333333,120.0,122.0,14.46,0.026,0.0,0.0,0.0,280.067063331604,6602,517,0,0,69
2669,190,8.33333333333333,120.0,122.0,14.46,0.026,0.0,0.0,0.0,280.070073127747,6601,518,0,0,67
2670,190,8.33333333333333,120.0,122.0,14.46,0.026,0.0,0.0,0.0,280.07143497467,6601,518,0,0,67
2671,190,8.33333333333333,120.0,122.0,14.46,0.026,0.0,0.0,0.0,280.069172859192,6596,518,0,0,62
2672,190,8.33333333333333,120.0,122.0,14.46,0.026,0.0,0.0,0.0,280.040848731995,6570,515,0,0,62
2673,190,8.33333333333333,120.0,122.0,14.46,0.026,0.0,0.0,0.0,280.036305427551,6561,515,0,0,56
2674,190,8.33333333333333,120.0,122.0,14.46,0.026,0.0,0.0,0.0,280.037667274475,6561,515,0,0,56
2675,190,8.33333333333333,120.0,122.0,14.46,0.026,0.0,0.0,0.0,280.041768074036,6566,515,0,0,57
2676,190,8.33333333333333,120.0,122.0,14.46,0.026,0.0,0.0,0.0,280.057778358459,6572,517,0,0,58
2677,190,8.33333333333333,120.0,122.0,14.46,0.026,0.0,0.0,0.0,280.056248664856,6567,517,0,0,56
2678,190,8.33333333333333,120.0,122.0,14.46,0.026,0.0,0.0,0.0,280.036805152893,6558,514,0,0,58
2679,191,8.33333333333333,120.0,122.0,14.46,0.026,0.0,0.0,0.0,280.059098243713,6562,516,0,0,58
2680,191,8.33333333333333,120.0,122.0,14.46,0.026,0.0,0.0,0.0,279.993298530579,6536,508,0,0,57
2681,191,8.33333333333333,120.0,122.0,14.46,0.026,0.0,0.0,0.0,279.961808204651,6516,506,0,0,51
2682,191,8.33333333333333,120.0,122.0,14.46,0.026,0.0,0.0,0.0,279.959683418274,6510,506,0,0,49
2683,191,8.33333333333333,120.0,122.0,14.46,0.026,0.0,0.0,0.0,279.961045265198,6510,506,0,0,49
2684,191,8.33333333333333,120.0,122.0,14.46,0.026,0.0,0.0,0.0,279.962407112122,6510,506,0,0,49
2685,191,8.33333333333333,120.0,122.0,14.46,0.026,0.0,0.0,0.0,279.966652870178,6515,506,0,0,51
2686,191,8.33333333333333,120.0,122.0,14.46,0.026,0.0,0.0,0.0,279.909237861633,6476,498,0,0,51
2687,191,8.33333333333333,120.0,122.0,14.46,0.026,0.0,0.0,0.0,279.91144657135,6478,498,0,0,50
2688,191,8.33333333333333,120.0,122.0,14.46,0.026,0.0,0.0,0.0,279.924565315247,6479,500,0,0,49
2689,191,8.33333333333333,120.0,122.0,14.46,0.026,0.0,0.0,0.0,279.924565315247,6477,500,0,0,48
2690,191,8.33333333333333,120.0,122.0,14.46,0.026,0.0,0.0,0.0,279.9236536026,6473,500,0,0,47
2691,192,8.33333333333333,120.0,122.0,14.46,0.026,0.0,0.0,0.0,279.943127632141,6491,503,0,0,49
2692,192,8.33333333333333,120.0,122.0,14.46,0.026,0.0,0.0,0.0,279.918622016907,6482,497,0,0,49
2693,192,8.33333333333333,120.0,122.0,14.46,0.026,0.0,0.0,0.0,279.906270027161,6467,496,0,0,39
2694,192,8.33333333333333,120.0,122.0,14.46,0.026,0.0,0.0,0.0,279.897934913635,6455,496,0,0,36
2695,192,8.33333333333333,120.0,122.0,14.46,0.026,0.0,0.0,0.0,280.000330924988,6527,505,0,0,48
2696,192,9.50033333333333,105.25946458019,122.0,14.46,0.026,0.0,0.0,0.0,279.915263175964,6471,495,0,0,42
2697,192,11.637,85.9328005499699,122.0,14.46,0.026,0.0,0.0,0.0,279.916625022888,6471,495,0,0,42
2698,192,9.842,101.605364763259,122.0,14.46,0.026,0.0,0.0,0.0,279.917155265808,6475,494,0,0,44
2699,192,27.6893333333333,36.1149901285694,122.0,14.46,0.026,0.0,0.0,0.0,279.913069725037,6474,494,0,0,43
2700,193,26.37,37.9218809252939,117.0,26.311,0.042,0.0,0.0,0.0,279.911387443542,6461,486,0,0,44
2701,193,12.8973333333331,77.5354078362464,117.0,26.311,0.042,0.0,0.0,0.0,279.935534477234,6465,489,0,0,43
2702,193,22.2222222222222,45.0,117.0,26.311,0.042,0.0,0.0,0.0,279.936896324158,6465,489,0,0,43
2703,193,11.435777777778,87.4448611569911,117.0,26.311,0.042,0.0,0.0,0.0,279.961951255798,6478,494,0,0,40
2704,193,8.728,114.573785517874,117.0,26.311,0.042,0.0,0.0,0.0,279.94686794281,6465,493,0,0,40
2705,193,8.359,119.631534872592,117.0,26.311,0.042,0.0,0.0,0.0,279.932513237,6456,491,0,0,40
2706,193,8.96,111.607142857143,117.0,26.311,0.042,0.0,0.0,0.0,279.93189907074,6453,491,0,0,38
2707,194,11.1111111111111,90.0,117.0,26.311,0.042,0.0,0.0,0.0,279.932505607605,6454,491,0,0,38
2708,194,8.54388888888889,117.042720593016,117.0,26.311,0.042,0.0,0.0,0.0,279.915759086609,6442,489,0,0,36
2709,194,8.811,113.494495516967,117.0,26.311,0.042,0.0,0.0,0.0,279.910181999207,6440,487,0,0,36
2710,194,8.069,123.931094311563,117.0,26.311,0.042,0.0,0.0,0.0,279.889800071716,6421,485,0,0,32
2711,194,7.997,125.046892584719,117.0,26.311,0.042,0.0,0.0,0.0,279.887469291687,6420,484,0,0,32
2712,194,8.334,119.990400767939,117.0,26.311,0.042,0.0,0.0,0.0,279.886061668396,6415,484,0,0,30
2713,194,7.839,127.567291746396,117.0,26.311,0.042,0.0,0.0,0.0,279.88742351532,6415,484,0,0,30
2714,194,7.865,127.145581691036,117.0,26.311,0.042,0.0,0.0,0.0,279.829524040222,6376,476,0,0,30
2715,194,7.792,128.336755646817,117.0,26.311,0.042,0.0,0.0,0.0,279.828909873962,6373,476,0,0,28
2716,194,7.62,131.233595800525,117.0,26.311,0.042,0.0,0.0,0.0,279.830271720886,6373,476,0,0,28
2717,194,7.712,129.668049792531,117.0,26.311,0.042,0.0,0.0,0.0,279.83163356781,6373,476,0,0,28
2718,194,7.877,126.951885235496,117.0,26.311,0.042,0.0,0.0,0.0,279.820517539978,6366,474,0,0,28
2719,194,7.867,127.1132579128,117.0,26.311,0.042,0.0,0.0,0.0,279.805888175964,6357,472,0,0,28
2720,195,7.813,127.991808524254,117.0,26.311,0.042,0.0,0.0,0.0,279.795924186707,6347,471,0,0,24
2721,195,8.37733333333313,119.369727837023,117.0,26.311,0.042,0.0,0.0,0.0,279.795111656189,6344,471,0,0,21
2722,195,8.13766666666687,122.885347970341,117.0,26.311,0.042,0.0,0.0,0.0,279.759257316589,6325,461,0,0,21
2723,195,8.5289999999998,117.247039512255,117.0,26.311,0.042,0.0,0.0,0.0,279.760619163513,6325,461,0,0,21
2724,195,8.33333333333333,120.0,117.0,26.311,0.042,0.0,0.0,0.0,279.685223579407,6298,452,0,0,21
2725,195,8.33333333333333,120.0,117.0,26.311,0.042,0.0,0.0,0.0,279.655285835266,6262,450,0,0,12
2726,195,8.33333333333333,120.0,117.0,26.311,0.042,0.0,0.0,0.0,279.65355014801,6265,450,0,0,13
2727,195,8.33333333333334,120.0,117.0,26.311,0.042,0.0,0.0,0.0,279.653225898743,6262,450,0,0,11
2728,195,8.33333333333333,120.0,117.0,26.311,0.042,0.0,0.0,0.0,279.654587745667,6262,450,0,0,11
2729,195,8.33333333333334,120.0,117.0,26.311,0.042,0.0,0.0,0.0,279.65594959259,6262,450,0,0,11
2730,195,8.33333333333333,120.0,117.0,26.311,0.042,0.0,0.0,0.0,279.653580665588,6256,450,0,0,8
2731,195,8.33333333333333,120.0,117.0,26.311,0.042,0.0,0.0,0.0,279.654942512512,6256,450,0,0,8
2732,196,8.33333333333333,120.0,117.0,26.311,0.042,0.0,0.0,0.0,279.797913551331,6320,462,0,0,18
2733,196,8.33333333333333,120.0,117.0,26.311,0.042,0.0,0.0,0.0,279.799275398254,6320,462,0,0,18
2734,196,8.33333333333333,120.0,117.0,26.311,0.042,0.0,0.0,0.0,279.798958778381,6317,462,0,0,17
2735,196,8.33333333333333,120.0,117.0,26.311,0.042,0.0,0.0,0.0,279.775162696838,6305,459,0,0,16
2736,196,8.33333333333333,120.0,117.0,26.311,0.042,0.0,0.0,0.0,279.834774971008,6335,465,0,0,20
2737,196,8.33333333333333,120.0,117.0,26.311,0.042,0.0,0.0,0.0,279.927884101868,6396,474,0,0,29
2738,196,8.33333333333333,120.0,117.0,26.311,0.042,0.0,0.0,0.0,279.929245948792,6396,474,0,0,29
2739,196,8.33333333333333,120.0,117.0,26.311,0.042,0.0,0.0,0.0,279.834759712219,6341,464,0,0,29
2740,196,8.33333333333333,120.0,117.0,26.311,0.042,0.0,0.0,0.0,279.831082344055,6333,464,0,0,25
2741,196,8.33333333333333,120.0,117.0,26.311,0.042,0.0,0.0,0.0,279.863301277161,6357,469,0,0,29
2742,196,8.2560000000002,121.124031007749,117.0,26.311,0.042,0.0,0.0,0.0,279.862236976624,6353,469,0,0,27
2743,196,7.57575757575758,132.0,117.0,26.311,0.042,0.0,0.0,0.0,279.861325263977,6349,469,0,0,26
2744,197,7.57575757575758,132.0,117.0,26.311,0.042,0.0,0.0,0.0,279.862626075745,6349,469,0,0,26
2745,197,7.57575757575758,132.0,117.0,26.311,0.042,0.0,0.0,0.0,279.847195625305,6340,467,0,0,26
2746,197,7.57575757575758,132.0,117.0,26.311,0.042,0.0,0.0,0.0,281.053910255432,6471,502,0,0,44
2747,197,7.57575757575758,132.0,117.0,26.311,0.042,0.0,0.0,0.0,281.087147712708,6495,505,0,0,50
2748,197,7.57575757575758,132.0,117.0,26.311,0.042,0.0,0.0,0.0,281.088509559631,6495,505,0,0,50
2749,197,7.57575757575758,132.0,117.0,26.311,0.042,0.0,0.0,0.0,281.089871406555,6495,505,0,0,50
2750,197,7.57575757575758,132.0,117.0,26.311,0.042,0.0,0.0,0.0,281.085072517395,6493,503,0,0,50
2751,197,7.57575757575758,132.0,117.0,26.311,0.042,0.0,0.0,0.0,281.079224586487,6484,503,0,0,48
2752,197,8.12284848484849,123.109522708111,117.0,26.311,0.042,0.0,0.0,0.0,281.073666572571,6477,502,0,0,45
2753,197,7.887,126.790921770001,117.0,26.311,0.042,0.0,0.0,0.0,281.071671485901,6471,502,0,0,43
2754,197,7.991,125.140783381304,117.0,26.311,0.042,0.0,0.0,0.0,281.066540718079,6469,500,0,0,43
2755,197,7.924,126.198889449773,117.0,26.311,0.042,0.0,0.0,0.0,282.077645301819,6473,501,0,0,42
2756,197,8.33333333333333,120.0,117.0,26.311,0.042,0.0,0.0,0.0,282.075360298157,6472,500,0,0,42
2757,198,8.33333333333333,120.0,117.0,26.311,0.042,0.0,0.0,0.0,282.297543525696,6655,523,0,0,74
2758,198,8.33333333333333,120.0,117.0,26.311,0.042,0.0,0.0,0.0,282.2866563797,6648,521,0,0,74
2759,198,8.33333333333333,120.0,117.0,26.311,0.042,0.0,0.0,0.0,282.288018226624,6648,521,0,0,74
2760,198,8.33333333333333,120.0,117.0,26.311,0.042,0.0,0.0,0.0,282.289380073547,6648,521,0,0,74
2761,198,8.33333333333333,120.0,117.0,26.311,0.042,0.0,0.0,0.0,282.319867134094,6663,524,0,0,76
2762,198,8.33333333333333,120.0,117.0,26.311,0.042,0.0,0.0,0.0,282.410210609436,6723,532,0,0,85
2763,198,8.33333333333333,120.0,117.0,26.311,0.042,0.0,0.0,0.0,282.415307044983,6725,533,0,0,85
2764,198,8.33333333333333,120.0,117.0,26.311,0.042,0.0,0.0,0.0,282.427891731262,6733,534,0,0,86
2765,198,10.0906666666667,99.1014799154334,117.0,26.311,0.042,0.0,0.0,0.0,282.423233985901,6731,534,0,0,85
2766,198,8.718,114.705207616426,117.0,26.311,0.042,0.0,0.0,0.0,282.455407142639,6755,539,0,0,89
2767,198,8.33333333333333,120.0,117.0,26.311,0.042,0.0,0.0,0.0,282.446976661682,6743,538,0,0,81
2768,199,11.3846666666667,87.8374421736839,117.0,26.311,0.042,0.0,0.0,0.0,282.394352912903,6720,532,0,0,78
2769,199,8.654,115.553501271089,117.0,26.311,0.042,0.0,0.0,0.0,282.377415657043,6696,532,0,0,70
2770,199,8.909,112.246043326973,117.0,26.311,0.042,0.0,0.0,0.0,282.424092292786,6724,542,0,0,72
2771,199,8.496,117.702448210923,117.0,26.311,0.042,0.0,0.0,0.0,282.456891059875,6748,545,0,0,78
2772,199,8.347,119.803522223553,117.0,26.311,0.042,0.0,0.0,0.0,282.458252906799,6748,545,0,0,78
2773,199,8.493,117.744024490757,117.0,26.311,0.042,0.0,0.0,0.0,282.419304847717,6735,539,0,0,79
2774,199,8.403,119.00511722004,117.0,26.311,0.042,0.0,0.0,0.0,282.416409492493,6731,538,0,0,77
2775,199,8.401,119.033448399,117.0,26.311,0.042,0.0,0.0,0.0,282.409058570862,6729,539,0,0,75
2776,199,8.399,119.061793070604,117.0,26.311,0.042,0.0,0.0,0.0,282.415627479553,6724,538,0,0,73
2777,199,9.646,103.66991499067,117.0,26.311,0.042,0.0,0.0,0.0,282.357705116272,6701,531,0,0,74
2778,199,9.459,105.719420657575,117.0,26.311,0.042,0.0,0.0,0.0,282.347855567932,6695,528,0,0,73
2779,199,9.819,101.843364904776,117.0,26.311,0.042,0.0,0.0,0.0,282.386189460754,6719,534,0,0,76
2780,200,10.594,94.3930526713234,117.0,26.311,0.042,0.0,0.0,0.0,281.343049049377,6707,525,0,0,77
2781,200,9.09090909090909,110.0,117.0,26.311,0.042,0.0,0.0,0.0,281.32737827301,6692,523,0,0,74
2782,200,9.09090909090909,110.0,117.0,26.311,0.042,0.0,0.0,0.0,281.326794624329,6689,523,0,0,72
2783,200,9.09090909090909,110.0,117.0,26.311,0.042,0.0,0.0,0.0,281.325280189514,6684,523,0,0,71
2784,200,9.09090909090909,110.0,117.0,26.311,0.042,0.0,0.0,0.0,281.337239265442,6691,523,0,0,72
2785,200,9.09090909090909,110.0,117.0,26.311,0.042,0.0,0.0,0.0,281.340363502502,6690,524,0,0,71
2786,200,8.36945454545434,119.48209940911,117.0,26.311,0.042,0.0,0.0,0.0,281.331883430481,6685,523,0,0,70
2787,200,9.09090909090909,110.0,117.0,26.311,0.042,0.0,0.0,0.0,281.342267036438,6709,523,0,0,80
2788,200,7.57575757575758,132.0,117.0,26.311,0.042,0.0,0.0,0.0,281.312977790833,6691,518,0,0,79
2789,200,9.09090909090909,110.0,117.0,26.311,0.042,0.0,0.0,0.0,281.2986536026,6669,517,0,0,74
2790,200,9.09090909090909,110.0,117.0,26.311,0.042,0.0,0.0,0.0,281.297741889954,6665,517,0,0,73
2791,201,9.09090909090909,110.0,117.0,26.311,0.042,0.0,0.0,0.0,281.26443195343,6654,512,0,0,73
2792,201,9.09090909090909,110.0,117.0,26.311,0.042,0.0,0.0,0.0,281.242959022522,6622,512,0,0,63
2793,201,9.09090909090909,110.0,117.0,26.311,0.042,0.0,0.0,0.0,277.292102813721,6550,481,0,0,60
2794,201,9.09090909090909,110.0,117.0,26.311,0.042,0.0,0.0,0.0,277.290565490723,6545,481,0,0,59
2795,201,9.09090909090909,110.0,117.0,26.311,0.042,0.0,0.0,0.0,277.278373718262,6528,480,0,0,60
2796,201,9.09090909090909,110.0,117.0,26.311,0.042,0.0,0.0,0.0,277.243576049805,6503,477,0,0,52
2797,201,9.09090909090909,110.0,117.0,26.311,0.042,0.0,0.0,0.0,276.232357025146,6494,476,0,0,51
2798,201,8.36748484848506,119.51022536731,117.0,26.311,0.042,0.0,0.0,0.0,276.230484008789,6488,476,0,0,49
2799,201,8.33333333333333,120.0,117.0,26.311,0.042,0.0,0.0,0.0,276.231845855713,6488,476,0,0,49
2800,201,8.33333333333333,120.0,117.0,26.311,0.042,0.0,0.0,0.0,276.246040344238,6491,478,0,0,49
2801,201,8.33333333333333,120.0,117.0,26.311,0.042,0.0,0.0,0.0,276.231384277344,6496,477,0,0,52
2802,202,8.33333333333333,120.0,117.0,26.311,0.042,0.0,0.0,0.0,276.202671051025,6485,470,0,0,51
2803,202,8.33333333333333,120.0,117.0,26.311,0.042,0.0,0.0,0.0,276.202060699463,6482,470,0,0,50
2804,202,8.33333333333333,120.0,117.0,26.311,0.042,0.0,0.0,0.0,276.193367004395,6476,468,0,0,49
2805,202,8.33333333333333,120.0,117.0,26.311,0.042,0.0,0.0,0.0,276.187168121338,6463,468,0,0,46
2806,202,8.33333333333333,120.0,117.0,26.311,0.042,0.0,0.0,0.0,276.188529968262,6463,468,0,0,46
2807,202,8.33333333333333,120.0,117.0,26.311,0.042,0.0,0.0,0.0,276.189167022705,6462,468,0,0,45
2808,202,8.33333333333333,120.0,117.0,26.311,0.042,0.0,0.0,0.0,276.186813354492,6461,467,0,0,45
2809,202,8.33333333333333,120.0,117.0,26.311,0.042,0.0,0.0,0.0,276.12707901001,6418,459,0,0,44
2810,202,8.33333333333333,120.0,117.0,26.311,0.042,0.0,0.0,0.0,276.127349853516,6416,459,0,0,43
2811,202,8.33333333333333,120.0,117.0,26.311,0.042,0.0,0.0,0.0,276.127979278564,6415,459,0,0,42
2812,202,8.33333333333333,120.0,117.0,26.311,0.042,0.0,0.0,0.0,276.117977142334,6410,456,0,0,41
2813,202,8.33333333333333,120.0,117.0,26.311,0.042,0.0,0.0,0.0,276.097129821777,6380,455,0,0,36
2814,203,8.33333333333333,120.0,114.0,16.355,0.039,0.0,0.0,0.0,276.098217010498,6384,447,0,0,40
2815,203,8.33333333333333,120.0,114.0,16.355,0.039,0.0,0.0,0.0,276.096900939941,6380,447,0,0,37
2816,203,8.33333333333333,120.0,114.0,16.355,0.039,0.0,0.0,0.0,276.077838897705,6365,447,0,0,27
2817,203,8.33333333333333,120.0,114.0,16.355,0.039,0.0,0.0,0.0,276.063251495361,6356,445,0,0,27
2818,203,8.33333333333333,120.0,114.0,16.355,0.039,0.0,0.0,0.0,276.087924957275,6366,448,0,0,28
2819,203,8.33333333333333,120.0,114.0,16.355,0.039,0.0,0.0,0.0,276.002986907959,6311,438,0,0,23
2820,203,8.33333333333333,120.0,114.0,16.355,0.039,0.0,0.0,0.0,275.998443603516,6302,438,0,0,17
2821,203,8.33333333333333,120.0,114.0,16.355,0.039,0.0,0.0,0.0,275.989570617676,6291,437,0,0,19
2822,203,8.33333333333333,120.0,114.0,16.355,0.039,0.0,0.0,0.0,275.989719390869,6289,437,0,0,18
2823,203,8.33333333333333,120.0,114.0,16.355,0.039,0.0,0.0,0.0,276.024192810059,6324,442,0,0,25
2824,203,8.33333333333333,120.0,114.0,16.355,0.039,0.0,0.0,0.0,275.984481811523,6296,432,0,0,24
2825,203,8.33333333333333,120.0,114.0,16.355,0.039,0.0,0.0,0.0,275.985843658447,6296,432,0,0,24
2826,204,8.33600000000001,119.961612284069,114.0,16.355,0.039,0.0,0.0,0.0,275.987022399902,6296,432,0,0,24
2827,204,8.33333333333333,120.0,114.0,16.355,0.039,0.0,0.0,0.0,275.986705780029,6293,432,0,0,23
2828,204,8.33333333333333,120.0,114.0,16.355,0.039,0.0,0.0,0.0,275.987503051758,6294,432,0,0,23
2829,204,8.33333333333333,120.0,114.0,16.355,0.039,0.0,0.0,0.0,275.987651824951,6292,432,0,0,22
2830,204,8.33333333333333,120.0,114.0,16.355,0.039,0.0,0.0,0.0,275.989013671875,6292,432,0,0,22
2831,204,8.33333333333333,120.0,114.0,16.355,0.039,0.0,0.0,0.0,275.990375518799,6292,432,0,0,22
2832,204,8.33333333333333,120.0,114.0,16.355,0.039,0.0,0.0,0.0,275.984798431396,6290,430,0,0,22
2833,204,8.33333333333333,120.0,114.0,16.355,0.039,0.0,0.0,0.0,275.918605804443,6242,421,0,0,19
2834,204,8.33333333333333,120.0,114.0,16.355,0.039,0.0,0.0,0.0,275.915222167969,6234,421,0,0,15
2835,204,8.33333333333333,120.0,114.0,16.355,0.039,0.0,0.0,0.0,275.916584014893,6234,421,0,0,15
2836,204,8.33333333333333,120.0,114.0,16.355,0.039,0.0,0.0,0.0,275.901954650879,6225,419,0,0,15
2837,204,8.33333333333333,120.0,114.0,16.355,0.039,0.0,0.0,0.0,275.903316497803,6225,419,0,0,15
2838,205,8.33333333333333,120.0,114.0,16.355,0.039,0.0,0.0,0.0,275.90461730957,6225,419,0,0,15
2839,205,8.33333333333333,120.0,114.0,16.355,0.039,0.0,0.0,0.0,275.891147613525,6214,417,0,0,14
2840,205,8.33333333333333,120.0,114.0,16.355,0.039,0.0,0.0,0.0,275.890533447266,6211,417,0,0,12
2841,205,8.33333333333333,120.0,114.0,16.355,0.039,0.0,0.0,0.0,275.875965118408,6202,415,0,0,12
2842,205,8.33333333333333,120.0,114.0,16.355,0.039,0.0,0.0,0.0,275.877326965332,6202,415,0,0,12
2843,205,8.33333333333333,120.0,114.0,16.355,0.039,0.0,0.0,0.0,275.878688812256,6202,415,0,0,12
2844,205,8.33333333333333,120.0,114.0,16.355,0.039,0.0,0.0,0.0,275.834583282471,6182,397,0,0,12
2845,205,8.33333333333333,120.0,114.0,16.355,0.039,0.0,0.0,0.0,275.835945129395,6182,397,0,0,12
2846,205,8.33333333333333,120.0,114.0,16.355,0.039,0.0,0.0,0.0,275.837306976318,6182,397,0,0,12
2847,205,8.33333333333333,120.0,114.0,16.355,0.039,0.0,0.0,0.0,275.836990356445,6179,397,0,0,11
2848,205,8.33333333333333,120.0,114.0,16.355,0.039,0.0,0.0,0.0,275.835414886475,6174,397,0,0,8
2849,205,8.33333333333333,120.0,114.0,16.355,0.039,0.0,0.0,0.0,275.836776733398,6174,397,0,0,8
2850,206,8.33333333333333,120.0,114.0,16.355,0.039,0.0,0.0,0.0,275.838138580322,6174,397,0,0,8
2851,206,8.33333333333333,120.0,114.0,16.355,0.039,0.0,0.0,0.0,275.822708129883,6165,395,0,0,8
2852,206,8.33333333333333,120.0,114.0,16.355,0.039,0.0,0.0,0.0,275.815078735352,6158,394,0,0,7
2853,206,8.33333333333333,120.0,114.0,16.355,0.039,0.0,0.0,0.0,275.816440582275,6158,394,0,0,7
2854,206,8.33333333333333,120.0,114.0,16.355,0.039,0.0,0.0,0.0,275.793376922607,6148,391,0,0,7
2855,206,8.33333333333333,120.0,114.0,16.355,0.039,0.0,0.0,0.0,275.794738769531,6148,391,0,0,7
2856,206,8.33333333333333,120.0,114.0,16.355,0.039,0.0,0.0,0.0,275.792919158936,6144,391,0,0,6
2857,206,8.33333333333333,120.0,114.0,16.355,0.039,0.0,0.0,0.0,275.794281005859,6144,391,0,0,6
2858,206,8.33333333333333,120.0,114.0,16.355,0.039,0.0,0.0,0.0,275.795642852783,6144,391,0,0,6
2859,206,8.33333333333333,120.0,114.0,16.355,0.039,0.0,0.0,0.0,275.75923538208,6134,387,0,0,7
2860,206,8.33333333333333,120.0,114.0,16.355,0.039,0.0,0.0,0.0,275.760597229004,6134,387,0,0,7
2861,206,8.33333333333333,120.0,114.0,16.355,0.039,0.0,0.0,0.0,271.261881828308,6076,357,0,0,7
2862,207,8.33333333333333,120.0,114.0,16.355,0.039,0.0,0.0,0.0,271.296751976013,6091,361,0,0,10
2863,207,8.33333333333333,120.0,114.0,16.355,0.039,0.0,0.0,0.0,271.298113822937,6091,361,0,0,10
2864,207,8.33333333333333,120.0,114.0,16.355,0.039,0.0,0.0,0.0,271.299078941345,6091,361,0,0,10
2865,207,8.33333333333333,120.0,114.0,16.355,0.039,0.0,0.0,0.0,271.297381401062,6089,361,0,0,8
2866,207,8.33333333333333,120.0,114.0,16.355,0.039,0.0,0.0,0.0,271.298743247986,6089,361,0,0,8
2867,207,8.33333333333333,120.0,114.0,16.355,0.039,0.0,0.0,0.0,271.391852378845,6150,370,0,0,17
2868,207,8.33333333333333,120.0,114.0,16.355,0.039,0.0,0.0,0.0,271.393214225769,6150,370,0,0,17
2869,207,8.33333333333333,120.0,114.0,16.355,0.039,0.0,0.0,0.0,271.365256309509,6132,366,0,0,17
2870,207,8.33333333333333,120.0,114.0,16.355,0.039,0.0,0.0,0.0,271.366618156433,6132,366,0,0,17
2871,207,8.33333333333333,120.0,114.0,16.355,0.039,0.0,0.0,0.0,271.358939170837,6125,365,0,0,17
2872,207,8.33333333333333,120.0,114.0,16.355,0.039,0.0,0.0,0.0,271.358027458191,6121,365,0,0,16
2873,207,8.33333333333333,120.0,114.0,16.355,0.039,0.0,0.0,0.0,271.359389305115,6121,365,0,0,16
2874,208,8.33333333333333,120.0,114.0,16.355,0.039,0.0,0.0,0.0,271.423853874207,6145,370,0,0,21
2875,208,8.33333333333333,120.0,114.0,16.355,0.039,0.0,0.0,0.0,271.42521572113,6145,370,0,0,21
2876,208,8.33333333333333,120.0,114.0,16.355,0.039,0.0,0.0,0.0,271.646769523621,6288,405,0,0,45
2877,208,8.33333333333333,120.0,114.0,16.355,0.039,0.0,0.0,0.0,271.648131370544,6288,405,0,0,45
2878,208,8.33333333333333,120.0,114.0,16.355,0.039,0.0,0.0,0.0,271.64356136322,6283,405,0,0,44
2879,208,8.33333333333333,120.0,114.0,16.355,0.039,0.0,0.0,0.0,271.735949516296,6344,414,0,0,53
2880,208,8.33333333333333,120.0,114.0,16.355,0.039,0.0,0.0,0.0,271.73731136322,6344,414,0,0,53
2881,208,8.33333333333333,120.0,114.0,16.355,0.039,0.0,0.0,0.0,271.745104789734,6350,415,0,0,54
2882,208,8.33333333333333,120.0,114.0,16.355,0.039,0.0,0.0,0.0,271.74537563324,6348,415,0,0,53
2883,208,8.33333333333333,120.0,114.0,16.355,0.039,0.0,0.0,0.0,271.745059013367,6345,415,0,0,52
2884,208,8.33333333333333,120.0,114.0,16.355,0.039,0.0,0.0,0.0,271.741209983826,6343,413,0,0,52
2885,208,8.33333333333333,120.0,114.0,16.355,0.039,0.0,0.0,0.0,271.735522270203,6336,412,0,0,50
2886,209,8.33333333333333,120.0,114.0,16.355,0.039,0.0,0.0,0.0,271.734580039978,6334,412,0,0,49
2887,209,8.33333333333333,120.0,114.0,16.355,0.039,0.0,0.0,0.0,271.741881370544,6340,413,0,0,50
2888,209,8.92366666666667,112.061559149826,114.0,16.355,0.039,0.0,0.0,0.0,272.839632987976,6402,429,0,0,58
2889,209,8.33333333333333,120.0,114.0,16.355,0.039,0.0,0.0,0.0,272.8409948349,6402,429,0,0,58
2890,209,8.33333333333333,120.0,114.0,16.355,0.039,0.0,0.0,0.0,272.842356681824,6402,429,0,0,58
2891,209,8.33333333333333,120.0,114.0,16.355,0.039,0.0,0.0,0.0,272.843718528748,6402,429,0,0,58
2892,209,8.33333333333333,120.0,114.0,16.355,0.039,0.0,0.0,0.0,272.842406272888,6401,428,0,0,58
2893,209,8.33333333333333,120.0,114.0,16.355,0.039,0.0,0.0,0.0,272.853934288025,6409,430,0,0,59
2894,209,8.33333333333333,120.0,114.0,16.355,0.039,0.0,0.0,0.0,272.853114128113,6405,430,0,0,57
2895,209,8.33333333333333,120.0,114.0,16.355,0.039,0.0,0.0,0.0,272.854475975037,6405,430,0,0,57
2896,209,8.33333333333333,120.0,114.0,16.355,0.039,0.0,0.0,0.0,273.865275382996,6410,431,0,0,53
2897,209,8.86033333333333,112.862571009368,114.0,16.355,0.039,0.0,0.0,0.0,273.854216575623,6398,429,0,0,48
2898,210,9.09090909090909,110.0,114.0,16.355,0.039,0.0,0.0,0.0,273.803343772888,6395,414,0,0,52
2899,210,9.09090909090909,110.0,114.0,16.355,0.039,0.0,0.0,0.0,273.799788475037,6376,416,0,0,44
2900,210,8.38718181818182,119.229560259704,114.0,16.355,0.039,0.0,0.0,0.0,273.80115032196,6376,416,0,0,44
2901,210,8.33333333333333,120.0,114.0,16.355,0.039,0.0,0.0,0.0,273.802512168884,6376,416,0,0,44
2902,210,8.33333333333333,120.0,114.0,16.355,0.039,0.0,0.0,0.0,273.832999229431,6391,419,0,0,46
2903,210,8.33333333333333,120.0,114.0,16.355,0.039,0.0,0.0,0.0,273.831274986267,6390,418,0,0,46
2904,210,8.33333333333333,120.0,114.0,16.355,0.039,0.0,0.0,0.0,273.830363273621,6386,418,0,0,45
2905,210,8.33333333333333,120.0,114.0,16.355,0.039,0.0,0.0,0.0,273.851626396179,6405,420,0,0,48
2906,210,8.33333333333333,120.0,114.0,16.355,0.039,0.0,0.0,0.0,273.849501609802,6399,420,0,0,46
2907,210,8.33333333333333,120.0,114.0,16.355,0.039,0.0,0.0,0.0,273.881674766541,6423,425,0,0,50
2908,210,8.33333333333333,120.0,114.0,16.355,0.039,0.0,0.0,0.0,273.881823539734,6421,425,0,0,49
2909,210,8.33333333333333,120.0,114.0,16.355,0.039,0.0,0.0,0.0,273.833632469177,6415,419,0,0,52
2910,211,8.33333333333333,120.0,114.0,16.355,0.039,0.0,0.0,0.0,273.790019035339,6381,413,0,0,44
2911,211,8.33333333333333,120.0,114.0,16.355,0.039,0.0,0.0,0.0,273.794051170349,6386,413,0,0,45
2912,211,8.33333333333333,120.0,114.0,16.355,0.039,0.0,0.0,0.0,273.792574882507,6383,413,0,0,44
2913,211,8.33333333333333,120.0,114.0,16.355,0.039,0.0,0.0,0.0,273.793936729431,6383,413,0,0,44
2914,211,8.33333333333333,120.0,114.0,16.355,0.039,0.0,0.0,0.0,273.805834770203,6390,414,0,0,44
2915,211,8.33333333333333,120.0,114.0,16.355,0.039,0.0,0.0,0.0,273.804976463318,6388,414,0,0,44
2916,211,8.33333333333333,120.0,114.0,16.355,0.039,0.0,0.0,0.0,273.785231590271,6385,411,0,0,44
2917,211,8.33333333333333,120.0,114.0,16.355,0.039,0.0,0.0,0.0,273.791842460632,6376,411,0,0,40
2918,211,8.33333333333333,120.0,114.0,16.355,0.039,0.0,0.0,0.0,273.801703453064,6396,410,0,0,49
2919,211,8.33333333333333,120.0,114.0,16.355,0.039,0.0,0.0,0.0,273.791235923767,6390,407,0,0,48
2920,211,8.33333333333333,120.0,114.0,16.355,0.039,0.0,0.0,0.0,273.78577709198,6378,407,0,0,45
2921,211,8.33333333333333,120.0,114.0,16.355,0.039,0.0,0.0,0.0,273.806551933289,6397,410,0,0,48
2922,212,8.33333333333333,120.0,114.0,16.355,0.039,0.0,0.0,0.0,273.772578239441,6384,403,0,0,47
2923,212,8.33333333333333,120.0,114.0,16.355,0.039,0.0,0.0,0.0,273.767172813416,6380,401,0,0,47
2924,212,8.33333333333333,120.0,114.0,16.355,0.039,0.0,0.0,0.0,273.766261100769,6376,401,0,0,46
2925,212,8.33333333333333,120.0,114.0,16.355,0.039,0.0,0.0,0.0,273.767622947693,6376,401,0,0,46
2926,212,8.33333333333333,120.0,114.0,16.355,0.039,0.0,0.0,0.0,273.768260002136,6375,401,0,0,45
2927,212,8.46833333333333,118.086990749852,114.0,16.355,0.039,0.0,0.0,0.0,273.75062084198,6350,400,0,0,39
2928,212,8.548,116.986429574169,114.0,16.355,0.039,0.0,0.0,0.0,273.749636650085,6354,400,0,0,40
2929,212,8.341,119.889701474643,114.0,16.355,0.039,0.0,0.0,0.0,273.74732875824,6353,399,0,0,40
2930,212,8.908,112.258643915582,114.0,16.355,0.039,0.0,0.0,0.0,273.743201255798,6352,399,0,0,40
2931,212,8.33333333333333,120.0,114.0,16.355,0.039,0.0,0.0,0.0,273.734812736511,6347,398,0,0,39
2932,212,8.33333333333333,120.0,114.0,16.355,0.039,0.0,0.0,0.0,273.734957695007,6348,396,0,0,39
2933,213,8.33333333333333,120.0,119.0,11.614,0.022,0.0,0.0,0.0,273.729376792908,6336,396,0,0,36
2934,213,8.33333333333333,120.0,119.0,11.614,0.022,0.0,0.0,0.0,273.72905254364,6333,396,0,0,34
2935,213,8.33333333333333,120.0,119.0,11.614,0.022,0.0,0.0,0.0,273.730414390564,6333,396,0,0,34
2936,213,8.50133333333333,117.62860727729,119.0,11.614,0.022,0.0,0.0,0.0,270.942003250122,6268,362,0,0,33
2937,213,8.33333333333333,120.0,119.0,11.614,0.022,0.0,0.0,0.0,270.940465927124,6263,362,0,0,32
2938,213,8.33333333333333,120.0,119.0,11.614,0.022,0.0,0.0,0.0,270.941827774048,6263,362,0,0,32
2939,213,8.33333333333333,120.0,119.0,11.614,0.022,0.0,0.0,0.0,270.937284469604,6254,362,0,0,26
2940,213,8.33333333333333,120.0,119.0,11.614,0.022,0.0,0.0,0.0,270.844755172729,6202,350,0,0,26
2941,213,8.33333333333333,120.0,119.0,11.614,0.022,0.0,0.0,0.0,270.841039657593,6188,350,0,0,25
2942,213,8.33333333333333,120.0,119.0,11.614,0.022,0.0,0.0,0.0,270.842401504517,6188,350,0,0,25
2943,213,8.33333333333333,120.0,119.0,11.614,0.022,0.0,0.0,0.0,270.84376335144,6188,350,0,0,25
2944,213,8.33333333333333,120.0,119.0,11.614,0.022,0.0,0.0,0.0,270.810140609741,6174,346,0,0,25
2945,214,8.33333333333333,120.0,119.0,11.614,0.022,0.0,0.0,0.0,270.809228897095,6170,346,0,0,24
2946,214,8.804,113.584734211722,119.0,11.614,0.022,0.0,0.0,0.0,270.809953689575,6169,346,0,0,24
2947,214,8.33333333333333,120.0,119.0,11.614,0.022,0.0,0.0,0.0,270.810918807983,6169,346,0,0,24
2948,214,8.33333333333333,120.0,119.0,11.614,0.022,0.0,0.0,0.0,270.801187515259,6152,346,0,0,13
2949,214,8.33333333333333,120.0,119.0,11.614,0.022,0.0,0.0,0.0,270.794012069702,6149,345,0,0,13
2950,214,8.33333333333333,120.0,119.0,11.614,0.022,0.0,0.0,0.0,270.79824256897,6143,346,0,0,8
2951,214,8.33333333333333,120.0,119.0,11.614,0.022,0.0,0.0,0.0,270.718622207642,6098,336,0,0,8
2952,214,8.33333333333333,120.0,119.0,11.614,0.022,0.0,0.0,0.0,270.660032272339,6059,328,0,0,8
2953,214,8.33333333333333,120.0,119.0,11.614,0.022,0.0,0.0,0.0,270.661394119263,6059,328,0,0,8
2954,214,8.33333333333333,120.0,119.0,11.614,0.022,0.0,0.0,0.0,270.662755966187,6059,328,0,0,8
2955,214,8.33333333333333,120.0,119.0,11.614,0.022,0.0,0.0,0.0,270.624711990356,6034,318,0,0,8
2956,214,8.33333333333333,120.0,119.0,11.614,0.022,0.0,0.0,0.0,270.62607383728,6034,318,0,0,8
2957,215,8.33333333333333,120.0,119.0,11.614,0.022,0.0,0.0,0.0,270.618394851685,6027,317,0,0,8
2958,215,8.33333333333333,120.0,119.0,11.614,0.022,0.0,0.0,0.0,270.609540939331,6021,316,0,0,7
2959,215,8.33333333333333,120.0,119.0,11.614,0.022,0.0,0.0,0.0,270.609292984009,6025,317,0,0,7
2960,215,8.33333333333333,120.0,119.0,11.614,0.022,0.0,0.0,0.0,270.610654830933,6025,317,0,0,7
2961,215,8.33333333333333,120.0,119.0,11.614,0.022,0.0,0.0,0.0,270.612016677856,6025,317,0,0,7
2962,215,8.33333333333333,120.0,119.0,11.614,0.022,0.0,0.0,0.0,270.607446670532,6020,317,0,0,6
2963,215,8.33333333333333,120.0,119.0,11.614,0.022,0.0,0.0,0.0,270.608087539673,6020,317,0,0,6
2964,215,8.33333333333333,120.0,119.0,11.614,0.022,0.0,0.0,0.0,270.609449386597,6020,317,0,0,6
2965,215,8.33333333333333,120.0,119.0,11.614,0.022,0.0,0.0,0.0,270.610811233521,6020,317,0,0,6
2966,215,8.33333333333333,120.0,119.0,11.614,0.022,0.0,0.0,0.0,270.612173080444,6020,317,0,0,6
2967,215,8.14966666666667,122.704405088143,119.0,11.614,0.022,0.0,0.0,0.0,270.605043411255,6017,316,0,0,6
2968,215,7.776,128.600823045268,119.0,11.614,0.022,0.0,0.0,0.0,270.604131698608,6013,316,0,0,5
2969,216,7.802,128.172263522174,119.0,11.614,0.022,0.0,0.0,0.0,270.606782913208,6021,317,0,0,6
2970,216,7.855,127.307447485678,119.0,11.614,0.022,0.0,0.0,0.0,270.606466293335,6018,317,0,0,5
2971,216,7.777,128.584287000129,119.0,11.614,0.022,0.0,0.0,0.0,270.607828140259,6018,317,0,0,5
2972,216,7.999,125.015626953369,119.0,11.614,0.022,0.0,0.0,0.0,270.609189987183,6018,317,0,0,5
2973,216,7.57575757575758,132.0,119.0,11.614,0.022,0.0,0.0,0.0,270.610551834106,6018,317,0,0,5
2974,216,7.57575757575758,132.0,119.0,11.614,0.022,0.0,0.0,0.0,270.61191368103,6018,317,0,0,5
2975,216,7.57575757575758,132.0,119.0,11.614,0.022,0.0,0.0,0.0,270.613275527954,6018,317,0,0,5
2976,216,7.57575757575758,132.0,119.0,11.614,0.022,0.0,0.0,0.0,270.606145858765,6015,316,0,0,5
2977,216,7.57575757575758,132.0,119.0,11.614,0.022,0.0,0.0,0.0,270.605234146118,6011,316,0,0,4
2978,216,7.57575757575758,132.0,119.0,11.614,0.022,0.0,0.0,0.0,270.606595993042,6011,316,0,0,4
2979,216,7.57575757575758,132.0,119.0,11.614,0.022,0.0,0.0,0.0,270.619165420532,6019,317,0,0,5
2980,216,7.57575757575758,132.0,119.0,11.614,0.022,0.0,0.0,0.0,270.620527267456,6019,317,0,0,5
2981,216,7.57575757575758,132.0,119.0,11.614,0.022,0.0,0.0,0.0,270.62188911438,6019,317,0,0,5
2982,217,7.57575757575758,132.0,119.0,11.614,0.022,0.0,0.0,0.0,270.623250961304,6019,317,0,0,5
2983,217,7.57575757575758,132.0,119.0,11.614,0.022,0.0,0.0,0.0,270.624612808228,6019,317,0,0,5
2984,217,7.57575757575758,132.0,119.0,11.614,0.022,0.0,0.0,0.0,270.644842147827,6030,319,0,0,7
2985,217,7.57575757575758,132.0,119.0,11.614,0.022,0.0,0.0,0.0,269.634508132935,6024,317,0,0,7
2986,217,7.57575757575758,132.0,119.0,11.614,0.022,0.0,0.0,0.0,269.627332687378,6021,316,0,0,7
2987,217,7.57575757575758,132.0,119.0,11.614,0.022,0.0,0.0,0.0,269.626420974731,6017,316,0,0,6
2988,217,7.57575757575758,132.0,119.0,11.614,0.022,0.0,0.0,0.0,269.627782821655,6017,316,0,0,6
2989,217,7.57575757575758,132.0,119.0,11.614,0.022,0.0,0.0,0.0,269.629144668579,6017,316,0,0,6
2990,217,7.57575757575758,132.0,119.0,11.614,0.022,0.0,0.0,0.0,269.630506515503,6017,316,0,0,6
2991,217,7.57575757575758,132.0,119.0,11.614,0.022,0.0,0.0,0.0,269.631868362427,6017,316,0,0,6
2992,217,7.57575757575758,132.0,119.0,11.614,0.022,0.0,0.0,0.0,269.631551742554,6014,316,0,0,5
2993,217,7.57575757575758,132.0,119.0,11.614,0.022,0.0,0.0,0.0,269.632913589478,6014,316,0,0,5
2994,217,7.57575757575758,132.0,119.0,11.614,0.022,0.0,0.0,0.0,269.634275436401,6014,316,0,0,5
2995,217,7.57575757575758,132.0,119.0,11.614,0.022,0.0,0.0,0.0,269.635637283325,6014,316,0,0,5
2996,218,8.33333333333333,120.0,119.0,11.614,0.022,0.0,0.0,0.0,269.673681259155,6034,320,0,0,9
2997,218,7.8889090909091,126.760238770195,119.0,11.614,0.022,0.0,0.0,0.0,269.666551589966,6031,319,0,0,9
2998,218,7.767,128.749839062701,119.0,11.614,0.022,0.0,0.0,0.0,269.664907455444,6026,319,0,0,7
2999,218,7.856,127.291242362525,119.0,11.614,0.022,0.0,0.0,0.0,269.665056228638,6024,319,0,0,6
3000,218,8.33333333333333,120.0,119.0,11.614,0.022,0.0,0.0,0.0,269.666418075562,6024,319,0,0,6
3001,218,7.85566666666667,127.29664361183,119.0,11.614,0.022,0.0,0.0,0.0,269.667779922485,6024,319,0,0,6
3002,218,8.33333333333333,120.0,119.0,11.614,0.022,0.0,0.0,0.0,269.758806228638,6083,328,0,0,15
3003,218,8.20666666666667,121.852152721365,119.0,11.614,0.022,0.0,0.0,0.0,269.760168075562,6083,328,0,0,15
3004,218,8.08,123.762376237624,119.0,11.614,0.022,0.0,0.0,0.0,269.761529922485,6083,328,0,0,15
3005,218,7.97,125.470514429109,119.0,11.614,0.022,0.0,0.0,0.0,269.762891769409,6083,328,0,0,15
3006,218,8.33333333333333,120.0,119.0,11.614,0.022,0.0,0.0,0.0,269.764253616333,6083,328,0,0,15
3007,218,8.20066666666667,121.941305584912,119.0,11.614,0.022,0.0,0.0,0.0,268.755674362183,6078,327,0,0,15
3008,219,8.33333333333333,120.0,119.0,11.614,0.022,0.0,0.0,0.0,268.75470161438,6074,327,0,0,14
3009,219,8.33333333333333,120.0,119.0,11.614,0.022,0.0,0.0,0.0,268.756063461304,6074,327,0,0,14
3010,219,8.33333333333333,120.0,119.0,11.614,0.022,0.0,0.0,0.0,268.805250167847,6101,337,0,0,16
3011,219,8.33333333333333,120.0,119.0,11.614,0.022,0.0,0.0,0.0,268.809495925903,6106,337,0,0,18
3012,219,8.33333333333333,120.0,119.0,11.614,0.022,0.0,0.0,0.0,268.842733383179,6130,340,0,0,24
3013,219,8.33333333333333,120.0,119.0,11.614,0.022,0.0,0.0,0.0,268.844095230103,6130,340,0,0,24
3014,219,8.33333333333333,120.0,119.0,11.614,0.022,0.0,0.0,0.0,268.845457077026,6130,340,0,0,24
3015,219,8.33333333333333,120.0,119.0,11.614,0.022,0.0,0.0,0.0,268.85325050354,6136,341,0,0,25
3016,219,8.33333333333333,120.0,119.0,11.614,0.022,0.0,0.0,0.0,268.853521347046,6134,341,0,0,24
3017,219,8.33333333333333,120.0,119.0,11.614,0.022,0.0,0.0,0.0,268.852609634399,6130,341,0,0,23
3018,219,8.31966666666667,120.197123282183,119.0,11.614,0.022,0.0,0.0,0.0,268.853971481323,6130,341,0,0,23
3019,219,8.134,122.940742562085,119.0,11.614,0.022,0.0,0.0,0.0,268.849390029907,6128,339,0,0,23
3020,220,8.33333333333333,120.0,119.0,11.614,0.022,0.0,0.0,0.0,268.946996688843,6168,348,0,0,28
3021,220,8.33333333333333,120.0,119.0,11.614,0.022,0.0,0.0,0.0,268.952619552612,6171,349,0,0,28
3022,220,8.33333333333333,120.0,119.0,11.614,0.022,0.0,0.0,0.0,268.926099777222,6150,346,0,0,28
3023,220,8.33333333333333,120.0,119.0,11.614,0.022,0.0,0.0,0.0,268.924802780151,6145,346,0,0,26
3024,220,8.33333333333333,120.0,119.0,11.614,0.022,0.0,0.0,0.0,268.955289840698,6160,349,0,0,28
3025,220,8.33333333333333,120.0,119.0,11.614,0.022,0.0,0.0,0.0,269.048398971558,6221,358,0,0,37
3026,220,8.33333333333333,120.0,119.0,11.614,0.022,0.0,0.0,0.0,269.049760818481,6221,358,0,0,37
3027,220,8.33333333333333,120.0,119.0,11.614,0.022,0.0,0.0,0.0,269.054365158081,6226,358,0,0,38
3028,220,8.33333333333333,120.0,119.0,11.614,0.022,0.0,0.0,0.0,269.052240371704,6220,358,0,0,36
3029,220,8.33333333333333,120.0,119.0,11.614,0.022,0.0,0.0,0.0,269.083967208862,6244,363,0,0,40
3030,220,8.33333333333333,120.0,119.0,11.614,0.022,0.0,0.0,0.0,269.084115982056,6242,363,0,0,39
3031,220,8.33333333333333,120.0,119.0,11.614,0.022,0.0,0.0,0.0,269.085477828979,6242,363,0,0,39
3032,221,8.33333333333333,120.0,119.0,11.614,0.022,0.0,0.0,0.0,269.159097671509,6280,363,0,0,45
3033,221,8.33333333333333,120.0,119.0,11.614,0.022,0.0,0.0,0.0,269.094549179077,6264,355,0,0,47
3034,221,8.33333333333333,120.0,119.0,11.614,0.022,0.0,0.0,0.0,269.110841751099,6268,358,0,0,45
3035,221,8.33333333333333,120.0,119.0,11.614,0.022,0.0,0.0,0.0,269.112203598022,6268,358,0,0,45
3036,221,8.33333333333333,120.0,119.0,11.614,0.022,0.0,0.0,0.0,269.171815872192,6298,364,0,0,49
3037,221,8.33333333333333,120.0,119.0,11.614,0.022,0.0,0.0,0.0,269.173177719116,6298,364,0,0,49
3038,221,8.33333333333333,120.0,119.0,11.614,0.022,0.0,0.0,0.0,269.168413162231,6296,362,0,0,49
3039,221,8.33333333333333,120.0,119.0,11.614,0.022,0.0,0.0,0.0,269.164152145386,6292,361,0,0,47
3040,221,8.33333333333333,120.0,119.0,11.614,0.022,0.0,0.0,0.0,269.156953811646,6277,361,0,0,41
3041,221,8.33333333333333,120.0,119.0,11.614,0.022,0.0,0.0,0.0,269.188726425171,6301,366,0,0,45
3042,221,8.33333333333333,120.0,119.0,11.614,0.022,0.0,0.0,0.0,269.187662124634,6297,366,0,0,43
3043,221,8.33333333333333,120.0,119.0,11.614,0.022,0.0,0.0,0.0,269.207990646362,6316,369,0,0,46
3044,222,8.33333333333333,120.0,119.0,11.614,0.022,0.0,0.0,0.0,269.235441207886,6332,368,0,0,49
3045,222,8.33333333333333,120.0,119.0,11.614,0.022,0.0,0.0,0.0,269.221055984497,6324,365,0,0,49
3046,222,8.33333333333333,120.0,119.0,11.614,0.022,0.0,0.0,0.0,269.219518661499,6321,365,0,0,48
3047,222,8.33333333333333,120.0,119.0,11.614,0.022,0.0,0.0,0.0,269.220880508423,6321,365,0,0,48
3048,222,8.33333333333333,120.0,119.0,11.614,0.022,0.0,0.0,0.0,269.25136756897,6336,368,0,0,50
3049,222,8.33333333333333,120.0,119.0,11.614,0.022,0.0,0.0,0.0,269.252004623413,6335,368,0,0,49
3050,222,8.33333333333333,120.0,119.0,11.614,0.022,0.0,0.0,0.0,269.246519088745,6333,366,0,0,49
3051,222,8.33333333333333,120.0,119.0,11.614,0.022,0.0,0.0,0.0,269.235872268677,6323,364,0,0,46
3052,222,8.33333333333333,120.0,119.0,11.614,0.022,0.0,0.0,0.0,269.230978012085,6312,364,0,0,42
3053,222,8.33333333333333,120.0,119.0,11.614,0.022,0.0,0.0,0.0,269.251218795776,6338,369,0,0,47
3054,222,8.33333333333333,120.0,119.0,11.614,0.022,0.0,0.0,0.0,269.240438461304,6331,366,0,0,45
3055,222,8.33333333333333,120.0,119.0,11.614,0.022,0.0,0.0,0.0,269.234979629517,6319,366,0,0,42
3056,223,8.33333333333333,120.0,123.0,10.047,0.025,0.0,0.0,0.0,269.170225143433,6295,358,0,0,42
3057,223,8.33333333333333,120.0,123.0,10.047,0.025,0.0,0.0,0.0,269.145681381226,6264,356,0,0,34
3058,223,8.33333333333333,120.0,123.0,10.047,0.025,0.0,0.0,0.0,269.145753860474,6264,356,0,0,33
3059,223,8.33333333333333,120.0,123.0,10.047,0.025,0.0,0.0,0.0,269.147115707397,6264,356,0,0,33
3060,223,8.33333333333333,120.0,123.0,10.047,0.025,0.0,0.0,0.0,269.124052047729,6254,353,0,0,33
3061,223,8.33333333333333,120.0,123.0,10.047,0.025,0.0,0.0,0.0,269.125413894653,6254,353,0,0,33
3062,223,8.33333333333333,120.0,123.0,10.047,0.025,0.0,0.0,0.0,269.108331680298,6250,351,0,0,32
3063,223,8.33333333333333,120.0,123.0,10.047,0.025,0.0,0.0,0.0,269.096612930298,6217,350,0,0,23
3064,223,8.33333333333333,120.0,123.0,10.047,0.025,0.0,0.0,0.0,269.093191146851,6214,349,0,0,22
3065,223,8.33333333333333,120.0,123.0,10.047,0.025,0.0,0.0,0.0,269.055662155151,6200,345,0,0,22
3066,223,8.33333333333333,120.0,123.0,10.047,0.025,0.0,0.0,0.0,269.055101394653,6196,345,0,0,20
3067,223,8.33333333333333,120.0,123.0,10.047,0.025,0.0,0.0,0.0,269.055826187134,6195,345,0,0,20
3068,224,8.33333333333333,120.0,123.0,10.047,0.025,0.0,0.0,0.0,269.057065963745,6195,345,0,0,20
3069,224,8.33333333333333,120.0,123.0,10.047,0.025,0.0,0.0,0.0,269.045949935913,6188,343,0,0,20
3070,224,8.33333333333333,120.0,123.0,10.047,0.025,0.0,0.0,0.0,269.047311782837,6188,343,0,0,20
3071,224,8.33333333333333,120.0,123.0,10.047,0.025,0.0,0.0,0.0,269.04746055603,6186,343,0,0,19
3072,224,8.33333333333333,120.0,123.0,10.047,0.025,0.0,0.0,0.0,266.502591133118,6108,305,0,0,19
3073,224,8.33333333333333,120.0,123.0,10.047,0.025,0.0,0.0,0.0,266.500329017639,6102,305,0,0,17
3074,224,8.33333333333333,120.0,123.0,10.047,0.025,0.0,0.0,0.0,266.499768257141,6098,305,0,0,15
3075,224,8.33333333333333,120.0,123.0,10.047,0.025,0.0,0.0,0.0,266.494992256165,6094,303,0,0,15
3076,224,8.33333333333333,120.0,123.0,10.047,0.025,0.0,0.0,0.0,266.494393348694,6094,303,0,0,15
3077,224,8.33333333333333,120.0,123.0,10.047,0.025,0.0,0.0,0.0,266.357895851135,6025,288,0,0,16
3078,224,8.33333333333333,120.0,123.0,10.047,0.025,0.0,0.0,0.0,266.359257698059,6025,288,0,0,16
3079,224,8.33333333333333,120.0,123.0,10.047,0.025,0.0,0.0,0.0,266.359345436096,6023,288,0,0,16
3080,225,8.33333333333333,120.0,123.0,10.047,0.025,0.0,0.0,0.0,266.359684944153,6021,288,0,0,15
3081,225,8.33333333333333,120.0,123.0,10.047,0.025,0.0,0.0,0.0,266.360321998596,6020,288,0,0,14
3082,225,8.33333333333333,120.0,123.0,10.047,0.025,0.0,0.0,0.0,266.361287117004,6020,288,0,0,14
3083,225,8.33333333333333,120.0,123.0,10.047,0.025,0.0,0.0,0.0,266.362648963928,6020,288,0,0,14
3084,225,8.32366666666667,120.139361659525,123.0,10.047,0.025,0.0,0.0,0.0,266.364010810852,6020,288,0,0,14
3085,225,7.676,130.276185513288,123.0,10.047,0.025,0.0,0.0,0.0,266.359467506409,6011,288,0,0,8
3086,225,7.57575757575758,132.0,123.0,10.047,0.025,0.0,0.0,0.0,266.336403846741,6001,285,0,0,8
3087,225,7.77024242424242,128.696113377376,123.0,10.047,0.025,0.0,0.0,0.0,266.337765693665,6001,285,0,0,8
3088,225,7.683,130.157490563582,123.0,10.047,0.025,0.0,0.0,0.0,266.338166236877,5999,285,0,0,7
3089,225,7.741,129.182276191707,123.0,10.047,0.025,0.0,0.0,0.0,266.330441474915,5992,284,0,0,7
3090,225,7.677,130.259215839521,123.0,10.047,0.025,0.0,0.0,0.0,266.331803321838,5992,284,0,0,7
3091,225,8.238,121.388686574411,123.0,10.047,0.025,0.0,0.0,0.0,266.298001289368,5978,280,0,0,7
3092,225,8.33333333333333,120.0,123.0,10.047,0.025,0.0,0.0,0.0,266.299363136292,5978,280,0,0,7
3093,226,8.33333333333333,120.0,123.0,10.047,0.025,0.0,0.0,0.0,266.300087928772,5977,280,0,0,7
3094,226,8.33333333333333,120.0,123.0,10.047,0.025,0.0,0.0,0.0,266.299771308899,5974,280,0,0,6
3095,226,8.33333333333333,120.0,123.0,10.047,0.025,0.0,0.0,0.0,266.298241615295,5969,280,0,0,4
3096,226,8.33333333333333,120.0,123.0,10.047,0.025,0.0,0.0,0.0,266.299603462219,5969,280,0,0,4
3097,226,8.33333333333333,120.0,123.0,10.047,0.025,0.0,0.0,0.0,266.295033454895,5964,280,0,0,3
3098,226,8.33333333333333,120.0,123.0,10.047,0.025,0.0,0.0,0.0,266.295674324036,5964,280,0,0,3
3099,226,8.33333333333333,120.0,123.0,10.047,0.025,0.0,0.0,0.0,266.237084388733,5925,272,0,0,3
3100,226,8.33333333333333,120.0,123.0,10.047,0.025,0.0,0.0,0.0,266.238446235657,5925,272,0,0,3
3101,226,8.33333333333333,120.0,123.0,10.047,0.025,0.0,0.0,0.0,266.239808082581,5925,272,0,0,3
3102,226,8.33333333333333,120.0,123.0,10.047,0.025,0.0,0.0,0.0,266.241169929504,5925,272,0,0,3
3103,226,8.84800000000001,113.019891500904,123.0,10.047,0.025,0.0,0.0,0.0,266.233490943909,5918,271,0,0,3
3104,226,9.134,109.481059776659,123.0,10.047,0.025,0.0,0.0,0.0,266.234852790833,5918,271,0,0,3
3105,227,8.33333333333333,120.0,123.0,10.047,0.025,0.0,0.0,0.0,266.236214637756,5918,271,0,0,3
3106,227,8.33333333333333,120.0,123.0,10.047,0.025,0.0,0.0,0.0,266.23757648468,5918,271,0,0,3
3107,227,8.77533333333333,113.95578515536,123.0,10.047,0.025,0.0,0.0,0.0,266.238938331604,5918,271,0,0,3
3108,227,8.33333333333333,120.0,123.0,10.047,0.025,0.0,0.0,0.0,266.240300178528,5918,271,0,0,3
3109,227,8.33333333333333,120.0,123.0,10.047,0.025,0.0,0.0,0.0,266.241662025452,5918,271,0,0,3
3110,227,8.33333333333333,120.0,123.0,10.047,0.025,0.0,0.0,0.0,266.243023872375,5918,271,0,0,3
3111,227,8.33333333333333,120.0,123.0,10.047,0.025,0.0,0.0,0.0,266.244385719299,5918,271,0,0,3
3112,227,8.92266666666667,112.074118350269,123.0,10.047,0.025,0.0,0.0,0.0,266.245747566223,5918,271,0,0,3
3113,227,9.116,109.697235629662,123.0,10.047,0.025,0.0,0.0,0.0,266.247109413147,5918,271,0,0,3
3114,227,8.83,113.250283125708,123.0,10.047,0.025,0.0,0.0,0.0,266.246792793274,5915,271,0,0,2
3115,227,8.59,116.414435389988,123.0,10.047,0.025,0.0,0.0,0.0,266.248154640198,5915,271,0,0,2
3116,228,11.97,83.5421888053467,123.0,10.047,0.025,0.0,0.0,0.0,266.386067390442,6052,294,0,0,26
3117,228,8.33333333333333,120.0,123.0,10.047,0.025,0.0,0.0,0.0,266.387429237366,6052,294,0,0,26
3118,228,8.33333333333333,120.0,123.0,10.047,0.025,0.0,0.0,0.0,266.38879108429,6052,294,0,0,26
3119,228,8.33333333333333,120.0,123.0,10.047,0.025,0.0,0.0,0.0,266.390152931213,6052,294,0,0,26
3120,228,8.33333333333333,120.0,123.0,10.047,0.025,0.0,0.0,0.0,266.391514778137,6052,294,0,0,26
3121,228,8.33333333333333,120.0,123.0,10.047,0.025,0.0,0.0,0.0,266.392876625061,6052,294,0,0,26
3122,228,8.33333333333333,120.0,123.0,10.047,0.025,0.0,0.0,0.0,266.394238471985,6052,294,0,0,26
3123,228,8.33333333333333,120.0,123.0,10.047,0.025,0.0,0.0,0.0,266.395600318909,6052,294,0,0,26
3124,228,8.43566666666667,118.544276287193,123.0,10.047,0.025,0.0,0.0,0.0,266.396962165833,6052,294,0,0,26
3125,228,9.09090909090909,110.0,123.0,10.047,0.025,0.0,0.0,0.0,266.396645545959,6049,294,0,0,25
3126,228,9.09090909090909,110.0,123.0,10.047,0.025,0.0,0.0,0.0,266.398007392883,6049,294,0,0,25
3127,229,9.09090909090909,110.0,123.0,10.047,0.025,0.0,0.0,0.0,266.414769172668,6058,295,0,0,27
3128,229,9.09090909090909,110.0,123.0,10.047,0.025,0.0,0.0,0.0,266.414605140686,6055,295,0,0,26
3129,229,9.09090909090909,110.0,123.0,10.047,0.025,0.0,0.0,0.0,266.465004920959,6084,305,0,0,29
3130,229,9.09090909090909,110.0,123.0,10.047,0.025,0.0,0.0,0.0,266.466366767883,6084,305,0,0,29
3131,229,9.09090909090909,110.0,123.0,10.047,0.025,0.0,0.0,0.0,266.467728614807,6084,305,0,0,29
3132,229,9.09090909090909,110.0,123.0,10.047,0.025,0.0,0.0,0.0,266.466870307922,6082,305,0,0,29
3133,229,9.09090909090909,110.0,123.0,10.047,0.025,0.0,0.0,0.0,266.474663734436,6088,306,0,0,30
3134,229,9.09090909090909,110.0,123.0,10.047,0.025,0.0,0.0,0.0,266.474934577942,6086,306,0,0,29
3135,229,9.09090909090909,110.0,123.0,10.047,0.025,0.0,0.0,0.0,266.476296424866,6086,306,0,0,29
3136,229,9.09090909090909,110.0,123.0,10.047,0.025,0.0,0.0,0.0,266.491295814514,6093,307,0,0,30
3137,229,9.09090909090909,110.0,123.0,10.047,0.025,0.0,0.0,0.0,266.485264778137,6088,305,0,0,29
3138,230,9.09090909090909,110.0,123.0,10.047,0.025,0.0,0.0,0.0,266.537499427795,6113,310,0,0,31
3139,230,8.60160606060607,116.257358562354,123.0,10.047,0.025,0.0,0.0,0.0,266.536534309387,6109,310,0,0,29
3140,230,8.713,114.771031791576,123.0,10.047,0.025,0.0,0.0,0.0,266.537896156311,6109,310,0,0,29
3141,230,8.785,113.830392714855,123.0,10.047,0.025,0.0,0.0,0.0,266.537312507629,6106,310,0,0,27
3142,230,9.09090909090909,110.0,123.0,10.047,0.025,0.0,0.0,0.0,266.58234500885,6130,314,0,0,31
3143,230,9.09090909090909,110.0,123.0,10.047,0.025,0.0,0.0,0.0,266.582180976868,6127,314,0,0,30
3144,230,9.09090909090909,110.0,123.0,10.047,0.025,0.0,0.0,0.0,266.586464881897,6132,314,0,0,31
3145,230,9.09090909090909,110.0,123.0,10.047,0.025,0.0,0.0,0.0,266.581463813782,6121,314,0,0,28
3146,230,9.09090909090909,110.0,123.0,10.047,0.025,0.0,0.0,0.0,266.61319065094,6145,319,0,0,32
3147,230,9.54178787878763,104.802162100365,123.0,10.047,0.025,0.0,0.0,0.0,266.613339424133,6143,319,0,0,31
3148,230,9.00366666666692,111.065862056196,123.0,10.047,0.025,0.0,0.0,0.0,266.608948707581,6133,319,0,0,29
3149,230,8.432,118.595825426945,123.0,10.047,0.025,0.0,0.0,0.0,266.610333442688,6133,319,0,0,29
3150,231,8.824,113.327289211242,123.0,10.047,0.025,0.0,0.0,0.0,266.606316566467,6132,319,0,0,29
3151,231,8.33333333333333,120.0,123.0,10.047,0.025,0.0,0.0,0.0,266.604237556458,6128,319,0,0,28
3152,231,8.34366666666667,119.851384283488,123.0,10.047,0.025,0.0,0.0,0.0,266.599846839905,6118,319,0,0,26
3153,231,8.819,113.391540991042,123.0,10.047,0.025,0.0,0.0,0.0,266.601208686829,6118,319,0,0,26
3154,231,8.511,117.495006462225,123.0,10.047,0.025,0.0,0.0,0.0,266.599007606506,6121,317,0,0,28
3155,231,8.33333333333333,120.0,123.0,10.047,0.025,0.0,0.0,0.0,266.592686653137,6108,317,0,0,24
3156,231,8.33333333333333,120.0,123.0,10.047,0.025,0.0,0.0,0.0,266.58747959137,6102,316,0,0,22
3157,231,8.33333333333333,120.0,123.0,10.047,0.025,0.0,0.0,0.0,266.58319568634,6092,316,0,0,19
3158,231,8.33333333333333,120.0,123.0,10.047,0.025,0.0,0.0,0.0,266.578804969788,6082,316,0,0,17
3159,231,8.33333333333333,120.0,123.0,10.047,0.025,0.0,0.0,0.0,266.580166816711,6082,316,0,0,17
3160,231,8.33333333333333,120.0,123.0,10.047,0.025,0.0,0.0,0.0,266.596886634827,6095,319,0,0,18
3161,232,8.33333333333333,120.0,123.0,10.047,0.025,0.0,0.0,0.0,266.555214881897,6076,310,0,0,17
3162,232,8.33333333333333,120.0,123.0,10.047,0.025,0.0,0.0,0.0,266.55430316925,6072,310,0,0,16
3163,232,8.33333333333333,120.0,123.0,10.047,0.025,0.0,0.0,0.0,266.555665016174,6072,310,0,0,16
3164,232,8.33333333333333,120.0,123.0,10.047,0.025,0.0,0.0,0.0,266.550679206848,6061,310,0,0,14
3165,232,8.33333333333333,120.0,123.0,10.047,0.025,0.0,0.0,0.0,266.552041053772,6061,310,0,0,14
3166,232,8.33333333333333,120.0,123.0,10.047,0.025,0.0,0.0,0.0,266.553402900696,6061,310,0,0,14
3167,232,8.33333333333333,120.0,123.0,10.047,0.025,0.0,0.0,0.0,266.551049232483,6060,309,0,0,14
3168,232,8.33333333333333,120.0,123.0,10.047,0.025,0.0,0.0,0.0,266.550137519836,6056,309,0,0,13
3169,232,8.33333333333333,120.0,123.0,10.047,0.025,0.0,0.0,0.0,266.548104286194,6059,309,0,0,14
3170,232,8.33333333333333,120.0,123.0,10.047,0.025,0.0,0.0,0.0,266.549466133118,6059,309,0,0,14
3171,232,8.33333333333333,120.0,123.0,10.047,0.025,0.0,0.0,0.0,266.540677070618,6056,306,0,0,14
3172,232,8.33333333333333,120.0,123.0,10.047,0.025,0.0,0.0,0.0,266.53425693512,6042,306,0,0,10
3173,233,8.33333333333333,120.0,123.0,10.047,0.025,0.0,0.0,0.0,266.495934486389,6029,296,0,0,10
3174,233,8.33333333333333,120.0,118.0,11.961,0.027,0.0,0.0,0.0,266.497296333313,6029,296,0,0,10
3175,233,8.33333333333333,120.0,118.0,11.961,0.027,0.0,0.0,0.0,266.496682167053,6026,296,0,0,8
3176,233,8.33333333333333,120.0,118.0,11.961,0.027,0.0,0.0,0.0,266.498044013977,6026,296,0,0,8
3177,233,8.33333333333333,120.0,118.0,11.961,0.027,0.0,0.0,0.0,266.483456611633,6017,294,0,0,8
3178,233,8.33333333333333,120.0,118.0,11.961,0.027,0.0,0.0,0.0,266.460392951965,6007,291,0,0,8
3179,233,8.33333333333333,120.0,118.0,11.961,0.027,0.0,0.0,0.0,266.463677406311,6010,291,0,0,9
3180,233,8.33333333333333,120.0,118.0,11.961,0.027,0.0,0.0,0.0,266.451920509338,5994,290,0,0,9
3181,233,8.33333333333333,120.0,118.0,11.961,0.027,0.0,0.0,0.0,266.453282356262,5994,290,0,0,9
3182,233,8.33333333333333,120.0,118.0,11.961,0.027,0.0,0.0,0.0,266.419331550598,5980,286,0,0,9
3183,233,8.33333333333333,120.0,118.0,11.961,0.027,0.0,0.0,0.0,266.420693397522,5980,286,0,0,9
3184,233,8.33333333333333,120.0,118.0,11.961,0.027,0.0,0.0,0.0,266.421418190002,5979,286,0,0,9
3185,234,8.33333333333333,120.0,118.0,11.961,0.027,0.0,0.0,0.0,266.475296974182,6004,291,0,0,12
3186,234,8.33333333333333,120.0,118.0,11.961,0.027,0.0,0.0,0.0,266.476658821106,6004,291,0,0,12
3187,234,8.33333333333333,120.0,118.0,11.961,0.027,0.0,0.0,0.0,266.47802066803,6004,291,0,0,12
3188,234,8.33333333333333,120.0,118.0,11.961,0.027,0.0,0.0,0.0,266.479382514954,6004,291,0,0,12
3189,234,8.33333333333333,120.0,118.0,11.961,0.027,0.0,0.0,0.0,266.5098695755,6019,294,0,0,14
3190,234,8.33333333333333,120.0,118.0,11.961,0.027,0.0,0.0,0.0,266.511231422424,6019,294,0,0,14
3191,234,8.33333333333333,120.0,118.0,11.961,0.027,0.0,0.0,0.0,266.512593269348,6019,294,0,0,14
3192,234,8.33333333333333,120.0,118.0,11.961,0.027,0.0,0.0,0.0,266.513955116272,6019,294,0,0,14
3193,234,8.33333333333333,120.0,118.0,11.961,0.027,0.0,0.0,0.0,266.505063056946,6010,293,0,0,13
3194,234,8.33333333333333,120.0,118.0,11.961,0.027,0.0,0.0,0.0,266.537236213684,6034,298,0,0,17
3195,234,8.33333333333333,120.0,118.0,11.961,0.027,0.0,0.0,0.0,266.537384986877,6032,298,0,0,16
3196,234,8.33333333333333,120.0,118.0,11.961,0.027,0.0,0.0,0.0,266.538746833801,6032,298,0,0,16
3197,235,8.33333333333333,120.0,118.0,11.961,0.027,0.0,0.0,0.0,266.540047645569,6032,298,0,0,16
3198,235,8.33333333333333,120.0,118.0,11.961,0.027,0.0,0.0,0.0,266.539135932922,6028,298,0,0,15
3199,235,8.33333333333333,120.0,118.0,11.961,0.027,0.0,0.0,0.0,266.539933204651,6029,298,0,0,15
3200,235,8.33333333333333,120.0,118.0,11.961,0.027,0.0,0.0,0.0,266.541295051575,6029,298,0,0,15
3201,235,8.33333333333333,120.0,118.0,11.961,0.027,0.0,0.0,0.0,266.542656898499,6029,298,0,0,15
3202,235,8.33333333333333,120.0,118.0,11.961,0.027,0.0,0.0,0.0,266.544018745422,6029,298,0,0,15
3203,235,8.33333333333333,120.0,118.0,11.961,0.027,0.0,0.0,0.0,266.493340492249,6007,278,0,0,15
3204,235,8.33333333333333,120.0,118.0,11.961,0.027,0.0,0.0,0.0,266.49010181427,5999,278,0,0,12
3205,235,8.33333333333333,120.0,118.0,11.961,0.027,0.0,0.0,0.0,266.486680030823,5996,277,0,0,11
3206,235,8.384,119.274809160305,118.0,11.961,0.027,0.0,0.0,0.0,266.484387397766,5990,277,0,0,8
3207,235,8.458,118.231260345235,118.0,11.961,0.027,0.0,0.0,0.0,266.48574924469,5990,277,0,0,8
3208,235,8.394,119.132713843221,118.0,11.961,0.027,0.0,0.0,0.0,266.487111091614,5990,277,0,0,8
3209,236,8.33333333333333,120.0,118.0,11.961,0.027,0.0,0.0,0.0,266.471619606018,5981,275,0,0,8
3210,236,8.33333333333333,120.0,118.0,11.961,0.027,0.0,0.0,0.0,266.458825111389,5971,273,0,0,7
3211,236,8.33333333333333,120.0,118.0,11.961,0.027,0.0,0.0,0.0,263.70320892334,5912,240,0,0,7
3212,236,9.09090909090909,110.0,118.0,11.961,0.027,0.0,0.0,0.0,263.701671600342,5907,240,0,0,6
3213,236,8.53109090909091,117.218303105219,118.0,11.961,0.027,0.0,0.0,0.0,263.703033447266,5907,240,0,0,6
3214,236,8.33333333333333,120.0,118.0,11.961,0.027,0.0,0.0,0.0,263.702434539795,5907,240,0,0,6
3215,236,8.33333333333333,120.0,118.0,11.961,0.027,0.0,0.0,0.0,263.703796386719,5907,240,0,0,6
3216,236,8.33333333333333,120.0,118.0,11.961,0.027,0.0,0.0,0.0,263.705158233643,5907,240,0,0,6
3217,236,8.33333333333333,120.0,118.0,11.961,0.027,0.0,0.0,0.0,263.703227996826,5910,240,0,0,7
3218,236,8.33333333333333,120.0,118.0,11.961,0.027,0.0,0.0,0.0,263.70458984375,5910,240,0,0,7
3219,236,8.33333333333333,120.0,118.0,11.961,0.027,0.0,0.0,0.0,263.705951690674,5910,240,0,0,7
3220,236,8.33333333333333,120.0,118.0,11.961,0.027,0.0,0.0,0.0,263.707313537598,5910,240,0,0,7
3221,237,8.33333333333333,120.0,118.0,11.961,0.027,0.0,0.0,0.0,263.707653045654,5908,240,0,0,6
3222,237,8.33333333333333,120.0,118.0,11.961,0.027,0.0,0.0,0.0,263.709014892578,5908,240,0,0,6
3223,237,8.33333333333333,120.0,118.0,11.961,0.027,0.0,0.0,0.0,263.709980010986,5908,240,0,0,6
3224,237,8.33333333333333,120.0,118.0,11.961,0.027,0.0,0.0,0.0,263.710792541504,5907,240,0,0,5
3225,237,8.33333333333333,120.0,118.0,11.961,0.027,0.0,0.0,0.0,263.711605072021,5906,240,0,0,4
3226,237,8.33333333333333,120.0,118.0,11.961,0.027,0.0,0.0,0.0,263.712966918945,5906,240,0,0,4
3227,237,8.33333333333333,120.0,118.0,11.961,0.027,0.0,0.0,0.0,263.689903259277,5896,237,0,0,4
3228,237,8.33333333333333,120.0,118.0,11.961,0.027,0.0,0.0,0.0,263.676239013672,5887,235,0,0,4
3229,237,8.33333333333333,120.0,118.0,11.961,0.027,0.0,0.0,0.0,263.659938812256,5873,233,0,0,2
3230,237,8.33333333333333,120.0,118.0,11.961,0.027,0.0,0.0,0.0,263.66130065918,5873,233,0,0,2
3231,237,8.33333333333333,120.0,118.0,11.961,0.027,0.0,0.0,0.0,263.62707901001,5859,229,0,0,2
3232,237,7.78933333333334,128.380691543992,118.0,11.961,0.027,0.0,0.0,0.0,263.628440856934,5859,229,0,0,2
3233,238,8.33333333333333,120.0,118.0,11.961,0.027,0.0,0.0,0.0,263.641819000244,5862,229,0,0,3
3234,238,8.02666666666667,124.584717607973,118.0,11.961,0.027,0.0,0.0,0.0,263.642543792725,5861,229,0,0,3
3235,238,7.627,131.11315064901,118.0,11.961,0.027,0.0,0.0,0.0,263.643905639648,5861,229,0,0,3
3236,238,7.795,128.287363694676,118.0,11.961,0.027,0.0,0.0,0.0,263.645267486572,5861,229,0,0,3
3237,238,7.938,125.976316452507,118.0,11.961,0.027,0.0,0.0,0.0,263.640697479248,5856,229,0,0,2
3238,238,7.75,129.032258064516,118.0,11.961,0.027,0.0,0.0,0.0,263.641338348389,5856,229,0,0,2
3239,238,7.57575757575758,132.0,118.0,11.961,0.027,0.0,0.0,0.0,263.642700195313,5856,229,0,0,2
3240,238,7.57575757575758,132.0,118.0,11.961,0.027,0.0,0.0,0.0,263.644062042236,5856,229,0,0,2
3241,238,7.57575757575758,132.0,118.0,11.961,0.027,0.0,0.0,0.0,263.64542388916,5856,229,0,0,2
3242,238,7.57575757575758,132.0,118.0,11.961,0.027,0.0,0.0,0.0,263.646785736084,5856,229,0,0,2
3243,238,7.57575757575758,132.0,118.0,11.961,0.027,0.0,0.0,0.0,263.648147583008,5856,229,0,0,2
3244,238,7.57575757575758,132.0,118.0,11.961,0.027,0.0,0.0,0.0,263.640468597412,5849,228,0,0,2
3245,238,7.57575757575758,132.0,118.0,11.961,0.027,0.0,0.0,0.0,263.641830444336,5849,228,0,0,2
3246,239,7.57575757575758,132.0,118.0,11.961,0.027,0.0,0.0,0.0,263.643131256104,5849,228,0,0,2
3247,239,7.57575757575758,132.0,118.0,11.961,0.027,0.0,0.0,0.0,263.644493103027,5849,228,0,0,2
3248,239,7.57575757575758,132.0,118.0,11.961,0.027,0.0,0.0,0.0,263.694892883301,5878,238,0,0,5
3249,239,7.57575757575758,132.0,118.0,11.961,0.027,0.0,0.0,0.0,263.696254730225,5878,238,0,0,5
3250,239,7.57575757575758,132.0,118.0,11.961,0.027,0.0,0.0,0.0,263.697616577148,5878,238,0,0,5
3251,239,7.57575757575758,132.0,118.0,11.961,0.027,0.0,0.0,0.0,263.698978424072,5878,238,0,0,5
3252,239,7.69481818181819,129.957586569474,118.0,11.961,0.027,0.0,0.0,0.0,263.700340270996,5878,238,0,0,5
3253,239,8.33333333333333,120.0,118.0,11.961,0.027,0.0,0.0,0.0,263.70813369751,5884,239,0,0,6
3254,239,8.02466666666667,124.615768048517,118.0,11.961,0.027,0.0,0.0,0.0,263.708404541016,5882,239,0,0,5
3255,239,7.997,125.046892584719,118.0,11.961,0.027,0.0,0.0,0.0,263.709766387939,5882,239,0,0,5
3256,239,7.907,126.47021626407,118.0,11.961,0.027,0.0,0.0,0.0,263.711128234863,5882,239,0,0,5
3257,239,8.217,121.69891687964,118.0,11.961,0.027,0.0,0.0,0.0,263.706409454346,5880,237,0,0,5
3258,239,7.837,127.599846880184,118.0,11.961,0.027,0.0,0.0,0.0,263.704414367676,5874,237,0,0,3
3259,240,8.33333333333333,120.0,118.0,11.961,0.027,0.0,0.0,0.0,263.760276794434,5905,242,0,0,7
3260,240,8.33333333333333,120.0,118.0,11.961,0.027,0.0,0.0,0.0,263.759960174561,5902,242,0,0,6
3261,240,8.33333333333333,120.0,118.0,11.961,0.027,0.0,0.0,0.0,263.761322021484,5902,242,0,0,6
3262,240,8.33333333333333,120.0,118.0,11.961,0.027,0.0,0.0,0.0,263.762683868408,5902,242,0,0,6
3263,240,8.32066666666667,120.182677670058,118.0,11.961,0.027,0.0,0.0,0.0,263.793170928955,5917,245,0,0,8
3264,240,7.697,129.92074834351,118.0,11.961,0.027,0.0,0.0,0.0,263.794532775879,5917,245,0,0,8
3265,240,8.03,124.53300124533,118.0,11.961,0.027,0.0,0.0,0.0,263.798770904541,5922,245,0,0,9
3266,240,8.064,124.007936507937,118.0,11.961,0.027,0.0,0.0,0.0,263.797859191895,5918,245,0,0,8
3267,240,7.714,129.634430904848,118.0,11.961,0.027,0.0,0.0,0.0,263.798007965088,5916,245,0,0,7
3268,240,7.918,126.294518817883,118.0,11.961,0.027,0.0,0.0,0.0,263.829734802246,5940,250,0,0,11
3269,240,7.704,129.802699896158,118.0,11.961,0.027,0.0,0.0,0.0,263.829883575439,5938,250,0,0,10
3270,240,7.81,128.040973111396,118.0,11.961,0.027,0.0,0.0,0.0,263.831245422363,5938,250,0,0,10
3271,240,7.782,128.501670521717,118.0,11.961,0.027,0.0,0.0,0.0,263.835506439209,5943,250,0,0,11
3272,241,8.192,122.0703125,118.0,11.961,0.027,0.0,0.0,0.0,263.831192016602,5942,250,0,0,11
3273,241,7.923,126.214817619589,118.0,11.961,0.027,0.0,0.0,0.0,263.83198928833,5943,250,0,0,11
3274,241,7.926,126.167045167802,118.0,11.961,0.027,0.0,0.0,0.0,263.833351135254,5943,250,0,0,11
3275,241,7.797,128.254456842375,118.0,11.961,0.027,0.0,0.0,0.0,263.834712982178,5943,250,0,0,11
3276,241,7.822,127.844541038098,118.0,11.961,0.027,0.0,0.0,0.0,263.836074829102,5943,250,0,0,11
3277,241,7.972,125.439036628199,118.0,11.961,0.027,0.0,0.0,0.0,263.8342628479,5945,249,0,0,12
3278,241,8.104,123.395853899309,118.0,11.961,0.027,0.0,0.0,0.0,263.828247070313,5936,248,0,0,9
3279,241,7.931,126.087504728281,118.0,11.961,0.027,0.0,0.0,0.0,263.823642730713,5931,247,0,0,8
3280,241,7.863,127.177921912756,118.0,11.961,0.027,0.0,0.0,0.0,263.820556640625,5923,247,0,0,5
3281,241,7.718,129.567245400363,118.0,11.961,0.027,0.0,0.0,0.0,263.821918487549,5923,247,0,0,5
3282,241,7.808,128.073770491803,118.0,11.961,0.027,0.0,0.0,0.0,263.823280334473,5923,247,0,0,5
3283,241,7.57575757575758,132.0,118.0,11.961,0.027,0.0,0.0,0.0,263.849102020264,5948,251,0,0,9
3284,242,8.01824242424243,124.715610615188,118.0,11.961,0.027,0.0,0.0,0.0,263.821613311768,5938,244,0,0,9
3285,242,7.784,128.46865364851,118.0,11.961,0.027,0.0,0.0,0.0,263.808223724365,5927,242,0,0,8
3286,242,7.718,129.567245400363,118.0,11.961,0.027,0.0,0.0,0.0,263.809585571289,5927,242,0,0,8
3287,242,7.716,129.600829445308,118.0,11.961,0.027,0.0,0.0,0.0,263.810947418213,5927,242,0,0,8
3288,242,7.658,130.582397492818,118.0,11.961,0.027,0.0,0.0,0.0,263.812309265137,5927,242,0,0,8
3289,242,7.673,130.327121073895,118.0,11.961,0.027,0.0,0.0,0.0,263.813671112061,5927,242,0,0,8
3290,242,8.197,121.995852141027,118.0,11.961,0.027,0.0,0.0,0.0,263.811763763428,5926,241,0,0,8
3291,242,7.913,126.374320738026,118.0,11.961,0.027,0.0,0.0,0.0,263.810852050781,5922,241,0,0,7
3292,242,7.807,128.09017548354,118.0,11.961,0.027,0.0,0.0,0.0,263.812213897705,5922,241,0,0,7
3293,242,8.231,121.491920787268,118.0,11.961,0.027,0.0,0.0,0.0,263.810180664063,5925,241,0,0,8
3294,242,8.047,124.269914253759,118.0,11.961,0.027,0.0,0.0,0.0,263.811542510986,5925,241,0,0,8
3295,242,7.976,125.376128385155,118.0,11.961,0.027,0.0,0.0,0.0,263.801792144775,5920,238,0,0,7
3296,242,8.022,124.65719272002,118.0,11.961,0.027,0.0,0.0,0.0,263.792617797852,5907,237,0,0,4
3297,243,7.973,125.423303649818,123.0,10.295,0.031,0.0,0.0,0.0,263.791645050049,5903,237,0,0,3
3298,243,7.805,128.122998078155,123.0,10.295,0.031,0.0,0.0,0.0,263.793006896973,5903,237,0,0,3
3299,243,7.789,128.386185646424,123.0,10.295,0.031,0.0,0.0,0.0,263.794368743896,5903,237,0,0,3
3300,243,7.956,125.69130216189,123.0,10.295,0.031,0.0,0.0,0.0,263.79573059082,5903,237,0,0,3
3301,243,7.617,131.285282919785,123.0,10.295,0.031,0.0,0.0,0.0,263.772666931152,5893,234,0,0,3
3302,243,7.666,130.446125750065,123.0,10.295,0.031,0.0,0.0,0.0,263.774028778076,5893,234,0,0,3
3303,243,7.636,130.958617077004,123.0,10.295,0.031,0.0,0.0,0.0,263.774429321289,5891,234,0,0,2
3304,243,7.769,128.716694555284,123.0,10.295,0.031,0.0,0.0,0.0,263.762229919434,5874,233,0,0,2
3305,243,7.628,131.095962244363,123.0,10.295,0.031,0.0,0.0,0.0,263.763591766357,5874,233,0,0,2
3306,243,7.826,127.779197546639,123.0,10.295,0.031,0.0,0.0,0.0,263.729370117188,5860,229,0,0,2
3307,243,7.767,128.749839062701,123.0,10.295,0.031,0.0,0.0,0.0,263.730731964111,5860,229,0,0,2
3308,243,7.769,128.716694555284,123.0,10.295,0.031,0.0,0.0,0.0,263.732093811035,5860,229,0,0,2
3309,243,7.855,127.307447485678,123.0,10.295,0.031,0.0,0.0,0.0,263.732818603516,5859,229,0,0,2
3310,244,8.052,124.192747143567,123.0,10.295,0.031,0.0,0.0,0.0,263.734180450439,5859,229,0,0,2
3311,244,7.902,126.550240445457,123.0,10.295,0.031,0.0,0.0,0.0,263.735542297363,5859,229,0,0,2
3312,244,7.911,126.40626975098,123.0,10.295,0.031,0.0,0.0,0.0,263.736904144287,5859,229,0,0,2
3313,244,7.855,127.307447485678,123.0,10.295,0.031,0.0,0.0,0.0,263.738265991211,5859,229,0,0,2
3314,244,7.724,129.466597617815,123.0,10.295,0.031,0.0,0.0,0.0,263.739627838135,5859,229,0,0,2
3315,244,8.33333333333333,120.0,123.0,10.295,0.031,0.0,0.0,0.0,263.740989685059,5859,229,0,0,2
3316,244,8.33333333333333,120.0,123.0,10.295,0.031,0.0,0.0,0.0,263.742351531982,5859,229,0,0,2
3317,244,8.33333333333333,120.0,123.0,10.295,0.031,0.0,0.0,0.0,263.743713378906,5859,229,0,0,2
3318,244,8.33333333333333,120.0,123.0,10.295,0.031,0.0,0.0,0.0,263.736011505127,5852,228,0,0,2
3319,244,8.33333333333333,120.0,123.0,10.295,0.031,0.0,0.0,0.0,263.737373352051,5852,228,0,0,2
3320,244,8.33333333333333,120.0,123.0,10.295,0.031,0.0,0.0,0.0,263.738735198975,5852,228,0,0,2
3321,244,7.902,126.550240445457,123.0,10.295,0.031,0.0,0.0,0.0,263.740097045898,5852,228,0,0,2
3322,245,7.902,126.550240445457,123.0,10.295,0.031,0.0,0.0,0.0,263.741458892822,5852,228,0,0,2
3323,245,7.597,131.630906936949,123.0,10.295,0.031,0.0,0.0,0.0,263.742820739746,5852,228,0,0,2
3324,245,7.901,126.566257435768,123.0,10.295,0.031,0.0,0.0,0.0,263.74418258667,5852,228,0,0,2
3325,245,8.008,124.875124875125,123.0,10.295,0.031,0.0,0.0,0.0,263.745544433594,5852,228,0,0,2
3326,245,8.258,121.094696052313,123.0,10.295,0.031,0.0,0.0,0.0,263.746906280518,5852,228,0,0,2
3327,245,8.206,121.862052156958,123.0,10.295,0.031,0.0,0.0,0.0,263.748268127441,5852,228,0,0,2
3328,245,8.133,122.955858846674,123.0,10.295,0.031,0.0,0.0,0.0,263.749629974365,5852,228,0,0,2
3329,245,7.875,126.984126984127,123.0,10.295,0.031,0.0,0.0,0.0,263.750991821289,5852,228,0,0,2
3330,245,7.97,125.470514429109,123.0,10.295,0.031,0.0,0.0,0.0,263.752353668213,5852,228,0,0,2
3331,245,7.832,127.681307456588,123.0,10.295,0.031,0.0,0.0,0.0,263.753715515137,5852,228,0,0,2
3332,245,7.948,125.817815802718,123.0,10.295,0.031,0.0,0.0,0.0,263.755077362061,5852,228,0,0,2
3333,245,8.14,122.850122850123,123.0,10.295,0.031,0.0,0.0,0.0,263.756439208984,5852,228,0,0,2
3334,245,8.1,123.456790123457,123.0,10.295,0.031,0.0,0.0,0.0,263.757801055908,5852,228,0,0,2
3335,246,8.33333333333333,120.0,123.0,10.295,0.031,0.0,0.0,0.0,263.873592376709,5915,238,0,0,14
3336,246,8.33333333333333,120.0,123.0,10.295,0.031,0.0,0.0,0.0,263.873275756836,5912,238,0,0,13
3337,246,8.33333333333333,120.0,123.0,10.295,0.031,0.0,0.0,0.0,263.87463760376,5912,238,0,0,13
3338,246,8.33333333333333,120.0,123.0,10.295,0.031,0.0,0.0,0.0,263.875999450684,5912,238,0,0,13
3339,246,8.33333333333333,120.0,123.0,10.295,0.031,0.0,0.0,0.0,263.90648651123,5927,241,0,0,15
3340,246,8.33333333333333,120.0,123.0,10.295,0.031,0.0,0.0,0.0,263.907848358154,5927,241,0,0,15
3341,246,8.33333333333333,120.0,123.0,10.295,0.031,0.0,0.0,0.0,263.909210205078,5927,241,0,0,15
3342,246,8.33333333333333,120.0,123.0,10.295,0.031,0.0,0.0,0.0,263.910572052002,5927,241,0,0,15
3343,246,8.29433333333333,120.564240646224,123.0,10.295,0.031,0.0,0.0,0.0,263.910720825195,5925,241,0,0,14
3344,246,8.18,122.249388753056,123.0,10.295,0.031,0.0,0.0,0.0,263.942893981934,5949,246,0,0,18
3345,246,8.33333333333333,120.0,123.0,10.295,0.031,0.0,0.0,0.0,263.943042755127,5947,246,0,0,17
3346,246,8.16066666666667,122.53900825096,123.0,10.295,0.031,0.0,0.0,0.0,263.944404602051,5947,246,0,0,17
3347,247,8.33333333333333,120.0,123.0,10.295,0.031,0.0,0.0,0.0,263.945705413818,5947,246,0,0,17
3348,247,8.33333333333333,120.0,123.0,10.295,0.031,0.0,0.0,0.0,263.947067260742,5947,246,0,0,17
3349,247,8.33333333333333,120.0,123.0,10.295,0.031,0.0,0.0,0.0,263.947864532471,5948,246,0,0,17
3350,247,8.243,121.31505519835,123.0,10.295,0.031,0.0,0.0,0.0,263.949226379395,5948,246,0,0,17
3351,247,8.33333333333333,120.0,123.0,10.295,0.031,0.0,0.0,0.0,263.950588226318,5948,246,0,0,17
3352,247,8.33333333333333,120.0,123.0,10.295,0.031,0.0,0.0,0.0,263.951950073242,5948,246,0,0,17
3353,247,8.33333333333333,120.0,123.0,10.295,0.031,0.0,0.0,0.0,263.946922302246,5946,244,0,0,17
3354,247,8.33333333333333,120.0,123.0,10.295,0.031,0.0,0.0,0.0,263.943683624268,5938,244,0,0,14
3355,247,8.33333333333333,120.0,123.0,10.295,0.031,0.0,0.0,0.0,263.938583374023,5932,243,0,0,12
3356,247,8.33333333333333,120.0,123.0,10.295,0.031,0.0,0.0,0.0,263.93826675415,5929,243,0,0,11
3357,247,8.33333333333333,120.0,123.0,10.295,0.031,0.0,0.0,0.0,263.93824005127,5927,243,0,0,10
3358,247,8.33333333333333,120.0,123.0,10.295,0.031,0.0,0.0,0.0,263.939601898193,5927,243,0,0,10
3359,248,8.33333333333333,120.0,123.0,10.295,0.031,0.0,0.0,0.0,263.952842712402,5930,243,0,0,11
3360,248,8.33333333333333,120.0,123.0,10.295,0.031,0.0,0.0,0.0,263.940338134766,5921,241,0,0,10
3361,248,8.31566666666667,120.254940473804,123.0,10.295,0.031,0.0,0.0,0.0,263.941699981689,5921,241,0,0,10
3362,248,7.952,125.754527162978,123.0,10.295,0.031,0.0,0.0,0.0,263.943061828613,5921,241,0,0,10
3363,248,8.33333333333333,120.0,123.0,10.295,0.031,0.0,0.0,0.0,263.943210601807,5919,241,0,0,9
3364,248,8.33333333333333,120.0,123.0,10.295,0.031,0.0,0.0,0.0,263.94457244873,5919,241,0,0,9
3365,248,8.25633333333333,121.119140861561,123.0,10.295,0.031,0.0,0.0,0.0,263.945934295654,5919,241,0,0,9
3366,248,7.954,125.722906713603,123.0,10.295,0.031,0.0,0.0,0.0,263.947296142578,5919,241,0,0,9
3367,248,8.176,122.309197651663,123.0,10.295,0.031,0.0,0.0,0.0,263.948657989502,5919,241,0,0,9
3368,248,8.33333333333333,120.0,123.0,10.295,0.031,0.0,0.0,0.0,263.961570739746,5937,242,0,0,16
3369,248,8.20666666666667,121.852152721365,123.0,10.295,0.031,0.0,0.0,0.0,263.96293258667,5937,242,0,0,16
3370,248,8.33333333333333,120.0,123.0,10.295,0.031,0.0,0.0,0.0,263.964294433594,5937,242,0,0,16
3371,249,8.33333333333333,120.0,123.0,10.295,0.031,0.0,0.0,0.0,263.964572906494,5935,242,0,0,15
3372,249,8.33333333333333,120.0,123.0,10.295,0.031,0.0,0.0,0.0,263.965934753418,5935,242,0,0,15
3373,249,8.33333333333333,120.0,123.0,10.295,0.031,0.0,0.0,0.0,264.016334533691,5964,252,0,0,18
3374,249,8.33333333333333,120.0,123.0,10.295,0.031,0.0,0.0,0.0,264.017696380615,5964,252,0,0,18
3375,249,8.33333333333333,120.0,123.0,10.295,0.031,0.0,0.0,0.0,264.019058227539,5964,252,0,0,18
3376,249,8.33333333333333,120.0,123.0,10.295,0.031,0.0,0.0,0.0,264.020420074463,5964,252,0,0,18
3377,249,8.33333333333333,120.0,123.0,10.295,0.031,0.0,0.0,0.0,263.9977684021,5954,249,0,0,18
3378,249,8.33333333333333,120.0,123.0,10.295,0.031,0.0,0.0,0.0,264.005561828613,5960,250,0,0,19
3379,249,8.33333333333333,120.0,123.0,10.295,0.031,0.0,0.0,0.0,264.004871368408,5956,250,0,0,17
3380,249,8.33333333333333,120.0,123.0,10.295,0.031,0.0,0.0,0.0,264.006233215332,5956,250,0,0,17
3381,249,8.33333333333333,120.0,123.0,10.295,0.031,0.0,0.0,0.0,264.007595062256,5956,250,0,0,17
3382,249,8.33333333333333,120.0,123.0,10.295,0.031,0.0,0.0,0.0,263.96720123291,5940,244,0,0,17
3383,250,8.33333333333333,120.0,123.0,10.295,0.031,0.0,0.0,0.0,264.013492584229,5959,248,0,0,18
3384,250,8.33333333333333,120.0,123.0,10.295,0.031,0.0,0.0,0.0,264.018478393555,5961,249,0,0,18
3385,250,8.33333333333333,120.0,123.0,10.295,0.031,0.0,0.0,0.0,264.019840240479,5961,249,0,0,18
3386,250,8.33333333333333,120.0,123.0,10.295,0.031,0.0,0.0,0.0,264.021202087402,5961,249,0,0,18
3387,250,8.33333333333333,120.0,123.0,10.295,0.031,0.0,0.0,0.0,264.048065185547,5971,252,0,0,15
3388,250,8.162,122.518990443519,123.0,10.295,0.031,0.0,0.0,0.0,264.049427032471,5971,252,0,0,15
3389,250,7.963,125.580811252041,123.0,10.295,0.031,0.0,0.0,0.0,264.050788879395,5971,252,0,0,15
3390,250,8.33333333333333,120.0,123.0,10.295,0.031,0.0,0.0,0.0,264.055027008057,5976,252,0,0,16
3391,250,8.33333333333333,120.0,123.0,10.295,0.031,0.0,0.0,0.0,264.05290222168,5970,252,0,0,14
3392,250,8.33333333333333,120.0,123.0,10.295,0.031,0.0,0.0,0.0,264.084629058838,5994,257,0,0,18
3393,250,8.33333333333333,120.0,123.0,10.295,0.031,0.0,0.0,0.0,264.084777832031,5992,257,0,0,17
3394,250,8.20266666666667,121.911573472042,123.0,10.295,0.031,0.0,0.0,0.0,264.077098846436,5985,256,0,0,17
3395,251,7.897,126.630365961758,123.0,10.295,0.031,0.0,0.0,0.0,264.078002929688,5985,256,0,0,17
3396,251,8.259,121.080033902409,123.0,10.295,0.031,0.0,0.0,0.0,264.079025268555,5993,256,0,0,19
3397,251,7.995,125.078173858662,123.0,10.295,0.031,0.0,0.0,0.0,264.077548980713,5990,256,0,0,18
3398,251,7.98,125.31328320802,123.0,10.295,0.031,0.0,0.0,0.0,264.078910827637,5990,256,0,0,18
3399,251,7.644,130.821559392988,123.0,10.295,0.031,0.0,0.0,0.0,264.080272674561,5990,256,0,0,18
3400,251,7.643,130.8386759126,123.0,10.295,0.031,0.0,0.0,0.0,264.081634521484,5990,256,0,0,18
3401,251,7.663,130.497194310322,123.0,10.295,0.031,0.0,0.0,0.0,264.076549530029,5988,254,0,0,18
3402,251,7.761,128.849375080531,123.0,10.295,0.031,0.0,0.0,0.0,264.075981140137,5985,254,0,0,16
3403,251,7.735,129.282482223659,123.0,10.295,0.031,0.0,0.0,0.0,264.070331573486,5978,253,0,0,14
3404,251,7.627,131.11315064901,123.0,10.295,0.031,0.0,0.0,0.0,264.070014953613,5975,253,0,0,13
3405,251,7.67,130.378096479791,123.0,10.295,0.031,0.0,0.0,0.0,264.070652008057,5974,253,0,0,12
3406,251,7.957,125.675505843911,123.0,10.295,0.031,0.0,0.0,0.0,264.07201385498,5974,253,0,0,12
3407,251,8.107,123.350191192796,123.0,10.295,0.031,0.0,0.0,0.0,264.092342376709,5993,256,0,0,15
3408,252,8.33333333333333,120.0,123.0,10.295,0.031,0.0,0.0,0.0,264.055152893066,5977,248,0,0,15
3409,252,8.33333333333333,120.0,123.0,10.295,0.031,0.0,0.0,0.0,264.053245544434,5976,247,0,0,15
3410,252,8.33333333333333,120.0,123.0,10.295,0.031,0.0,0.0,0.0,271.544334411621,5964,247,0,0,12
3411,252,8.46166666666666,118.18002757534,123.0,10.295,0.031,0.0,0.0,0.0,271.616399765015,6036,256,0,0,24
3412,252,8.33333333333333,120.0,123.0,10.295,0.031,0.0,0.0,0.0,271.617761611938,6036,256,0,0,24
3413,252,8.33333333333333,120.0,123.0,10.295,0.031,0.0,0.0,0.0,271.619123458862,6036,256,0,0,24
3414,252,8.33333333333333,120.0,123.0,10.295,0.031,0.0,0.0,0.0,271.617181777954,6035,255,0,0,24
3415,252,8.33333333333333,120.0,123.0,10.295,0.031,0.0,0.0,0.0,271.616270065308,6031,255,0,0,23
3416,252,8.33333333333333,120.0,123.0,10.295,0.031,0.0,0.0,0.0,271.614534378052,6034,255,0,0,24
3417,252,8.33333333333333,120.0,123.0,10.295,0.031,0.0,0.0,0.0,271.615896224976,6034,255,0,0,24
3418,252,8.33333333333333,120.0,123.0,10.295,0.031,0.0,0.0,0.0,271.606145858765,6029,252,0,0,23
3419,252,9.09090909090909,110.0,122.0,15.5,0.034,0.0,0.0,0.0,271.600687026978,6017,252,0,0,20
3420,253,9.09090909090909,110.0,122.0,15.5,0.034,0.0,0.0,0.0,271.601987838745,6017,252,0,0,20
3421,253,9.09090909090909,110.0,122.0,15.5,0.034,0.0,0.0,0.0,271.603349685669,6017,252,0,0,20
3422,253,9.09090909090909,110.0,122.0,15.5,0.034,0.0,0.0,0.0,271.604711532593,6017,252,0,0,20
3423,253,9.09090909090909,110.0,122.0,15.5,0.034,0.0,0.0,0.0,271.606073379517,6017,252,0,0,20
3424,253,9.09090909090909,110.0,122.0,15.5,0.034,0.0,0.0,0.0,271.583009719849,6007,249,0,0,20
3425,253,9.09090909090909,110.0,122.0,15.5,0.034,0.0,0.0,0.0,271.583410263062,6005,249,0,0,19
3426,253,9.09090909090909,110.0,122.0,15.5,0.034,0.0,0.0,0.0,271.571653366089,5989,248,0,0,19
3427,253,8.89572727272728,112.413518236538,122.0,15.5,0.034,0.0,0.0,0.0,271.573015213013,5989,248,0,0,19
3428,253,8.507,117.550252733043,122.0,15.5,0.034,0.0,0.0,0.0,271.539068222046,5975,244,0,0,19
3429,253,8.582,116.522955022139,122.0,15.5,0.034,0.0,0.0,0.0,271.538751602173,5972,244,0,0,18
3430,253,8.33333333333333,120.0,122.0,15.5,0.034,0.0,0.0,0.0,271.539476394653,5971,244,0,0,18
3431,254,8.33333333333333,120.0,122.0,15.5,0.034,0.0,0.0,0.0,271.540838241577,5971,244,0,0,18
3432,254,8.33333333333333,120.0,122.0,15.5,0.034,0.0,0.0,0.0,271.542200088501,5971,244,0,0,18
3433,254,8.33333333333333,120.0,122.0,15.5,0.034,0.0,0.0,0.0,271.543561935425,5971,244,0,0,18
3434,254,8.33333333333333,120.0,122.0,15.5,0.034,0.0,0.0,0.0,271.544923782349,5971,244,0,0,18
3435,254,8.33333333333333,120.0,122.0,15.5,0.034,0.0,0.0,0.0,271.546285629272,5971,244,0,0,18
3436,254,8.33333333333333,120.0,122.0,15.5,0.034,0.0,0.0,0.0,271.547647476196,5971,244,0,0,18
3437,254,8.33333333333333,120.0,122.0,15.5,0.034,0.0,0.0,0.0,271.54900932312,5971,244,0,0,18
3438,254,8.33333333333333,120.0,122.0,15.5,0.034,0.0,0.0,0.0,271.550371170044,5971,244,0,0,18
3439,254,8.33333333333333,120.0,122.0,15.5,0.034,0.0,0.0,0.0,271.551733016968,5971,244,0,0,18
3440,254,8.33333333333333,120.0,122.0,15.5,0.034,0.0,0.0,0.0,271.544054031372,5964,243,0,0,18
3441,254,8.33333333333333,120.0,122.0,15.5,0.034,0.0,0.0,0.0,271.545415878296,5964,243,0,0,18
3442,254,8.33333333333333,120.0,122.0,15.5,0.034,0.0,0.0,0.0,271.54677772522,5964,243,0,0,18
3443,255,8.33333333333333,120.0,122.0,15.5,0.034,0.0,0.0,0.0,271.548139572144,5964,243,0,0,18
3444,255,8.33333333333333,120.0,122.0,15.5,0.034,0.0,0.0,0.0,271.547327041626,5961,243,0,0,15
3445,255,8.33333333333333,120.0,122.0,15.5,0.034,0.0,0.0,0.0,271.54868888855,5961,243,0,0,15
3446,255,8.33333333333333,120.0,122.0,15.5,0.034,0.0,0.0,0.0,271.550050735474,5961,243,0,0,15
3447,255,8.33333333333333,120.0,122.0,15.5,0.034,0.0,0.0,0.0,271.474655151367,5934,234,0,0,15
3448,255,8.33333333333333,120.0,122.0,15.5,0.034,0.0,0.0,0.0,271.460910797119,5907,234,0,0,6
3449,255,8.33333333333333,120.0,122.0,15.5,0.034,0.0,0.0,0.0,271.462272644043,5907,234,0,0,6
3450,255,8.33333333333333,120.0,122.0,15.5,0.034,0.0,0.0,0.0,271.462909698486,5906,234,0,0,5
3451,255,8.33333333333333,120.0,122.0,15.5,0.034,0.0,0.0,0.0,271.46427154541,5906,234,0,0,5
3452,255,8.33333333333333,120.0,122.0,15.5,0.034,0.0,0.0,0.0,271.465633392334,5906,234,0,0,5
3453,255,8.33333333333333,120.0,122.0,15.5,0.034,0.0,0.0,0.0,271.463264465332,5900,234,0,0,2
3454,255,8.33333333333333,120.0,122.0,15.5,0.034,0.0,0.0,0.0,271.464626312256,5900,234,0,0,2
3455,256,8.33333333333333,120.0,122.0,15.5,0.034,0.0,0.0,0.0,271.46598815918,5900,234,0,0,2
3456,256,9.09090909090909,110.0,122.0,15.5,0.034,0.0,0.0,0.0,271.465671539307,5897,234,0,0,1
3457,256,9.09090909090909,110.0,122.0,15.5,0.034,0.0,0.0,0.0,271.46703338623,5897,234,0,0,1
3458,256,9.09090909090909,110.0,122.0,15.5,0.034,0.0,0.0,0.0,271.468395233154,5897,234,0,0,1
3459,256,8.43560606060607,118.545127974854,122.0,15.5,0.034,0.0,0.0,0.0,271.469757080078,5897,234,0,0,1
3460,256,8.33333333333333,120.0,122.0,15.5,0.034,0.0,0.0,0.0,271.471118927002,5897,234,0,0,1
3461,256,8.33333333333333,120.0,122.0,15.5,0.034,0.0,0.0,0.0,271.409660339355,5856,228,0,0,1
3462,256,8.33333333333333,120.0,122.0,15.5,0.034,0.0,0.0,0.0,271.411022186279,5856,228,0,0,1
3463,256,9.09090909090909,110.0,122.0,15.5,0.034,0.0,0.0,0.0,271.412384033203,5856,228,0,0,1
3464,256,8.34709090909091,119.802217430134,122.0,15.5,0.034,0.0,0.0,0.0,271.413745880127,5856,228,0,0,1
3465,256,8.342,119.875329657157,122.0,15.5,0.034,0.0,0.0,0.0,271.415107727051,5856,228,0,0,1
3466,257,8.33333333333333,120.0,122.0,15.5,0.034,0.0,0.0,0.0,271.416469573975,5856,228,0,0,1
3467,257,8.33333333333333,120.0,122.0,15.5,0.034,0.0,0.0,0.0,271.417831420898,5856,228,0,0,1
3468,257,8.70433333333333,114.885306169341,122.0,15.5,0.034,0.0,0.0,0.0,271.419193267822,5856,228,0,0,1
3469,257,9.09090909090909,110.0,122.0,15.5,0.034,0.0,0.0,0.0,271.420555114746,5856,228,0,0,1
3470,257,8.64909090909091,115.61908766029,122.0,15.5,0.034,0.0,0.0,0.0,271.42191696167,5856,228,0,0,1
3471,257,8.33333333333333,120.0,122.0,15.5,0.034,0.0,0.0,0.0,271.423278808594,5856,228,0,0,1
3472,257,8.33333333333333,120.0,122.0,15.5,0.034,0.0,0.0,0.0,271.424640655518,5856,228,0,0,1
3473,257,8.33333333333333,120.0,122.0,15.5,0.034,0.0,0.0,0.0,271.426002502441,5856,228,0,0,1
3474,257,8.33333333333333,120.0,122.0,15.5,0.034,0.0,0.0,0.0,271.427364349365,5856,228,0,0,1
3475,257,8.33333333333333,120.0,122.0,15.5,0.034,0.0,0.0,0.0,271.427024841309,5853,228,0,0,0
3476,257,8.33333333333333,120.0,122.0,15.5,0.034,0.0,0.0,0.0,271.428386688232,5853,228,0,0,0
3477,257,8.33333333333333,120.0,122.0,15.5,0.034,0.0,0.0,0.0,271.429748535156,5853,228,0,0,0
3478,258,8.96866666666667,111.499293837806,122.0,15.5,0.034,0.0,0.0,0.0,271.562057495117,5986,241,0,0,25
