render_frame,replay_frame,delta_ms,instant_fps,engine_fps,process_ms,physics_ms,video_mb,texture_mb,buffer_mb,static_mb,objects,nodes,orphans,draw_calls,tweens
1,0,122.256888888889,8.17949817869841,1.0,73.3,0.021,431.125,154.1875,58.2783546447754,134.033152580261,4357,1138,0,285,114
2,0,16.6666666666667,60.0,1.0,73.3,0.021,429.0625,154.1875,58.2725219726563,134.05225276947,4364,1139,0,286,116
3,0,4.76066666666666,210.054614199692,1.0,73.3,0.021,429.3125,154.1875,58.2727165222168,134.071688652039,4371,1140,0,287,118
4,0,4.245,235.571260306243,1.0,73.3,0.021,429.3125,154.1875,58.2727165222168,134.07309627533,4371,1140,0,287,118
5,0,4.652,214.961306964746,1.0,73.3,0.021,429.3125,154.1875,58.2727165222168,134.074549674988,4371,1140,0,287,118
6,0,5.55555555555555,180.0,1.0,73.3,0.021,429.3125,154.1875,58.2727165222168,134.075911521912,4371,1140,0,287,118
7,0,16.9891111111111,58.8612313769604,1.0,73.3,0.021,429.3125,154.1875,58.2727165222168,134.077410697937,4371,1140,0,287,118
8,0,8.359,119.631534872592,1.0,73.3,0.021,429.3125,154.1875,58.2727165222168,134.079260826111,4371,1140,0,287,118
9,0,16.588,60.2845430431637,1.0,73.3,0.021,429.3125,154.1875,58.2727165222168,134.080622673035,4371,1140,0,287,118
10,0,11.1111111111111,90.0,1.0,73.3,0.021,429.3125,154.1875,58.2727165222168,134.082411766052,4371,1140,0,287,118
11,0,13.9088888888889,71.8964690845183,1.0,73.3,0.021,429.3125,154.1875,58.2727165222168,134.083773612976,4371,1140,0,287,118
12,0,11.9047619047619,84.0,1.0,73.3,0.021,429.3125,154.1875,58.2727165222168,134.08562374115,4371,1140,0,287,118
13,0,11.1111111111111,90.0,1.0,73.3,0.021,429.3125,154.1875,58.2727165222168,134.086985588074,4371,1140,0,287,118
14,0,11.1111111111111,90.0,1.0,73.3,0.021,429.5625,154.1875,58.2729110717773,134.106818199158,4377,1141,0,288,119
15,0,11.1111111111111,90.0,1.0,73.3,0.021,429.5625,154.1875,58.2729110717773,134.108424186707,4377,1141,0,288,119
16,0,11.1111111111111,90.0,1.0,73.3,0.021,429.5625,154.1875,58.2729110717773,134.108817100525,4375,1141,0,288,118
17,0,10.3904603174603,96.2421268593444,1.0,73.3,0.021,429.5625,154.1875,58.2729110717773,134.110423088074,4375,1141,0,288,118
18,0,8.14,122.850122850123,1.0,73.3,0.021,429.5625,154.1875,58.2729110717773,134.111784934998,4375,1141,0,288,118
19,0,8.627,115.915150110119,1.0,73.3,0.021,429.5625,154.1875,58.2729110717773,134.113146781921,4375,1141,0,288,118
20,0,8.267,120.962864400629,1.0,73.3,0.021,429.5625,154.1875,58.2729110717773,134.11492061615,4375,1141,0,288,118
21,0,8.301,120.467413564631,1.0,73.3,0.021,429.5625,154.1875,58.2729110717773,134.116282463074,4375,1141,0,288,118
22,0,8.407,118.948495301534,1.0,73.3,0.021,429.5625,154.1875,58.2729110717773,134.117888450623,4375,1141,0,288,118
23,0,8.379,119.345984007638,1.0,73.3,0.021,429.5625,154.1875,58.2729110717773,134.118517875671,4374,1141,0,288,117
24,0,8.319,120.206755619666,1.0,73.3,0.021,429.5625,154.1875,58.2729110717773,134.119879722595,4374,1141,0,288,117
25,0,8.336,119.961612284069,1.0,73.3,0.021,429.5625,154.1875,58.2729110717773,134.121241569519,4374,1141,0,288,117
26,0,8.335,119.97600479904,1.0,73.3,0.021,429.5625,154.1875,58.2729110717773,134.1232213974,4372,1141,0,288,116
27,0,32.2586666666667,30.9994213441349,1.0,73.3,0.021,429.5625,154.1875,58.2729110717773,134.124583244324,4372,1141,0,288,116
28,0,13.1803333333333,75.8706153106902,1.0,73.3,0.021,429.5625,154.1875,58.2729110717773,134.126189231873,4372,1141,0,288,116
29,0,4.274,233.972859148339,1.0,73.3,0.021,429.5625,154.1875,58.2729110717773,134.127459526062,4371,1141,0,288,115
30,0,0.5840000230819,1712.32869944555,1.0,73.3,0.021,429.5625,154.1875,58.2729110717773,134.127608299255,4369,1141,0,288,114
31,0,8.33333333333333,120.0,1.0,73.3,0.021,429.5625,154.1875,58.2729110717773,134.127673149109,4367,1141,0,288,112
32,0,6.66666666666667,150.0,1.0,73.3,0.021,429.5625,154.1875,58.2729110717773,134.129279136658,4367,1141,0,288,112
33,0,8.33333333333333,120.0,1.0,73.3,0.021,429.5625,154.1875,58.2729110717773,134.130640983582,4367,1141,0,288,112
34,0,7.14285714285714,140.0,1.0,73.3,0.021,429.5625,154.1875,58.2729110717773,134.132002830505,4367,1141,0,288,112
35,0,8.33333333333333,120.0,1.0,73.3,0.021,429.5625,154.1875,58.2729110717773,134.133364677429,4367,1141,0,288,112
36,0,7.40740740740741,135.0,1.0,73.3,0.021,429.5625,154.1875,58.2729110717773,134.134726524353,4367,1141,0,288,112
37,0,8.79940209332022,113.644085063361,1.0,73.3,0.021,429.5625,154.1875,58.2729110717773,134.133967399597,4363,1141,0,288,110
38,0,7.57575757575758,132.0,1.0,73.3,0.021,429.5625,154.1875,58.2729110717773,134.119246482849,4333,1141,0,288,100
39,0,9.09090909090909,110.0,1.0,73.3,0.021,429.5625,154.1875,58.2729110717773,134.117342948914,4327,1141,0,288,98
40,0,7.57575757575758,132.0,1.0,73.3,0.021,429.5625,154.1875,58.2729110717773,134.118704795837,4327,1141,0,288,98
41,0,7.57575757575758,132.0,1.0,73.3,0.021,429.5625,154.1875,58.2729110717773,134.117793083191,4323,1141,0,288,96
42,0,7.57575757575758,132.0,1.0,73.3,0.021,429.5625,154.1875,58.2729110717773,134.119154930115,4323,1141,0,288,96
43,0,7.57575757575758,132.0,48.0,134.325,0.058,429.5625,154.1875,58.2729110717773,134.120745658875,4322,1141,0,288,95
44,0,8.05263636363637,124.182932749297,48.0,134.325,0.058,429.5625,154.1875,58.2729110717773,134.122107505798,4322,1141,0,288,95
45,0,7.57575757575758,132.0,48.0,134.325,0.058,429.5625,154.1875,58.2729110717773,134.123469352722,4322,1141,0,288,95
46,0,7.57575757575758,132.0,48.0,134.325,0.058,429.5625,154.1875,58.2729110717773,134.123618125916,4320,1141,0,288,94
47,0,7.92248484848485,126.223024609665,48.0,134.325,0.058,429.5625,154.1875,58.2729110717773,134.124979972839,4320,1141,0,288,94
48,0,8.33333333333333,120.0,48.0,134.325,0.058,429.5625,154.1875,58.2729110717773,134.126341819763,4320,1141,0,288,94
49,0,8.33333333333333,120.0,48.0,134.325,0.058,429.5625,154.1875,58.2729110717773,134.127703666687,4320,1141,0,288,94
50,0,8.33333333333333,120.0,48.0,134.325,0.058,429.5625,154.1875,58.2729110717773,134.131949424744,4325,1141,0,288,96
51,0,8.33333333333333,120.0,48.0,134.325,0.058,429.5625,154.1875,58.2729110717773,134.116984367371,4295,1141,0,288,86
52,0,8.33333333333333,120.0,48.0,134.325,0.058,429.5625,154.1875,58.2729110717773,134.118346214294,4295,1141,0,288,86
53,0,8.33333333333333,120.0,48.0,134.325,0.058,429.5625,154.1875,58.2729110717773,134.119708061218,4295,1141,0,288,86
54,0,8.291,120.612712579906,48.0,134.325,0.058,429.5625,154.1875,58.2729110717773,134.118796348572,4291,1141,0,288,84
55,0,8.108,123.334977799704,48.0,134.325,0.058,429.5625,154.1875,58.2729110717773,134.120158195496,4291,1141,0,288,84
56,0,8.33333333333333,120.0,48.0,134.325,0.058,429.5625,154.1875,58.2729110717773,134.121520042419,4291,1141,0,288,84
57,0,8.33333333333333,120.0,48.0,134.325,0.058,429.5625,154.1875,58.2729110717773,134.122881889343,4291,1141,0,288,84
58,0,8.33333333333333,120.0,48.0,134.325,0.058,429.5625,154.1875,58.2729110717773,134.124243736267,4291,1141,0,288,84
59,0,8.33333333333333,120.0,48.0,134.325,0.058,429.5625,154.1875,58.2729110717773,134.125605583191,4291,1141,0,288,84
60,0,8.33333333333333,120.0,48.0,134.325,0.058,429.5625,154.1875,58.2729110717773,134.124693870544,4287,1141,0,288,82
61,0,8.33333333333333,120.0,48.0,134.325,0.058,429.5625,154.1875,58.2729110717773,134.126055717468,4287,1141,0,288,82
62,0,8.33333333333333,120.0,48.0,134.325,0.058,429.5625,154.1875,58.2729110717773,134.127417564392,4287,1141,0,288,82
63,0,8.33333333333333,120.0,48.0,134.325,0.058,429.5625,154.1875,58.2729110717773,134.128779411316,4287,1141,0,288,82
64,0,8.33333333333333,120.0,48.0,134.325,0.058,429.5625,154.1875,58.2729110717773,134.131560325623,4287,1141,0,288,82
65,0,8.33333333333333,120.0,48.0,134.325,0.058,429.5625,154.1875,58.2729110717773,134.132922172546,4287,1141,0,288,82
66,0,8.33333333333333,120.0,48.0,134.325,0.058,429.5625,154.1875,58.2729110717773,134.1320104599,4283,1141,0,288,80
67,0,8.33333333333333,120.0,48.0,134.325,0.058,429.5625,154.1875,58.2729110717773,134.133372306824,4283,1141,0,288,80
68,0,8.33333333333333,120.0,48.0,134.325,0.058,429.5625,154.1875,58.2729110717773,134.13761806488,4288,1141,0,288,82
69,0,8.33333333333333,120.0,48.0,134.325,0.058,429.5625,154.1875,58.2729110717773,134.138979911804,4288,1141,0,288,82
70,0,8.33333333333333,120.0,48.0,134.325,0.058,429.5625,154.1875,58.2729110717773,134.140341758728,4288,1141,0,288,82
71,0,8.33333333333333,120.0,48.0,134.325,0.058,429.5625,154.1875,58.2729110717773,134.141703605652,4288,1141,0,288,82
72,0,8.33333333333333,120.0,48.0,134.325,0.058,429.5625,154.1875,58.2729110717773,134.140791893005,4284,1141,0,288,80
73,0,8.33333333333333,120.0,48.0,134.325,0.058,429.5625,154.1875,58.2729110717773,134.142153739929,4284,1141,0,288,80
74,0,8.33333333333333,120.0,48.0,134.325,0.058,429.5625,154.1875,58.2729110717773,134.143515586853,4284,1141,0,288,80
75,0,8.33333333333333,120.0,48.0,134.325,0.058,429.5625,154.1875,58.2729110717773,134.144877433777,4284,1141,0,288,80
76,0,8.33333333333333,120.0,48.0,134.325,0.058,429.5625,154.1875,58.2729110717773,134.146239280701,4284,1141,0,288,80
77,0,8.33333333333333,120.0,48.0,134.325,0.058,429.5625,154.1875,58.2729110717773,134.147601127625,4284,1141,0,288,80
78,0,8.33333333333333,120.0,48.0,134.325,0.058,429.5625,154.1875,58.2729110717773,134.146689414978,4280,1141,0,288,78
79,0,8.33333333333333,120.0,48.0,134.325,0.058,429.5625,154.1875,58.2729110717773,134.148051261902,4280,1141,0,288,78
80,0,8.33333333333333,120.0,48.0,134.325,0.058,429.5625,154.1875,58.2729110717773,134.152297019959,4285,1141,0,288,80
81,0,8.33333333333333,120.0,48.0,134.325,0.058,429.5625,154.1875,58.2729110717773,134.156542778015,4290,1141,0,288,82
82,0,8.33333333333333,120.0,48.0,134.325,0.058,429.5625,154.1875,58.2729110717773,134.157904624939,4290,1141,0,288,82
83,0,8.33333333333333,120.0,48.0,134.325,0.058,429.5625,154.1875,58.2729110717773,134.159266471863,4290,1141,0,288,82
84,0,8.33333333333333,120.0,48.0,134.325,0.058,429.5625,154.1875,58.2729110717773,134.158354759216,4286,1141,0,288,80
85,0,8.33333333333333,120.0,48.0,134.325,0.058,429.5625,154.1875,58.2729110717773,134.15971660614,4286,1141,0,288,80
86,0,8.33333333333333,120.0,48.0,134.325,0.058,429.5625,154.1875,58.2729110717773,134.161078453064,4286,1141,0,288,80
87,0,29.8973333333333,33.4477991348169,48.0,134.325,0.058,429.5625,154.1875,58.2729110717773,134.162440299988,4286,1141,0,288,80
88,0,11.1111111111111,90.0,48.0,134.325,0.058,429.5625,154.1875,58.2729110717773,134.163802146912,4286,1141,0,288,80
89,0,6.16288888888889,162.261565643818,48.0,134.325,0.058,429.5625,154.1875,58.2729110717773,134.162890434265,4282,1141,0,287,78
90,0,11.1111111111111,90.0,48.0,134.325,0.058,429.5625,154.1875,58.2729110717773,134.164252281189,4282,1141,0,287,78
91,0,6.04055555555556,165.54768693093,48.0,134.325,0.058,429.5625,154.1875,58.2729110717773,134.165614128113,4282,1141,0,287,78
92,0,11.1111111111111,90.0,48.0,134.325,0.058,432.625,154.1875,58.2763786315918,134.931785583496,4492,1171,0,329,134
93,0,6.21288888888889,160.955719293226,48.0,134.325,0.058,432.625,154.1875,58.2763786315918,134.928043365479,4484,1171,0,329,128
94,0,5.701,175.407823188914,48.0,134.325,0.058,432.625,154.1875,58.2763786315918,134.929405212402,4484,1171,0,329,128
95,0,5.4,185.185185185185,48.0,134.325,0.058,432.625,154.1875,58.2763786315918,134.932918548584,4484,1171,0,329,128
96,0,7.739,129.215660938106,48.0,134.325,0.058,432.625,154.1875,58.2763786315918,134.934280395508,4484,1171,0,329,128
97,0,8.314,120.279047389945,48.0,134.325,0.058,432.625,154.1875,58.2763786315918,134.935642242432,4484,1171,0,329,128
98,0,8.33333333333333,120.0,48.0,134.325,0.058,432.625,154.1875,58.2763786315918,134.937004089355,4484,1171,0,329,128
99,0,8.22266666666667,121.615047835252,48.0,134.325,0.058,432.625,154.1875,58.2763786315918,134.938365936279,4484,1171,0,329,128
100,0,8.097,123.502531801902,48.0,134.325,0.058,432.625,154.1875,58.2763786315918,134.937454223633,4480,1171,0,329,126
101,0,8.33333333333333,120.0,48.0,134.325,0.058,432.625,154.1875,58.2763786315918,134.935550689697,4474,1171,0,329,124
102,0,8.33333333333333,120.0,48.0,134.325,0.058,432.625,154.1875,58.2763786315918,134.934936523438,4471,1171,0,329,122
103,0,7.57575757575758,132.0,48.0,134.325,0.058,432.625,154.1875,58.2763786315918,134.936298370361,4471,1171,0,329,122
104,0,7.57575757575758,132.0,48.0,134.325,0.058,432.625,154.1875,58.2763786315918,134.937660217285,4471,1171,0,329,122
105,0,7.57575757575758,132.0,48.0,134.325,0.058,432.625,154.1875,58.2763786315918,134.93575668335,4465,1171,0,329,120
106,0,7.57575757575758,132.0,48.0,134.325,0.058,432.625,154.1875,58.2763786315918,134.934844970703,4461,1171,0,329,118
107,0,7.57575757575758,132.0,48.0,134.325,0.058,432.625,154.1875,58.2763786315918,134.936206817627,4461,1171,0,329,118
108,0,7.57575757575758,132.0,48.0,134.325,0.058,432.625,154.1875,58.2763786315918,134.912769317627,4446,1169,0,328,116
109,0,7.57575757575758,132.0,48.0,134.325,0.058,432.375,154.1875,58.2761840820313,134.913173675537,4446,1169,0,328,116
110,0,7.57575757575758,132.0,48.0,134.325,0.058,432.375,154.1875,58.2761840820313,134.914535522461,4446,1169,0,328,116
111,0,7.57575757575758,132.0,48.0,134.325,0.058,432.375,154.1875,58.2761840820313,134.915897369385,4446,1169,0,328,116
112,0,7.57575757575758,132.0,48.0,134.325,0.058,432.375,154.1875,58.2761840820313,134.913993835449,4440,1169,0,328,114
113,0,7.91142424242425,126.399491337804,48.0,134.325,0.058,432.375,154.1875,58.2761840820313,134.915355682373,4440,1169,0,328,114
114,0,8.33333333333333,120.0,48.0,134.325,0.058,432.375,154.1875,58.2761840820313,134.916717529297,4440,1169,0,328,114
115,0,8.33333333333333,120.0,48.0,134.325,0.058,432.375,154.1875,58.2761840820313,134.918079376221,4440,1169,0,328,114
116,0,8.30633333333333,120.390063806734,48.0,134.325,0.058,432.375,154.1875,58.2761840820313,134.914199829102,4431,1169,0,328,110
117,0,8.33333333333333,120.0,48.0,134.325,0.058,432.375,154.1875,58.2761840820313,134.915561676025,4431,1169,0,328,110
118,0,8.33333333333333,120.0,48.0,134.325,0.058,432.375,154.1875,58.2761840820313,134.916923522949,4431,1169,0,328,110
119,0,8.33333333333333,120.0,48.0,134.325,0.058,432.375,154.1875,58.2761840820313,134.915019989014,4425,1169,0,328,108
120,0,8.33333333333333,120.0,48.0,134.325,0.058,432.375,154.1875,58.2761840820313,134.916381835938,4425,1169,0,328,108
121,0,8.28666666666667,120.675784392599,48.0,134.325,0.058,432.375,154.1875,58.2761840820313,134.896072387695,4416,1167,0,327,108
122,0,8.33333333333333,120.0,48.0,134.325,0.058,432.125,154.1875,58.2759895324707,134.893211364746,4410,1167,0,327,106
123,0,8.33333333333333,120.0,48.0,134.325,0.058,432.125,154.1875,58.2759895324707,134.89457321167,4410,1167,0,327,106
124,0,8.33333333333333,120.0,48.0,134.325,0.058,432.125,154.1875,58.2759895324707,134.895935058594,4410,1167,0,327,106
125,0,8.314,120.279047389945,48.0,134.325,0.058,432.125,154.1875,58.2759895324707,134.897296905518,4410,1167,0,327,106
126,0,8.33333333333333,120.0,48.0,134.325,0.058,432.125,154.1875,58.2759895324707,134.895393371582,4404,1167,0,327,104
127,0,8.33333333333333,120.0,48.0,134.325,0.058,432.125,154.1875,58.2759895324707,134.896755218506,4404,1167,0,327,104
128,0,8.33333333333333,120.0,48.0,134.325,0.058,432.125,154.1875,58.2759895324707,134.89811706543,4404,1167,0,327,104
129,0,8.33333333333333,120.0,48.0,134.325,0.058,432.125,154.1875,58.2759895324707,134.894237518311,4395,1167,0,327,100
130,0,8.33333333333333,120.0,48.0,134.325,0.058,432.125,154.1875,58.2759895324707,134.895599365234,4395,1167,0,327,100
131,0,8.33333333333333,120.0,48.0,134.325,0.058,432.125,154.1875,58.2759895324707,134.896961212158,4395,1167,0,327,100
132,0,8.136,122.91052114061,48.0,134.325,0.058,432.125,154.1875,58.2759895324707,134.898323059082,4395,1167,0,327,100
133,0,8.33333333333333,120.0,48.0,134.325,0.058,432.125,154.1875,58.2759895324707,134.896419525146,4389,1167,0,327,98
134,0,8.33333333333333,120.0,48.0,134.325,0.058,432.125,154.1875,58.2759895324707,134.876167297363,4380,1165,0,326,98
135,0,8.33333333333333,120.0,48.0,134.325,0.058,431.875,154.1875,58.2757949829102,134.876571655273,4380,1165,0,326,98
136,0,8.33333333333333,120.0,48.0,134.325,0.058,431.875,154.1875,58.2757949829102,134.874668121338,4374,1165,0,326,96
137,0,8.27566666666667,120.836186409957,48.0,134.325,0.058,431.875,154.1875,58.2757949829102,134.876029968262,4374,1165,0,326,96
138,0,8.33333333333333,120.0,48.0,134.325,0.058,431.875,154.1875,58.2757949829102,134.877391815186,4374,1165,0,326,96
139,0,8.33333333333333,120.0,48.0,134.325,0.058,431.875,154.1875,58.2757949829102,134.876777648926,4371,1165,0,326,94
140,0,8.33333333333333,120.0,48.0,134.325,0.058,431.875,154.1875,58.2757949829102,134.874767303467,4365,1165,0,326,92
141,0,8.33333333333333,120.0,48.0,134.325,0.058,431.875,154.1875,58.2757949829102,134.876129150391,4365,1165,0,326,92
142,0,8.33333333333333,120.0,48.0,134.325,0.058,431.875,154.1875,58.2757949829102,134.880695343018,4365,1165,0,326,92
143,0,8.33333333333333,120.0,48.0,134.325,0.058,431.875,154.1875,58.2757949829102,134.882057189941,4365,1165,0,327,92
144,0,8.33333333333333,120.0,48.0,134.325,0.058,431.875,154.1875,58.2757949829102,134.883419036865,4365,1165,0,327,92
145,0,8.33333333333333,120.0,48.0,134.325,0.058,431.875,154.1875,58.2757949829102,134.862194061279,4356,1163,0,326,92
146,0,27.402,36.4936865922195,48.0,134.325,0.058,431.625,154.1875,58.2756004333496,134.862598419189,4356,1163,0,326,92
147,0,11.1111111111111,90.0,48.0,134.325,0.058,431.625,154.1875,58.2756004333496,134.863960266113,4356,1163,0,326,92
148,0,8.54988888888887,116.960584283097,48.0,134.325,0.058,431.625,154.1875,58.2756004333496,134.865322113037,4356,1163,0,326,92
149,0,10.4876666666667,95.3500937609254,48.0,134.325,0.058,431.625,154.1875,58.2756004333496,134.839126586914,4314,1163,0,326,64
150,0,4.789,208.811860513677,48.0,134.325,0.058,431.625,154.1875,58.2756004333496,134.840488433838,4314,1163,0,326,64
151,0,4.676,213.857998289136,48.0,134.325,0.058,431.625,154.1875,58.2756004333496,134.837867736816,4308,1163,0,326,60
152,0,8.296,120.540019286403,48.0,134.325,0.058,431.625,154.1875,58.2756004333496,134.83922958374,4308,1163,0,326,60
153,0,8.462,118.175372252423,48.0,134.325,0.058,431.625,154.1875,58.2756004333496,134.840591430664,4308,1163,0,326,60
154,0,8.28,120.772946859903,48.0,134.325,0.058,431.625,154.1875,58.2756004333496,134.841953277588,4308,1163,0,326,60
155,0,8.5,117.647058823529,48.0,134.325,0.058,431.625,154.1875,58.2756004333496,134.843315124512,4308,1163,0,326,60
156,0,7.745,129.11555842479,48.0,134.325,0.058,431.625,154.1875,58.2756004333496,134.844676971436,4308,1163,0,326,60
157,0,8.886,112.536574386676,48.0,134.325,0.058,431.625,154.1875,58.2756004333496,134.846038818359,4308,1163,0,326,60
158,0,8.25,121.212121212121,48.0,134.325,0.058,431.625,154.1875,58.2756004333496,134.847400665283,4308,1163,0,326,60
159,0,8.298,120.510966497951,48.0,134.325,0.058,431.625,154.1875,58.2756004333496,134.848762512207,4308,1163,0,326,60
160,0,8.33333333333333,120.0,48.0,134.325,0.058,431.625,154.1875,58.2756004333496,134.850124359131,4308,1163,0,326,60
161,0,8.04166666666667,124.352331606218,118.0,37.835,0.075,431.625,154.1875,58.2756004333496,134.851486206055,4308,1163,0,326,60
162,0,8.33333333333333,120.0,118.0,37.835,0.075,431.625,154.1875,58.2756004333496,134.852848052979,4308,1163,0,326,60
163,0,8.33333333333333,120.0,118.0,37.835,0.075,431.625,154.1875,58.2756004333496,134.854209899902,4308,1163,0,326,60
164,0,8.33333333333333,120.0,118.0,37.835,0.075,431.625,154.1875,58.2756004333496,134.853145599365,4304,1163,0,326,58
165,0,8.33333333333333,120.0,118.0,37.835,0.075,431.625,154.1875,58.2756004333496,134.854507446289,4304,1163,0,326,58
166,0,8.33333333333333,120.0,118.0,37.835,0.075,431.625,154.1875,58.2756004333496,134.855869293213,4304,1163,0,326,58
167,0,8.33333333333333,120.0,118.0,37.835,0.075,431.625,154.1875,58.2756004333496,134.857231140137,4304,1163,0,326,58
168,0,8.33333333333333,120.0,118.0,37.835,0.075,431.625,154.1875,58.2756004333496,134.858592987061,4304,1163,0,326,58
169,0,8.33333333333333,120.0,118.0,37.835,0.075,431.625,154.1875,58.2756004333496,134.859954833984,4304,1163,0,326,58
170,0,8.33333333333333,120.0,118.0,37.835,0.075,431.625,154.1875,58.2756004333496,134.861316680908,4304,1163,0,326,58
171,0,8.33333333333333,120.0,118.0,37.835,0.075,431.625,154.1875,58.2756004333496,134.822147369385,4290,1159,0,324,58
172,0,8.17566666666667,122.314184368247,118.0,37.835,0.075,431.125,154.1875,58.2752723693848,134.822273254395,4290,1159,0,324,58
173,0,8.33333333333333,120.0,118.0,37.835,0.075,431.125,154.1875,58.2752723693848,134.823635101318,4290,1159,0,324,58
174,0,8.33333333333333,120.0,118.0,37.835,0.075,431.125,154.1875,58.2752723693848,134.824996948242,4290,1159,0,324,58
175,0,8.33333333333333,120.0,118.0,37.835,0.075,431.125,154.1875,58.2752723693848,134.826358795166,4290,1159,0,324,58
176,0,8.33333333333333,120.0,118.0,37.835,0.075,431.125,154.1875,58.2752723693848,134.82772064209,4290,1159,0,324,58
177,0,8.33333333333333,120.0,118.0,37.835,0.075,431.125,154.1875,58.2752723693848,134.829082489014,4290,1159,0,324,58
178,0,8.33333333333333,120.0,118.0,37.835,0.075,431.125,154.1875,58.2752723693848,134.830444335938,4290,1159,0,324,58
179,0,8.33333333333333,120.0,118.0,37.835,0.075,431.125,154.1875,58.2752723693848,134.831806182861,4290,1159,0,324,58
180,0,8.33333333333333,120.0,118.0,37.835,0.075,431.125,154.1875,58.2752723693848,134.833168029785,4290,1159,0,324,58
181,0,8.33333333333333,120.0,118.0,37.835,0.075,431.125,154.1875,58.2752723693848,134.834529876709,4290,1159,0,324,58
182,0,8.33333333333333,120.0,118.0,37.835,0.075,431.125,154.1875,58.2752723693848,134.835891723633,4290,1159,0,324,58
183,0,8.33333333333333,120.0,118.0,37.835,0.075,431.125,154.1875,58.2752723693848,134.837253570557,4290,1159,0,324,58
184,0,8.33333333333333,120.0,118.0,37.835,0.075,431.125,154.1875,58.2752723693848,134.83861541748,4290,1159,0,324,58
185,0,8.33333333333333,120.0,118.0,37.835,0.075,431.125,154.1875,58.2752723693848,134.820293426514,4260,1159,0,324,38
186,0,8.33333333333333,120.0,118.0,37.835,0.075,431.125,154.1875,58.2752723693848,134.821655273438,4260,1159,0,324,38
187,0,8.33333333333333,120.0,118.0,37.835,0.075,431.125,154.1875,58.2752723693848,134.823017120361,4260,1159,0,324,38
188,0,8.33333333333333,120.0,118.0,37.835,0.075,431.125,154.1875,58.2752723693848,134.824378967285,4260,1159,0,324,38
189,0,8.33333333333333,120.0,118.0,37.835,0.075,431.125,154.1875,58.2752723693848,134.825740814209,4260,1159,0,324,38
190,0,8.33333333333333,120.0,118.0,37.835,0.075,431.125,154.1875,58.2752723693848,134.827102661133,4260,1159,0,324,38
191,0,8.33333333333333,120.0,118.0,37.835,0.075,431.125,154.1875,58.2752723693848,134.828464508057,4260,1159,0,324,38
192,0,8.33333333333333,120.0,118.0,37.835,0.075,431.125,154.1875,58.2752723693848,134.826301574707,4254,1159,0,324,36
193,0,8.33333333333333,120.0,118.0,37.835,0.075,431.125,154.1875,58.2752723693848,134.827663421631,4254,1159,0,324,36
194,0,8.33333333333333,120.0,118.0,37.835,0.075,431.125,154.1875,58.2752723693848,134.829025268555,4254,1159,0,324,36
195,0,8.33333333333333,120.0,118.0,37.835,0.075,431.125,154.1875,58.2752723693848,134.830387115479,4254,1159,0,324,36
196,0,8.33333333333333,120.0,118.0,37.835,0.075,431.125,154.1875,58.2752723693848,134.831748962402,4254,1159,0,324,36
197,0,8.33333333333333,120.0,118.0,37.835,0.075,431.125,154.1875,58.2752723693848,134.833110809326,4254,1159,0,324,36
198,0,8.33333333333333,120.0,118.0,37.835,0.075,431.125,154.1875,58.2752723693848,134.83447265625,4254,1159,0,324,36
199,0,8.33333333333333,120.0,118.0,37.835,0.075,431.125,154.1875,58.2752723693848,134.835834503174,4254,1159,0,324,36
200,0,8.33333333333333,120.0,118.0,37.835,0.075,431.125,154.1875,58.2752723693848,134.837196350098,4254,1159,0,324,36
201,0,8.33333333333333,120.0,118.0,37.835,0.075,431.125,154.1875,58.2752723693848,134.838558197021,4254,1159,0,324,36
202,0,8.33333333333333,120.0,118.0,37.835,0.075,431.125,154.1875,58.2752723693848,134.839920043945,4254,1159,0,324,36
203,0,8.33333333333333,120.0,118.0,37.835,0.075,431.125,154.1875,58.2752723693848,134.841281890869,4254,1159,0,324,36
204,0,8.33333333333333,120.0,118.0,37.835,0.075,431.125,154.1875,58.2752723693848,134.842643737793,4254,1159,0,324,36
205,0,16.3776666666667,61.0587588789612,118.0,37.835,0.075,431.125,154.1875,58.2752723693848,134.844005584717,4254,1159,0,324,36
206,0,9.09090909090909,110.0,118.0,37.835,0.075,431.125,154.1875,58.2752723693848,134.776695251465,4132,1159,0,324,0
207,0,8.33333333333333,120.0,118.0,37.835,0.075,431.125,154.1875,58.2752723693848,134.778057098389,4132,1159,0,324,0
208,0,8.33333333333333,120.0,118.0,37.835,0.075,431.125,154.1875,58.2752723693848,134.779418945313,4132,1159,0,324,0
209,0,8.33333333333333,120.0,118.0,37.835,0.075,431.125,154.1875,58.2752723693848,134.780780792236,4132,1159,0,324,0
210,0,8.33333333333333,120.0,118.0,37.835,0.075,431.125,154.1875,58.2752723693848,134.78214263916,4132,1159,0,324,0
211,0,8.33333333333333,120.0,118.0,37.835,0.075,431.125,154.1875,58.2752723693848,133.995956420898,3800,1079,0,246,0
212,0,8.33333333333333,120.0,118.0,37.835,0.075,425.125,154.1875,58.2629508972168,133.942775726318,3800,1079,0,246,0
213,0,8.33333333333333,120.0,118.0,37.835,0.075,425.125,154.1875,58.2629508972168,133.944137573242,3800,1079,0,246,0
214,0,8.33333333333333,120.0,118.0,37.835,0.075,425.125,154.1875,58.2629508972168,133.945499420166,3800,1079,0,246,0
215,0,8.33333333333333,120.0,118.0,37.835,0.075,425.125,154.1875,58.2629508972168,133.94686126709,3800,1079,0,246,0
216,0,8.33333333333333,120.0,118.0,37.835,0.075,425.125,154.1875,58.2629508972168,133.948223114014,3800,1079,0,246,0
217,0,8.33333333333333,120.0,118.0,37.835,0.075,425.125,154.1875,58.2629508972168,133.947387695313,3798,1079,0,246,0
218,0,8.33333333333333,120.0,118.0,37.835,0.075,427.1875,154.1875,58.2683525085449,134.078983306885,3798,1079,0,246,0
219,0,8.33333333333333,120.0,118.0,37.835,0.075,427.1875,154.1875,58.2683525085449,134.080345153809,3798,1079,0,246,0
220,0,8.33333333333333,120.0,118.0,37.835,0.075,427.1875,154.1875,58.2683525085449,134.081707000732,3798,1079,0,246,0
221,0,8.33333333333333,120.0,118.0,37.835,0.075,427.1875,154.1875,58.2683525085449,134.083068847656,3798,1079,0,246,0
222,0,8.33333333333333,120.0,118.0,37.835,0.075,427.1875,154.1875,58.2683525085449,134.08443069458,3798,1079,0,246,0
223,0,8.33333333333333,120.0,118.0,37.835,0.075,427.1875,154.1875,58.2683525085449,134.085792541504,3798,1079,0,246,0
224,0,8.33333333333333,120.0,118.0,37.835,0.075,427.1875,154.1875,58.2683525085449,134.087154388428,3798,1079,0,246,0
225,0,8.33333333333333,120.0,118.0,37.835,0.075,427.1875,154.1875,58.2683525085449,134.088516235352,3798,1079,0,246,0
226,0,8.33333333333333,120.0,118.0,37.835,0.075,427.1875,154.1875,58.2683525085449,134.089878082275,3798,1079,0,246,0
227,0,8.33333333333333,120.0,118.0,37.835,0.075,427.1875,154.1875,58.2683525085449,134.091239929199,3798,1079,0,246,0
228,0,8.33333333333333,120.0,118.0,37.835,0.075,427.1875,154.1875,58.2683525085449,134.092601776123,3798,1079,0,246,0
229,0,8.33333333333333,120.0,118.0,37.835,0.075,427.1875,154.1875,58.2683525085449,134.093963623047,3798,1079,0,246,0
230,1,8.33333333333333,120.0,118.0,37.835,0.075,427.1875,154.1875,58.2683525085449,134.095325469971,3798,1079,0,246,0
231,1,8.33333333333333,120.0,118.0,37.835,0.075,427.1875,154.1875,58.2683525085449,134.096687316895,3798,1079,0,246,0
232,1,8.33333333333333,120.0,118.0,37.835,0.075,427.1875,154.1875,58.2683525085449,134.098049163818,3798,1079,0,246,0
233,1,8.33333333333333,120.0,118.0,37.835,0.075,427.1875,154.1875,58.2683525085449,134.099411010742,3798,1079,0,246,0
234,1,8.33333333333333,120.0,118.0,37.835,0.075,427.1875,154.1875,58.2683525085449,134.100772857666,3798,1079,0,246,0
235,1,8.33333333333333,120.0,118.0,37.835,0.075,427.1875,154.1875,58.2683525085449,134.10213470459,3798,1079,0,246,0
236,1,8.33333333333333,120.0,118.0,37.835,0.075,427.1875,154.1875,58.2683525085449,134.103496551514,3798,1079,0,246,0
237,1,8.33333333333333,120.0,118.0,37.835,0.075,427.1875,154.1875,58.2683525085449,134.104858398438,3798,1079,0,246,0
238,1,8.33333333333333,120.0,118.0,37.835,0.075,427.1875,154.1875,58.2683525085449,134.106220245361,3798,1079,0,246,0
239,1,8.33333333333333,120.0,118.0,37.835,0.075,427.1875,154.1875,58.2683525085449,134.107582092285,3798,1079,0,246,0
240,1,8.33333333333333,120.0,118.0,37.835,0.075,427.1875,154.1875,58.2683525085449,134.108943939209,3798,1079,0,246,0
241,1,8.33333333333333,120.0,118.0,37.835,0.075,427.1875,154.1875,58.2683525085449,134.110305786133,3798,1079,0,246,0
242,2,9.09090909090909,110.0,118.0,37.835,0.075,427.6875,154.1875,58.2707633972168,134.503805160522,3825,1084,0,251,3
243,2,9.09090909090909,110.0,118.0,37.835,0.075,427.6875,154.1875,58.2707633972168,134.514757156372,3825,1084,0,252,3
244,2,9.09090909090909,110.0,118.0,37.835,0.075,427.6875,154.1875,58.2707633972168,134.516119003296,3825,1084,0,252,3
245,2,9.09090909090909,110.0,118.0,37.835,0.075,428.1875,154.1875,58.2731742858887,134.55784034729,3840,1087,0,254,5
246,2,9.09090909090909,110.0,118.0,37.835,0.075,428.1875,154.1875,58.2731742858887,134.559202194214,3840,1087,0,254,5
247,2,8.55121212121213,116.942485559375,118.0,37.835,0.075,428.1875,154.1875,58.2731742858887,134.560564041138,3840,1087,0,254,5
248,2,8.802,113.610543058396,118.0,37.835,0.075,428.1875,154.1875,58.2731742858887,134.561925888062,3840,1087,0,254,5
249,2,9.09090909090909,110.0,118.0,37.835,0.075,428.9375,154.1875,58.2737483978271,135.22726726532,3868,1092,0,258,8
250,2,9.09090909090909,110.0,118.0,37.835,0.075,428.9375,154.1875,58.2737483978271,135.227515220642,3866,1092,0,258,7
251,2,9.09090909090909,110.0,118.0,37.835,0.075,428.9375,154.1875,58.2737483978271,135.228877067566,3866,1092,0,258,7
252,2,9.09090909090909,110.0,118.0,37.835,0.075,428.9375,154.1875,58.2737483978271,135.23023891449,3866,1092,0,258,7
253,3,9.09090909090909,110.0,118.0,37.835,0.075,429.4375,154.1875,58.276159286499,135.303904533386,3892,1097,0,257,10
254,3,9.09090909090909,110.0,118.0,37.835,0.075,429.4375,154.1875,58.276159286499,135.30526638031,3892,1097,0,257,10
255,3,9.09090909090909,110.0,118.0,37.835,0.075,429.4375,154.1875,58.276159286499,135.306002616882,3893,1097,0,257,10
256,3,9.09090909090909,110.0,118.0,37.835,0.075,429.9375,154.1875,58.2785701751709,135.339426994324,3906,1098,0,257,12
257,3,9.09090909090909,110.0,118.0,37.835,0.075,429.9375,154.1875,58.2785701751709,135.331816673279,3897,1097,0,256,9
258,3,9.09090909090909,110.0,118.0,37.835,0.075,429.9375,154.1875,58.2785701751709,135.331500053406,3894,1097,0,256,8
259,3,9.09090909090909,110.0,118.0,37.835,0.075,429.9375,154.1875,58.2785701751709,135.331648826599,3892,1097,0,256,7
260,3,9.09090909090909,110.0,118.0,37.835,0.075,430.1875,154.1875,58.2787189483643,135.370566368103,3914,1102,0,260,10
261,3,8.62509090909091,115.940806948016,118.0,37.835,0.075,430.1875,154.1875,58.2787189483643,135.370715141296,3912,1102,0,260,9
262,3,8.668,115.366866635902,118.0,37.835,0.075,430.1875,154.1875,58.2787189483643,135.354502677917,3905,1100,0,259,9
263,3,24.6006666666667,40.6493048968863,118.0,37.835,0.075,429.9375,154.1875,58.2785701751709,135.355246543884,3905,1100,0,259,9
264,4,40.714,24.5615758707079,118.0,37.835,0.075,439.75,160.3125,58.2941913604736,137.292949676514,4169,1165,0,269,42
265,4,16.6666666666667,60.0,118.0,37.835,0.075,439.75,160.3125,58.2941913604736,137.281703948975,4166,1162,0,266,42
266,4,16.6666666666667,60.0,118.0,37.835,0.075,440.0,160.5625,58.2941913604736,137.66544342041,4160,1162,0,271,37
267,4,12.0803333333333,82.7791727601336,118.0,37.835,0.075,440.0,160.5625,58.2941913604736,137.651344299316,4153,1160,0,271,37
268,5,9.0,111.111111111111,118.0,37.835,0.075,439.75,160.5625,58.2940425872803,137.620632171631,4140,1157,0,274,35
269,5,8.691,115.061557933494,118.0,37.835,0.075,439.25,160.5625,58.2916316986084,137.619079589844,4138,1157,0,274,34
270,5,16.6666666666667,60.0,109.0,40.668,0.048,446.5,164.5625,58.2971076965332,138.604198455811,4292,1199,0,300,50
271,5,13.8713333333333,72.0911231796991,109.0,40.668,0.048,446.75,164.5625,58.2973022460938,138.587383270264,4286,1196,0,302,52
272,5,8.94,111.856823266219,109.0,40.668,0.048,446.25,164.5625,58.2948913574219,138.588268280029,4285,1196,0,303,52
273,5,8.891,112.473287594196,109.0,40.668,0.048,446.25,164.5625,58.2948913574219,138.625652313232,4305,1199,0,303,54
274,5,10.411,96.0522524253194,109.0,40.668,0.048,446.625,164.5625,58.2953109741211,138.632831573486,4297,1199,0,308,49
275,5,9.275,107.816711590296,109.0,40.668,0.048,446.625,164.5625,58.2953109741211,138.61799621582,4291,1195,0,304,48
276,5,8.935,111.919418019026,109.0,40.668,0.048,446.625,164.5625,58.2953109741211,138.646671295166,4300,1197,0,304,48
277,6,9.356,106.883283454468,109.0,40.668,0.048,447.125,164.5625,58.2958526611328,138.64168548584,4295,1193,0,297,47
278,6,9.52380952380952,105.0,109.0,40.668,0.048,447.125,164.5625,58.2958526611328,138.614784240723,4292,1192,0,294,43
279,6,9.01819047619048,110.88699031587,109.0,40.668,0.048,446.875,164.5625,58.2935562133789,138.608463287354,4282,1191,0,297,42
280,6,9.021,110.852455381887,109.0,40.668,0.048,446.875,164.5625,58.2935562133789,138.565460205078,4268,1187,0,295,42
281,6,8.667,115.380177685474,109.0,40.668,0.048,446.375,164.5625,58.291145324707,138.563655853271,4266,1187,0,295,41
282,6,8.761,114.142221207625,109.0,40.668,0.048,446.375,164.5625,58.291145324707,138.565017700195,4266,1187,0,295,41
283,6,9.109,109.781534745856,109.0,40.668,0.048,446.375,164.5625,58.291145324707,138.557685852051,4262,1185,0,293,40
284,6,8.994,111.185234600845,109.0,40.668,0.048,446.375,164.5625,58.291145324707,138.567237854004,4269,1187,0,292,40
285,6,9.52380952380952,105.0,109.0,40.668,0.048,446.625,164.5625,58.2913093566895,138.914252281189,4296,1190,0,296,46
286,6,11.7361904761905,85.2065243852959,109.0,40.668,0.048,447.375,164.5625,58.2920455932617,138.945776939392,4303,1191,0,299,47
287,6,9.52380952380952,105.0,109.0,40.668,0.048,447.375,164.5625,58.2920455932617,138.921671867371,4295,1188,0,296,46
288,7,9.52380952380952,105.0,109.0,40.668,0.048,447.125,164.5625,58.2917747497559,138.899516105652,4280,1187,0,298,43
289,7,9.52380952380952,105.0,109.0,40.668,0.048,446.875,164.5625,58.29150390625,138.913222312927,4293,1188,0,303,47
290,7,9.52380952380952,105.0,109.0,40.668,0.048,446.875,164.5625,58.29150390625,138.914038658142,4289,1188,0,303,46
291,7,9.52380952380952,105.0,109.0,40.668,0.048,446.875,164.5625,58.29150390625,138.909815788269,4280,1188,0,303,42
292,7,9.52380952380952,105.0,109.0,40.668,0.048,446.875,164.5625,58.29150390625,138.882636070251,4259,1186,0,302,39
293,7,9.10514285714288,109.828040667754,109.0,40.668,0.048,446.625,164.5625,58.2913093566895,138.906775474548,4273,1186,0,299,41
294,7,9.131,109.517029898149,109.0,40.668,0.048,447.125,164.5625,58.2918510437012,138.924208641052,4277,1188,0,298,41
295,7,9.103,109.853894320554,109.0,40.668,0.048,447.125,164.5625,58.2918510437012,138.90553188324,4265,1187,0,299,39
296,7,9.191,108.802089000109,109.0,40.668,0.048,446.875,164.5625,58.2915802001953,138.881163597107,4248,1186,0,298,36
297,7,8.596,116.333178222429,109.0,40.668,0.048,446.625,164.5625,58.2913093566895,138.879263877869,4244,1186,0,298,35
298,7,8.81,113.507377979569,109.0,40.668,0.048,446.625,164.5625,58.2913093566895,138.90332698822,4260,1188,0,298,39
299,8,9.25925925925926,108.0,109.0,40.668,0.048,449.125,165.5625,58.2965202331543,139.130621910095,4362,1198,0,310,55
300,8,9.25925925925926,108.0,109.0,40.668,0.048,449.125,165.5625,58.296443939209,139.125777244568,4365,1198,0,310,55
301,8,9.25925925925926,108.0,109.0,40.668,0.048,448.875,165.5625,58.2961730957031,139.121981620789,4356,1198,0,313,49
302,8,9.25925925925926,108.0,109.0,40.668,0.048,449.875,165.5625,58.3009948730469,139.204062461853,4386,1204,0,317,53
303,8,9.25925925925926,108.0,109.0,40.668,0.048,449.875,165.5625,58.3009948730469,139.20830821991,4391,1204,0,317,55
304,8,9.29137037037035,107.626750429511,109.0,40.668,0.048,449.875,165.5625,58.3009948730469,139.185729026794,4386,1201,0,313,55
305,8,9.52380952380952,105.0,109.0,40.668,0.048,449.875,165.8125,58.300724029541,139.563673973084,4398,1202,0,313,56
306,8,9.4071904761905,106.301663874139,109.0,40.668,0.048,449.625,165.8125,58.3004531860352,139.558802604675,4386,1202,0,316,52
307,8,9.52380952380952,105.0,109.0,40.668,0.048,451.375,166.8125,58.3009452819824,139.641905784607,4426,1211,0,322,57
308,8,9.52380952380952,105.0,109.0,40.668,0.048,451.375,166.8125,58.3009452819824,139.643267631531,4426,1211,0,322,57
309,9,39.7360476190476,25.1660660765024,109.0,40.668,0.048,454.0625,166.8125,58.3028373718262,139.906443595886,4592,1234,0,322,84
310,9,16.6666666666667,60.0,109.0,40.668,0.048,454.5625,166.8125,58.3000869750977,139.922011375427,4598,1233,0,327,85
311,9,16.6666666666667,60.0,109.0,40.668,0.048,454.1875,166.8125,58.2990570068359,139.843020439148,4564,1220,0,321,82
312,9,12.8093333333333,78.0680753617154,109.0,40.668,0.048,453.5625,166.8125,58.2978324890137,139.808657646179,4536,1216,0,319,77
313,9,9.126,109.577032653956,109.0,40.668,0.048,453.3125,166.8125,58.2976379394531,139.779002189636,4505,1211,0,316,69
314,9,8.682,115.180833909237,109.0,40.668,0.048,453.3125,166.8125,58.2976379394531,139.766551017761,4478,1211,0,317,60
315,10,54.6306666666667,18.3047372660044,109.0,40.668,0.048,453.8125,166.8125,58.2981491088867,139.892943382263,4513,1216,0,312,65
316,10,20.3706666666666,49.0901950517084,109.0,40.668,0.048,455.375,166.8125,58.2996807098389,140.210880279541,4502,1204,0,314,73
317,10,2.57633333333337,388.148531504717,109.0,40.668,0.048,454.25,166.8125,58.2981586456299,140.195655822754,4473,1203,0,311,62
318,10,9.643,103.702167375298,109.0,40.668,0.048,454.25,166.8125,58.2981586456299,140.189167022705,4459,1203,0,311,56
319,10,10.586,94.4643869261289,109.0,40.668,0.048,454.25,166.8125,58.2981586456299,140.146667480469,4435,1197,0,311,58
320,11,28.4166666666667,35.1906158357771,109.0,40.668,0.048,463.875,175.1875,58.2993144989014,140.351455688477,4491,1207,0,321,65
321,11,16.6666666666667,60.0,109.0,40.668,0.048,463.875,175.1875,58.2993144989014,140.309398651123,4476,1203,0,318,67
322,11,16.6666666666667,60.0,109.0,40.668,0.048,463.625,175.1875,58.2991046905518,140.545968055725,4455,1196,0,315,67
323,11,16.0523333333333,62.2962393836826,109.0,40.668,0.048,462.625,175.1875,58.294282913208,140.541554450989,4451,1196,0,313,65
324,11,16.6666666666667,60.0,109.0,40.668,0.048,464.5625,176.875,58.2944774627686,140.453392982483,4397,1189,0,309,63
325,11,9.09733333333333,109.922321559431,109.0,40.668,0.048,463.5625,176.875,58.2896556854248,140.449597358704,4395,1189,0,307,63
326,12,8.991,111.222333444556,109.0,40.668,0.048,463.5625,176.875,58.2896556854248,140.439499855042,4376,1189,0,299,57
327,12,14.8148148148148,67.5,109.0,40.668,0.048,466.75,176.875,58.2922534942627,141.331434249878,4518,1211,0,316,76
328,12,12.5,80.0,109.0,40.668,0.048,467.0,176.875,58.2924327850342,141.295572280884,4506,1202,0,317,75
329,12,10.8661851851852,92.0286174915725,109.0,40.668,0.048,465.75,176.875,58.2916202545166,141.310171127319,4509,1203,0,317,74
330,12,9.155,109.229929000546,109.0,40.668,0.048,465.75,176.875,58.2916202545166,141.319437026978,4508,1204,0,315,72
331,12,11.1111111111111,90.0,109.0,40.668,0.048,467.5625,176.875,58.293493270874,141.771553039551,4546,1211,0,325,76
332,12,11.1111111111111,90.0,109.0,40.668,0.048,467.3125,176.875,58.2932987213135,141.746566772461,4530,1209,0,323,74
333,12,10.2597777777778,97.4679980073209,109.0,40.668,0.048,467.0625,176.875,58.2931041717529,141.685050964355,4497,1203,0,323,72
334,12,11.1111111111111,90.0,109.0,40.668,0.048,467.0625,176.875,58.2930736541748,142.004172325134,4510,1203,0,323,76
335,13,11.1111111111111,90.0,109.0,40.668,0.048,468.5625,176.875,58.2983455657959,142.235571861267,4587,1217,0,332,87
336,13,10.6060606060606,94.2857142857143,109.0,40.668,0.048,468.8125,176.875,58.2985401153564,142.256567955017,4589,1218,0,336,85
337,13,10.6060606060606,94.2857142857143,109.0,40.668,0.048,469.5625,176.875,58.2990322113037,142.379247665405,4588,1216,0,334,89
338,13,10.6060606060606,94.2857142857143,109.0,40.668,0.048,469.625,176.875,58.3028907775879,142.272676467896,4603,1222,0,338,88
339,13,10.6060606060606,94.2857142857143,109.0,40.668,0.048,469.625,176.875,58.3028907775879,142.274038314819,4603,1222,0,338,88
340,13,10.6060606060606,94.2857142857143,109.0,40.668,0.048,469.625,176.875,58.3028907775879,142.281293869019,4607,1222,0,339,88
341,13,9.56680808080805,104.528071594338,109.0,40.668,0.048,470.125,176.875,58.3032493591309,142.315240859985,4619,1224,0,344,90
342,13,10.6060606060606,94.2857142857143,109.0,40.668,0.048,470.625,176.875,58.3035469055176,142.391775131226,4668,1234,0,351,98
343,13,10.6060606060606,94.2857142857143,109.0,40.668,0.048,470.625,176.875,58.3035469055176,142.390710830688,4664,1234,0,350,96
344,14,11.1111111111111,90.0,109.0,40.668,0.048,472.75,176.875,58.3056373596191,143.239589691162,4741,1245,0,359,109
345,14,31.9277676767677,31.3206989641074,109.0,40.668,0.048,472.75,176.875,58.3056373596191,143.245681762695,4750,1245,0,360,111
346,14,20.0173333333333,49.9567041897023,109.0,40.668,0.048,473.0,176.875,58.3058319091797,143.262138366699,4754,1246,0,363,111
347,14,15.7316666666666,63.5660557262424,109.0,40.668,0.048,473.0,176.875,58.3058319091797,143.231742858887,4740,1239,0,356,107
348,14,15.8496666666667,63.0928095228079,109.0,40.668,0.048,475.125,176.875,58.3079223632813,143.281253814697,4755,1241,0,358,106
349,14,10.648,93.9143501126972,109.0,40.668,0.048,473.375,176.875,58.3061866760254,143.177059173584,4688,1235,0,354,95
350,15,12.054,82.9600132736021,109.0,40.668,0.048,472.125,176.875,58.2995948791504,143.195251464844,4694,1235,0,343,97
351,15,11.1111111111111,90.0,109.0,40.668,0.048,472.125,176.875,58.2995948791504,143.141597747803,4659,1230,0,340,89
352,15,10.8358888888889,92.2859222952534,82.0,62.894,0.054,471.625,176.875,58.2992973327637,143.098522186279,4638,1226,0,338,87
353,15,11.107,90.0333123255605,82.0,62.894,0.054,471.125,176.875,58.2989540100098,143.104537963867,4644,1227,0,338,88
354,15,11.022,90.7276356378153,82.0,62.894,0.054,471.125,176.875,58.2989540100098,143.105087280273,4642,1227,0,339,87
355,15,11.1111111111111,90.0,82.0,62.894,0.054,471.125,176.875,58.2989540100098,143.101474761963,4633,1227,0,340,82
356,15,11.6666666666667,85.7142857142857,82.0,62.894,0.054,471.125,176.875,58.2989540100098,143.081199645996,4624,1225,0,337,82
357,15,11.0022222222222,90.8907291456271,82.0,62.894,0.054,470.875,176.875,58.2987594604492,143.076950073242,4622,1224,0,332,81
358,15,10.137,98.6485153398441,82.0,62.894,0.054,470.875,176.875,58.2987594604492,143.072425842285,4614,1225,0,330,78
359,16,11.6666666666667,85.7142857142857,82.0,62.894,0.054,475.125,180.375,58.3003921508789,143.826319694519,4630,1229,0,334,76
360,16,11.7886666666666,84.8272351976478,82.0,62.894,0.054,475.5,180.375,58.3014221191406,143.890204429626,4661,1240,0,342,79
361,16,11.6666666666667,85.7142857142857,82.0,62.894,0.054,475.5,180.375,58.3014221191406,143.892817497253,4663,1240,0,344,79
362,16,11.6666666666667,85.7142857142857,82.0,62.894,0.054,475.5,180.375,58.3014221191406,143.735476493835,4638,1230,0,333,80
363,16,11.6666666666667,85.7142857142857,82.0,62.894,0.054,473.625,180.375,58.2994956970215,143.565608024597,4567,1207,0,330,67
364,16,11.1111111111111,90.0,82.0,62.894,0.054,470.375,180.375,58.2940673828125,143.549296379089,4565,1207,0,331,66
365,16,11.1111111111111,90.0,82.0,62.894,0.054,470.1875,180.375,58.2930374145508,143.579363822937,4576,1208,0,329,65
366,16,11.1111111111111,90.0,82.0,62.894,0.054,470.3125,180.375,58.293342590332,143.540595054626,4549,1201,0,326,56
367,16,11.1111111111111,90.0,82.0,62.894,0.054,470.0625,180.375,58.2932624816895,143.447943687439,4518,1192,0,321,55
368,17,11.9865555555556,83.4268022506693,82.0,62.894,0.054,475.0,185.5625,58.2890243530273,143.311178207397,4547,1192,0,311,65
369,17,11.6666666666667,85.7142857142857,82.0,62.894,0.054,473.6875,185.5625,58.2891578674316,143.165224075317,4536,1202,0,320,53
370,17,13.5689999999999,73.6973984818339,82.0,62.894,0.054,473.5,185.5625,58.2881278991699,143.16925239563,4541,1202,0,320,55
371,17,11.6666666666667,85.7142857142857,82.0,62.894,0.054,473.5,185.5625,58.2881278991699,143.160287857056,4536,1200,0,318,53
372,17,11.1111111111111,90.0,82.0,62.894,0.054,473.5,185.5625,58.2881278991699,143.169122695923,4539,1202,0,318,52
373,17,11.1111111111111,90.0,82.0,62.894,0.054,473.5,185.5625,58.2881278991699,143.159498214722,4536,1199,0,319,51
374,17,11.1111111111111,90.0,82.0,62.894,0.054,473.6875,185.5625,58.2891578674316,143.07354927063,4487,1193,0,312,47
375,17,11.1111111111111,90.0,82.0,62.894,0.054,473.0,185.5625,58.2878608703613,143.095949172974,4490,1193,0,304,51
376,18,11.1111111111111,90.0,82.0,62.894,0.054,473.5,185.5625,58.2903785705566,143.188924789429,4517,1197,0,305,54
377,18,11.1111111111111,90.0,82.0,62.894,0.054,473.5,185.5625,58.2903785705566,143.187227249146,4503,1199,0,303,47
378,18,11.1111111111111,90.0,82.0,62.894,0.054,473.5,185.5625,58.2903785705566,143.182531356812,4497,1199,0,305,43
379,18,11.1111111111111,90.0,82.0,62.894,0.054,474.4375,185.5625,58.2940139770508,143.245157241821,4520,1203,0,308,46
380,18,10.3234444444445,96.8668941244842,82.0,62.894,0.054,474.25,185.5625,58.2929840087891,143.228353500366,4502,1201,0,307,47
381,18,11.105,90.049527239982,82.0,62.894,0.054,474.25,185.5625,58.2929840087891,143.227128982544,4502,1200,0,308,47
382,18,9.335,107.123727905731,82.0,62.894,0.054,474.25,185.5625,58.2929840087891,143.237257003784,4508,1202,0,306,47
383,18,9.793,102.113754722761,82.0,62.894,0.054,474.5,185.5625,58.2931327819824,143.273565292358,4523,1207,0,312,47
384,18,9.37,106.723585912487,82.0,62.894,0.054,474.5,185.5625,58.2931327819824,143.267877578735,4512,1207,0,312,40
385,18,9.451,105.808909110147,82.0,62.894,0.054,474.6875,185.5625,58.2941627502441,143.28932762146,4531,1210,0,312,43
386,19,10.563,94.6700747893591,82.0,62.894,0.054,474.5,185.5625,58.2931327819824,143.246587753296,4513,1203,0,307,40
387,19,12.8373333333333,77.8977980889076,82.0,62.894,0.054,474.125,185.5625,58.2921028137207,143.250890731812,4524,1203,0,306,44
388,19,11.1111111111111,90.0,82.0,62.894,0.054,474.125,185.5625,58.2921028137207,143.253438949585,4525,1203,0,307,45
389,19,11.1111111111111,90.0,82.0,62.894,0.054,474.125,185.5625,58.2921028137207,143.257684707642,4530,1203,0,307,47
390,19,11.1111111111111,90.0,82.0,62.894,0.054,474.3125,185.5625,58.2931327819824,143.250967025757,4528,1201,0,305,47
391,19,11.1111111111111,90.0,82.0,62.894,0.054,474.125,185.5625,58.2921028137207,143.22979927063,4502,1199,0,303,38
392,19,11.1111111111111,90.0,82.0,62.894,0.054,474.125,185.5625,58.2921028137207,143.217149734497,4497,1196,0,299,37
393,19,10.6060606060606,94.2857142857143,82.0,62.894,0.054,474.125,185.5625,58.2921028137207,143.14834022522,4469,1191,0,298,40
394,19,10.6060606060606,94.2857142857143,82.0,62.894,0.054,473.125,185.5625,58.2914009094238,143.166723251343,4488,1194,0,298,43
395,20,10.6060606060606,94.2857142857143,82.0,62.894,0.054,473.125,185.5625,58.2914009094238,143.166872024536,4488,1188,0,297,46
396,20,10.6060606060606,94.2857142857143,82.0,62.894,0.054,472.9375,185.5625,58.2914009094238,143.139730453491,4468,1185,0,295,42
397,20,10.6060606060606,94.2857142857143,82.0,62.894,0.054,472.5,185.5625,58.2902221679688,143.127439498901,4464,1185,0,295,41
398,20,10.6060606060606,94.2857142857143,82.0,62.894,0.054,472.5,185.5625,58.2902221679688,143.12806892395,4463,1185,0,295,40
399,20,10.6060606060606,94.2857142857143,82.0,62.894,0.054,472.5,185.5625,58.2902221679688,143.113126754761,4442,1184,0,295,37
400,20,10.6060606060606,94.2857142857143,82.0,62.894,0.054,472.5,185.5625,58.2902221679688,143.114488601685,4442,1184,0,295,37
401,20,10.6060606060606,94.2857142857143,82.0,62.894,0.054,472.5,185.5625,58.2902221679688,143.035367965698,4403,1179,0,295,31
402,20,10.6060606060606,94.2857142857143,82.0,62.894,0.054,471.6875,185.5625,58.2905502319336,143.005136489868,4394,1176,0,295,31
403,20,10.6060606060606,94.2857142857143,82.0,62.894,0.054,471.25,185.5625,58.2893257141113,142.926328659058,4360,1167,0,289,30
404,21,10.0824444444445,99.1822970619994,82.0,62.894,0.054,470.5,185.5625,58.2887420654297,142.928968429565,4349,1167,0,289,27
405,21,9.056,110.424028268551,82.0,62.894,0.054,470.5,185.5625,58.2887420654297,142.930330276489,4349,1167,0,289,27
406,21,9.53,104.931794333683,82.0,62.894,0.054,470.5,185.5625,58.2887420654297,142.914785385132,4338,1165,0,287,21
407,21,8.833,113.211819313936,82.0,62.894,0.054,470.5,185.5625,58.2887420654297,142.914468765259,4335,1165,0,287,20
408,21,9.346,106.997646051787,82.0,62.894,0.054,470.6875,185.5625,58.2897720336914,142.851686477661,4308,1159,0,284,20
409,21,9.21,108.5776330076,82.0,62.894,0.054,469.75,185.5625,58.288158416748,142.816457748413,4298,1156,0,282,20
410,21,9.077,110.168557893577,82.0,62.894,0.054,469.25,185.5625,58.2857475280762,142.815866470337,4298,1156,0,282,20
411,21,9.259,108.003024084674,82.0,62.894,0.054,469.25,185.5625,58.2857475280762,142.799879074097,4274,1155,0,282,16
412,21,9.079,110.144289018614,82.0,62.894,0.054,469.25,185.5625,58.2857475280762,142.801240921021,4274,1155,0,282,16
413,21,9.25925925925926,108.0,82.0,62.894,0.054,469.25,185.5625,58.2857475280762,142.802602767944,4274,1155,0,282,16
414,21,9.25925925925926,108.0,82.0,62.894,0.054,469.4375,185.5625,58.2867774963379,142.759950637817,4260,1151,0,280,16
415,22,9.25925925925926,108.0,82.0,62.894,0.054,469.5,185.5625,58.2859420776367,142.905885696411,4308,1159,0,277,24
416,22,9.25925925925926,108.0,82.0,62.894,0.054,472.0,185.5625,58.2876052856445,143.127752304077,4434,1181,0,287,43
417,22,9.25925925925926,108.0,82.0,62.894,0.054,472.0,185.5625,58.2876052856445,143.107187271118,4422,1178,0,287,43
418,22,9.25925925925926,108.0,82.0,62.894,0.054,472.5,185.5625,58.2900161743164,143.148908615112,4437,1181,0,289,45
419,22,9.25925925925926,108.0,82.0,62.894,0.054,472.5,185.5625,58.2900161743164,143.153154373169,4442,1181,0,289,47
420,22,9.25925925925926,108.0,82.0,62.894,0.054,472.6875,185.5625,58.2910461425781,143.161317825317,4448,1182,0,289,48
421,22,9.25925925925926,108.0,82.0,62.894,0.054,474.25,185.5625,58.2917366027832,143.334115982056,4507,1191,0,299,56
422,22,9.25925925925926,108.0,82.0,62.894,0.054,474.5,185.5625,58.2918853759766,143.371454238892,4526,1196,0,303,58
423,22,9.25925925925926,108.0,82.0,62.894,0.054,475.0,185.5625,58.2922286987305,143.406713485718,4546,1200,0,309,60
424,22,9.26781481481482,107.900300122687,82.0,62.894,0.054,475.0,185.5625,58.2922286987305,143.400224685669,4544,1198,0,307,60
425,22,9.375,106.666666666667,82.0,62.894,0.054,475.0,185.5625,58.2922286987305,143.390287399292,4537,1197,0,306,59
426,23,9.52380952380952,105.0,82.0,62.894,0.054,475.9375,185.5625,58.2958641052246,143.497777938843,4579,1205,0,312,65
427,23,9.52380952380952,105.0,82.0,62.894,0.054,475.75,185.5625,58.2948341369629,143.478116989136,4580,1203,0,311,67
428,23,9.52380952380952,105.0,82.0,62.894,0.054,476.25,185.5625,58.2951316833496,143.52728843689,4603,1206,0,314,72
429,23,9.52380952380952,105.0,82.0,62.894,0.054,476.75,185.5625,58.2975425720215,143.559499740601,4614,1207,0,314,73
430,23,9.65942857142857,103.525792711784,82.0,62.894,0.054,476.75,185.5625,58.2975425720215,143.555303573608,4608,1207,0,313,70
431,23,10.396,96.1908426317815,82.0,62.894,0.054,476.75,185.5625,58.2975425720215,143.552057266235,4604,1206,0,313,69
432,23,10.539,94.8856627763545,82.0,62.894,0.054,476.9375,185.5625,58.2985725402832,143.554529190063,4598,1206,0,315,67
433,23,11.136,89.7988505747127,82.0,62.894,0.054,476.75,185.5625,58.2975425720215,143.547849655151,4592,1206,0,317,63
434,23,11.15,89.6860986547085,82.0,62.894,0.054,477.25,185.5625,58.2978858947754,143.605756759644,4618,1213,0,322,64
435,23,11.61,86.1326442721791,82.0,62.894,0.054,477.25,185.5625,58.2978858947754,143.586717605591,4620,1211,0,320,65
436,24,11.564,86.475268073331,82.0,62.894,0.054,477.0,185.5625,58.297737121582,143.576246261597,4606,1209,0,319,62
437,24,28.279,35.3619293468652,82.0,62.894,0.054,476.9375,185.5625,58.2986183166504,143.576932907104,4606,1209,0,320,61
438,24,16.6666666666667,60.0,82.0,62.894,0.054,476.75,185.5625,58.2975883483887,143.536920547485,4593,1205,0,316,62
439,24,16.6666666666667,60.0,82.0,62.894,0.054,476.25,185.5625,58.2971992492676,143.528810501099,4590,1203,0,315,62
440,24,16.6666666666667,60.0,82.0,62.894,0.054,476.4375,185.5625,58.2982292175293,143.276151657104,4519,1186,0,301,58
441,24,12.4106666666667,80.5758487322733,82.0,62.894,0.054,473.0,185.5625,58.2944030761719,143.24464225769,4495,1186,0,302,49
442,25,12.394,80.6842020332419,82.0,62.894,0.054,473.25,185.5625,58.2945976257324,143.3033618927,4508,1186,0,301,54
443,25,12.273,81.4796708221299,91.0,29.169,0.24,473.0,185.5625,58.2924575805664,143.314912796021,4518,1187,0,301,57
444,25,10.78,92.7643784786642,91.0,29.169,0.24,472.75,185.5625,58.292308807373,143.270299911499,4501,1183,0,299,55
445,25,10.577,94.5447669471495,91.0,29.169,0.24,472.4375,185.5625,58.2909278869629,143.27557182312,4507,1184,0,299,56
446,25,11.605,86.1697544161999,91.0,29.169,0.24,472.25,185.5625,58.2898979187012,143.273149490356,4505,1183,0,299,56
447,25,10.487,95.3561552398207,91.0,29.169,0.24,472.25,185.5625,58.2898979187012,143.250905990601,4492,1181,0,292,55
448,25,10.422,95.9508731529457,91.0,29.169,0.24,472.0,185.5625,58.2897033691406,143.244733810425,4484,1181,0,292,52
449,25,11.032,90.6453952139231,91.0,29.169,0.24,472.25,185.5625,58.2898979187012,143.285127639771,4502,1184,0,293,55
450,26,12.7346666666666,78.525808815831,91.0,29.169,0.24,473.0,185.5625,58.2925796508789,143.364400863647,4533,1189,0,295,59
451,26,10.6143333333334,94.2122287472911,91.0,29.169,0.24,473.1875,185.5625,58.2936096191406,143.362924575806,4529,1189,0,296,57
452,26,11.6666666666667,85.7142857142857,91.0,29.169,0.24,473.5,185.5625,58.2949905395508,143.392362594604,4538,1191,0,298,58
453,26,11.0823333333333,90.2337052967185,91.0,29.169,0.24,473.5,185.5625,58.2949905395508,143.393724441528,4538,1191,0,298,58
454,26,10.518,95.0751093363757,91.0,29.169,0.24,473.5,185.5625,58.2949905395508,143.354818344116,4523,1187,0,295,55
455,26,11.6666666666667,85.7142857142857,91.0,29.169,0.24,473.25,185.5625,58.2927284240723,143.393274307251,4551,1193,0,301,59
456,26,11.6666666666667,85.7142857142857,91.0,29.169,0.24,473.4375,185.5625,58.293758392334,143.385339736938,4543,1192,0,301,56
457,26,11.5476666666667,86.5975810409029,91.0,29.169,0.24,473.25,185.5625,58.2928047180176,143.35503578186,4540,1190,0,302,56
458,26,10.821,92.4129008409574,91.0,29.169,0.24,472.75,185.5625,58.2924156188965,143.269914627075,4499,1180,0,298,46
459,27,53.5276666666667,18.6819277258489,91.0,29.169,0.24,473.0,185.5625,58.2947463989258,143.415182113647,4562,1189,0,300,56
460,27,13.091,76.3883584141777,91.0,29.169,0.24,474.1875,185.5625,58.3005981445313,143.457349777222,4578,1190,0,303,59
461,27,19.0723333333333,52.4319695195484,91.0,29.169,0.24,474.0,185.5625,58.2995223999023,143.476938247681,4575,1194,0,302,52
462,27,11.467,87.2067672451382,91.0,29.169,0.24,474.25,185.5625,58.2996711730957,143.366285324097,4540,1185,0,295,55
463,28,12.387,80.7297973682086,91.0,29.169,0.24,472.25,185.5625,58.2982521057129,143.404054641724,4540,1186,0,295,57
464,28,11.219,89.1345039664854,91.0,29.169,0.24,472.6875,185.5625,58.2994766235352,143.363332748413,4529,1182,0,294,56
465,28,10.836,92.2849760059062,91.0,29.169,0.24,472.0,185.5625,58.2979049682617,143.35195350647,4523,1180,0,292,55
466,28,11.141,89.7585495018401,91.0,29.169,0.24,472.0,185.5625,58.2979049682617,143.34454536438,4514,1179,0,291,52
467,28,11.008,90.8430232558139,91.0,29.169,0.24,474.0,185.5625,58.2993392944336,143.48194694519,4598,1188,0,292,66
468,28,11.686,85.5724798904672,91.0,29.169,0.24,474.0,185.5625,58.2993392944336,143.454572677612,4576,1185,0,292,66
469,28,10.231,97.7421561919656,91.0,29.169,0.24,474.1875,185.5625,58.3003692626953,143.430295944214,4556,1184,0,291,57
470,28,10.602,94.3218260705527,91.0,29.169,0.24,474.0,185.5625,58.2993392944336,143.438245773315,4557,1184,0,293,57
471,28,10.755,92.9800092980009,91.0,29.169,0.24,474.0,185.5625,58.2993392944336,143.422033309937,4550,1182,0,290,57
472,28,10.942,91.3909705721075,91.0,29.169,0.24,473.75,185.5625,58.2991905212402,143.383150100708,4526,1179,0,290,51
473,29,11.1111111111111,90.0,91.0,29.169,0.24,475.625,185.5625,58.2992668151855,143.565340042114,4656,1207,0,303,69
474,29,14.4972222222222,68.9787315577697,91.0,29.169,0.24,475.625,185.5625,58.2992668151855,143.503847122192,4632,1201,0,300,67
475,29,11.6666666666667,85.7142857142857,91.0,29.169,0.24,475.0625,185.5625,58.297737121582,143.485055923462,4627,1199,0,303,68
476,29,11.6666666666667,85.7142857142857,91.0,29.169,0.24,474.625,185.5625,58.2965126037598,143.474184036255,4623,1198,0,304,69
477,29,11.6666666666667,85.7142857142857,91.0,29.169,0.24,474.375,185.5625,58.2963180541992,143.468427658081,4611,1198,0,305,65
478,29,11.6666666666667,85.7142857142857,91.0,29.169,0.24,474.375,185.5625,58.2963180541992,143.429857254028,4595,1195,0,305,63
479,29,11.6666666666667,85.7142857142857,91.0,29.169,0.24,474.125,185.5625,58.2961235046387,143.422342300415,4585,1193,0,304,60
480,29,11.6666666666667,85.7142857142857,91.0,29.169,0.24,474.3125,185.5625,58.2971534729004,143.418718338013,4582,1193,0,303,58
481,30,13.738,72.7907992429757,91.0,29.169,0.24,476.75,187.1875,58.2989234924316,143.551958084106,4617,1203,0,310,60
482,30,11.9047619047619,84.0,91.0,29.169,0.24,476.75,187.1875,58.2989234924316,143.548124313354,4613,1202,0,311,60
483,30,11.9047619047619,84.0,91.0,29.169,0.24,476.75,187.1875,58.2989234924316,143.517984390259,4603,1199,0,310,60
484,30,11.9047619047619,84.0,91.0,29.169,0.24,476.75,187.1875,58.2989234924316,143.565580368042,4624,1203,0,313,63
485,30,11.9047619047619,84.0,91.0,29.169,0.24,476.9375,187.1875,58.2999534606934,143.524530410767,4608,1198,0,313,63
486,30,11.9047619047619,84.0,91.0,29.169,0.24,476.25,187.1875,58.2965126037598,143.483568191528,4586,1195,0,312,59
487,30,11.9047619047619,84.0,91.0,29.169,0.24,476.5,187.1875,58.2946395874023,143.564794540405,4623,1204,0,320,63
488,30,11.9047619047619,84.0,91.0,29.169,0.24,476.5,187.1875,58.2946395874023,143.56919670105,4626,1204,0,318,63
489,31,11.9047619047619,84.0,91.0,29.169,0.24,477.0,187.1875,58.2970504760742,143.600786209106,4645,1206,0,326,67
490,31,11.9047619047619,84.0,91.0,29.169,0.24,476.6875,187.1875,58.2956695556641,143.574090957642,4628,1204,0,326,62
491,31,11.9047619047619,84.0,91.0,29.169,0.24,476.5,187.1875,58.2946395874023,143.575235366821,4628,1204,0,326,62
492,31,11.8857142857143,84.1346153846153,91.0,29.169,0.24,477.0,187.1875,58.2970504760742,143.622602462769,4649,1208,0,328,65
493,31,11.6666666666667,85.7142857142857,91.0,29.169,0.24,477.0,187.1875,58.2970504760742,143.61273765564,4646,1205,0,326,65
494,31,11.6666666666667,85.7142857142857,91.0,29.169,0.24,477.0,187.1875,58.2970504760742,143.578435897827,4627,1202,0,326,62
495,31,11.6666666666667,85.7142857142857,91.0,29.169,0.24,477.1875,187.1875,58.2980346679688,143.609750747681,4638,1207,0,330,59
496,31,10.5053333333333,95.189744891484,91.0,29.169,0.24,477.0,187.1875,58.297004699707,143.632326126099,4657,1211,0,330,60
497,31,10.881,91.903317709769,91.0,29.169,0.24,477.0,187.1875,58.297004699707,143.597532272339,4647,1204,0,328,60
498,32,11.6666666666667,85.7142857142857,91.0,29.169,0.24,477.625,187.1875,58.3007965087891,143.711698532104,4684,1212,0,328,65
499,32,10.7603333333333,92.9339239800502,91.0,29.169,0.24,477.625,187.1875,58.3007965087891,143.692571640015,4676,1210,0,327,66
500,32,9.192,108.790252393386,91.0,29.169,0.24,477.5625,187.1875,58.3016777038574,143.682989120483,4676,1210,0,327,66
501,32,10.219,97.8569331637146,91.0,29.169,0.24,478.375,187.1875,58.3054695129395,143.760900497437,4705,1215,0,329,70
502,32,9.649,103.637682661416,91.0,29.169,0.24,478.375,187.1875,58.3054695129395,143.749391555786,4696,1213,0,327,68
503,32,10.166,98.3671060397403,91.0,29.169,0.24,478.375,187.1875,58.3054695129395,143.738904953003,4682,1212,0,325,64
504,32,9.814,101.895251681272,91.0,29.169,0.24,478.375,187.1875,58.3054695129395,143.721918106079,4675,1212,0,328,61
505,32,9.714,102.944204241301,91.0,29.169,0.24,478.625,187.1875,58.3056182861328,143.752763748169,4701,1214,0,328,68
506,32,9.357,106.871860639094,91.0,29.169,0.24,478.8125,187.1875,58.3066482543945,143.736143112183,4676,1213,0,327,61
507,32,8.971,111.470293166871,91.0,29.169,0.24,478.625,187.1875,58.3056182861328,143.735013961792,4672,1213,0,326,60
508,33,10.6060606060606,94.2857142857143,91.0,29.169,0.24,479.1875,187.1875,58.3146324157715,143.805006027222,4676,1204,0,325,65
509,33,12.3372727272727,81.055191216565,91.0,29.169,0.24,478.875,187.1875,58.3139953613281,143.803075790405,4676,1204,0,325,65
510,33,10.6060606060606,94.2857142857143,91.0,29.169,0.24,478.875,187.1875,58.3139953613281,143.804437637329,4676,1204,0,325,65
511,33,10.6060606060606,94.2857142857143,91.0,29.169,0.24,478.875,187.1875,58.3139953613281,143.805799484253,4676,1204,0,325,65
512,33,10.4166666666667,96.0,91.0,29.169,0.24,479.0625,187.1875,58.3150253295898,143.785524368286,4657,1201,0,321,65
513,33,10.3288787878788,96.8159294475913,91.0,29.169,0.24,478.875,187.1875,58.3139953613281,143.742403030396,4635,1197,0,318,61
514,33,10.037,99.6313639533725,91.0,29.169,0.24,478.375,187.1875,58.3115844726563,143.730016708374,4623,1197,0,318,54
515,33,9.793,102.113754722761,91.0,29.169,0.24,478.375,187.1875,58.3115844726563,143.729104995728,4619,1197,0,318,53
516,33,10.191,98.1257972721028,91.0,29.169,0.24,478.375,187.1875,58.3115844726563,143.686483383179,4599,1193,0,314,52
517,34,11.3546666666666,88.0695162047913,91.0,29.169,0.24,478.125,187.1875,58.311450958252,143.694311141968,4608,1193,0,312,56
518,34,10.4166666666667,96.0,91.0,29.169,0.24,477.8125,187.1875,58.3100700378418,143.666868209839,4593,1191,0,313,55
519,34,14.761,67.7460876634372,91.0,29.169,0.24,477.375,187.1875,58.3088912963867,143.662115097046,4589,1191,0,309,51
520,34,10.6060606060606,94.2857142857143,91.0,29.169,0.24,477.375,187.1875,58.3088912963867,143.617219924927,4565,1187,0,307,49
521,34,10.6060606060606,94.2857142857143,91.0,29.169,0.24,476.875,187.1875,58.3085021972656,143.582159042358,4553,1184,0,305,48
522,34,10.6060606060606,94.2857142857143,91.0,29.169,0.24,476.375,187.1875,58.3060913085938,143.581567764282,4553,1184,0,301,48
523,34,9.67081818181815,103.403867304638,91.0,29.169,0.24,476.5625,187.1875,58.3071212768555,143.577882766724,4552,1184,0,301,47
524,34,10.6060606060606,94.2857142857143,91.0,29.169,0.24,476.375,187.1875,58.3060913085938,143.418127059937,4482,1172,0,292,43
525,34,10.6060606060606,94.2857142857143,91.0,29.169,0.24,474.125,187.1875,58.3024253845215,143.399183273315,4470,1171,0,292,41
526,35,10.6060606060606,94.2857142857143,91.0,29.169,0.24,474.625,187.1875,58.3048362731934,143.464185714722,4495,1176,0,295,44
527,35,10.6060606060606,94.2857142857143,84.0,61.814,0.236,475.125,187.1875,58.3053016662598,143.503522872925,4511,1180,0,297,47
528,35,10.6060606060606,94.2857142857143,84.0,61.814,0.236,475.875,187.1875,58.307861328125,143.562791824341,4534,1184,0,300,50
529,35,10.6060606060606,94.2857142857143,84.0,61.814,0.236,476.0625,187.1875,58.3088912963867,143.561079025269,4530,1184,0,300,49
530,35,10.6060606060606,94.2857142857143,84.0,61.814,0.236,475.875,187.1875,58.307861328125,143.488210678101,4498,1178,0,296,45
531,35,10.6060606060606,94.2857142857143,84.0,61.814,0.236,474.875,187.1875,58.3030395507813,143.483766555786,4494,1178,0,295,43
532,35,10.6060606060606,94.2857142857143,84.0,61.814,0.236,475.125,187.1875,58.3031883239746,143.51926612854,4510,1183,0,299,43
533,35,10.6060606060606,94.2857142857143,84.0,61.814,0.236,475.125,187.1875,58.3031883239746,143.41819190979,4473,1174,0,295,43
534,35,10.6060606060606,94.2857142857143,84.0,61.814,0.236,474.125,187.1875,58.2983665466309,143.4312915802,4481,1175,0,293,44
535,35,10.6060606060606,94.2857142857143,84.0,61.814,0.236,474.5625,187.1875,58.2996673583984,143.429086685181,4468,1175,0,290,40
536,36,25.3342727272728,39.4722205277076,84.0,61.814,0.236,482.0625,187.5625,58.3222694396973,144.933750152588,4815,1208,0,340,105
537,36,16.6666666666667,60.0,84.0,61.814,0.236,482.0,187.5625,58.3217811584473,143.863055229187,4752,1172,0,333,106
538,36,16.6666666666667,60.0,84.0,61.814,0.236,478.125,187.1875,57.0802001953125,143.878256797791,4750,1175,0,335,102
539,36,16.6666666666667,60.0,84.0,61.814,0.236,478.5625,187.1875,57.0814247131348,143.889636039734,4749,1174,0,336,100
540,36,31.859,31.3883047176622,84.0,61.814,0.236,479.375,187.1875,57.0811576843262,143.94491481781,4772,1180,0,342,104
541,37,20.8333333333333,48.0,84.0,61.814,0.236,479.875,187.1875,57.0904235839844,143.958785057068,4776,1172,0,340,107
542,37,20.0,50.0,84.0,61.814,0.236,481.6875,187.1875,57.092399597168,144.109999656677,4830,1172,0,352,115
543,37,15.2563333333333,65.5465489741965,84.0,61.814,0.236,479.875,187.1875,57.0869979858398,144.112128257751,4828,1171,0,350,112
544,37,10.683,93.6066647945334,84.0,61.814,0.236,480.125,187.1875,57.0872688293457,144.108271598816,4817,1170,0,350,108
545,37,10.639,93.993796409437,84.0,61.814,0.236,480.125,187.1875,57.0872688293457,144.113516807556,4823,1171,0,350,109
546,37,11.303,88.4720870565337,84.0,61.814,0.236,480.3125,187.1875,57.0882225036621,144.063498497009,4803,1166,0,348,106
547,38,11.414,87.6117049237778,84.0,61.814,0.236,479.375,187.1875,57.0845108032227,144.068030357361,4804,1166,0,348,105
548,38,11.634,85.954959601169,84.0,61.814,0.236,479.375,187.1875,57.0845108032227,144.03252696991,4787,1162,0,346,103
549,38,10.582,94.5000945000945,84.0,61.814,0.236,478.875,187.1875,57.0842132568359,143.989417076111,4773,1158,0,344,103
550,38,10.262,97.4468914441629,84.0,61.814,0.236,478.375,187.1875,57.0818023681641,143.989817619324,4771,1158,0,345,102
551,38,11.482,87.0928409684724,84.0,61.814,0.236,480.5625,187.1875,57.0842666625977,144.124510765076,4853,1167,0,344,117
552,38,11.6666666666667,85.7142857142857,84.0,61.814,0.236,480.375,187.1875,57.0832366943359,144.12390422821,4851,1167,0,344,116
553,38,10.8483333333333,92.1800583807036,84.0,61.814,0.236,480.375,187.1875,57.0832366943359,144.108550071716,4848,1166,0,341,116
554,38,10.808,92.5240562546262,84.0,61.814,0.236,480.125,187.1875,57.0829658508301,144.104239463806,4840,1166,0,341,113
555,38,11.1111111111111,90.0,84.0,61.814,0.236,480.125,187.1875,57.0829658508301,144.093611717224,4837,1166,0,344,109
556,39,11.1111111111111,90.0,84.0,61.814,0.236,483.6875,187.1875,57.0951728820801,144.261496543884,4980,1179,0,346,135
557,39,11.1111111111111,90.0,84.0,61.814,0.236,483.1875,187.1875,57.0903778076172,144.252707481384,4970,1178,0,347,133
558,39,16.126,62.01165819174,84.0,61.814,0.236,484.4375,187.1875,57.0932807922363,144.348902702332,5014,1184,0,353,143
559,39,12.104,82.6173165895572,84.0,61.814,0.236,484.4375,187.1875,57.0932807922363,143.188386917114,4957,1152,0,349,143
560,39,11.6666666666667,85.7142857142857,84.0,61.814,0.236,479.875,186.8125,55.7473754882813,143.145524978638,4931,1149,0,351,140
561,39,11.6666666666667,85.7142857142857,84.0,61.814,0.236,480.0625,186.8125,55.7483596801758,143.14768409729,4937,1151,0,353,140
562,39,11.6666666666667,85.7142857142857,84.0,61.814,0.236,479.375,186.8125,55.7449188232422,143.143182754517,4926,1151,0,353,135
563,39,11.6666666666667,85.7142857142857,84.0,61.814,0.236,479.375,186.8125,55.7449188232422,143.143934249878,4921,1151,0,355,134
564,40,11.8893333333333,84.109005270831,84.0,61.814,0.236,480.1875,186.8125,55.7541275024414,143.138399124146,4920,1139,0,356,142
565,40,11.6666666666667,85.7142857142857,84.0,61.814,0.236,479.125,186.8125,55.7508850097656,141.849488258362,4865,1109,0,356,141
566,40,11.6666666666667,85.7142857142857,84.0,61.814,0.236,475.25,186.4375,54.1474266052246,141.827904701233,4853,1107,0,356,138
567,40,11.3363333333333,88.211943897204,84.0,61.814,0.236,474.9375,186.4375,54.1430320739746,141.8204164505,4849,1106,0,355,137
568,40,11.6666666666667,85.7142857142857,84.0,61.814,0.236,474.9375,186.4375,54.1430320739746,141.821717262268,4842,1106,0,357,133
569,40,11.6666666666667,85.7142857142857,84.0,61.814,0.236,474.9375,186.4375,54.1430320739746,141.824223518372,4840,1106,0,358,132
570,40,11.6666666666667,85.7142857142857,84.0,61.814,0.236,474.9375,186.4375,54.1430320739746,141.786004066467,4826,1104,0,357,130
571,40,11.6666666666667,85.7142857142857,84.0,61.814,0.236,475.125,186.4375,54.1440620422363,141.789631843567,4821,1103,0,357,129
572,40,11.6666666666667,85.7142857142857,84.0,61.814,0.236,474.6875,186.4375,54.1428375244141,141.738831520081,4793,1098,0,355,127
573,41,11.6666666666667,85.7142857142857,84.0,61.814,0.236,474.4375,186.4375,54.1426887512207,141.801152229309,4812,1101,0,361,130
574,41,15.3023333333334,65.3495109678261,84.0,61.814,0.236,476.8125,188.0625,54.1407051086426,141.822289466858,4833,1115,0,370,135
575,41,12.1212121212121,82.5,84.0,61.814,0.236,474.8125,188.0625,54.1392707824707,141.815907478333,4833,1115,0,369,135
576,41,12.1212121212121,82.5,84.0,61.814,0.236,477.25,188.0625,54.1419296264648,141.969029426575,4920,1125,0,368,151
577,41,12.1212121212121,82.5,84.0,61.814,0.236,477.0625,188.0625,54.1408996582031,141.976590156555,4920,1127,0,369,150
578,41,11.6673636363636,85.7091654264813,84.0,61.814,0.236,477.0625,188.0625,54.1408996582031,141.963894844055,4910,1127,0,370,146
579,41,12.1212121212121,82.5,84.0,61.814,0.236,477.3125,188.0625,54.1410942077637,142.00186252594,4921,1130,0,371,146
580,41,12.1212121212121,82.5,84.0,61.814,0.236,477.9375,188.4375,54.1413650512695,141.998200416565,4917,1126,0,367,146
581,42,12.1212121212121,82.5,84.0,61.814,0.236,478.625,188.4375,54.1448059082031,142.043515205383,4936,1128,0,365,149
582,42,12.1212121212121,82.5,84.0,61.814,0.236,477.9375,188.4375,54.1413650512695,140.712173461914,4867,1098,0,361,143
583,42,12.1212121212121,82.5,84.0,61.814,0.236,474.375,188.0625,52.6365051269531,140.665981292725,4833,1094,0,358,139
584,42,12.1212121212121,82.5,84.0,61.814,0.236,473.875,188.0625,52.6340942382813,140.662239074707,4828,1094,0,356,138
585,42,12.1212121212121,82.5,84.0,61.814,0.236,473.875,188.0625,52.6340942382813,140.670459747314,4833,1095,0,357,139
586,42,12.1212121212121,82.5,84.0,61.814,0.236,474.0625,188.0625,52.635124206543,140.680187225342,4831,1095,0,357,138
587,42,12.1212121212121,82.5,84.0,61.814,0.236,474.375,188.0625,52.6345138549805,140.710391998291,4839,1100,0,362,136
588,42,12.1212121212121,82.5,84.0,61.814,0.236,474.375,188.0625,52.6345138549805,140.703002929688,4837,1099,0,361,136
589,43,12.1212121212121,82.5,84.0,61.814,0.236,474.1875,188.0625,52.6343955993652,140.722362518311,4847,1100,0,322,137
590,43,12.1212121212121,82.5,84.0,61.814,0.236,474.1875,188.0625,52.6343955993652,139.480521202087,4715,1066,0,322,121
591,43,11.9047619047619,84.0,84.0,61.814,0.236,469.6875,187.6875,51.2761878967285,139.455733299255,4695,1066,0,322,117
592,43,11.9047619047619,84.0,84.0,61.814,0.236,469.5,187.6875,51.2751579284668,139.456877708435,4695,1066,0,322,117
593,43,11.9047619047619,84.0,84.0,61.814,0.236,469.5,187.6875,51.2751579284668,139.469195365906,4708,1066,0,319,117
594,43,11.9047619047619,84.0,84.0,61.814,0.236,469.75,187.6875,51.2754287719727,139.460848808289,4689,1064,0,321,110
595,43,11.9047619047619,84.0,84.0,61.814,0.236,469.75,187.6875,51.2754287719727,139.272421836853,4645,1052,0,310,108
596,43,11.6883116883117,85.5555555555556,84.0,61.814,0.236,467.8125,187.6875,51.2743377685547,139.241484642029,4617,1053,0,301,99
597,43,11.9047619047619,84.0,84.0,61.814,0.236,467.375,187.6875,51.2731132507324,139.203429222107,4598,1048,0,299,96
598,44,54.7619047619048,18.2608695652174,84.0,61.814,0.236,468.4375,187.6875,51.2840347290039,139.311587333679,4661,1046,0,299,109
599,44,66.6666666666667,15.0,84.0,61.814,0.236,471.0625,189.5625,51.2828025817871,139.322009086609,4683,1048,0,304,113
600,45,22.0483333333334,45.3549021090029,73.0,68.738,0.052,468.8125,187.9375,51.2822494506836,139.172038078308,4621,1029,0,290,104
601,45,11.285,88.613203367302,73.0,68.738,0.052,467.125,187.9375,51.2780685424805,139.118529319763,4570,1025,0,287,96
602,45,16.6666666666667,60.0,73.0,68.738,0.052,466.9375,187.9375,51.2779502868652,139.08721446991,4538,1021,0,281,86
603,45,12.4736666666667,80.1688891264261,73.0,68.738,0.052,466.9375,187.9375,51.2779502868652,139.001326560974,4494,1014,0,276,78
604,45,10.717,93.3096948772977,73.0,68.738,0.052,466.1875,187.9375,51.276180267334,138.991709709167,4482,1014,0,274,75
605,46,11.315,88.3782589482987,73.0,68.738,0.052,466.25,187.9375,51.2753448486328,139.024207115173,4483,1017,0,275,73
606,46,10.839,92.2594335270781,73.0,68.738,0.052,466.25,187.9375,51.2753448486328,139.004858970642,4482,1015,0,276,74
607,46,10.557,94.7238798901203,73.0,68.738,0.052,466.0625,187.9375,51.2752265930176,139.003752708435,4478,1015,0,276,73
608,46,11.457,87.2828838264816,73.0,68.738,0.052,466.0625,187.9375,51.2752265930176,138.968771934509,4450,1013,0,273,71
609,46,10.198,98.0584428319278,73.0,68.738,0.052,465.4375,187.5625,51.2749557495117,138.885687828064,4426,995,0,273,70
610,46,10.551,94.7777461851957,73.0,68.738,0.052,463.1875,187.5625,51.2743492126465,138.860106468201,4407,993,0,268,66
611,46,10.266,97.4089226573154,73.0,68.738,0.052,462.75,187.5625,51.2731704711914,138.860159873962,4406,993,0,268,66
612,46,10.991,90.9835319807115,73.0,68.738,0.052,463.0,187.5625,51.273365020752,138.873972892761,4405,994,0,268,66
613,46,10.452,95.6754688097972,73.0,68.738,0.052,463.0,187.5625,51.273365020752,138.872252464294,4408,994,0,270,67
614,46,10.483,95.3925403033483,73.0,68.738,0.052,463.0,187.5625,51.273365020752,138.872889518738,4407,994,0,270,66
615,47,10.438,95.8037938302357,73.0,68.738,0.052,463.0,187.5625,51.273365020752,138.85967540741,4396,993,0,269,62
616,47,10.6060606060606,94.2857142857143,73.0,68.738,0.052,463.0,187.5625,51.2742767333984,137.897493362427,4341,963,0,268,62
617,47,10.6060606060606,94.2857142857143,73.0,68.738,0.052,458.75,187.1875,49.739185333252,137.853197097778,4321,960,0,267,61
618,47,10.6060606060606,94.2857142857143,73.0,68.738,0.052,458.5,187.1875,49.7389907836914,137.837827682495,4309,959,0,266,58
619,47,10.3918181818182,96.2295512203657,73.0,68.738,0.052,458.3125,187.1875,49.7388725280762,137.83127784729,4308,959,0,268,58
620,47,10.193,98.1065437064652,73.0,68.738,0.052,458.3125,187.1875,49.7388725280762,137.761236190796,4280,953,0,262,54
621,47,9.877,101.24531740407,73.0,68.738,0.052,457.3125,187.1875,49.7340507507324,137.748792648315,4277,952,0,261,53
622,47,10.133,98.6874568242376,73.0,68.738,0.052,457.3125,187.1875,49.7349624633789,137.745012283325,4268,952,0,261,50
623,47,9.953,100.472219431327,73.0,68.738,0.052,457.125,187.1875,49.7339324951172,137.678197860718,4248,946,0,257,50
624,48,10.4166666666667,96.0,73.0,68.738,0.052,456.125,187.1875,49.7291107177734,137.669618606567,4239,944,0,253,51
625,48,9.99933333333333,100.006667111141,73.0,68.738,0.052,456.125,187.1875,49.7291107177734,137.67050743103,4238,944,0,253,51
626,48,9.781,102.239034863511,73.0,68.738,0.052,456.125,187.1875,49.7291107177734,137.671472549438,4238,944,0,253,51
627,48,9.791,102.134613420488,73.0,68.738,0.052,456.0,187.1875,49.7257461547852,137.670713424683,4235,944,0,253,49
628,48,10.152,98.5027580772262,73.0,68.738,0.052,456.1875,187.1875,49.7267761230469,137.663312911987,4221,944,0,253,45
629,48,9.781,102.239034863511,73.0,68.738,0.052,456.0,187.1875,49.7257461547852,137.664457321167,4221,944,0,253,45
630,48,9.901,100.999899000101,73.0,68.738,0.052,456.0,187.1875,49.7257461547852,137.665819168091,4221,944,0,251,45
631,48,31.6193333333333,31.6262202449978,73.0,68.738,0.052,456.0,187.1875,49.7257461547852,137.632181167603,4217,941,0,253,47
632,49,16.6666666666667,60.0,73.0,68.738,0.052,455.75,187.1875,49.7264633178711,137.652658462524,4216,941,0,251,47
633,49,16.6666666666667,60.0,73.0,68.738,0.052,457.4375,187.1875,49.7276306152344,137.955095291138,4339,977,0,261,64
634,49,16.6666666666667,60.0,73.0,68.738,0.052,457.4375,187.1875,49.7276306152344,137.938283920288,4321,976,0,259,61
635,49,11.7996666666667,84.7481567275912,73.0,68.738,0.052,457.4375,187.1875,49.7276306152344,137.921251296997,4313,977,0,259,57
636,49,23.0923333333333,43.3044156069114,73.0,68.738,0.052,457.625,187.1875,49.7286605834961,137.9212474823,4309,977,0,258,55
637,49,16.6666666666667,60.0,73.0,68.738,0.052,457.4375,187.1875,49.7276306152344,137.884576797485,4291,972,0,254,52
638,50,16.6666666666667,60.0,73.0,68.738,0.052,457.6875,187.1875,49.7278251647949,137.965116500854,4310,979,0,256,48
639,50,16.4693333333333,60.7189119170985,73.0,68.738,0.052,457.875,187.1875,49.7288551330566,137.939981460571,4293,977,0,256,44
640,50,9.978,100.220485067148,73.0,68.738,0.052,457.4375,187.1875,49.7276306152344,137.936239242554,4292,976,0,255,44
641,50,10.025,99.7506234413965,73.0,68.738,0.052,457.4375,187.1875,49.7276306152344,137.932374954224,4283,976,0,255,40
642,50,10.655,93.8526513374003,73.0,68.738,0.052,457.4375,187.1875,49.7276306152344,137.939897537231,4289,977,0,255,41
643,50,10.433,95.8497076583917,73.0,68.738,0.052,457.9375,187.1875,49.7279739379883,137.983694076538,4306,981,0,258,43
644,50,10.203,98.0103891012447,73.0,68.738,0.052,458.375,187.1875,49.7291984558105,138.00315284729,4308,983,0,259,38
645,50,10.167,98.3574309039048,73.0,68.738,0.052,458.1875,187.1875,49.7281684875488,137.992502212524,4296,982,0,258,32
646,51,11.1111111111111,90.0,73.0,68.738,0.052,458.1875,187.1875,49.7281684875488,138.02094078064,4298,982,0,258,32
647,51,11.1111111111111,90.0,73.0,68.738,0.052,458.4375,187.4375,49.7281684875488,138.275789260864,4278,973,0,256,36
648,51,11.1111111111111,90.0,73.0,68.738,0.052,456.4375,187.4375,49.726734161377,138.266435623169,4272,973,0,257,33
649,51,10.2266666666667,97.7835723598435,73.0,68.738,0.052,456.4375,187.4375,49.726734161377,138.266584396362,4270,973,0,255,32
650,51,10.335,96.7585873246251,73.0,68.738,0.052,456.625,187.4375,49.7277641296387,138.261938095093,4265,972,0,254,31
651,51,9.648,103.648424543947,73.0,68.738,0.052,456.4375,187.4375,49.726734161377,138.259565353394,4259,972,0,254,29
652,51,9.532,104.909777591272,73.0,68.738,0.052,456.4375,187.4375,49.726734161377,138.263746261597,4259,973,0,254,27
653,51,10.002,99.9800039992002,73.0,68.738,0.052,456.4375,187.4375,49.726734161377,138.264951705933,4258,973,0,255,26
654,51,10.112,98.8924050632912,73.0,68.738,0.052,456.4375,187.4375,49.726734161377,138.264368057251,4255,973,0,253,24
655,51,9.746,102.606197414324,73.0,68.738,0.052,456.4375,187.4375,49.726734161377,138.281538009644,4268,976,0,253,24
656,52,10.4166666666667,96.0,73.0,68.738,0.052,456.625,187.4375,49.7277641296387,138.267408370972,4265,967,0,249,29
657,52,10.4166666666667,96.0,73.0,68.738,0.052,455.8125,187.4375,49.7255554199219,138.263349533081,4264,967,0,247,28
658,52,10.4166666666667,96.0,73.0,68.738,0.052,455.8125,187.4375,49.7255554199219,138.263032913208,4261,967,0,247,27
659,52,10.0,100.0,73.0,68.738,0.052,455.8125,187.4375,49.7255554199219,138.264394760132,4261,967,0,247,27
660,52,9.938,100.623867981485,73.0,68.738,0.052,455.8125,187.4375,49.7255554199219,138.265756607056,4261,967,0,245,27
661,52,9.981,100.190361687206,73.0,68.738,0.052,455.8125,187.4375,49.7255554199219,138.251161575317,4260,966,0,244,28
662,52,10.0,100.0,73.0,68.738,0.052,456.0,187.4375,49.7265853881836,138.16749382019,4223,960,0,245,27
663,52,10.0,100.0,73.0,68.738,0.052,454.5625,187.4375,49.7247047424316,137.950574874878,4171,944,0,230,41
664,52,10.0,100.0,73.0,68.738,0.052,450.9375,187.4375,49.7142486572266,137.926942825317,4159,944,0,230,38
665,52,10.0,100.0,73.0,68.738,0.052,450.9375,187.4375,49.7142486572266,137.92767906189,4160,944,0,230,38
666,53,10.0,100.0,73.0,68.738,0.052,451.4375,187.4375,49.7166595458984,138.004774093628,4188,949,0,233,42
667,53,10.0,100.0,73.0,68.738,0.052,451.4375,187.4375,49.7166595458984,138.008668899536,4199,949,0,233,45
668,53,10.0,100.0,73.0,68.738,0.052,451.625,187.4375,49.7176895141602,138.010248184204,4199,949,0,233,45
669,53,10.1986666666667,98.0520329454831,73.0,68.738,0.052,451.9375,187.4375,49.7190704345703,138.051027297974,4213,952,0,235,46
670,53,10.4166666666667,96.0,73.0,68.738,0.052,451.9375,187.4375,49.7190704345703,138.036661148071,4201,951,0,237,47
671,53,10.4166666666667,96.0,73.0,68.738,0.052,451.9375,187.4375,49.7190704345703,138.038022994995,4201,951,0,237,47
672,53,10.4166666666667,96.0,73.0,68.738,0.052,451.9375,187.4375,49.7190704345703,138.028470993042,4198,951,0,239,44
673,53,10.4166666666667,96.0,73.0,68.738,0.052,452.1875,187.4375,49.7192192077637,138.042974472046,4206,954,0,242,45
674,53,10.4166666666667,96.0,73.0,68.738,0.052,452.125,187.4375,49.7200546264648,138.042406082153,4204,954,0,242,44
675,53,10.4166666666667,96.0,73.0,68.738,0.052,451.9375,187.4375,49.7190246582031,138.038763046265,4210,954,0,244,45
676,54,10.4166666666667,96.0,73.0,68.738,0.052,451.9375,187.4375,49.7190246582031,137.950185775757,4178,945,0,236,49
677,54,10.4166666666667,96.0,73.0,68.738,0.052,449.9375,187.4375,49.7175903320313,137.940576553345,4177,945,0,236,47
678,54,10.9413333333333,91.3965391177187,73.0,68.738,0.052,449.9375,187.4375,49.7175903320313,137.911336898804,4163,941,0,235,47
679,54,11.169,89.5335303071,73.0,68.738,0.052,449.6875,187.4375,49.7173957824707,137.908720016479,4166,941,0,237,48
680,54,11.159,89.613764674254,73.0,68.738,0.052,449.875,187.4375,49.7184257507324,137.900026321411,4161,939,0,235,46
681,54,10.959,91.2492015694862,73.0,68.738,0.052,449.6875,187.4375,49.7173957824707,137.870698928833,4143,936,0,233,43
682,54,37.327,26.7902590618051,73.0,68.738,0.052,449.4375,187.4375,49.7172012329102,137.839769363403,4126,933,0,232,40
683,55,16.6666666666667,60.0,83.0,48.243,0.034,449.375,187.4375,49.7180366516113,137.805391311646,4116,930,0,235,40
684,55,16.6666666666667,60.0,83.0,48.243,0.034,449.4375,187.4375,49.7173233032227,137.857946395874,4141,936,0,237,43
685,55,14.6253333333333,68.3745099826785,83.0,48.243,0.034,449.4375,187.4375,49.7173233032227,137.840173721313,4111,936,0,237,25
686,55,11.033,90.637179370978,83.0,48.243,0.034,449.4375,187.4375,49.7173233032227,137.709699630737,4057,924,0,231,25
687,55,10.069,99.3147283742179,83.0,48.243,0.034,448.125,187.4375,49.7171859741211,137.699430465698,4054,924,0,233,23
688,55,9.547,104.744946056353,83.0,48.243,0.034,447.9375,187.4375,49.7161560058594,137.700574874878,4054,924,0,233,23
689,55,9.655,103.573278094252,83.0,48.243,0.034,447.9375,187.4375,49.7161560058594,137.645998001099,4022,912,0,231,22
690,55,9.496,105.30749789385,83.0,48.243,0.034,447.9375,187.4375,49.7161560058594,137.660707473755,4026,913,0,231,22
691,56,12.48,80.1282051282051,83.0,48.243,0.034,449.4375,187.4375,49.7214431762695,137.819375991821,4089,925,0,237,30
692,56,10.026,99.7406742469579,83.0,48.243,0.034,449.4375,187.4375,49.7214431762695,137.807149887085,4092,925,0,239,31
693,56,9.599,104.17751849151,83.0,48.243,0.034,449.625,187.4375,49.7224731445313,137.808729171753,4092,925,0,239,31
694,56,10.332,96.7866821525358,83.0,48.243,0.034,450.4375,187.4375,49.7262649536133,137.856977462769,4112,928,0,241,35
695,56,9.976,100.240577385726,83.0,48.243,0.034,449.9375,187.4375,49.7238540649414,137.855653762817,4111,928,0,241,34
696,56,10.125,98.7654320987654,83.0,48.243,0.034,449.9375,187.4375,49.7238540649414,137.8548412323,4107,928,0,241,32
697,56,9.985,100.150225338007,83.0,48.243,0.034,450.1875,187.4375,49.724048614502,137.877298355103,4116,929,0,242,34
698,56,10.375,96.3855421686747,83.0,48.243,0.034,450.4375,187.4375,49.7241973876953,137.882596969604,4130,931,0,246,37
699,56,10.6060606060606,94.2857142857143,83.0,48.243,0.034,450.625,187.4375,49.7232818603516,137.907720565796,4135,933,0,248,37
700,57,10.0,100.0,83.0,48.243,0.034,450.4375,187.4375,49.7222518920898,137.908742904663,4135,933,0,248,37
701,57,10.0,100.0,83.0,48.243,0.034,450.4375,187.4375,49.7222518920898,137.889612197876,4134,932,0,249,37
702,57,10.0,100.0,83.0,48.243,0.034,450.1875,187.4375,49.721981048584,137.885164260864,4130,932,0,249,35
703,57,10.0,100.0,83.0,48.243,0.034,450.1875,187.4375,49.721981048584,137.886526107788,4130,932,0,249,35
704,57,10.0,100.0,83.0,48.243,0.034,450.1875,187.4375,49.721981048584,137.886362075806,4127,932,0,249,34
705,57,9.97093939393939,100.291453040806,83.0,48.243,0.034,450.375,187.4375,49.7230110168457,137.879644393921,4125,930,0,247,34
706,57,10.0,100.0,83.0,48.243,0.034,450.1875,187.4375,49.721981048584,137.887384414673,4124,930,0,239,32
707,57,10.0,100.0,83.0,48.243,0.034,450.4375,187.4375,49.7222518920898,137.875688552856,4101,929,0,240,26
708,57,10.0,100.0,83.0,48.243,0.034,450.4375,187.4375,49.7222518920898,137.873830795288,4104,929,0,242,26
709,57,9.808,101.957585644372,83.0,48.243,0.034,450.4375,187.4375,49.7222518920898,137.856531143188,4098,928,0,241,24
710,58,10.0,100.0,83.0,48.243,0.034,450.4375,187.4375,49.7221755981445,137.918569564819,4125,933,0,242,29
711,58,10.0,100.0,83.0,48.243,0.034,450.875,187.4375,49.7234001159668,137.889074325562,4114,929,0,241,29
712,58,10.0,100.0,83.0,48.243,0.034,450.1875,187.4375,49.7219505310059,137.90777015686,4119,929,0,241,31
713,58,10.0,100.0,83.0,48.243,0.034,450.1875,187.4375,49.7219505310059,137.909132003784,4119,929,0,241,31
714,58,10.0,100.0,83.0,48.243,0.034,450.1875,187.4375,49.7219505310059,137.910493850708,4119,929,0,241,31
715,58,10.0,100.0,83.0,48.243,0.034,450.1875,187.4375,49.7219505310059,137.911855697632,4119,929,0,241,31
716,58,10.0,100.0,83.0,48.243,0.034,450.1875,187.4375,49.7219505310059,137.913217544556,4119,929,0,237,31
717,58,10.0,100.0,83.0,48.243,0.034,450.375,187.4375,49.7229804992676,137.894723892212,4110,928,0,236,29
718,58,10.0,100.0,83.0,48.243,0.034,450.1875,187.4375,49.7218742370605,137.912996292114,4119,930,0,239,31
719,58,10.0,100.0,83.0,48.243,0.034,450.1875,187.4375,49.7218742370605,137.915319442749,4120,930,0,237,31
720,59,10.0,100.0,83.0,48.243,0.034,450.1875,187.4375,49.7218742370605,137.922624588013,4118,930,0,229,29
721,59,10.0,100.0,83.0,48.243,0.034,450.1875,187.4375,49.7218742370605,137.915349960327,4103,930,0,229,25
722,59,10.0,100.0,83.0,48.243,0.034,450.1875,187.4375,49.7218742370605,137.916086196899,4104,930,0,229,25
723,59,10.0,100.0,83.0,48.243,0.034,450.375,187.4375,49.7229042053223,137.917665481567,4104,930,0,227,25
724,59,10.0,100.0,83.0,48.243,0.034,452.1875,187.4375,49.7233085632324,137.990392684937,4169,933,0,224,40
725,59,10.0,100.0,83.0,48.243,0.034,451.1875,187.4375,49.7184867858887,137.98582649231,4166,933,0,224,39
726,59,10.0,100.0,83.0,48.243,0.034,451.1875,187.4375,49.7184867858887,137.985265731812,4162,933,0,224,37
727,59,10.0,100.0,83.0,48.243,0.034,451.1875,187.4375,49.7184867858887,137.955595016479,4145,930,0,219,35
728,59,16.7333333333333,59.7609561752988,83.0,48.243,0.034,450.9375,187.4375,49.7182922363281,137.855726242065,4114,922,0,217,33
729,59,11.1111111111111,90.0,83.0,48.243,0.034,450.125,187.4375,49.7145004272461,137.831064224243,4096,920,0,218,31
730,60,11.1111111111111,90.0,83.0,48.243,0.034,449.6875,187.4375,49.7132759094238,137.832120895386,4098,920,0,218,31
731,60,11.1111111111111,90.0,83.0,48.243,0.034,451.5625,187.4375,49.7154731750488,138.090593338013,4227,954,0,231,53
732,60,11.1111111111111,90.0,83.0,48.243,0.034,451.3125,187.4375,49.7152786254883,138.089044570923,4224,954,0,231,51
733,60,11.1111111111111,90.0,83.0,48.243,0.034,451.3125,187.4375,49.7152786254883,138.073377609253,4215,952,0,232,51
734,60,11.1111111111111,90.0,83.0,48.243,0.034,451.25,187.4375,49.7161140441895,138.074022293091,4215,952,0,230,51
735,60,11.1111111111111,90.0,83.0,48.243,0.034,451.0625,187.4375,49.7150840759277,138.080659866333,4219,953,0,228,51
736,60,11.1111111111111,90.0,83.0,48.243,0.034,451.0625,187.4375,49.7150840759277,138.069425582886,4213,952,0,231,52
737,60,11.1111111111111,90.0,83.0,48.243,0.034,451.0625,187.4375,49.7150840759277,138.056589126587,4207,949,0,228,50
738,60,11.1111111111111,90.0,83.0,48.243,0.034,451.0625,187.4375,49.7150840759277,138.035161972046,4188,947,0,229,46
739,61,12.2008888888889,81.9612414396036,83.0,48.243,0.034,454.75,190.6875,49.71630859375,138.153841018677,4233,954,0,230,54
740,61,11.6666666666667,85.7142857142857,83.0,48.243,0.034,454.5625,190.6875,49.7152786254883,138.146574020386,4226,953,0,231,53
741,61,14.0209999999999,71.3215890450043,83.0,48.243,0.034,454.5625,190.6875,49.7152786254883,138.14793586731,4226,953,0,231,53
742,61,11.6666666666667,85.7142857142857,83.0,48.243,0.034,454.5625,190.6875,49.7152786254883,138.149297714233,4226,953,0,231,53
743,61,11.1111111111111,90.0,83.0,48.243,0.034,454.5625,190.6875,49.7152786254883,138.155073165894,4231,953,0,231,54
744,61,11.1111111111111,90.0,83.0,48.243,0.034,454.75,190.6875,49.71630859375,138.152978897095,4224,953,0,230,51
745,61,11.1111111111111,90.0,83.0,48.243,0.034,454.5625,190.6875,49.7152786254883,138.1321849823,4215,951,0,229,51
746,61,11.1111111111111,90.0,83.0,48.243,0.034,454.5625,190.6875,49.7152786254883,138.149950027466,4216,953,0,230,46
747,62,11.1111111111111,90.0,83.0,48.243,0.034,455.375,190.6875,49.7158508300781,138.249490737915,4271,963,0,230,52
748,62,11.1111111111111,90.0,83.0,48.243,0.034,455.375,190.6875,49.7158508300781,138.249551773071,4265,964,0,230,47
749,62,11.1111111111111,90.0,83.0,48.243,0.034,455.5625,190.6875,49.7168807983398,138.247404098511,4264,964,0,231,45
750,62,11.1111111111111,90.0,83.0,48.243,0.034,455.375,190.6875,49.7158508300781,138.226671218872,4255,962,0,230,45
751,62,11.1111111111111,90.0,83.0,48.243,0.034,455.125,190.6875,49.7156562805176,138.223146438599,4254,961,0,229,45
752,62,11.1111111111111,90.0,83.0,48.243,0.034,455.375,190.6875,49.7158508300781,138.240503311157,4257,962,0,230,46
753,62,10.6682222222223,93.7363301185236,83.0,48.243,0.034,455.375,190.6875,49.7158508300781,138.248888015747,4257,963,0,233,44
754,62,10.103,98.9805008413343,83.0,48.243,0.034,455.8125,190.6875,49.7170753479004,138.276273727417,4266,965,0,236,45
755,62,9.678,103.327133705311,83.0,48.243,0.034,455.625,190.6875,49.7160453796387,138.295629501343,4283,968,0,236,47
756,62,10.406,96.0984047664809,83.0,48.243,0.034,455.625,190.6875,49.7160453796387,138.255140304565,4273,961,0,233,47
757,63,10.6060606060606,94.2857142857143,83.0,48.243,0.034,455.6875,190.6875,49.7221450805664,138.238302230835,4266,950,0,230,48
758,63,10.6060606060606,94.2857142857143,83.0,48.243,0.034,455.375,190.6875,49.7183799743652,138.24374961853,4285,950,0,232,53
759,63,10.6060606060606,94.2857142857143,83.0,48.243,0.034,455.375,190.6875,49.7183799743652,138.247995376587,4290,950,0,232,55
760,63,10.6060606060606,94.2857142857143,83.0,48.243,0.034,455.5625,190.6875,49.719409942627,138.249574661255,4290,950,0,232,55
761,63,10.6094242424242,94.2558217251107,83.0,48.243,0.034,455.375,190.6875,49.7183799743652,138.250719070435,4290,950,0,232,55
762,63,10.6060606060606,94.2857142857143,83.0,48.243,0.034,455.375,190.6875,49.7183799743652,138.243753433228,4282,949,0,232,51
763,63,10.6060606060606,94.2857142857143,83.0,48.243,0.034,455.375,190.6875,49.7183799743652,138.246000289917,4302,946,0,227,60
764,63,10.4166666666667,96.0,83.0,48.243,0.034,455.375,190.6875,49.7183799743652,138.237257003784,4293,946,0,229,58
765,63,10.4166666666667,96.0,83.0,48.243,0.034,455.375,190.6875,49.7183799743652,138.238618850708,4293,946,0,229,58
766,64,10.4166666666667,96.0,83.0,48.243,0.034,455.8125,190.6875,49.7261390686035,138.251077651978,4307,936,0,230,65
767,64,10.4166666666667,96.0,83.0,48.243,0.034,455.5,190.6875,49.7217445373535,138.245927810669,4313,936,0,234,67
768,64,10.4166666666667,96.0,83.0,48.243,0.034,455.5,190.6875,49.7217445373535,138.24603843689,4315,936,0,234,67
769,64,10.4166666666667,96.0,83.0,48.243,0.034,455.5,190.6875,49.7217445373535,138.234285354614,4299,935,0,234,67
770,64,10.4166666666667,96.0,83.0,48.243,0.034,455.5,190.6875,49.7217445373535,138.235647201538,4299,935,0,234,67
771,64,10.4166666666667,96.0,83.0,48.243,0.034,455.5,190.6875,49.7217445373535,138.237009048462,4299,935,0,234,67
772,64,10.4166666666667,96.0,83.0,48.243,0.034,455.6875,190.6875,49.7227745056152,138.228044509888,4299,935,0,234,67
773,64,10.4166666666667,96.0,83.0,48.243,0.034,455.5,190.6875,49.7217445373535,138.238260269165,4305,935,0,236,68
774,64,25.7868787878789,38.7794121276147,83.0,48.243,0.034,455.5,190.6875,49.7217445373535,138.216909408569,4294,933,0,233,67
775,65,16.6666666666667,60.0,92.0,37.277,0.031,457.0,190.6875,49.7351570129395,138.313817977905,4331,939,0,240,76
776,65,16.6666666666667,60.0,92.0,37.277,0.031,457.1875,190.6875,49.7336578369141,138.362363815308,4353,947,0,248,77
777,65,16.6666666666667,60.0,92.0,37.277,0.031,457.0,190.6875,49.7326278686523,138.342069625854,4344,945,0,247,77
778,65,14.8706666666667,67.2464807675065,92.0,37.277,0.031,456.75,190.6875,49.7324333190918,138.347543716431,4347,946,0,245,76
779,65,11.174,89.4934669769107,92.0,37.277,0.031,456.75,190.6875,49.7324333190918,138.316160202026,4335,944,0,249,74
780,65,10.913,91.6338312104829,92.0,37.277,0.031,456.6875,190.6875,49.733268737793,138.316072463989,4334,944,0,249,73
781,66,12.358,80.9192425958893,92.0,37.277,0.031,457.0,190.6875,49.7346496582031,138.383825302124,4358,947,0,249,76
782,66,11.139,89.7746655893707,92.0,37.277,0.031,457.0,190.6875,49.7346496582031,138.381673812866,4360,947,0,248,75
783,66,11.113,89.9847026005579,92.0,37.277,0.031,457.0,190.6875,49.7346496582031,138.360792160034,4332,946,0,249,60
784,66,11.285,88.6132033673017,92.0,37.277,0.031,457.5,190.6875,49.737060546875,138.11923122406,4296,915,0,247,60
785,66,10.795,92.6354793886058,92.0,37.277,0.031,453.375,190.6875,46.5092239379883,137.943816184998,4204,901,0,240,49
786,66,11.267,88.7547705689181,92.0,37.277,0.031,451.4375,190.6875,46.5068321228027,137.936343193054,4208,901,0,242,50
787,66,10.501,95.229025807066,92.0,37.277,0.031,451.4375,190.6875,46.5068321228027,137.938700675964,4211,901,0,240,50
788,66,10.777,92.7902013547369,92.0,37.277,0.031,451.6875,190.6875,46.5069808959961,137.918791770935,4199,894,0,244,53
789,66,10.512,95.1293759512938,92.0,37.277,0.031,451.6875,190.6875,46.5069808959961,137.910655021667,4182,894,0,242,47
790,67,11.1111111111111,90.0,92.0,37.277,0.031,451.6875,190.6875,46.5069808959961,137.909216880798,4177,894,0,244,46
791,67,11.1111111111111,90.0,92.0,37.277,0.031,452.125,190.6875,46.5080909729004,137.949748039246,4195,902,0,251,47
792,67,11.1111111111111,90.0,92.0,37.277,0.031,451.9375,190.6875,46.5070610046387,136.509389877319,4154,872,0,255,51
793,67,10.6060606060606,94.2857142857143,92.0,37.277,0.031,447.5,190.3125,45.164421081543,136.493333816528,4147,872,0,256,49
794,67,10.6060606060606,94.2857142857143,92.0,37.277,0.031,447.5,190.3125,45.164421081543,136.484243392944,4132,872,0,256,44
795,67,10.6060606060606,94.2857142857143,92.0,37.277,0.031,447.5,190.3125,45.164421081543,136.484785079956,4136,871,0,254,45
796,67,10.6060606060606,94.2857142857143,92.0,37.277,0.031,447.75,190.3125,45.1645851135254,136.493635177612,4137,870,0,253,46
797,67,10.6060606060606,94.2857142857143,92.0,37.277,0.031,447.9375,190.3125,45.1656150817871,136.494031906128,4131,871,0,253,44
798,67,9.09936363636356,109.897795050604,92.0,37.277,0.031,447.75,190.3125,45.1645851135254,136.487901687622,4129,869,0,252,44
799,67,10.6060606060606,94.2857142857143,92.0,37.277,0.031,447.75,190.3125,45.1645851135254,136.477529525757,4117,868,0,251,40
800,68,10.6060606060606,94.2857142857143,92.0,37.277,0.031,447.75,190.3125,45.1645851135254,136.502546310425,4139,872,0,252,43
801,68,10.6060606060606,94.2857142857143,92.0,37.277,0.031,447.75,190.3125,45.1645851135254,136.450426101685,4120,864,0,248,41
802,68,10.6060606060606,94.2857142857143,92.0,37.277,0.031,447.0,190.3125,45.160041809082,136.434862136841,4116,863,0,247,40
803,68,10.6060606060606,94.2857142857143,92.0,37.277,0.031,447.1875,190.3125,45.1610717773438,136.412149429321,4103,861,0,245,39
804,68,10.6060606060606,94.2857142857143,92.0,37.277,0.031,448.75,190.3125,45.1612815856934,136.545789718628,4186,870,0,243,54
805,68,10.6060606060606,94.2857142857143,92.0,37.277,0.031,448.75,190.3125,45.1612815856934,136.54115486145,4178,870,0,242,52
806,68,10.6060606060606,94.2857142857143,92.0,37.277,0.031,448.75,190.3125,45.1612815856934,136.540819168091,4174,870,0,243,51
807,68,10.6060606060606,94.2857142857143,92.0,37.277,0.031,448.75,190.3125,45.1612815856934,136.538228988647,4173,869,0,240,51
808,68,10.6060606060606,94.2857142857143,92.0,37.277,0.031,448.75,190.3125,45.1612815856934,136.535638809204,4166,869,0,240,49
809,69,10.6060606060606,94.2857142857143,92.0,37.277,0.031,449.4375,190.3125,45.1692352294922,136.545042037964,4180,859,0,237,54
810,69,10.6060606060606,94.2857142857143,92.0,37.277,0.031,449.125,190.3125,45.1648406982422,136.541360855103,4173,859,0,232,52
811,69,10.6060606060606,94.2857142857143,92.0,37.277,0.031,449.125,190.3125,45.1648406982422,136.534044265747,4158,859,0,233,44
812,69,10.6060606060606,94.2857142857143,92.0,37.277,0.031,449.125,190.3125,45.1648406982422,136.535406112671,4158,859,0,233,44
813,69,10.6060606060606,94.2857142857143,92.0,37.277,0.031,449.125,190.3125,45.1648406982422,136.530954360962,4153,859,0,231,43
814,69,10.6060606060606,94.2857142857143,92.0,37.277,0.031,449.125,190.3125,45.1648406982422,136.502973556519,4143,856,0,231,43
815,69,10.6060606060606,94.2857142857143,92.0,37.277,0.031,448.8125,190.3125,45.163459777832,136.501356124878,4150,856,0,230,44
816,69,10.6060606060606,94.2857142857143,92.0,37.277,0.031,448.875,190.3125,45.1626243591309,136.511098861694,4140,857,0,232,45
817,69,10.6060606060606,94.2857142857143,92.0,37.277,0.031,448.875,190.3125,45.1626243591309,136.486101150513,4142,856,0,230,47
818,69,16.4541818181819,60.7748237530107,92.0,37.277,0.031,448.375,190.3125,45.160213470459,136.455362319946,4134,850,0,228,47
819,70,13.406,74.5934656124124,92.0,37.277,0.031,448.25,190.3125,45.1569633483887,136.506307601929,4151,852,0,230,49
820,70,11.537,86.6776458351391,92.0,37.277,0.031,448.4375,190.3125,45.1579933166504,136.504400253296,4145,852,0,230,47
821,70,12.209,81.9067900728971,92.0,37.277,0.031,448.25,190.3125,45.1569633483887,136.505544662476,4145,852,0,230,47
822,70,12.1212121212121,82.5,92.0,37.277,0.031,448.25,190.3125,45.1569633483887,136.506906509399,4145,852,0,230,47
823,70,12.1212121212121,82.5,92.0,37.277,0.031,448.25,190.3125,45.1569633483887,136.510473251343,4145,852,0,227,47
824,70,12.1212121212121,82.5,92.0,37.277,0.031,448.25,190.3125,45.1569633483887,136.503675460815,4138,851,0,226,43
825,70,12.1212121212121,82.5,92.0,37.277,0.031,448.6875,190.3125,45.1581878662109,136.510732650757,4135,850,0,224,42
826,71,27.5621515151515,36.2816378630775,92.0,37.277,0.031,453.4375,194.5,45.1578636169434,136.574945449829,4140,855,0,229,42
827,71,15.202,65.7808183133798,92.0,37.277,0.031,455.75,194.5,45.1606349945068,137.201716423035,4285,888,0,244,65
828,71,13.3333333333333,75.0,92.0,37.277,0.031,455.75,194.5,45.1606349945068,137.201239585876,4282,888,0,244,63
829,71,14.2857142857143,70.0,92.0,37.277,0.031,455.9375,194.5,45.1616649627686,137.200598716736,4280,888,0,243,63
830,71,9.3439523809523,107.021093347876,92.0,37.277,0.031,455.75,194.5,45.1606349945068,137.187201499939,4276,886,0,242,67
831,71,14.1773333333334,70.5351264929931,92.0,37.277,0.031,455.75,194.5,45.1606349945068,137.172743797302,4254,885,0,242,60
832,71,13.8888888888889,72.0,92.0,37.277,0.031,455.75,194.5,45.1606349945068,137.171214103699,4249,885,0,242,58
833,72,13.8888888888889,72.0,92.0,37.277,0.031,456.25,194.5,45.1610851287842,137.126128196716,4233,880,0,235,64
834,72,13.8888888888889,72.0,92.0,37.277,0.031,454.4375,194.5,45.160680770874,135.910989761353,4189,850,0,225,67
835,72,12.1226666666667,82.4901011878575,92.0,37.277,0.031,449.9375,194.125,43.7366046905518,135.891038894653,4175,850,0,226,63
836,72,10.203,98.0103891012447,92.0,37.277,0.031,449.9375,194.125,43.7366046905518,135.888219833374,4173,850,0,226,63
837,72,10.378,96.3576797070726,92.0,37.277,0.031,449.9375,194.125,43.7366046905518,135.885629653931,4172,849,0,225,63
838,72,10.513,95.1203272139256,92.0,37.277,0.031,450.1875,194.125,43.7367992401123,135.899919509888,4170,850,0,226,61
839,72,10.774,92.8160386114721,92.0,37.277,0.031,450.625,194.125,43.7380237579346,135.928197860718,4190,853,0,229,63
840,72,10.212,97.9240109674892,92.0,37.277,0.031,450.4375,194.125,43.7369937896729,135.924333572388,4181,853,0,230,58
841,73,11.1111111111111,90.0,92.0,37.277,0.031,450.6875,194.125,43.7437229156494,135.90248298645,4173,841,0,228,61
842,73,11.1111111111111,90.0,92.0,37.277,0.031,450.3125,194.125,43.7401638031006,135.892435073853,4172,840,0,229,59
843,73,11.1111111111111,90.0,92.0,37.277,0.031,450.3125,194.125,43.7401638031006,135.869150161743,4169,838,0,230,59
844,73,11.1111111111111,90.0,92.0,37.277,0.031,449.9375,194.125,43.7366046905518,135.875524520874,4175,839,0,230,60
845,73,11.1111111111111,90.0,92.0,37.277,0.031,450.125,194.125,43.7376346588135,135.877679824829,4175,839,0,231,60
846,73,10.8844444444444,91.8742343813801,92.0,37.277,0.031,449.9375,194.125,43.7366046905518,135.878824234009,4175,839,0,231,60
847,73,10.6060606060606,94.2857142857143,92.0,37.277,0.031,449.9375,194.125,43.7366046905518,135.872961044312,4168,838,0,228,57
848,73,10.3569393939394,96.5536209070774,92.0,37.277,0.031,449.9375,194.125,43.7366046905518,135.868127822876,4158,838,0,228,52
849,73,9.21699999999992,108.495171964849,92.0,37.277,0.031,449.9375,194.125,43.7366046905518,135.871362686157,4157,839,0,228,50
850,73,10.6060606060606,94.2857142857143,92.0,37.277,0.031,449.9375,194.125,43.7366046905518,135.851362228394,4148,837,0,226,50
851,74,10.6060606060606,94.2857142857143,92.0,37.277,0.031,449.875,194.125,43.7374401092529,135.843545913696,4143,836,0,222,48
852,74,10.6060606060606,94.2857142857143,92.0,37.277,0.031,450.9375,195.125,43.7366809844971,135.625412940979,4128,825,0,217,47
853,74,10.6060606060606,94.2857142857143,92.0,37.277,0.031,449.6875,195.125,43.7355346679688,135.451458930969,4113,826,0,218,42
854,74,10.6060606060606,94.2857142857143,92.0,37.277,0.031,449.6875,195.125,43.7355346679688,135.431313514709,4105,825,0,215,42
855,74,10.6060606060606,94.2857142857143,92.0,37.277,0.031,449.4375,195.125,43.7353401184082,135.431317329407,4104,825,0,216,41
856,74,10.6060606060606,94.2857142857143,92.0,37.277,0.031,449.4375,195.125,43.7353401184082,135.432679176331,4104,825,0,216,41
857,74,10.6060606060606,94.2857142857143,92.0,37.277,0.031,449.625,195.125,43.7363700866699,135.43122959137,4099,825,0,216,38
858,74,10.6060606060606,94.2857142857143,92.0,37.277,0.031,449.4375,195.125,43.7353401184082,135.434918403625,4124,824,0,219,48
859,74,10.6060606060606,94.2857142857143,92.0,37.277,0.031,449.4375,195.125,43.7353401184082,135.481041908264,4159,829,0,219,54
860,75,27.3827272727274,36.5193718668038,92.0,37.277,0.031,451.1875,196.125,43.7380218505859,135.52891254425,4179,828,0,221,58
861,75,16.6666666666667,60.0,86.0,37.969,0.042,451.5,196.125,43.7404327392578,135.562039375305,4194,829,0,222,62
862,75,16.6666666666667,60.0,86.0,37.969,0.042,451.3125,196.125,43.7394027709961,135.560910224915,4190,829,0,222,61
863,75,16.6666666666667,60.0,86.0,37.969,0.042,451.5625,196.125,43.7395515441895,135.524777412415,4169,829,0,221,60
864,75,15.6986666666667,63.6996772549686,86.0,37.969,0.042,450.5625,196.125,43.7332305908203,135.484147071838,4154,823,0,219,58
865,75,11.586,86.3110650785431,86.0,37.969,0.042,450.5,196.125,43.7340660095215,135.475697517395,4138,823,0,219,54
866,76,14.5833333333333,68.5714285714286,86.0,37.969,0.042,453.75,196.125,43.7394943237305,135.719254493713,4294,850,0,231,77
867,76,14.7376666666667,67.8533463008617,86.0,37.969,0.042,453.75,196.125,43.7394943237305,135.68976688385,4282,846,0,229,75
868,76,12.696,78.7649653434152,86.0,37.969,0.042,454.5,196.125,43.7441215515137,134.421524047852,4219,816,0,229,75
869,76,11.702,85.4554776961203,86.0,37.969,0.042,449.9375,195.75,42.1360321044922,134.412986755371,4219,817,0,231,74
870,76,11.783,84.8680302130188,86.0,37.969,0.042,450.375,195.75,42.1373329162598,134.423931121826,4207,817,0,230,70
871,76,12.9,77.5193798449612,86.0,37.969,0.042,450.4375,195.75,42.1364517211914,134.457801818848,4220,822,0,237,69
872,76,11.464,87.2295882763433,86.0,37.969,0.042,450.4375,195.75,42.1364517211914,134.437187194824,4206,820,0,234,65
873,76,11.657,85.7853650167281,86.0,37.969,0.042,450.1875,195.75,42.136302947998,134.437770843506,4202,820,0,235,64
874,77,11.906,83.9912649084495,86.0,37.969,0.042,450.1875,195.75,42.136302947998,134.410942077637,4190,818,0,232,62
875,77,12.962962962963,77.1428571428571,86.0,37.969,0.042,450.125,195.75,42.1370620727539,134.388511657715,4181,816,0,233,61
876,77,12.127037037037,82.460373209541,86.0,37.969,0.042,449.5625,195.75,42.1324729919434,134.395736694336,4169,817,0,235,50
877,77,11.279,88.660342228921,86.0,37.969,0.042,449.8125,195.75,42.1327438354492,134.394721984863,4163,815,0,236,49
878,77,12.067,82.8706389326262,86.0,37.969,0.042,449.8125,195.75,42.1327438354492,134.299041748047,4115,806,0,232,45
879,77,11.19,89.3655049151028,86.0,37.969,0.042,448.8125,195.75,42.131965637207,134.290691375732,4104,806,0,230,40
880,77,11.309,88.4251481121231,86.0,37.969,0.042,449.0,195.75,42.1329956054688,134.270317077637,4101,805,0,231,40
881,77,11.076,90.2853015529072,86.0,37.969,0.042,448.5625,195.75,42.1316947937012,134.229572296143,4074,797,0,231,37
882,78,12.1212121212121,82.5,86.0,37.969,0.042,449.0625,195.75,42.134105682373,134.241600036621,4083,797,0,229,40
883,78,11.9047619047619,84.0,86.0,37.969,0.042,448.3125,195.75,42.1315460205078,134.228614807129,4080,796,0,230,40
884,78,11.9047619047619,84.0,86.0,37.969,0.042,448.3125,195.75,42.1316223144531,134.189804077148,4065,792,0,229,39
885,78,11.9047619047619,84.0,86.0,37.969,0.042,448.5,195.75,42.1326522827148,134.223976135254,4075,795,0,228,40
886,78,10.2555021645022,97.5086333130858,86.0,37.969,0.042,448.3125,195.75,42.1316223144531,134.219673156738,4067,795,0,227,38
887,78,10.14,98.6193293885602,86.0,37.969,0.042,448.3125,195.75,42.1316223144531,134.201343536377,4059,794,0,225,37
888,78,10.545,94.8316737790422,86.0,37.969,0.042,448.0625,195.75,42.1313514709473,134.189189910889,4054,794,0,228,36
889,78,10.256,97.5039001560062,86.0,37.969,0.042,448.3125,195.75,42.1315002441406,134.226421356201,4073,799,0,232,39
890,78,9.89,101.112234580384,86.0,37.969,0.042,448.3125,195.75,42.1315002441406,134.224647521973,4067,799,0,231,36
891,79,10.6060606060606,94.2857142857143,86.0,37.969,0.042,448.5,195.75,42.1325302124023,134.250881195068,4073,800,0,231,37
892,79,10.6060606060606,94.2857142857143,86.0,37.969,0.042,448.5625,195.75,42.1317710876465,134.244194030762,4070,799,0,231,38
893,79,10.6060606060606,94.2857142857143,86.0,37.969,0.042,448.5625,195.75,42.1317710876465,134.24100112915,4062,799,0,231,36
894,79,10.5558181818182,94.7344850750125,86.0,37.969,0.042,448.5625,195.75,42.1317710876465,134.242362976074,4062,799,0,230,36
895,79,10.077,99.2358836955443,86.0,37.969,0.042,448.5625,195.75,42.1317710876465,134.173595428467,4037,793,0,225,35
896,79,10.011,99.8901208670462,86.0,37.969,0.042,447.5625,195.75,42.1269493103027,134.141162872314,4023,790,0,219,32
897,79,9.999,100.0100010001,86.0,37.969,0.042,447.5,195.75,42.1277084350586,134.123664855957,3998,789,0,217,25
898,79,10.6060606060606,94.2857142857143,86.0,37.969,0.042,447.3125,195.75,42.1266784667969,134.023632049561,3959,781,0,210,23
899,79,10.4166666666667,96.0,86.0,37.969,0.042,446.3125,195.75,42.1218566894531,134.030521392822,3956,782,0,210,21
900,79,10.4166666666667,96.0,86.0,37.969,0.042,446.5625,195.75,42.122127532959,134.035484313965,3954,782,0,211,21
901,80,18.6289393939394,53.6799212694488,86.0,37.969,0.042,446.5625,195.75,42.122127532959,134.036846160889,3954,782,0,211,21
902,80,11.1111111111111,90.0,86.0,37.969,0.042,447.0,195.75,42.1232376098633,134.066780090332,3975,790,0,216,24
903,80,11.1111111111111,90.0,86.0,37.969,0.042,446.5625,195.75,42.1220588684082,134.044143676758,3961,789,0,213,22
904,80,11.1111111111111,90.0,86.0,37.969,0.042,446.3125,195.75,42.1217880249023,134.039245605469,3952,789,0,212,19
905,80,11.1111111111111,90.0,86.0,37.969,0.042,446.3125,195.75,42.1217880249023,134.040607452393,3952,789,0,212,19
906,80,11.1111111111111,90.0,86.0,37.969,0.042,446.3125,195.75,42.1217880249023,134.073066711426,3972,792,0,212,23
907,80,11.1111111111111,90.0,86.0,37.969,0.042,448.0,196.75,42.1232833862305,134.062564849854,3964,790,0,214,22
908,80,11.1111111111111,90.0,86.0,37.969,0.042,446.5625,195.75,42.1219825744629,134.054439544678,3962,788,0,210,22
909,81,11.1111111111111,90.0,86.0,37.969,0.042,447.3125,195.75,42.1245880126953,134.143684387207,3985,795,0,210,24
910,81,11.1111111111111,90.0,86.0,37.969,0.042,447.3125,195.75,42.1245880126953,134.000835418701,3933,785,0,201,22
911,81,11.6666666666667,85.7142857142857,86.0,37.969,0.042,445.0625,195.75,42.1228828430176,133.99730682373,3935,786,0,201,22
912,81,11.6666666666667,85.7142857142857,86.0,37.969,0.042,445.75,195.75,42.1263236999512,134.039821624756,3950,789,0,204,24
913,81,11.6666666666667,85.7142857142857,86.0,37.969,0.042,445.5625,195.75,42.1252937316895,134.038745880127,3948,789,0,204,24
914,81,11.6666666666667,85.7142857142857,86.0,37.969,0.042,445.5625,195.75,42.1252937316895,134.006492614746,3938,786,0,202,24
915,81,11.1111111111111,90.0,86.0,37.969,0.042,445.3125,195.75,42.1230316162109,134.044136047363,3963,791,0,205,27
916,81,11.1111111111111,90.0,86.0,37.969,0.042,445.3125,195.75,42.1230316162109,134.043067932129,3958,791,0,206,25
917,81,11.1111111111111,90.0,86.0,37.969,0.042,445.5,195.75,42.1240615844727,133.99893951416,3940,787,0,204,23
918,82,11.1111111111111,90.0,86.0,37.969,0.042,445.3125,195.75,42.1210098266602,134.061618804932,3970,792,0,205,29
919,82,11.1111111111111,90.0,86.0,37.969,0.042,447.5625,195.75,42.1224021911621,134.27400970459,4099,814,0,217,49
920,82,11.1111111111111,90.0,86.0,37.969,0.042,447.5625,195.75,42.1224021911621,134.277648925781,4104,814,0,216,50
921,82,11.1111111111111,90.0,86.0,37.969,0.042,447.5625,195.75,42.1224021911621,134.277313232422,4100,814,0,217,49
922,82,11.1111111111111,90.0,86.0,37.969,0.042,447.75,195.75,42.1234321594238,134.271934509277,4098,812,0,215,49
923,82,11.1111111111111,90.0,86.0,37.969,0.042,449.3125,195.75,42.1241226196289,134.443115234375,4156,821,0,225,56
924,82,11.1111111111111,90.0,86.0,37.969,0.042,449.3125,195.75,42.1241226196289,134.444076538086,4154,821,0,224,55
925,82,11.1111111111111,90.0,86.0,37.969,0.042,449.8125,195.75,42.12451171875,134.476390838623,4177,824,0,224,61
926,82,11.1111111111111,90.0,86.0,37.969,0.042,448.5625,194.75,42.1242408752441,134.455474853516,4160,821,0,221,59
927,83,11.1111111111111,90.0,86.0,37.969,0.042,449.0,194.75,42.1254653930664,134.490020751953,4181,824,0,218,61
928,83,11.1111111111111,90.0,86.0,37.969,0.042,448.5625,194.75,42.1242866516113,134.46272277832,4164,819,0,218,55
929,83,11.1111111111111,90.0,86.0,37.969,0.042,449.0625,194.75,42.124698638916,134.512634277344,4186,822,0,222,60
930,83,11.1111111111111,90.0,86.0,37.969,0.042,449.0625,194.75,42.124698638916,134.51049041748,4185,821,0,221,60
931,83,11.1111111111111,90.0,86.0,37.969,0.042,449.0625,194.75,42.124698638916,134.428707122803,4161,803,0,221,59
932,83,11.1111111111111,90.0,86.0,37.969,0.042,446.8125,194.75,42.1240921020508,134.431869506836,4161,803,0,219,59
933,83,10.443,95.757923968208,86.0,37.969,0.042,446.625,194.75,42.1230621337891,134.396942138672,4144,800,0,219,57
934,83,10.305,97.0402717127608,86.0,37.969,0.042,446.625,194.75,42.1230621337891,134.410438537598,4135,802,0,221,52
935,83,9.967,100.331092605598,86.0,37.969,0.042,446.625,194.75,42.1230621337891,134.408294677734,4134,801,0,220,52
936,84,10.6060606060606,94.2857142857143,86.0,37.969,0.042,446.875,194.75,42.1232566833496,134.434505462646,4142,801,0,216,53
937,84,10.6060606060606,94.2857142857143,86.0,37.969,0.042,446.875,194.75,42.1232566833496,134.432224273682,4140,801,0,219,53
938,84,10.6060606060606,94.2857142857143,86.0,37.969,0.042,447.0625,194.75,42.1242866516113,134.433639526367,4143,801,0,218,53
939,84,10.5258181818182,95.0044911213984,86.0,37.969,0.042,446.875,194.75,42.1232566833496,134.433086395264,4139,801,0,219,52
940,84,10.288,97.2006220839813,86.0,37.969,0.042,446.875,194.75,42.1232566833496,134.434448242188,4139,801,0,219,52
941,84,10.075,99.2555831265509,86.0,37.969,0.042,446.875,194.75,42.1232566833496,134.401557922363,4128,798,0,217,52
942,84,10.43,95.8772770853308,86.0,37.969,0.042,446.375,194.75,42.1208457946777,134.398914337158,4124,798,0,217,50
943,84,10.6060606060606,94.2857142857143,86.0,37.969,0.042,446.375,194.75,42.1208457946777,134.259696960449,4104,789,0,212,56
944,84,10.4166666666667,96.0,86.0,37.969,0.042,445.3125,194.75,42.1205291748047,134.280712127686,4103,794,0,214,51
945,84,10.4166666666667,96.0,86.0,37.969,0.042,445.125,194.75,42.119499206543,134.208019256592,4081,784,0,210,51
946,85,21.7419393939394,45.9940570103305,86.0,37.969,0.042,444.375,194.75,42.1170082092285,134.231014251709,4087,784,0,210,53
947,85,11.1111111111111,90.0,86.0,37.979,0.167,444.375,194.75,42.1170082092285,134.229469299316,4090,783,0,209,54
948,85,13.3333333333333,75.0,86.0,37.979,0.167,444.375,194.75,42.1170082092285,134.22855758667,4086,783,0,209,53
949,85,10.9028888888888,91.7188105089385,86.0,37.979,0.167,444.5625,194.75,42.1180381774902,134.230136871338,4086,783,0,209,53
950,85,13.3333333333333,75.0,86.0,37.979,0.167,444.375,194.75,42.1170082092285,134.2301902771,4084,783,0,207,52
951,85,12.5,80.0,86.0,37.979,0.167,444.375,194.75,42.1170082092285,134.208156585693,4078,779,0,205,49
952,85,12.5,80.0,86.0,37.979,0.167,444.375,194.75,42.1170082092285,134.146427154541,4034,774,0,203,43
953,86,11.6666666666667,85.7142857142858,86.0,37.979,0.167,443.875,194.75,42.1166191101074,134.168792724609,4040,774,0,202,45
954,86,12.5,80.0,86.0,37.979,0.167,444.0625,194.75,42.1176490783691,134.169303894043,4039,774,0,202,43
955,86,12.5,80.0,86.0,37.979,0.167,445.125,195.75,42.1168899536133,134.156047821045,4031,773,0,201,43
956,86,12.5,80.0,86.0,37.979,0.167,446.875,195.75,42.1181297302246,134.315719604492,4128,783,0,203,61
957,86,11.9603333333334,83.609709874306,86.0,37.979,0.167,446.875,195.75,42.1181297302246,134.314178466797,4124,783,0,203,59
958,86,10.363,96.4971533339766,86.0,37.979,0.167,446.875,195.75,42.1181297302246,134.300449371338,4105,782,0,203,57
959,86,10.098,99.0295107942167,86.0,37.979,0.167,447.0625,195.75,42.1191596984863,134.300937652588,4103,782,0,203,56
960,86,10.664,93.7734433608402,86.0,37.979,0.167,446.875,195.75,42.1181297302246,134.27473449707,4093,780,0,202,53
961,86,9.597,104.199228925706,86.0,37.979,0.167,446.625,195.75,42.1179351806641,134.297622680664,4102,781,0,204,54
962,87,12.1212121212121,82.5,86.0,37.979,0.167,448.875,196.75,42.1230278015137,134.427982330322,4148,791,0,208,59
963,87,14.3631212121211,69.622750183024,86.0,37.979,0.167,449.625,196.75,42.1250877380371,134.533378601074,4196,809,0,224,63
964,87,10.8386666666668,92.2622708820264,86.0,37.979,0.167,450.8125,196.75,42.1309394836426,134.592559814453,4214,813,0,227,66
965,87,10.88,91.9117647058823,86.0,37.979,0.167,450.375,196.75,42.1297149658203,134.595935821533,4212,813,0,229,65
966,87,10.173,98.2994200334218,86.0,37.979,0.167,450.375,196.75,42.1297149658203,134.610466003418,4224,815,0,229,67
967,87,10.79,92.678405931418,86.0,37.979,0.167,450.625,196.75,42.1298637390137,134.646099090576,4242,820,0,235,68
968,87,10.372,96.4134207481682,86.0,37.979,0.167,450.875,196.75,42.130012512207,134.687061309814,4263,824,0,237,68
969,87,10.549,94.7957152336714,86.0,37.979,0.167,451.125,196.75,42.1302833557129,134.578632354736,4210,813,0,229,66
970,87,10.14,98.6193293885602,86.0,37.979,0.167,449.8125,196.75,42.1302680969238,134.553897857666,4192,810,0,229,62
971,88,11.1111111111111,90.0,86.0,37.979,0.167,450.375,196.75,42.1339111328125,134.697216033936,4251,821,0,233,69
972,88,11.1111111111111,90.0,86.0,37.979,0.167,450.375,196.75,42.1339111328125,134.69116973877,4249,820,0,235,69
973,88,11.1111111111111,90.0,86.0,37.979,0.167,450.375,196.75,42.1339111328125,134.679660797119,4247,818,0,235,68
974,88,11.1111111111111,90.0,86.0,37.979,0.167,451.375,196.75,42.1387329101563,134.724670410156,4254,820,0,236,66
975,88,10.6060606060606,94.2857142857143,86.0,37.979,0.167,451.125,196.75,42.1385383605957,134.727245330811,4252,818,0,234,65
976,88,10.6060606060606,94.2857142857143,86.0,37.979,0.167,451.5625,196.75,42.1398391723633,134.72301864624,4249,819,0,232,62
977,88,10.6007676767676,94.3327908403822,86.0,37.979,0.167,451.375,196.75,42.1388092041016,134.729572296143,4238,819,0,234,57
978,88,10.6060606060606,94.2857142857143,86.0,37.979,0.167,451.625,196.75,42.1389579772949,134.726238250732,4239,820,0,236,58
979,88,10.5406060606062,94.8712051517929,86.0,37.979,0.167,451.125,196.75,42.138614654541,134.719692230225,4234,819,0,235,56
980,89,10.6060606060606,94.2857142857143,86.0,37.979,0.167,451.125,196.75,42.138614654541,134.703853607178,4213,816,0,231,51
981,89,10.6060606060606,94.2857142857143,86.0,37.979,0.167,450.875,196.75,42.1384658813477,134.691440582275,4224,817,0,234,54
982,89,10.6060606060606,94.2857142857143,86.0,37.979,0.167,450.8125,196.75,42.1392250061035,134.680732727051,4215,816,0,236,52
983,89,10.6060606060606,94.2857142857143,86.0,37.979,0.167,450.625,196.75,42.1381950378418,134.675033569336,4213,815,0,235,53
984,89,10.6060606060606,94.2857142857143,86.0,37.979,0.167,450.625,196.75,42.1382713317871,134.676383972168,4212,814,0,235,53
985,89,10.324696969697,96.8551428613357,86.0,37.979,0.167,450.625,196.75,42.1382713317871,134.659900665283,4192,812,0,233,47
986,89,10.017,99.8302885095338,86.0,37.979,0.167,450.625,196.75,42.1382713317871,134.658340454102,4190,812,0,227,44
987,89,10.6060606060606,94.2857142857143,86.0,37.979,0.167,450.875,196.75,42.1384506225586,134.667156219482,4191,814,0,234,43
988,89,10.6060606060606,94.2857142857143,86.0,37.979,0.167,451.0625,196.75,42.1394805908203,134.690677642822,4224,819,0,233,48
989,89,10.6060606060606,94.2857142857143,86.0,37.979,0.167,450.625,196.75,42.1381797790527,134.621337890625,4202,807,0,229,47
990,90,24.3201515151515,41.1181648838412,86.0,37.979,0.167,449.875,196.75,42.1361198425293,134.623760223389,4200,804,0,226,48
991,90,16.6666666666667,60.0,86.0,37.979,0.167,449.625,196.75,42.1339797973633,134.52624130249,4162,794,0,221,46
992,90,16.6666666666667,60.0,86.0,37.979,0.167,448.5625,196.75,42.1300392150879,134.523315429688,4162,794,0,221,47
993,90,15.2853333333333,65.4221912072575,86.0,37.979,0.167,448.625,196.75,42.1291885375977,134.507011413574,4161,790,0,214,47
994,90,10.663,93.7822376441902,86.0,37.979,0.167,448.375,196.75,42.1289176940918,134.426654815674,4122,783,0,215,41
995,90,9.81,101.936799184506,86.0,37.979,0.167,447.875,196.75,42.1265068054199,134.416683197021,4105,783,0,215,36
996,90,10.029,99.7108385681524,86.0,37.979,0.167,447.875,196.75,42.1265068054199,134.433757781982,4113,784,0,215,37
997,91,11.54,86.6551126516464,86.0,37.979,0.167,448.3125,196.75,42.1278076171875,134.440010070801,4112,783,0,218,39
998,91,10.447,95.7212596917775,86.0,37.979,0.167,448.625,196.75,42.1271362304688,134.471954345703,4129,785,0,220,43
999,91,9.883,101.183851057371,86.0,37.979,0.167,448.625,196.75,42.1271362304688,134.460201263428,4113,784,0,220,43
1000,91,10.556,94.732853353543,86.0,37.979,0.167,448.875,196.75,42.1273155212402,134.415634155273,4102,780,0,217,44
1001,91,10.094,99.0687537150783,86.0,37.979,0.167,447.875,196.75,42.1224937438965,134.381259918213,4079,778,0,216,42
1002,91,10.27,97.3709834469328,86.0,37.979,0.167,447.625,196.75,42.1222229003906,134.379360198975,4075,778,0,215,41
1003,91,10.12,98.8142292490119,86.0,37.979,0.167,447.8125,196.75,42.1232528686523,134.368629455566,4062,777,0,213,38
1004,91,10.022,99.7804829375374,86.0,37.979,0.167,447.625,196.75,42.1222229003906,134.29320526123,4040,770,0,209,39
1005,91,10.037,99.6313639533725,86.0,37.979,0.167,446.875,196.75,42.1176719665527,134.29260635376,4035,770,0,210,38
1006,92,11.1046666666667,90.0522302935703,86.0,37.979,0.167,450.375,198.75,42.1191444396973,134.445045471191,4094,784,0,227,45
1007,92,10.6060606060606,94.2857142857143,86.0,37.979,0.167,450.875,198.75,42.1195030212402,134.478885650635,4108,786,0,229,49
1008,92,11.1111111111111,90.0,86.0,37.979,0.167,455.75,198.75,42.1234359741211,135.206551551819,4320,820,0,250,82
1009,92,11.1111111111111,90.0,86.0,37.979,0.167,455.6875,198.75,42.124195098877,135.204869270325,4316,820,0,250,81
1010,92,11.1111111111111,90.0,86.0,37.979,0.167,455.5,198.75,42.1231651306152,135.204800605774,4314,820,0,250,80
1011,92,11.1111111111111,90.0,86.0,37.979,0.167,455.5,198.75,42.1231651306152,135.221806526184,4322,821,0,250,81
1012,92,11.1111111111111,90.0,86.0,37.979,0.167,457.5,198.75,42.1251564025879,135.405529975891,4387,831,0,262,90
1013,92,11.1111111111111,90.0,86.0,37.979,0.167,457.5,198.75,42.1251564025879,135.390015602112,4383,830,0,267,90
1014,92,11.1111111111111,90.0,86.0,37.979,0.167,458.1875,198.75,42.1265449523926,135.44403553009,4408,834,0,269,96
1015,93,11.1111111111111,90.0,86.0,37.979,0.167,458.5,198.75,42.1258888244629,135.438935279846,4408,832,0,268,97
1016,93,11.1111111111111,90.0,86.0,37.979,0.167,457.5,197.75,42.1256980895996,135.467255592346,4427,840,0,272,98
1017,93,11.1111111111111,90.0,86.0,37.979,0.167,459.375,197.75,42.1275177001953,135.681328773499,4501,852,0,285,108
1018,93,11.1111111111111,90.0,86.0,37.979,0.167,460.125,197.75,42.1280097961426,135.721116065979,4505,855,0,289,106
1019,93,11.1111111111111,90.0,86.0,37.979,0.167,460.3125,197.75,42.1290397644043,135.722695350647,4505,855,0,289,106
1020,93,11.1111111111111,90.0,86.0,37.979,0.167,460.125,197.75,42.1280097961426,135.728009223938,4509,856,0,289,106
1021,93,11.1111111111111,90.0,86.0,37.979,0.167,460.625,197.75,42.1283683776855,135.742299079895,4509,856,0,293,107
1022,93,11.1111111111111,90.0,86.0,37.979,0.167,460.375,197.75,42.128173828125,135.742684364319,4518,856,0,294,109
1023,93,11.1111111111111,90.0,86.0,37.979,0.167,462.5,197.75,42.1302642822266,135.935208320618,4577,865,0,304,116
1024,94,11.1111111111111,90.0,86.0,37.979,0.167,462.9375,197.75,42.1314888000488,135.961064338684,4587,866,0,299,117
1025,94,11.1111111111111,90.0,86.0,37.979,0.167,462.75,197.75,42.1303825378418,135.971478462219,4586,868,0,302,115
1026,94,11.1111111111111,90.0,86.0,37.979,0.167,462.75,197.75,42.1303825378418,135.97562122345,4586,868,0,304,115
1027,94,11.1111111111111,90.0,86.0,37.979,0.167,462.75,197.75,42.1303825378418,135.977868080139,4589,868,0,303,115
1028,94,11.1111111111111,90.0,86.0,37.979,0.167,463.25,197.75,42.1307411193848,136.002526283264,4586,870,0,306,113
1029,94,11.1111111111111,90.0,86.0,37.979,0.167,463.4375,197.75,42.1317710876465,135.843262672424,4556,860,0,296,113
1030,94,11.1111111111111,90.0,86.0,37.979,0.167,463.5,197.75,42.1309051513672,136.026120185852,4605,871,0,302,114
1031,94,11.1111111111111,90.0,86.0,37.979,0.167,463.75,197.75,42.1310997009277,135.790215492249,4538,856,0,288,113
1032,94,11.1111111111111,90.0,86.0,37.979,0.167,459.25,196.75,42.1280326843262,135.761620521545,4513,856,0,287,104
1033,95,11.1111111111111,90.0,86.0,37.979,0.167,460.5,196.75,42.1290054321289,135.88353061676,4562,864,0,293,115
1034,95,27.7277171717172,36.0649956794863,87.0,40.102,0.041,460.6875,196.75,42.1300354003906,135.863026618958,4563,859,0,291,116
1035,95,12.5,80.0,87.0,40.102,0.041,460.5,196.75,42.1291198730469,135.874184608459,4567,858,0,291,117
1036,95,13.8888888888889,72.0,87.0,40.102,0.041,462.625,196.75,42.1312103271484,135.915135383606,4600,859,0,292,124
1037,95,12.537111111111,79.7631919456909,87.0,40.102,0.041,460.75,196.75,42.1292839050293,135.887124061584,4564,859,0,290,110
1038,95,13.4593333333335,74.2978849868734,87.0,40.102,0.041,460.9375,196.75,42.130313873291,135.903214454651,4580,862,0,289,110
1039,95,13.3333333333333,75.0,87.0,40.102,0.041,460.75,196.75,42.1292839050293,135.823758125305,4539,849,0,283,105
1040,96,13.3333333333333,75.0,87.0,40.102,0.041,460.25,196.75,42.1290092468262,135.814763069153,4523,849,0,281,101
1041,96,13.3333333333333,75.0,87.0,40.102,0.041,460.25,196.75,42.1290092468262,135.64704990387,4489,838,0,270,99
1042,96,10.9353333333333,91.4466865817229,87.0,40.102,0.041,458.375,196.75,42.127082824707,135.619679450989,4454,838,0,270,87
1043,96,10.53,94.9667616334283,87.0,40.102,0.041,458.5625,196.75,42.1281127929688,135.620533943176,4453,838,0,270,86
1044,96,10.618,94.1796948577887,87.0,40.102,0.041,458.375,196.75,42.127082824707,135.618546485901,4456,838,0,272,86
1045,96,11.084,90.2201371346085,87.0,40.102,0.041,458.375,196.75,42.127082824707,135.611622810364,4458,838,0,276,86
1046,96,10.625,94.1176470588235,87.0,40.102,0.041,458.375,196.75,42.127082824707,135.589703559875,4443,834,0,273,87
1047,96,10.28,97.2762645914397,87.0,40.102,0.041,458.375,196.75,42.127082824707,135.579209327698,4429,833,0,272,84
1048,96,10.379,96.34839579921,87.0,40.102,0.041,458.375,196.75,42.127082824707,135.571003913879,4414,833,0,272,76
1049,97,11.6666666666667,85.7142857142857,87.0,40.102,0.041,458.5625,196.75,42.1281127929688,135.434666633606,4389,823,0,262,77
1050,97,10.3243333333333,96.8585542246473,87.0,40.102,0.041,456.5,196.75,42.1251564025879,135.408627510071,4357,823,0,262,65
1051,97,10.318,96.9180073657685,87.0,40.102,0.041,456.5,196.75,42.1251564025879,135.408776283264,4355,823,0,262,64
1052,97,10.077,99.2358836955443,87.0,40.102,0.041,456.5,196.75,42.1251564025879,135.410138130188,4355,823,0,262,64
1053,97,10.429,95.8864704190239,87.0,40.102,0.041,456.5,196.75,42.1251564025879,135.392022132874,4330,822,0,262,56
1054,97,10.6060606060606,94.2857142857143,87.0,40.102,0.041,456.5,196.75,42.1251564025879,135.385342597961,4317,822,0,262,49
1055,97,10.6060606060606,94.2857142857143,87.0,40.102,0.041,456.6875,196.75,42.1261863708496,135.379605293274,4321,822,0,258,50
1056,97,10.6060606060606,94.2857142857143,87.0,40.102,0.041,456.5,196.75,42.1251564025879,135.060977935791,4268,810,0,247,46
1057,97,10.6060606060606,94.2857142857143,87.0,40.102,0.041,454.375,196.75,42.1230354309082,134.778907775879,4201,804,0,242,34
1058,98,10.6060606060606,94.2857142857143,87.0,40.102,0.041,453.125,196.75,42.122184753418,134.759498596191,4194,802,0,241,34
1059,98,10.6060606060606,94.2857142857143,87.0,40.102,0.041,452.875,196.75,42.1220359802246,134.692886352539,4161,797,0,237,32
1060,98,10.6060606060606,94.2857142857143,87.0,40.102,0.041,453.125,196.75,42.1237831115723,134.895168304443,4260,827,0,255,45
1061,98,10.6060606060606,94.2857142857143,87.0,40.102,0.041,453.3125,196.75,42.124813079834,134.873420715332,4249,825,0,254,43
1062,98,10.6060606060606,94.2857142857143,87.0,40.102,0.041,452.875,196.75,42.1235885620117,134.873630523682,4249,825,0,254,43
1063,98,10.6060606060606,94.2857142857143,87.0,40.102,0.041,452.875,196.75,42.1235885620117,134.874992370605,4249,825,0,254,43
1064,98,10.6060606060606,94.2857142857143,87.0,40.102,0.041,452.875,196.75,42.1235885620117,134.88879776001,4260,827,0,254,44
1065,98,10.6060606060606,94.2857142857143,87.0,40.102,0.041,452.875,196.75,42.1235885620117,134.889129638672,4256,827,0,256,42
1066,98,10.6060606060606,94.2857142857143,87.0,40.102,0.041,452.875,196.75,42.1235885620117,134.882633209229,4254,825,0,254,42
1067,98,10.6060606060606,94.2857142857143,87.0,40.102,0.041,453.0625,196.75,42.1246185302734,134.77099609375,4201,813,0,233,40
1068,99,11.1111111111111,90.0,87.0,40.102,0.041,451.375,196.75,42.1245651245117,134.723838806152,4154,811,0,228,31
1069,99,11.0387070707071,90.5903194635588,87.0,40.102,0.041,450.375,196.75,42.1238632202148,134.731624603271,4160,813,0,228,31
1070,99,10.631,94.0645282663908,87.0,40.102,0.041,450.375,196.75,42.1238632202148,134.73413848877,4160,813,0,230,31
1071,99,11.1111111111111,90.0,87.0,40.102,0.041,450.875,196.75,42.1262741088867,134.775871276855,4175,816,0,232,33
1072,99,10.8218888888889,92.4053102251609,87.0,40.102,0.041,450.875,196.75,42.1262741088867,134.776165008545,4179,815,0,231,35
1073,99,10.867,92.0217171252416,87.0,40.102,0.041,451.0625,196.75,42.1273040771484,134.764759063721,4162,814,0,230,30
1074,99,10.93,91.4913083257091,87.0,40.102,0.041,450.875,196.75,42.1262741088867,134.709358215332,4138,811,0,226,30
1075,99,11.041,90.5715062041482,87.0,40.102,0.041,450.125,196.75,42.1257209777832,134.748226165771,4162,816,0,232,34
1076,99,10.652,93.8790837401427,87.0,40.102,0.041,450.125,196.75,42.1257209777832,134.746910095215,4158,816,0,232,31
1077,100,11.1111111111111,90.0,87.0,40.102,0.041,450.375,196.75,42.1324501037598,134.72749710083,4155,805,0,231,32
1078,100,25.8435555555556,38.6943661002958,87.0,40.102,0.041,450.25,196.75,42.1290855407715,134.739624023438,4178,806,0,232,40
1079,100,11.6666666666667,85.7142857142857,87.0,40.102,0.041,450.4375,196.75,42.1301155090332,134.745223999023,4185,806,0,234,43
1080,100,12.5,80.0,87.0,40.102,0.041,450.25,196.75,42.1290855407715,134.67268371582,4153,799,0,228,43
1081,100,11.4643333333332,87.2270520163996,87.0,40.102,0.041,449.25,196.75,42.1283836364746,134.658714294434,4143,797,0,226,40
1082,100,12.5,80.0,87.0,40.102,0.041,449.25,196.75,42.1283836364746,134.659885406494,4139,798,0,225,37
1083,100,12.5,80.0,87.0,40.102,0.041,449.25,196.75,42.1283836364746,134.699398040771,4173,804,0,225,42
1084,101,12.5,80.0,87.0,40.102,0.041,449.6875,196.75,42.1296691894531,134.65161895752,4154,792,0,221,42
1085,101,12.5,80.0000000000001,87.0,40.102,0.041,450.625,198.375,42.1268501281738,134.656574249268,4152,792,0,220,41
1086,101,12.5,80.0,87.0,40.102,0.041,450.375,198.375,42.1267013549805,134.655044555664,4148,792,0,220,40
1087,101,12.5,80.0,87.0,40.102,0.041,450.375,198.375,42.1267013549805,134.590888977051,4118,787,0,216,40
1088,101,12.5,80.0,87.0,40.102,0.041,449.375,198.375,42.1259994506836,134.589847564697,4118,787,0,212,40
1089,101,12.5,80.0,87.0,40.102,0.041,449.5625,198.375,42.1270294189453,134.58145904541,4115,786,0,213,39
1090,101,12.5,80.0,87.0,40.102,0.041,449.375,198.375,42.1259994506836,134.556209564209,4112,779,0,206,41
1091,101,12.3166666666668,81.1907983761832,87.0,40.102,0.041,449.375,198.375,42.1259994506836,134.559673309326,4093,780,0,206,35
1092,102,12.5,80.0,87.0,40.102,0.041,450.5,198.75,42.1286811828613,134.624504089355,4120,785,0,211,38
1093,102,12.5,80.0,87.0,40.102,0.041,450.5,198.75,42.1286811828613,134.625679016113,4121,785,0,211,38
1094,102,11.499,86.9640838333768,87.0,40.102,0.041,450.6875,198.75,42.129711151123,134.627258300781,4121,785,0,211,38
1095,102,11.064,90.3832248734635,87.0,40.102,0.041,451.0,198.75,42.1310920715332,134.655654907227,4120,787,0,213,40
1096,102,10.608,94.2684766214178,87.0,40.102,0.041,451.0,198.75,42.1310920715332,134.623390197754,4110,784,0,211,40
1097,102,10.405,96.1076405574243,87.0,40.102,0.041,450.5,198.75,42.1286811828613,134.609680175781,4094,783,0,207,40
1098,102,10.728,93.214019388516,87.0,40.102,0.041,450.75,198.75,42.1288299560547,134.658729553223,4114,789,0,211,40
1099,102,10.73,93.1966449207829,87.0,40.102,0.041,451.0,198.75,42.1291007995605,134.665405273438,4114,789,0,212,40
1100,102,10.501,95.229025807066,87.0,40.102,0.041,451.1875,198.75,42.1301307678223,134.621265411377,4096,785,0,210,38
1101,103,11.6666666666667,85.7142857142857,87.0,40.102,0.041,450.5,198.75,42.1266899108887,134.635848999023,4103,785,0,205,40
1102,103,11.1111111111111,90.0,87.0,40.102,0.041,450.5,198.75,42.1266899108887,134.635948181152,4103,785,0,205,40
1103,103,10.8312222222222,92.3256839794421,87.0,40.102,0.041,450.5,198.75,42.1266899108887,134.429593086243,4073,763,0,200,40
1104,103,10.346,96.6557123526,87.0,40.102,0.041,448.75,198.75,42.0166816711426,134.421139717102,4068,763,0,200,39
1105,103,10.222,97.8282136568186,87.0,40.102,0.041,448.75,198.75,42.0166816711426,134.427926063538,4074,762,0,198,40
1106,103,11.1111111111111,90.0,87.0,40.102,0.041,449.1875,198.75,42.0179824829102,134.425404548645,4065,761,0,198,37
1107,103,10.7318888888889,93.1802416474267,87.0,40.102,0.041,449.0,198.75,42.0169525146484,134.42377948761,4060,761,0,196,35
1108,103,10.05,99.5024875621891,87.0,40.102,0.041,449.0,198.75,42.0169525146484,134.42089176178,4053,761,0,196,32
1109,103,10.026,99.7406742469579,87.0,40.102,0.041,449.0,198.75,42.0169525146484,134.412373542786,4038,761,0,196,22
1110,104,10.6060606060606,94.2857142857143,87.0,40.102,0.041,449.0,198.75,42.0169525146484,134.405011177063,4031,760,0,196,22
1111,104,10.6060606060606,94.2857142857143,87.0,40.102,0.041,449.0,198.75,42.0169525146484,134.388798713684,4024,758,0,195,22
1112,104,10.6060606060606,94.2857142857143,87.0,40.102,0.041,450.1875,199.75,42.0181045532227,134.420636177063,4042,762,0,195,24
1113,104,10.6060606060606,94.2857142857143,87.0,40.102,0.041,449.875,199.75,42.0136337280273,134.267521858215,3973,748,0,189,19
1114,104,10.6060606060606,94.2857142857143,87.0,40.102,0.041,448.5,198.125,42.0136299133301,134.401242256165,4061,757,0,190,35
1115,104,10.6060606060606,94.2857142857143,87.0,40.102,0.041,448.5,198.125,42.0136299133301,134.354062080383,4036,753,0,188,32
1116,104,10.6060606060606,94.2857142857143,87.0,40.102,0.041,448.0,198.125,42.013240814209,134.354016304016,4036,753,0,188,32
1117,104,10.6060606060606,94.2857142857143,87.0,40.102,0.041,448.0,198.125,42.013240814209,134.349095344543,4034,753,0,190,30
1118,104,10.6060606060606,94.2857142857143,87.0,40.102,0.041,448.1875,198.125,42.0142707824707,134.224549293518,3985,741,0,183,30
1119,104,10.6060606060606,94.2857142857143,87.0,40.102,0.041,446.25,198.125,42.0119857788086,134.222153663635,3988,741,0,184,29
1120,105,10.7110606060606,93.3614360686347,87.0,40.102,0.041,449.5,199.125,42.0218238830566,134.518654823303,4098,763,0,193,42
1121,105,11.1111111111111,90.0,87.0,31.899,0.06,449.5,199.125,42.0218238830566,134.51833820343,4095,763,0,193,41
1122,105,34.0028888888888,29.4092658793698,87.0,31.899,0.06,450.0,199.125,42.0242347717285,134.538434028625,4101,764,0,194,43
1123,105,16.6666666666667,60.0,87.0,31.899,0.06,451.4375,199.125,42.0323028564453,134.602807044983,4126,768,0,199,49
1124,105,16.6666666666667,60.0,87.0,31.899,0.06,451.25,199.125,42.0291137695313,134.701958656311,4187,783,0,210,54
1125,105,16.6666666666667,60.0,87.0,31.899,0.06,451.125,198.75,42.0293083190918,134.680882453918,4173,781,0,210,52
1126,106,13.8888888888889,72.0,87.0,31.899,0.06,450.625,198.75,42.0268974304199,134.698777198792,4179,781,0,214,53
1127,106,11.6364444444446,85.936903215949,87.0,31.899,0.06,450.8125,198.75,42.0279273986816,134.696076393127,4182,781,0,214,52
1128,106,11.04,90.5797101449275,87.0,31.899,0.06,450.625,198.75,42.0268974304199,134.68891620636,4180,779,0,212,52
1129,106,11.039,90.5879155720627,87.0,31.899,0.06,450.625,198.75,42.0268974304199,134.666031837463,4167,774,0,207,49
1130,106,10.959,91.2492015694863,87.0,31.899,0.06,450.625,198.75,42.0268974304199,134.656014442444,4154,773,0,206,43
1131,106,10.943,91.3826190258613,87.0,31.899,0.06,450.875,198.75,42.0271682739258,134.663983345032,4138,773,0,207,36
1132,106,11.238,88.9838049474996,87.0,31.899,0.06,451.0625,198.75,42.0281982421875,134.667714118958,4142,773,0,207,37
1133,106,10.634,94.0379913485048,87.0,31.899,0.06,450.875,198.75,42.0271682739258,134.658604621887,4133,772,0,205,36
1134,107,11.6666666666667,85.7142857142857,87.0,31.899,0.06,453.3125,198.75,42.0288047790527,134.74961566925,4230,788,0,206,52
1135,107,11.1111111111111,90.0,87.0,31.899,0.06,453.0625,198.75,42.0286560058594,134.700669288635,4219,783,0,203,54
1136,107,11.1111111111111,90.0,87.0,31.899,0.06,452.3125,198.75,42.0280876159668,134.696328163147,4217,783,0,203,53
1137,107,11.1111111111111,90.0,87.0,31.899,0.06,452.5,198.75,42.0291175842285,134.68598651886,4211,781,0,203,54
1138,107,11.1111111111111,90.0,87.0,31.899,0.06,452.3125,198.75,42.0281639099121,134.687249183655,4204,781,0,204,51
1139,107,11.1111111111111,90.0,87.0,31.899,0.06,452.3125,198.75,42.0281639099121,134.690724372864,4204,781,0,205,51
1140,107,11.1111111111111,90.0,87.0,31.899,0.06,452.3125,198.75,42.0281639099121,134.692017555237,4200,781,0,208,49
1141,107,11.1111111111111,90.0,87.0,31.899,0.06,452.3125,198.75,42.0281639099121,134.690159797668,4213,781,0,219,53
1142,107,11.1111111111111,90.0,87.0,31.899,0.06,452.5,198.75,42.0291938781738,134.677037239075,4209,780,0,217,52
1143,108,11.1111111111111,90.0,87.0,31.899,0.06,452.8125,198.75,42.0304985046387,134.772953987122,4246,785,0,218,60
1144,108,11.1111111111111,90.0,87.0,31.899,0.06,452.3125,198.75,42.0280876159668,134.784436225891,4252,786,0,221,60
1145,108,11.1111111111111,90.0,87.0,31.899,0.06,452.5625,198.75,42.0283584594727,134.751507759094,4238,782,0,222,60
1146,108,11.1111111111111,90.0,87.0,31.899,0.06,452.5625,198.75,42.0283584594727,134.79128742218,4253,785,0,224,62
1147,108,11.1111111111111,90.0,87.0,31.899,0.06,452.75,198.75,42.0293884277344,134.790009498596,4250,785,0,224,62
1148,108,11.1111111111111,90.0,87.0,31.899,0.06,452.5625,198.75,42.0283584594727,134.794610023499,4244,785,0,227,59
1149,108,11.1111111111111,90.0,87.0,31.899,0.06,452.5625,198.75,42.0283584594727,134.691857337952,4209,776,0,221,56
1150,108,11.1111111111111,90.0,87.0,31.899,0.06,451.5625,198.75,42.0214691162109,134.724015235901,4250,782,0,229,65
1151,108,11.1111111111111,90.0,87.0,31.899,0.06,451.3125,198.75,42.0211982727051,134.611256599426,4208,772,0,222,63
1152,109,11.1111111111111,90.0,87.0,31.899,0.06,450.0,198.75,42.0150718688965,134.57433795929,4190,769,0,223,62
1153,109,11.1111111111111,90.0,87.0,31.899,0.06,451.3125,198.75,42.0166854858398,134.816391944885,4310,803,0,242,78
1154,109,11.2378888888889,88.9846847470361,87.0,31.899,0.06,451.5625,198.75,42.0168800354004,134.792355537415,4298,800,0,242,78
1155,109,11.1111111111111,90.0,87.0,31.899,0.06,450.3125,197.75,42.0166091918945,134.790322303772,4295,800,0,242,76
1156,109,11.1111111111111,90.0,87.0,31.899,0.06,450.3125,197.75,42.0166091918945,134.753407478333,4283,797,0,240,76
1157,109,11.6666666666667,85.7142857142857,87.0,31.899,0.06,450.0,197.75,42.0171737670898,134.756569862366,4289,797,0,236,77
1158,109,11.1111111111111,90.0,87.0,31.899,0.06,449.8125,197.75,42.0161437988281,134.734505653381,4264,794,0,233,68
1159,109,11.1111111111111,90.0,87.0,31.899,0.06,449.8125,197.75,42.0161437988281,134.69757938385,4233,789,0,229,63
1160,109,11.1111111111111,90.0,87.0,31.899,0.06,449.8125,197.75,42.0161437988281,134.686654090881,4218,788,0,225,59
1161,110,11.1111111111111,90.0,87.0,31.899,0.06,449.8125,197.75,42.0161437988281,134.67645740509,4202,788,0,224,55
1162,110,11.2056666666667,89.2405628104827,87.0,31.899,0.06,450.0,197.75,42.0171737670898,134.672654151917,4207,788,0,222,58
1163,110,11.5,86.9565217391304,87.0,31.899,0.06,449.5625,197.75,42.0159950256348,134.636254310608,4194,786,0,223,56
1164,110,17.6866666666667,56.5397663022993,87.0,31.899,0.06,449.3125,197.75,42.0157241821289,134.633141517639,4188,786,0,221,54
1165,110,11.6666666666667,85.7142857142857,87.0,31.899,0.06,449.3125,197.75,42.0157241821289,134.620846748352,4176,784,0,218,52
1166,110,10.8803333333332,91.9089488679893,87.0,31.899,0.06,449.3125,197.75,42.0157241821289,134.62100315094,4181,786,0,222,53
1167,110,11.6666666666667,85.7142857142857,87.0,31.899,0.06,449.5,197.75,42.0167541503906,134.62442111969,4183,786,0,221,52
1168,110,11.6666666666667,85.7142857142857,87.0,31.899,0.06,449.3125,197.75,42.0157241821289,134.613297462463,4162,786,0,221,46
1169,111,10.0,100.0,87.0,31.899,0.06,449.3125,197.75,42.0157241821289,134.621563911438,4162,785,0,218,46
1170,111,11.6666666666667,85.7142857142857,87.0,31.899,0.06,449.3125,197.75,42.0157241821289,134.601712226868,4172,785,0,220,49
1171,111,11.6666666666667,85.7142857142857,87.0,31.899,0.06,448.0625,196.75,42.015453338623,134.598259925842,4164,785,0,222,47
1172,111,10.0,100.0,87.0,31.899,0.06,448.25,196.75,42.0164833068848,134.596375465393,4158,785,0,222,47
1173,111,11.6666666666667,85.7142857142857,87.0,31.899,0.06,448.0625,196.75,42.015453338623,134.590760231018,4146,785,0,222,43
1174,111,11.6666666666667,85.7142857142857,87.0,31.899,0.06,448.0625,196.75,42.015453338623,134.566281318665,4147,783,0,219,45
1175,111,11.1111111111111,90.0,87.0,31.899,0.06,447.5625,196.75,42.0130424499512,134.558125495911,4137,782,0,220,41
1176,111,11.1111111111111,90.0,87.0,31.899,0.06,447.5625,196.75,42.0130424499512,134.557213783264,4133,782,0,219,40
1177,111,11.1111111111111,90.0,87.0,31.899,0.06,447.75,196.75,42.0140724182129,134.532299995422,4148,782,0,215,46
1178,112,11.6666666666667,85.7142857142857,87.0,31.899,0.06,448.5625,198.25,42.0106315612793,134.496594429016,4126,773,0,211,43
1179,112,11.6666666666667,85.7142857142857,87.0,31.899,0.06,450.3125,198.25,42.0102348327637,134.71496295929,4249,794,0,220,62
1180,112,11.6666666666667,85.7142857142857,87.0,31.899,0.06,450.3125,198.25,42.0102348327637,134.681443214417,4225,791,0,219,59
1181,112,11.4820000000002,87.0928409684712,87.0,31.899,0.06,450.0625,198.25,42.0100402832031,134.657570838928,4211,789,0,218,57
1182,112,11.1111111111111,90.0,87.0,31.899,0.06,450.0,198.25,42.0108757019043,134.653195381165,4204,789,0,215,54
1183,112,11.6666666666667,85.7142857142857,87.0,31.899,0.06,451.5625,198.25,42.0115661621094,134.858515739441,4256,797,0,226,61
1184,112,11.6666666666667,85.7142857142857,87.0,31.899,0.06,451.5625,198.25,42.0115661621094,134.818654060364,4262,794,0,217,65
1185,112,11.1111111111111,90.0,87.0,31.899,0.06,451.5625,198.25,42.0115661621094,134.788132667542,4236,789,0,212,59
1186,112,11.1111111111111,90.0,87.0,31.899,0.06,451.5625,198.25,42.0115661621094,134.775742530823,4218,789,0,212,55
1187,113,11.1111111111111,90.0,87.0,31.899,0.06,451.75,198.25,42.0125961303711,134.773976325989,4210,788,0,212,53
1188,113,12.4068888888888,80.6003832996015,87.0,31.899,0.06,453.4375,199.875,42.0118370056152,134.789326667786,4205,790,0,213,48
1189,113,11.5333333333335,86.7052023121376,87.0,31.899,0.06,454.1875,199.875,42.0123291015625,134.859457969666,4229,793,0,216,54
1190,113,11.6666666666667,85.7142857142857,87.0,31.899,0.06,456.1875,199.875,42.0137634277344,134.975918769836,4307,802,0,217,71
1191,113,11.1111111111111,90.0,87.0,31.899,0.06,456.4375,199.875,42.0139579772949,134.989502906799,4310,802,0,218,72
1192,113,11.1111111111111,90.0,87.0,31.899,0.06,456.625,199.875,42.0149879455566,134.979008674622,4288,801,0,220,70
1193,113,11.1111111111111,90.0,87.0,31.899,0.06,456.4375,199.875,42.0139579772949,134.980153083801,4288,801,0,216,70
1194,113,11.1111111111111,90.0,87.0,31.899,0.06,456.4375,199.875,42.0139579772949,134.994961738586,4289,802,0,216,68
1195,113,11.1111111111111,90.0,87.0,31.899,0.06,457.0625,200.25,42.0142288208008,135.004578590393,4298,802,0,220,70
1196,114,11.1111111111111,90.0,87.0,31.899,0.06,457.5625,200.25,42.0166397094727,135.06752872467,4319,807,0,223,72
1197,114,11.1111111111111,90.0,87.0,31.899,0.06,457.75,200.25,42.0176696777344,135.065030097961,4319,805,0,224,74
1198,114,11.1111111111111,90.0,87.0,31.899,0.06,457.5625,200.25,42.0166397094727,135.066174507141,4319,805,0,224,74
1199,114,11.1111111111111,90.0,87.0,31.899,0.06,458.0625,200.25,42.0190505981445,135.108365058899,4333,807,0,227,76
1200,114,11.1111111111111,90.0,87.0,31.899,0.06,458.0625,200.25,42.0190505981445,135.031876564026,4314,790,0,227,75
1201,114,11.1111111111111,90.0,87.0,31.899,0.06,455.625,200.25,42.0174140930176,135.045426368713,4320,791,0,228,75
1202,114,11.1111111111111,90.0,87.0,31.899,0.06,456.0625,200.25,42.0187149047852,134.918457984924,4294,783,0,219,74
1203,114,11.1111111111111,90.0,87.0,31.899,0.06,454.625,200.25,42.0162925720215,134.955021858215,4309,791,0,223,72
1204,114,11.1111111111111,90.0,87.0,31.899,0.06,454.875,200.25,42.016487121582,134.944535255432,4309,786,0,226,73
1205,115,11.1111111111111,90.0,87.0,31.899,0.06,454.625,200.25,42.0164070129395,134.964016914368,4311,785,0,225,74
1206,115,11.1111111111111,90.0,85.0,40.831,0.038,454.625,200.25,42.0164070129395,134.96247959137,4308,785,0,225,73
1207,115,11.1111111111111,90.0,85.0,40.831,0.038,454.8125,200.25,42.0174369812012,134.958130836487,4299,785,0,225,67
1208,115,18.4361111111111,54.2413741148108,85.0,40.831,0.038,454.625,200.25,42.0164070129395,134.972538948059,4303,786,0,225,66
1209,115,11.6666666666667,85.7142857142857,85.0,40.831,0.038,454.875,200.25,42.0166778564453,134.902798652649,4273,777,0,217,66
1210,115,11.6666666666667,85.7142857142857,85.0,40.831,0.038,454.125,200.25,42.0160942077637,134.888588905334,4257,776,0,216,61
1211,115,11.6666666666667,85.7142857142857,85.0,40.831,0.038,454.125,200.25,42.0160942077637,134.854477882385,4237,769,0,213,57
1212,115,11.6666666666667,85.7142857142857,85.0,40.831,0.038,454.3125,200.25,42.0171241760254,134.868748664856,4236,771,0,211,56
1213,116,11.6666666666667,85.7142857142857,85.0,40.831,0.038,455.125,200.25,42.0188941955566,134.93322467804,4260,775,0,210,61
1214,116,11.1416666666665,89.7531787584155,85.0,40.831,0.038,454.25,199.625,42.0186996459961,134.923001289368,4254,775,0,209,59
1215,116,11.6666666666667,85.7142857142857,85.0,40.831,0.038,453.75,199.625,42.0182800292969,134.920506477356,4250,775,0,209,58
1216,116,11.6666666666667,85.7142857142857,85.0,40.831,0.038,454.25,199.625,42.0206909179688,134.961514472961,4264,778,0,211,59
1217,116,10.0,100.0,85.0,40.831,0.038,454.4375,199.625,42.0217208862305,134.962368965149,4263,778,0,211,58
1218,116,11.6666666666667,85.7142857142857,85.0,40.831,0.038,454.25,199.625,42.0206909179688,134.950394630432,4247,777,0,211,58
1219,116,11.6666666666667,85.7142857142857,85.0,40.831,0.038,454.5,199.625,42.0208396911621,134.984993934631,4270,782,0,217,61
1220,116,11.6666666666667,85.7142857142857,85.0,40.831,0.038,454.75,199.625,42.0210342407227,135.003891944885,4275,784,0,217,57
1221,116,11.6666666666667,85.7142857142857,85.0,40.831,0.038,455.75,200.625,42.0210342407227,135.007367134094,4271,784,0,218,56
1222,117,11.6666666666667,85.7142857142857,85.0,40.831,0.038,457.375,200.625,42.0340156555176,135.001297950745,4278,774,0,213,64
1223,117,11.6666666666667,85.7142857142857,85.0,40.831,0.038,454.875,200.625,42.0277862548828,134.987645149231,4278,774,0,213,63
1224,117,11.6666666666667,85.7142857142857,85.0,40.831,0.038,454.875,200.625,42.0277862548828,134.986298561096,4274,774,0,213,60
1225,117,11.6666666666667,85.7142857142857,85.0,40.831,0.038,455.875,200.625,42.0326080322266,135.035939216614,4289,776,0,214,62
1226,117,11.6666666666667,85.7142857142857,85.0,40.831,0.038,455.625,200.625,42.032413482666,134.993763923645,4270,772,0,211,59
1227,117,11.6666666666667,85.7142857142857,85.0,40.831,0.038,455.3125,200.625,42.0310325622559,134.985276222229,4266,772,0,210,56
1228,117,11.6666666666667,85.7142857142857,85.0,40.831,0.038,455.0,200.25,42.0301513671875,134.939526557922,4242,771,0,210,54
1229,117,11.6666666666667,85.7142857142857,85.0,40.831,0.038,453.75,200.25,42.0293006896973,134.916157722473,4229,769,0,209,51
1230,118,11.6666666666667,85.7142857142857,85.0,40.831,0.038,453.5,200.25,42.0291519165039,134.865517616272,4211,763,0,206,52
1231,118,11.6666666666667,85.7142857142857,85.0,40.831,0.038,452.75,200.25,42.0265922546387,134.86697101593,4215,763,0,204,54
1232,118,11.6666666666667,85.7142857142857,85.0,40.831,0.038,452.9375,200.25,42.0276222229004,134.866673469543,4218,763,0,204,54
1233,118,11.6666666666667,85.7142857142857,85.0,40.831,0.038,452.75,200.25,42.0265922546387,134.867817878723,4218,763,0,204,54
1234,118,11.1803333333335,89.4427715333459,85.0,40.831,0.038,452.75,200.25,42.0265922546387,134.876572608948,4224,762,0,202,55
1235,118,11.154,89.653935807782,85.0,40.831,0.038,453.0,200.25,42.0268630981445,134.866173744202,4220,761,0,202,54
1236,118,11.133,89.8230485942693,85.0,40.831,0.038,453.0,200.25,42.0268630981445,134.867218971252,4217,761,0,206,52
1237,118,11.1111111111111,90.0,85.0,40.831,0.038,453.1875,200.25,42.0278930664063,134.871682167053,4222,761,0,206,54
1238,118,11.1111111111111,90.0,85.0,40.831,0.038,453.0,200.25,42.0268630981445,134.871865272522,4220,761,0,204,53
1239,119,11.6666666666667,85.7142857142857,85.0,40.831,0.038,453.4375,200.25,42.033992767334,134.831994056702,4194,749,0,200,51
1240,119,12.6437777777776,79.0902859553238,85.0,40.831,0.038,452.875,200.25,42.029956817627,134.779950141907,4166,744,0,198,49
1241,119,11.4393333333335,87.4176816830805,85.0,40.831,0.038,452.375,200.25,42.029613494873,134.792611122131,4169,745,0,198,48
1242,119,11.419,87.5733426744899,85.0,40.831,0.038,452.8125,200.25,42.0309143066406,134.765439033508,4159,742,0,197,48
1243,119,11.1111111111111,90.0,85.0,40.831,0.038,452.125,200.25,42.027473449707,134.756909370422,4145,742,0,197,43
1244,119,11.2678888888889,88.7477689796965,85.0,40.831,0.038,452.125,200.25,42.027473449707,134.754567146301,4147,742,0,199,43
1245,119,11.1111111111111,90.0,85.0,40.831,0.038,452.125,200.25,42.027473449707,134.753952980042,4144,742,0,199,41
1246,119,11.6666666666667,85.7142857142857,85.0,40.831,0.038,452.125,200.25,42.027473449707,134.668389320374,4133,735,0,199,45
1247,119,11.6666666666667,85.7142857142857,85.0,40.831,0.038,451.3125,200.25,42.0256271362305,134.661305427551,4124,735,0,199,42
1248,120,11.6615555555556,85.7518531928273,85.0,40.831,0.038,451.125,200.25,42.0245971679688,134.669472694397,4117,736,0,199,38
1249,120,11.6666666666667,85.7142857142857,85.0,40.831,0.038,452.875,200.25,42.0275115966797,133.681137084961,4175,740,0,216,52
1250,120,11.6666666666667,85.7142857142857,85.0,40.831,0.038,448.8125,199.875,40.4073104858398,133.666896820068,4170,740,0,216,51
1251,120,24.1743333333333,41.3661872785185,85.0,40.831,0.038,448.8125,199.875,40.4073104858398,133.584175109863,4141,734,0,210,49
1252,120,16.6666666666667,60.0,85.0,40.831,0.038,447.75,199.875,40.4033241271973,133.551792144775,4134,732,0,213,50
1253,120,16.6666666666667,60.0,85.0,40.831,0.038,447.3125,199.875,40.4020233154297,133.457969665527,4096,723,0,207,46
1254,121,16.6666666666667,60.0,85.0,40.831,0.038,447.0625,199.875,40.3979225158691,133.527374267578,4118,727,0,206,48
1255,121,13.3886666666667,74.690036349151,85.0,40.831,0.038,447.3125,199.875,40.3981170654297,133.499546051025,4097,724,0,208,44
1256,121,11.164,89.5736295234683,85.0,40.831,0.038,446.125,198.875,40.3955116271973,133.495609283447,4096,723,0,207,44
1257,121,11.144,89.7343862167983,85.0,40.831,0.038,445.9375,198.875,40.3944816589355,133.466953277588,4076,721,0,205,39
1258,121,10.599,94.3485234456081,85.0,40.831,0.038,445.6875,198.875,40.3942108154297,133.475101470947,4080,723,0,205,39
1259,121,10.649,93.905531035778,85.0,40.831,0.038,445.6875,198.875,40.3942108154297,133.477615356445,4080,723,0,205,39
1260,121,11.809,84.6811753747142,85.0,40.831,0.038,445.9375,198.875,40.3944053649902,133.491622924805,4080,724,0,206,40
1261,121,10.832,92.3190546528804,85.0,40.831,0.038,446.125,198.875,40.395435333252,133.48705291748,4076,723,0,205,37
1262,121,10.766,92.8850083596508,85.0,40.831,0.038,445.9375,198.875,40.3944053649902,133.474220275879,4058,722,0,204,30
1263,122,11.6666666666667,85.7142857142857,85.0,40.831,0.038,448.4375,198.875,40.396068572998,133.701053619385,4200,746,0,218,52
1264,122,11.6666666666667,85.7142857142857,85.0,40.831,0.038,448.4375,198.875,40.396068572998,133.701622009277,4197,746,0,220,50
1265,122,11.0536666666667,90.4677181025904,85.0,40.831,0.038,448.4375,198.875,40.396068572998,133.675624847412,4194,745,0,219,50
1266,122,11.1111111111111,90.0,85.0,40.831,0.038,450.375,198.875,40.3982620239258,133.809562683105,4278,754,0,217,65
1267,122,11.1111111111111,90.0,85.0,40.831,0.038,451.9375,198.875,40.3989524841309,133.979778289795,4331,762,0,228,72
1268,122,11.1111111111111,90.0,85.0,40.831,0.038,451.9375,198.875,40.3989524841309,133.987689971924,4334,764,0,228,70
1269,122,11.1111111111111,90.0,85.0,40.831,0.038,451.9375,198.875,40.3989524841309,133.988990783691,4332,764,0,230,69
1270,122,11.0585555555556,90.4277231304068,85.0,40.831,0.038,451.9375,198.875,40.3989524841309,133.982494354248,4330,762,0,228,69
1271,122,11.1111111111111,90.0,85.0,40.831,0.038,452.125,198.875,40.3999824523926,133.02926158905,4313,736,0,226,76
1272,123,11.2085555555556,89.2175619814229,85.0,40.831,0.038,451.4375,201.5,38.8139572143555,133.011542320251,4333,733,0,223,80
1273,123,11.468,87.1991628880363,85.0,40.831,0.038,451.4375,201.5,38.8123893737793,133.063040733337,4358,736,0,226,87
1274,123,11.1111111111111,90.0,85.0,40.831,0.038,451.3125,201.5,38.809024810791,133.064257621765,4358,736,0,226,87
1275,123,11.1111111111111,90.0,85.0,40.831,0.038,451.3125,201.5,38.809024810791,133.064562797546,4357,735,0,227,87
1276,123,11.1111111111111,90.0,85.0,40.831,0.038,451.5,201.5,38.8100547790527,133.070471763611,4358,735,0,228,87
1277,123,11.1111111111111,90.0,85.0,40.831,0.038,451.3125,201.5,38.809024810791,133.065691947937,4361,734,0,226,89
1278,123,11.1111111111111,90.0,85.0,40.831,0.038,451.3125,201.5,38.809024810791,133.05787563324,4363,731,0,225,92
1279,123,11.1111111111111,90.0,85.0,40.831,0.038,451.3125,201.5,38.809024810791,133.040217399597,4348,728,0,222,89
1280,123,11.1111111111111,90.0,85.0,40.831,0.038,451.3125,201.5,38.809024810791,133.031283378601,4337,727,0,225,86
1281,124,11.1111111111111,90.0,85.0,40.831,0.038,451.5,201.5,38.8100547790527,133.034064292908,4328,725,0,225,88
1282,124,11.1111111111111,90.0,85.0,40.831,0.038,451.0625,201.5,38.8088302612305,133.03410243988,4323,725,0,227,86
1283,124,11.1111111111111,90.0,85.0,40.831,0.038,451.0625,201.5,38.8088302612305,133.035464286804,4323,725,0,227,86
1284,124,11.1111111111111,90.0,85.0,40.831,0.038,451.0625,201.5,38.8088302612305,133.020030021667,4302,724,0,226,85
1285,124,11.1111111111111,90.0,85.0,40.831,0.038,451.0625,201.5,38.8088302612305,133.020899772644,4299,724,0,227,83
1286,124,11.1111111111111,90.0,85.0,40.831,0.038,451.25,201.5,38.8098602294922,132.877314567566,4261,715,0,218,82
1287,124,11.1111111111111,90.0,85.0,40.831,0.038,449.5625,201.5,38.8072891235352,132.724219322205,4185,705,0,205,73
1288,124,11.1111111111111,90.0,85.0,40.831,0.038,447.5625,201.5,38.8058395385742,132.733283042908,4193,708,0,206,72
1289,124,11.1111111111111,90.0,85.0,40.831,0.038,447.5625,201.5,38.8058395385742,132.703360557556,4184,702,0,204,72
1290,125,11.1111111111111,90.0,85.0,40.831,0.038,447.3125,201.5,38.8057594299316,132.679625511169,4170,700,0,203,69
1291,125,11.1111111111111,90.0,85.0,30.882,0.064,449.125,203.125,38.8068656921387,132.672415733337,4164,698,0,202,68
1292,125,11.1111111111111,90.0,85.0,30.882,0.064,448.6875,203.125,38.8056411743164,132.669627189636,4159,698,0,202,66
1293,125,11.1111111111111,90.0,85.0,30.882,0.064,448.6875,203.125,38.8056411743164,132.67098903656,4159,698,0,200,66
1294,125,28.1534444444445,35.5196324902025,85.0,30.882,0.064,448.6875,203.125,38.8056411743164,132.670130729675,4157,698,0,200,66
1295,125,16.6666666666667,60.0,85.0,30.882,0.064,448.875,203.125,38.8066711425781,132.671347618103,4159,695,0,196,66
1296,125,16.6666666666667,60.0,85.0,30.882,0.064,449.3125,203.5,38.8059120178223,132.666304588318,4138,695,0,197,59
1297,126,16.6666666666667,60.0,85.0,30.882,0.064,451.5625,203.5,38.8219299316406,132.738757133484,4174,701,0,199,73
1298,126,14.2686666666667,70.0836331355417,85.0,30.882,0.064,449.4375,203.5,38.8171310424805,132.726302146912,4165,701,0,199,67
1299,126,10.902,91.726288754357,85.0,30.882,0.064,450.125,203.5,38.8205718994141,132.76388835907,4173,704,0,201,65
1300,126,10.692,93.5278713056491,85.0,30.882,0.064,449.9375,203.5,38.8195419311523,132.6991147995,4146,698,0,198,65
1301,126,10.541,94.8676596148373,85.0,30.882,0.064,449.1875,203.5,38.8189582824707,132.700251579285,4138,698,0,198,66
1302,126,10.907,91.6842394792335,85.0,30.882,0.064,449.4375,203.5,38.8192291259766,132.696349143982,4130,698,0,199,60
1303,126,10.722,93.2661816825219,85.0,30.882,0.064,449.6875,203.5,38.8193778991699,132.706236839294,4135,697,0,203,63
1304,127,11.1111111111111,90.0,85.0,30.882,0.064,450.875,203.5,38.8291130065918,132.807299613953,4180,695,0,202,71
1305,127,11.1111111111111,90.0,85.0,30.882,0.064,450.75,203.5,38.8263778686523,132.803946495056,4172,695,0,202,68
1306,127,11.1111111111111,90.0,85.0,30.882,0.064,450.5625,203.5,38.8253479003906,132.804278373718,4185,695,0,206,72
1307,127,11.1111111111111,90.0,85.0,30.882,0.064,451.0625,203.5,38.8277587890625,132.844767570496,4198,698,0,208,73
1308,127,11.1111111111111,90.0,85.0,30.882,0.064,451.3125,203.5,38.827953338623,132.877264976501,4212,700,0,209,76
1309,127,11.1111111111111,90.0,85.0,30.882,0.064,451.5625,203.5,38.8282241821289,132.883502006531,4212,700,0,210,76
1310,127,10.6060606060606,94.2857142857143,85.0,30.882,0.064,452.0,203.5,38.829402923584,132.91387462616,4232,703,0,212,79
1311,127,10.6060606060606,94.2857142857143,85.0,30.882,0.064,452.0625,203.5,38.8285675048828,132.847262382507,4196,698,0,207,77
1312,127,10.6060606060606,94.2857142857143,85.0,30.882,0.064,450.8125,203.5,38.8277168273926,132.823252677917,4182,696,0,206,74
1313,127,10.6060606060606,94.2857142857143,85.0,30.882,0.064,450.5625,203.5,38.8275680541992,132.846392631531,4198,698,0,206,78
1314,128,10.6060606060606,94.2857142857143,85.0,30.882,0.064,450.8125,203.5,38.8277626037598,132.822630882263,4190,695,0,205,77
1315,128,11.059696969697,90.418390552648,85.0,30.882,0.064,448.6875,201.875,38.827220916748,132.79855632782,4180,693,0,203,75
1316,128,11.1111111111111,90.0,85.0,30.882,0.064,448.625,201.875,38.8281021118164,132.796641349792,4175,693,0,203,74
1317,128,11.1111111111111,90.0,85.0,30.882,0.064,448.4375,201.875,38.8270721435547,132.788268089294,4171,691,0,200,73
1318,128,11.1111111111111,90.0,85.0,30.882,0.064,448.4375,201.875,38.8270721435547,132.780653953552,4162,690,0,197,70
1319,128,11.1111111111111,90.0,85.0,30.882,0.064,448.4375,201.875,38.8270721435547,132.774188041687,4148,690,0,197,65
1320,128,11.1111111111111,90.0,85.0,30.882,0.064,448.6875,201.875,38.8272361755371,132.789286613464,4160,691,0,200,69
1321,128,11.1111111111111,90.0,85.0,30.882,0.064,448.875,201.875,38.8282661437988,132.790865898132,4160,691,0,197,69
1322,128,11.1111111111111,90.0,85.0,30.882,0.064,448.6875,201.875,38.8272361755371,132.74796962738,4133,688,0,195,64
1323,129,11.1111111111111,90.0,85.0,30.882,0.064,449.1875,201.875,38.8316383361816,132.857737541199,4175,697,0,199,68
1324,129,11.1111111111111,90.0,85.0,30.882,0.064,449.1875,201.875,38.8316383361816,132.858473777771,4176,697,0,199,68
1325,129,11.1111111111111,90.0,85.0,30.882,0.064,449.1875,201.875,38.8316383361816,132.85910320282,4175,697,0,199,67
1326,129,11.1111111111111,90.0,85.0,30.882,0.064,450.375,201.875,38.8374900817871,132.930743217468,4187,703,0,203,63
1327,129,11.1111111111111,90.0,85.0,30.882,0.064,450.1875,201.875,38.8364601135254,132.902335166931,4164,701,0,200,58
1328,129,11.1111111111111,90.0,85.0,30.882,0.064,449.9375,201.875,38.8362655639648,132.863383293152,4144,698,0,198,56
1329,129,11.1111111111111,90.0,85.0,30.882,0.064,449.6875,201.875,38.8340034484863,132.877799034119,4164,702,0,203,59
1330,129,11.1111111111111,90.0,85.0,30.882,0.064,449.0625,201.5,38.8337326049805,132.874506950378,4158,702,0,203,57
1331,129,11.1111111111111,90.0,85.0,30.882,0.064,449.25,201.5,38.8347625732422,132.823508262634,4128,698,0,201,51
1332,130,11.1111111111111,90.0,85.0,30.882,0.064,448.8125,201.5,38.8315773010254,132.857573509216,4129,699,0,203,51
1333,130,11.1111111111111,90.0,85.0,30.882,0.064,448.8125,201.5,38.8315773010254,131.559984207153,4071,669,0,200,49
1334,130,11.1111111111111,90.0,85.0,30.882,0.064,444.75,201.125,37.1966590881348,131.539930343628,4057,669,0,200,42
1335,130,11.1111111111111,90.0,85.0,30.882,0.064,444.75,201.125,37.1966590881348,131.497400283813,4045,664,0,196,42
1336,130,11.1111111111111,90.0,85.0,30.882,0.064,444.4375,201.125,37.1952781677246,131.443868637085,4006,661,0,194,32
1337,130,39.0373333333334,25.6165038595532,85.0,30.882,0.064,444.0,201.125,37.1940536499023,131.453851699829,4005,661,0,194,31
1338,131,58.9173333333331,16.9729338281887,85.0,30.882,0.064,444.0,201.125,37.1940536499023,131.35743522644,3972,652,0,194,32
1339,131,26.7653333333335,37.3617614825144,85.0,30.882,0.064,444.0625,201.125,37.191219329834,131.477043151855,4021,672,0,208,40
1340,131,11.052,90.481360839667,85.0,30.882,0.064,443.25,201.125,37.1864356994629,131.430269241333,4008,667,0,203,36
1341,132,3.84466666666667,260.100572221259,85.0,30.882,0.064,443.75,201.125,37.1868858337402,131.462339401245,4001,671,0,205,29
1342,132,16.6666666666667,60.0,85.0,30.882,0.064,443.75,201.125,37.1868858337402,131.467878341675,4006,672,0,205,30
1343,132,13.2916666666667,75.2351097178683,85.0,30.882,0.064,443.9375,201.125,37.187915802002,131.463186264038,3998,672,0,203,28
1344,132,13.793,72.5005437540782,85.0,30.882,0.064,444.6875,201.125,37.1878490447998,131.860213279724,4034,677,0,206,34
1345,132,12.288,81.3802083333333,85.0,30.882,0.064,444.6875,201.125,37.1878490447998,131.792448997498,4016,671,0,202,34
1346,132,11.447,87.3591333973967,85.0,30.882,0.064,443.6875,201.125,37.1830272674561,131.80018901825,4024,673,0,202,34
1347,132,11.457,87.2828838264816,85.0,30.882,0.064,443.6875,201.125,37.1830272674561,131.802065849304,4023,673,0,202,34
1348,132,11.9047619047619,84.0,85.0,30.882,0.064,443.875,201.125,37.1840572357178,131.704916954041,3982,665,0,198,31
1349,132,11.7122380952381,85.3807779408596,85.0,30.882,0.064,442.6875,201.125,37.1782054901123,131.695738792419,3977,664,0,197,30
1350,133,12.1212121212121,82.5,85.0,30.882,0.064,442.9375,201.125,37.1784000396729,131.720404624939,3991,666,0,197,33
1351,133,12.0437878787879,83.0303564015147,85.0,30.882,0.064,442.9375,201.125,37.1784000396729,131.717623710632,3990,666,0,201,33
1352,133,11.708,85.4116843184148,85.0,30.882,0.064,442.9375,201.125,37.1784000396729,131.718985557556,3990,666,0,201,33
1353,133,11.768,84.9762066621346,85.0,30.882,0.064,443.125,201.125,37.1794300079346,131.720564842224,3990,666,0,201,33
1354,133,11.714,85.3679358033123,85.0,30.882,0.064,442.9375,201.125,37.1784000396729,131.726149559021,4004,667,0,202,36
1355,133,11.9047619047619,84.0,85.0,30.882,0.064,442.9375,201.125,37.1784000396729,131.722884178162,3999,666,0,201,35
1356,133,11.9047619047619,84.0,85.0,30.882,0.064,443.1875,201.125,37.1785945892334,131.728537559509,3992,666,0,202,35
1357,133,11.8654761904762,84.2781177887027,85.0,30.882,0.064,443.1875,201.125,37.1785945892334,131.729166984558,3991,666,0,202,34
1358,134,11.762,85.0195544975344,85.0,30.882,0.064,443.375,201.125,37.1796245574951,131.738471031189,4002,667,0,199,36
1359,134,11.448,87.3515024458421,85.0,30.882,0.064,443.1875,201.125,37.1785945892334,131.721255302429,3992,666,0,198,32
1360,134,11.9047619047619,84.0,85.0,30.882,0.064,443.1875,201.125,37.1785945892334,131.718070030212,3984,666,0,198,30
1361,134,10.9902380952381,90.9898394679261,85.0,30.882,0.064,443.1875,201.125,37.1785945892334,131.736632347107,3999,669,0,198,30
1362,134,10.67,93.7207122774133,85.0,30.882,0.064,443.4375,201.125,37.1787891387939,131.743632316589,4022,667,0,196,36
1363,134,10.961,91.2325517744731,85.0,30.882,0.064,443.25,201.125,37.1787891387939,131.705435752869,4008,660,0,194,35
1364,134,10.459,95.6114351276413,85.0,30.882,0.064,442.6875,201.125,37.1767292022705,131.593005180359,3965,652,0,185,34
1365,134,11.003,90.8843042806507,85.0,30.882,0.064,440.9375,201.125,37.1754741668701,131.585909843445,3962,652,0,185,33
1366,134,10.377,96.3669654042594,85.0,30.882,0.064,440.9375,201.125,37.1754741668701,131.56042766571,3950,649,0,183,32
1367,135,11.6666666666667,85.7142857142857,85.0,30.882,0.064,441.1875,201.125,37.1776905059814,131.614115715027,3972,653,0,184,34
1368,135,10.9683333333333,91.1715544750038,85.0,30.882,0.064,441.1875,201.125,37.1776905059814,131.488978385925,3923,644,0,176,31
1369,135,11.1111111111111,90.0,78.0,55.253,0.052,439.875,201.125,37.1796970367432,131.467898368835,3922,633,0,172,33
1370,135,10.6060606060606,94.2857142857143,78.0,55.253,0.052,439.375,201.125,37.1784839630127,131.260946273804,3890,628,0,167,29
1371,135,10.6060606060606,94.2857142857143,78.0,55.253,0.052,438.4375,201.125,37.1775207519531,131.069093704224,3869,628,0,167,23
1372,135,10.6060606060606,94.2857142857143,78.0,55.253,0.052,438.4375,201.125,37.1775207519531,131.069242477417,3867,628,0,167,22
1373,135,21.9890404040404,45.4772005337829,78.0,55.253,0.052,438.6875,201.125,37.1776695251465,131.110307693481,3893,633,0,169,26
1374,135,13.3333333333333,75.0,78.0,55.253,0.052,438.875,201.125,37.1786994934082,131.108995437622,3888,633,0,169,24
1375,136,10.2859999999998,97.2195216799554,78.0,55.253,0.052,438.9375,201.125,37.184398651123,131.06178855896,3850,621,0,169,25
1376,136,13.3333333333333,75.0,78.0,55.253,0.052,438.8125,201.125,37.1810340881348,131.064489364624,3859,621,0,171,27
1377,136,12.5,80.0,78.0,55.253,0.052,438.8125,201.125,37.1810340881348,131.060430526733,3862,619,0,169,29
1378,136,12.962962962963,77.1428571428571,78.0,55.253,0.052,438.8125,201.125,37.1810340881348,131.052816390991,3853,618,0,168,26
1379,136,11.2037037037037,89.2561983471075,78.0,55.253,0.052,439.0,201.125,37.1820640563965,131.052717208862,3850,618,0,168,25
1380,136,12.9540000000002,77.1962328238369,78.0,55.253,0.052,438.8125,201.125,37.1810340881348,130.9603099823,3806,610,0,161,24
1381,136,12.5,80.0,78.0,55.253,0.052,437.5625,201.125,37.1744422912598,130.956995010376,3803,610,0,161,23
1382,136,12.5,80.0,78.0,55.253,0.052,437.5625,201.125,37.1744422912598,130.940782546997,3796,608,0,160,23
1383,137,12.0459999999998,83.015108749794,78.0,55.253,0.052,437.3125,201.125,37.1742935180664,130.941343307495,3796,608,0,161,23
1384,137,12.5,80.0,78.0,55.253,0.052,439.375,202.75,37.175594329834,130.971464157104,3806,611,0,162,23
1385,137,12.5,80.0,78.0,55.253,0.052,439.1875,202.75,37.1745643615723,130.972608566284,3806,611,0,162,23
1386,137,12.5,80.0,78.0,55.253,0.052,439.1875,202.75,37.1745643615723,130.972757339478,3804,611,0,162,22
1387,137,12.5,80.0,78.0,55.253,0.052,439.1875,202.75,37.1745643615723,130.97315788269,3802,611,0,162,21
1388,137,11.4783333333336,87.1206621170304,78.0,55.253,0.052,439.1875,202.75,37.1745643615723,130.969476699829,3794,611,0,162,16
1389,137,10.888,91.844232182219,78.0,55.253,0.052,439.375,202.75,37.175594329834,130.949415206909,3785,609,0,161,16
1390,137,10.828,92.3531584780199,78.0,55.253,0.052,438.9375,202.75,37.1743698120117,130.967641830444,3794,610,0,158,17
1391,137,12.1212121212121,82.5,78.0,55.253,0.052,439.5625,203.125,37.1746406555176,130.913896560669,3769,605,0,156,14
1392,138,12.5,80.0,78.0,55.253,0.052,443.0,203.125,37.1790466308594,131.596842765808,3985,644,0,167,48
1393,138,12.1212121212121,82.5,78.0,55.253,0.052,443.0,203.125,37.1790466308594,131.531409263611,3959,638,0,164,47
1394,138,12.1212121212121,82.5,78.0,55.253,0.052,442.9375,203.125,37.1798820495605,131.561327934265,3969,639,0,166,49
1395,138,12.1212121212121,82.5,78.0,55.253,0.052,443.25,203.125,37.1812629699707,131.602206230164,3983,642,0,166,51
1396,138,12.1212121212121,82.5,78.0,55.253,0.052,443.25,203.125,37.1812629699707,131.606116294861,3980,642,0,168,50
1397,138,12.1212121212121,82.5,78.0,55.253,0.052,443.25,203.125,37.1812629699707,131.623129844666,3988,643,0,170,51
1398,138,12.1212121212121,82.5,78.0,55.253,0.052,444.5,203.125,37.1822204589844,131.750838279724,4050,657,0,182,60
1399,138,12.1212121212121,82.5,78.0,55.253,0.052,444.6875,203.125,37.1832504272461,131.755568504334,4045,657,0,185,57
1400,139,12.1212121212121,82.5,78.0,55.253,0.052,444.75,203.125,37.1824150085449,131.809149742126,4063,658,0,189,62
1401,139,11.881424242424,84.1649939936816,78.0,55.253,0.052,444.75,203.125,37.1824150085449,131.795664787292,4051,657,0,190,57
1402,139,12.1212121212121,82.5,78.0,55.253,0.052,444.75,203.125,37.1824150085449,131.013899803162,3981,620,0,185,56
1403,139,12.1212121212121,82.5,78.0,55.253,0.052,425.5,201.75,22.0860633850098,130.619277000427,3976,620,0,187,55
1404,139,11.6852424242427,85.5780277117197,78.0,55.253,0.052,425.6875,201.75,22.0870933532715,130.620097160339,3979,617,0,183,55
1405,139,10.786,92.7127758205081,78.0,55.253,0.052,425.75,201.75,22.0863342285156,130.607550621033,3959,615,0,183,48
1406,139,12.1212121212121,82.5,78.0,55.253,0.052,426.0,201.75,22.086498260498,130.946292877197,3949,616,0,186,40
1407,139,12.1212121212121,82.5,78.0,55.253,0.052,426.0,201.75,22.086498260498,130.964580535889,3955,618,0,186,40
1408,140,11.9047619047619,84.0,78.0,55.253,0.052,426.25,201.75,22.0866928100586,130.949928283691,3950,616,0,186,40
1409,140,11.3768138528139,87.8980717217824,78.0,55.253,0.052,424.5625,200.125,22.0874519348145,130.902809143066,3942,611,0,183,43
1410,140,11.9047619047619,84.0,78.0,55.253,0.052,424.75,201.125,22.0827598571777,130.927299499512,3949,614,0,184,42
1411,140,11.9047619047619,84.0,78.0,55.253,0.052,424.75,201.125,22.0827598571777,130.92671585083,3946,614,0,184,40
1412,140,11.8134761904762,84.6490892161091,78.0,55.253,0.052,425.0,201.125,22.0829544067383,130.949611663818,3955,615,0,185,42
1413,140,10.982,91.0580950646512,78.0,55.253,0.052,425.0,201.125,22.0829544067383,130.949447631836,3952,615,0,185,41
1414,140,23.7123333333333,42.172146702841,78.0,55.253,0.052,425.1875,201.125,22.083984375,130.936470031738,3960,615,0,192,43
1415,140,12.1212121212121,82.5,78.0,55.253,0.052,425.0,201.125,22.0829544067383,130.940788269043,3969,615,0,190,46
1416,141,13.8307878787879,72.3024609128514,78.0,55.253,0.052,426.0,202.125,22.0829544067383,130.961284637451,3965,615,0,186,45
1417,141,13.3333333333333,75.0,78.0,55.253,0.052,426.0,202.125,22.0829544067383,130.955215454102,3952,615,0,184,42
1418,141,12.8263333333331,77.9646040697537,78.0,55.253,0.052,426.1875,202.125,22.083984375,130.90678024292,3919,612,0,180,36
1419,141,13.3333333333333,75.0,78.0,55.253,0.052,425.5,202.125,22.0805435180664,130.908134460449,3924,612,0,179,38
1420,141,13.3333333333333,75.0,78.0,55.253,0.052,425.5,202.125,22.0805435180664,130.871383666992,3906,609,0,175,35
1421,141,13.3333333333333,75.0,78.0,55.253,0.052,425.0,202.125,22.0781326293945,130.83239364624,3882,606,0,173,29
1422,141,13.3333333333333,75.0,78.0,55.253,0.052,424.75,202.125,22.0759925842285,130.771625518799,3863,601,0,172,30
1423,141,12.3346666666669,81.0723165063222,78.0,55.253,0.052,423.8125,201.75,22.0763626098633,130.719661712646,3839,597,0,168,28
1424,142,11.764,85.0051003060184,78.0,55.253,0.052,423.375,201.75,22.0731163024902,130.749076843262,3847,600,0,169,29
1425,142,11.81,84.6740050804403,78.0,55.253,0.052,424.25,201.75,22.074535369873,130.886299133301,3906,620,0,177,33
1426,142,10.6,94.3396226415094,78.0,55.253,0.052,424.25,201.75,22.074535369873,130.881381988525,3895,620,0,177,31
1427,142,10.569,94.6163307786924,78.0,55.253,0.052,424.25,201.75,22.074535369873,130.841850280762,3882,616,0,175,33
1428,142,10.426,95.9140610013428,78.0,55.253,0.052,423.9375,201.75,22.0751762390137,130.846736907959,3890,617,0,175,34
1429,142,11.6666666666667,85.7142857142857,78.0,55.253,0.052,424.0,201.75,22.0744171142578,130.867702484131,3892,618,0,175,33
1430,142,10.6613333333333,93.7968984492246,78.0,55.253,0.052,424.0,201.75,22.0744171142578,130.860599517822,3885,617,0,176,33
1431,142,10.588,94.4465432565168,78.0,55.253,0.052,424.25,201.75,22.0746116638184,130.877952575684,3893,617,0,173,35
1432,143,10.802,92.5754489909276,78.0,55.253,0.052,424.25,201.75,22.0746116638184,130.876033782959,3879,617,0,172,33
1433,143,11.1111111111111,90.0,78.0,55.253,0.052,424.5,201.75,22.0748062133789,130.797729492188,3846,609,0,170,31
1434,143,10.7258888888889,93.232366133861,78.0,55.253,0.052,422.9375,200.75,22.0750999450684,130.793216705322,3839,610,0,170,26
1435,143,10.424,95.9324635456639,78.0,55.253,0.052,422.75,200.75,22.0740699768066,130.773040771484,3830,608,0,170,26
1436,143,10.577,94.5447669471495,78.0,55.253,0.052,422.5,200.75,22.0738754272461,130.773468017578,3830,608,0,170,26
1437,143,10.373,96.4041260965969,78.0,55.253,0.052,422.5,200.75,22.0738754272461,130.770877838135,3829,607,0,169,26
1438,143,10.543,94.8496632836953,78.0,55.253,0.052,422.5,200.75,22.0738754272461,130.772850036621,3830,607,0,169,27
1439,143,11.1111111111111,90.0,78.0,55.253,0.052,422.5,200.75,22.0738754272461,130.776260375977,3837,608,0,171,28
1440,143,10.6878888888889,93.5638469295464,78.0,55.253,0.052,422.6875,200.75,22.0749053955078,130.761074066162,3834,607,0,171,26
1441,143,10.308,97.012029491657,78.0,55.253,0.052,422.25,200.75,22.0736045837402,130.756530761719,3826,607,0,169,23
1442,144,10.347,96.6463709287716,78.0,55.253,0.052,422.25,200.75,22.0736045837402,130.75207901001,3822,606,0,168,22
1443,144,10.6060606060606,94.2857142857143,78.0,55.253,0.052,422.25,200.75,22.0736045837402,130.748924255371,3823,606,0,170,22
1444,144,10.5029393939394,95.2114415300767,78.0,55.253,0.052,422.25,200.75,22.0736045837402,130.756378173828,3829,607,0,170,23
1445,144,10.4,96.1538461538462,78.0,55.253,0.052,422.25,200.75,22.0736045837402,130.758316040039,3829,607,0,171,23
1446,144,10.377,96.3669654042594,78.0,55.253,0.052,422.4375,200.75,22.074634552002,130.757038116455,3826,607,0,171,23
1447,144,10.533,94.9397132820659,78.0,55.253,0.052,422.25,200.75,22.0736045837402,130.754230499268,3825,606,0,170,23
1448,144,10.237,97.6848686138517,78.0,55.253,0.052,422.25,200.75,22.0736045837402,130.734104156494,3817,605,0,169,22
1449,144,10.286,97.2195216799533,78.0,55.253,0.052,421.0,199.75,22.0733337402344,130.737865447998,3819,606,0,169,22
1450,144,10.34,96.7117988394584,78.0,55.253,0.052,421.0,199.75,22.0733337402344,130.742687225342,3824,606,0,170,24
1451,145,10.4166666666667,96.0,78.0,55.253,0.052,421.0,199.75,22.0733337402344,130.763412475586,3843,609,0,168,27
1452,145,10.4166666666667,96.0,78.0,55.253,0.052,421.1875,199.75,22.0743637084961,130.728588104248,3830,603,0,166,26
1453,145,10.4166666666667,96.0,84.0,40.32,0.031,420.625,199.75,22.0723037719727,130.731113433838,3839,602,0,165,30
1454,145,10.4166666666667,96.0,84.0,40.32,0.031,420.625,199.75,22.0723037719727,130.730201721191,3835,602,0,165,29
1455,145,10.4166666666667,96.0,84.0,40.32,0.031,420.625,199.75,22.0723037719727,130.731563568115,3835,602,0,165,29
1456,145,10.5383333333331,94.8916653487289,84.0,40.32,0.031,420.625,199.75,22.0723037719727,130.651988983154,3815,584,0,165,29
1457,145,10.4166666666667,96.0,84.0,40.32,0.031,418.1875,199.75,22.0706672668457,130.650524139404,3815,584,0,157,29
1458,145,22.6520000000002,44.1462122549881,84.0,40.32,0.031,418.375,199.75,22.0716972351074,130.642383575439,3813,583,0,158,28
1459,145,10.6060606060606,94.2857142857143,84.0,40.32,0.031,418.1875,199.75,22.0706672668457,130.607116699219,3797,578,0,154,27
1460,146,11.1111111111111,90.0,84.0,40.32,0.031,417.9375,199.75,22.0704727172852,130.569396972656,3768,575,0,153,22
1461,146,11.1111111111111,90.0,84.0,40.32,0.031,417.6875,199.75,22.0702781677246,130.534523010254,3754,573,0,152,20
1462,146,11.1111111111111,90.0,84.0,40.32,0.031,417.625,199.75,22.0711135864258,130.533191680908,3751,573,0,152,18
1463,146,11.6666666666667,85.7142857142857,84.0,40.32,0.031,417.4375,199.75,22.0700836181641,130.51245880127,3742,571,0,151,18
1464,146,11.3252727272725,88.2980943665834,84.0,40.32,0.031,417.1875,199.75,22.0698890686035,130.499767303467,3726,570,0,151,18
1465,146,11.6666666666667,85.7142857142857,84.0,40.32,0.031,417.1875,199.75,22.0698890686035,130.501129150391,3726,570,0,151,18
1466,146,11.6666666666667,85.7142857142857,84.0,40.32,0.031,417.1875,199.75,22.0698890686035,130.502490997314,3726,570,0,149,18
1467,146,10.0,99.9999999999999,84.0,40.32,0.031,417.375,199.75,22.0709190368652,130.501178741455,3721,570,0,149,16
1468,146,11.6666666666667,85.7142857142857,84.0,40.32,0.031,417.1875,199.75,22.0698890686035,130.501686096191,3720,570,0,149,16
1469,147,11.3300000000002,88.2612533097952,84.0,40.32,0.031,417.1875,199.75,22.0698890686035,130.514434814453,3723,570,0,146,17
1470,147,10.3366666666664,96.7429861335075,84.0,40.32,0.031,417.1875,199.75,22.0698890686035,130.506805419922,3716,569,0,146,16
1471,147,11.1111111111111,90.0,84.0,40.32,0.031,417.1875,199.75,22.0698890686035,130.497901916504,3709,567,0,146,14
1472,147,11.1111111111111,90.0,84.0,40.32,0.031,417.1875,199.75,22.0698890686035,130.499263763428,3709,567,0,146,14
1473,147,11.1111111111111,90.0,84.0,40.32,0.031,417.375,199.75,22.0709190368652,130.500843048096,3709,567,0,146,14
1474,147,11.1111111111111,90.0,84.0,40.32,0.031,417.1875,199.75,22.0698890686035,130.190818786621,3691,563,0,144,14
1475,147,11.1111111111111,90.0,84.0,40.32,0.031,416.6875,199.75,22.0695610046387,129.829343795776,3691,563,0,144,14
1476,147,11.1111111111111,90.0,84.0,40.32,0.031,416.6875,199.75,22.0695610046387,129.8307056427,3691,563,0,144,14
1477,147,11.1111111111111,90.0,84.0,40.32,0.031,416.6875,199.75,22.0695610046387,129.832067489624,3691,563,0,144,14
1478,148,11.1111111111111,90.0,84.0,40.32,0.031,416.875,199.75,22.0705909729004,129.845525741577,3694,563,0,144,15
1479,148,11.1111111111111,90.0,84.0,40.32,0.031,417.0625,199.75,22.0705909729004,129.907827377319,3723,573,0,152,18
1480,148,11.1111111111111,90.0,84.0,40.32,0.031,417.0625,199.75,22.0705909729004,129.905237197876,3717,573,0,152,14
1481,148,11.1111111111111,90.0,84.0,40.32,0.031,417.0625,199.75,22.0705909729004,129.9065990448,3717,573,0,152,14
1482,148,10.5134444444447,95.1163061054078,84.0,40.32,0.031,417.0625,199.75,22.0705909729004,129.861597061157,3695,569,0,150,12
1483,148,10.324,96.8616815187912,84.0,40.32,0.031,416.5625,199.75,22.0702018737793,129.867696762085,3701,570,0,148,13
1484,148,10.256,97.5039001560062,84.0,40.32,0.031,416.75,199.75,22.071231842041,129.868761062622,3699,570,0,149,12
1485,148,10.181,98.2221785679206,84.0,40.32,0.031,416.5625,199.75,22.0702018737793,129.868227005005,3696,570,0,149,11
1486,148,10.881,91.9033177097693,84.0,40.32,0.031,416.5625,199.75,22.0702018737793,129.843397140503,3684,564,0,147,11
1487,149,11.1111111111111,90.0,84.0,40.32,0.031,417.3125,199.75,22.0728073120117,129.940881729126,3720,571,0,150,15
1488,149,11.1111111111111,90.0,84.0,40.32,0.031,417.3125,199.75,22.0728073120117,129.946657180786,3723,572,0,148,15
1489,149,11.1111111111111,90.0,84.0,40.32,0.031,419.1875,201.375,22.0730781555176,129.974950790405,3730,575,0,150,14
1490,149,11.1111111111111,90.0,84.0,40.32,0.031,419.875,201.375,22.0765190124512,130.016901016235,3745,578,0,152,16
1491,149,11.1111111111111,90.0,84.0,40.32,0.031,419.6875,201.375,22.0754890441895,130.018045425415,3745,578,0,152,16
1492,149,11.1111111111111,90.0,84.0,40.32,0.031,419.6875,201.375,22.0754890441895,130.015455245972,3744,577,0,151,16
1493,149,11.1111111111111,90.0,84.0,40.32,0.031,419.9375,201.375,22.0756378173828,130.056711196899,3766,583,0,155,18
1494,149,11.1111111111111,90.0,84.0,40.32,0.031,420.1875,201.375,22.0758323669434,130.082059860229,3776,585,0,157,20
1495,149,11.0251111111111,90.7020337411565,84.0,40.32,0.031,420.375,201.375,22.0768623352051,130.098466873169,3780,586,0,157,18
1496,150,11.1111111111111,90.0,84.0,40.32,0.031,421.5625,201.75,22.0787086486816,130.207414627075,3821,594,0,161,23
1497,150,11.1111111111111,90.0,84.0,40.32,0.031,421.5625,201.75,22.0787086486816,130.198690414429,3824,593,0,162,23
1498,150,11.1111111111111,90.0,84.0,40.32,0.031,421.5625,201.75,22.0787086486816,130.203870773315,3826,594,0,162,23
1499,150,11.1111111111111,90.0,84.0,40.32,0.031,422.0625,201.75,22.0811195373535,130.238321304321,3839,595,0,163,25
1500,150,11.1111111111111,90.0,84.0,40.32,0.031,422.25,201.75,22.0821495056152,130.208826065063,3820,592,0,161,22
1501,150,11.1111111111111,90.0,84.0,40.32,0.031,421.8125,201.75,22.080924987793,130.207357406616,3817,592,0,161,21
1502,150,11.1111111111111,90.0,84.0,40.32,0.031,421.8125,201.75,22.080924987793,130.216291427612,3817,592,0,160,18
1503,150,15.7405555555556,63.5301591783432,84.0,40.32,0.031,422.5625,201.75,22.0815391540527,130.287302017212,3851,600,0,166,23
1504,150,11.6666666666667,85.7142857142857,84.0,40.32,0.031,422.5625,201.75,22.0815391540527,130.307920455933,3868,603,0,167,25
1505,151,12.4803333333333,80.1260650089474,84.0,40.32,0.031,423.0,201.75,22.082763671875,130.323198318481,3876,598,0,165,30
1506,151,11.6666666666667,85.7142857142857,84.0,40.32,0.031,422.1875,201.75,22.0805549621582,130.318037033081,3879,598,0,167,30
1507,151,11.6713333333333,85.6800137088022,84.0,40.32,0.031,422.1875,201.75,22.0805549621582,130.315446853638,3878,597,0,166,30
1508,151,11.6666666666667,85.7142857142857,84.0,40.32,0.031,422.1875,201.75,22.0805549621582,130.314535140991,3874,597,0,166,29
1509,151,11.6666666666667,85.7142857142857,84.0,40.32,0.031,422.1875,201.75,22.0805549621582,130.323282241821,3880,596,0,164,30
1510,151,11.3716666666664,87.9378572475468,84.0,40.32,0.031,422.625,201.75,22.0818557739258,130.312414169312,3873,595,0,168,27
1511,151,11.6666666666667,85.7142857142857,84.0,40.32,0.031,422.4375,201.75,22.0808258056641,130.308420181274,3871,594,0,167,26
1512,151,11.6666666666667,85.7142857142857,84.0,40.32,0.031,422.6875,201.75,22.0810203552246,130.317758560181,3872,593,0,165,26
1513,152,11.6666666666667,85.7142857142857,84.0,40.32,0.031,422.6875,201.75,22.0810203552246,130.34356880188,3874,595,0,165,26
1514,152,11.6666666666667,85.7142857142857,84.0,40.32,0.031,422.9375,201.75,22.0812149047852,130.296762466431,3863,590,0,163,27
1515,152,13.6243333333336,73.3980867565373,84.0,40.32,0.031,422.0,201.125,22.0818252563477,130.319757461548,3868,593,0,164,25
1516,152,11.6666666666667,85.7142857142857,84.0,40.32,0.031,421.8125,201.125,22.0807952880859,130.287275314331,3858,590,0,162,25
1517,152,11.3756666666664,87.906935857241,84.0,40.32,0.031,421.3125,201.125,22.0783843994141,130.285722732544,3856,590,0,162,24
1518,152,11.6666666666667,85.7142857142857,84.0,40.32,0.031,421.3125,201.125,22.0783843994141,130.271966934204,3837,589,0,162,22
1519,152,11.6666666666667,85.7142857142857,84.0,40.32,0.031,421.3125,201.125,22.0783843994141,130.227617263794,3827,585,0,162,23
1520,152,10.0,100.0,84.0,40.32,0.031,421.0,201.125,22.0770034790039,130.203035354614,3814,583,0,159,20
1521,152,11.6666666666667,85.7142857142857,84.0,40.32,0.031,420.5625,201.125,22.0757789611816,130.199403762817,3811,583,0,158,18
1522,153,14.7036666666669,68.010246877195,84.0,40.32,0.031,422.5625,202.125,22.0806007385254,130.314958572388,3853,592,0,163,22
1523,153,11.6666666666667,85.7142857142857,84.0,40.32,0.031,422.9375,202.125,22.0816307067871,130.377939224243,3884,602,0,171,25
1524,153,11.6666666666667,85.7142857142857,84.0,40.32,0.031,423.9375,202.125,22.0864524841309,130.437871932983,3904,606,0,174,28
1525,153,11.6666666666667,85.7142857142857,84.0,40.32,0.031,423.875,202.125,22.087287902832,130.437303543091,3902,606,0,173,27
1526,153,11.6666666666667,85.7142857142857,84.0,40.32,0.031,423.6875,202.125,22.0862579345703,130.388906478882,3888,602,0,170,28
1527,153,10.2963333333331,97.1219527987332,84.0,40.32,0.031,422.9375,202.125,22.0836524963379,130.374910354614,3874,601,0,171,24
1528,153,11.6666666666667,85.7142857142857,84.0,40.32,0.031,423.1875,202.125,22.0838012695313,130.393632888794,3899,604,0,176,27
1529,153,11.6666666666667,85.7142857142857,84.0,40.32,0.031,422.8125,201.75,22.0838012695313,130.326414108276,3870,597,0,173,26
1530,154,10.0,100.0,84.0,40.32,0.031,422.5,201.75,22.0824203491211,130.362577438354,3884,600,0,174,28
1531,154,11.6666666666667,85.7142857142857,84.0,40.32,0.031,422.3125,201.75,22.0813903808594,130.357286453247,3886,600,0,176,28
1532,154,11.6666666666667,85.7142857142857,84.0,40.32,0.031,422.3125,201.75,22.0813903808594,130.33722114563,3878,598,0,176,28
1533,154,11.6666666666667,85.7142857142857,84.0,40.32,0.031,422.0625,201.75,22.0811958312988,130.337648391724,3878,598,0,176,28
1534,154,11.6666666666667,85.7142857142857,84.0,40.32,0.031,422.0625,201.75,22.0811958312988,130.326753616333,3875,595,0,173,28
1535,154,11.6666666666667,85.7142857142857,84.0,40.32,0.031,422.25,201.75,22.0822257995605,130.328397750854,3876,596,0,172,26
1536,154,11.6666666666667,85.7142857142857,84.0,40.32,0.031,422.3125,201.75,22.0814666748047,130.345651626587,3876,596,0,174,26
1537,154,11.6666666666667,85.7142857142857,84.0,40.32,0.031,422.5625,201.75,22.0816612243652,130.368448257446,3883,598,0,175,26
1538,154,11.6666666666667,85.7142857142857,84.0,40.32,0.031,422.5625,201.75,22.0816612243652,130.339269638062,3867,595,0,174,26
1539,155,11.2746666666669,88.6944181646148,84.0,40.32,0.031,422.3125,201.75,22.0814666748047,130.35764503479,3885,597,0,173,29
1540,155,11.443,87.3896705409421,87.0,38.002,0.04,422.75,201.75,22.082691192627,130.266958236694,3844,588,0,171,26
1541,155,11.1111111111111,90.0,87.0,38.002,0.04,420.5625,200.75,22.0807762145996,130.25710105896,3832,588,0,171,21
1542,155,11.1111111111111,90.0,87.0,38.002,0.04,420.5625,200.75,22.0807762145996,130.258462905884,3832,588,0,171,21
1543,155,11.4297777777778,87.4907648637088,87.0,38.002,0.04,420.5625,200.75,22.0807762145996,130.240526199341,3828,586,0,169,22
1544,155,11.1111111111111,90.0,87.0,38.002,0.04,420.3125,200.75,22.0805816650391,130.239255905151,3824,586,0,170,21
1545,155,11.1111111111111,90.0,87.0,38.002,0.04,420.5,200.75,22.0816116333008,130.239011764526,3821,586,0,170,19
1546,155,27.5434444444444,36.306279776192,87.0,38.002,0.04,420.3125,200.75,22.0805816650391,130.262113571167,3840,590,0,170,20
1547,156,12.5,80.0,87.0,38.002,0.04,420.3125,200.75,22.0805816650391,130.212800979614,3832,582,0,165,22
1548,156,13.8888888888889,72.0,87.0,38.002,0.04,419.6875,200.75,22.0792808532715,130.198469161987,3816,581,0,165,18
1549,156,7.47577777777752,133.765345857738,87.0,38.002,0.04,419.875,200.75,22.0803108215332,130.127607345581,3793,574,0,160,17
1550,156,13.8888888888889,72.0,87.0,38.002,0.04,418.6875,200.75,22.0744590759277,130.122594833374,3789,574,0,160,16
1551,156,13.3333333333333,75.0,87.0,38.002,0.04,418.6875,200.75,22.0744590759277,130.122034072876,3785,574,0,156,14
1552,156,13.3333333333333,75.0,87.0,38.002,0.04,418.6875,200.75,22.0744590759277,129.991609573364,3749,561,0,149,15
1553,156,13.3333333333333,75.0,87.0,38.002,0.04,416.4375,199.75,22.0693664550781,129.973287582397,3732,561,0,151,11
1554,157,12.7777777777778,78.2608695652174,87.0,38.002,0.04,416.625,199.75,22.0703964233398,129.972501754761,3730,561,0,150,11
1555,157,10.3053333333336,97.0371328761782,87.0,38.002,0.04,416.4375,199.75,22.0693664550781,129.97364616394,3730,561,0,150,11
1556,157,10.087,99.1375037176564,87.0,38.002,0.04,416.4375,199.75,22.0693664550781,129.977891921997,3735,561,0,150,13
1557,157,10.163,98.3961428711994,87.0,38.002,0.04,416.4375,199.75,22.0693664550781,129.965669631958,3718,560,0,150,13
1558,157,10.552,94.7687642153146,87.0,38.002,0.04,416.4375,199.75,22.0693664550781,129.967031478882,3718,560,0,150,13
1559,157,10.088,99.1276764472641,87.0,38.002,0.04,416.4375,199.75,22.0693664550781,129.966417312622,3715,560,0,150,11
1560,157,10.179,98.2414775518224,87.0,38.002,0.04,416.625,199.75,22.0703964233398,129.96799659729,3715,560,0,148,11
1561,157,9.939,100.613743837408,87.0,38.002,0.04,416.4375,199.75,22.0693664550781,129.958375930786,3705,559,0,148,10
1562,157,10.539,94.8856627763545,87.0,38.002,0.04,416.4375,199.75,22.0693664550781,129.938238143921,3696,557,0,147,10
1563,157,9.917,100.836946657255,87.0,38.002,0.04,416.1875,199.75,22.0691719055176,129.938665390015,3696,557,0,147,10
1564,158,11.06,90.4159132007233,87.0,38.002,0.04,416.1875,199.75,22.0691719055176,129.952043533325,3699,557,0,147,11
1565,158,10.063,99.3739441518434,87.0,38.002,0.04,416.1875,199.75,22.0691719055176,129.92214012146,3682,554,0,146,9
1566,158,10.258,97.4848898420745,87.0,38.002,0.04,416.125,199.75,22.0700073242188,129.887231826782,3668,552,0,145,7
1567,158,10.261,97.4563882662509,87.0,38.002,0.04,415.6875,199.75,22.0687828063965,129.887441635132,3668,552,0,145,7
1568,158,10.214,97.904836498923,87.0,38.002,0.04,415.6875,199.75,22.0687828063965,129.888803482056,3668,552,0,145,7
1569,158,10.013,99.8701687805852,87.0,38.002,0.04,415.6875,199.75,22.0687828063965,129.890165328979,3668,552,0,145,7
1570,158,10.072,99.2851469420175,87.0,38.002,0.04,415.6875,199.75,22.0687828063965,129.891527175903,3668,552,0,145,7
1571,158,10.416,96.0061443932412,87.0,38.002,0.04,415.6875,199.75,22.0687828063965,129.892889022827,3668,552,0,143,7
1572,158,10.4166666666667,96.0,87.0,38.002,0.04,415.875,199.75,22.0698127746582,129.892789840698,3665,552,0,143,6
1573,158,10.0943333333333,99.0654822837896,87.0,38.002,0.04,415.6875,199.75,22.0687828063965,129.893297195435,3664,552,0,143,6
1574,159,9.993,100.070049034324,87.0,38.002,0.04,415.6875,199.75,22.0687828063965,129.894598007202,3664,552,0,141,6
1575,159,10.0,100.0,87.0,38.002,0.04,416.0625,199.75,22.0698127746582,129.94818687439,3686,561,0,149,8
1576,159,10.0,100.0,87.0,38.002,0.04,416.0625,199.75,22.0698127746582,129.949548721313,3686,561,0,149,8
1577,159,10.0,100.0,87.0,38.002,0.04,416.0625,199.75,22.0698127746582,129.950910568237,3686,561,0,149,8
1578,159,10.0,100.0,87.0,38.002,0.04,416.25,199.75,22.0708427429199,129.952489852905,3686,561,0,149,8
1579,159,10.0,100.0,87.0,38.002,0.04,416.0625,199.75,22.0698127746582,129.960218429565,3692,562,0,149,9
1580,159,10.0,100.0,87.0,38.002,0.04,416.0625,199.75,22.0698127746582,129.961065292358,3690,562,0,150,8
1581,159,10.0,100.0,87.0,38.002,0.04,416.0625,199.75,22.0698127746582,129.962427139282,3690,562,0,150,8
1582,159,10.0,100.0,87.0,38.002,0.04,416.0625,199.75,22.0698127746582,129.955930709839,3688,560,0,148,8
1583,159,10.0,100.0,87.0,38.002,0.04,416.0625,199.75,22.0698127746582,129.948934555054,3682,559,0,145,6
1584,160,10.0,100.0,87.0,38.002,0.04,417.0,199.75,22.0734481811523,130.070318222046,3727,568,0,149,12
1585,160,10.0,100.0,87.0,38.002,0.04,416.8125,199.75,22.0724182128906,130.072038650513,3727,568,0,150,12
1586,160,10.0,100.0,87.0,38.002,0.04,416.8125,199.75,22.0724182128906,130.073400497437,3727,568,0,150,12
1587,160,10.0,100.0,87.0,38.002,0.04,417.3125,199.75,22.0748291015625,130.115133285522,3742,571,0,152,14
1588,160,10.0,100.0,87.0,38.002,0.04,417.3125,199.75,22.0748291015625,130.116495132446,3742,571,0,152,14
1589,160,10.0,100.0,87.0,38.002,0.04,417.3125,199.75,22.0748291015625,130.120065689087,3747,571,0,151,15
1590,160,10.4166666666667,96.0,87.0,38.002,0.04,417.5,199.75,22.0758590698242,130.119947433472,3743,571,0,152,14
1591,160,10.4166666666667,96.0,87.0,38.002,0.04,417.5625,199.75,22.0749778747559,130.15818977356,3765,576,0,156,17
1592,160,24.579,40.6851377191912,87.0,38.002,0.04,417.8125,199.75,22.0751724243164,130.187395095825,3779,579,0,155,19
1593,161,16.6666666666667,60.0,87.0,38.002,0.04,418.0625,199.75,22.075366973877,130.223428726196,3798,581,0,158,23
1594,161,16.6666666666667,60.0,87.0,38.002,0.04,420.125,201.375,22.0766677856445,130.24529838562,3799,584,0,159,19
1595,161,16.6666666666667,60.0,87.0,38.002,0.04,419.9375,201.375,22.0756378173828,130.244230270386,3803,583,0,157,20
1596,161,14.4596666666667,69.1578874570645,87.0,38.002,0.04,419.9375,201.375,22.0756378173828,130.233686447144,3793,581,0,154,17
1597,161,11.292,88.5582713425434,87.0,38.002,0.04,420.1875,201.375,22.0758323669434,130.249555587769,3787,583,0,155,13
1598,161,10.537,94.9036727721363,87.0,38.002,0.04,420.375,201.375,22.0768623352051,130.265085220337,3802,585,0,154,14
1599,161,10.411,96.0522524253194,87.0,38.002,0.04,420.1875,201.375,22.0758323669434,130.247549057007,3797,580,0,152,13
1600,162,12.5,80.0,87.0,38.002,0.04,420.9375,201.75,22.0774841308594,130.332323074341,3815,583,0,153,15
1601,162,11.928,83.8363514419852,87.0,38.002,0.04,420.6875,201.75,22.077335357666,130.33595085144,3820,583,0,153,17
1602,162,10.564,94.6611132146914,87.0,38.002,0.04,420.6875,201.75,22.077335357666,130.337312698364,3820,583,0,153,17
1603,162,10.995,90.9504320145521,87.0,38.002,0.04,421.375,201.75,22.0807762145996,130.374864578247,3834,585,0,154,19
1604,162,10.631,94.0645282663908,87.0,38.002,0.04,421.1875,201.75,22.0797462463379,130.373735427856,3830,585,0,154,18
1605,162,10.379,96.34839579921,87.0,38.002,0.04,421.1875,201.75,22.0797462463379,130.373273849487,3827,585,0,154,16
1606,162,10.6,94.3396226415094,87.0,38.002,0.04,421.1875,201.75,22.0797462463379,130.375661849976,3828,583,0,151,15
1607,162,11.1111111111111,90.0,87.0,38.002,0.04,421.6875,201.75,22.0801658630371,130.411005020142,3851,588,0,160,20
1608,162,10.5978888888889,94.3584151979954,87.0,38.002,0.04,421.6875,201.75,22.0801658630371,130.410192489624,3847,588,0,160,18
1609,163,11.1111111111111,90.0,87.0,38.002,0.04,422.125,201.75,22.0813903808594,130.491186141968,3874,592,0,162,24
1610,163,11.1111111111111,90.0,87.0,38.002,0.04,421.9375,201.75,22.0803604125977,130.488557815552,3878,592,0,164,25
1611,163,11.1111111111111,90.0,87.0,38.002,0.04,421.9375,201.75,22.0803604125977,130.489919662476,3878,592,0,164,25
1612,163,11.0046666666667,90.8705397710062,87.0,38.002,0.04,421.9375,201.75,22.0803604125977,130.457654953003,3868,589,0,162,25
1613,163,10.594,94.3930526713234,87.0,38.002,0.04,421.4375,201.75,22.0779495239258,130.459657669067,3860,589,0,162,26
1614,163,11.101,90.0819745968832,87.0,38.002,0.04,421.6875,201.75,22.0782203674316,130.453546524048,3859,587,0,163,26
1615,163,10.656,93.8438438438438,87.0,38.002,0.04,421.875,201.75,22.0792503356934,130.402574539185,3836,582,0,160,22
1616,163,10.726,93.231400335633,87.0,38.002,0.04,421.1875,201.75,22.0758094787598,130.400087356567,3833,582,0,160,21
1617,163,10.697,93.4841544358231,87.0,38.002,0.04,421.1875,201.75,22.0758094787598,130.379312515259,3823,580,0,157,21
1618,164,11.1111111111111,90.0,87.0,38.002,0.04,421.1875,201.75,22.0758094787598,130.437368392944,3847,585,0,158,25
1619,164,11.395222222222,87.7560771083418,87.0,38.002,0.04,421.4375,201.75,22.0760040283203,130.404508590698,3834,581,0,157,24
1620,164,11.1111111111111,90.0,87.0,38.002,0.04,421.4375,201.125,22.0772743225098,130.544767379761,3899,601,0,167,30
1621,164,11.1111111111111,90.0,87.0,38.002,0.04,421.375,201.125,22.0780334472656,130.521207809448,3886,599,0,166,29
1622,164,11.1111111111111,90.0,87.0,38.002,0.04,420.9375,201.125,22.0768089294434,130.521417617798,3886,599,0,166,29
1623,164,11.1111111111111,90.0,87.0,38.002,0.04,421.1875,201.125,22.0770034790039,130.538572311401,3890,600,0,166,29
1624,164,11.1111111111111,90.0,87.0,38.002,0.04,421.1875,201.125,22.0770034790039,130.532274246216,3888,600,0,168,29
1625,164,11.1111111111111,90.0,87.0,38.002,0.04,421.4375,201.125,22.0771980285645,130.536123275757,3889,600,0,169,31
1626,164,11.1111111111111,90.0,87.0,38.002,0.04,421.375,201.125,22.0780334472656,130.542585372925,3895,598,0,166,32
1627,165,11.1111111111111,90.0,87.0,38.002,0.04,422.4375,202.125,22.0772743225098,130.52544593811,3880,597,0,166,27
1628,165,11.1111111111111,90.0,88.0,36.242,0.049,422.1875,202.125,22.0770034790039,130.511289596558,3870,596,0,166,23
1629,165,11.1111111111111,90.0,88.0,36.242,0.049,422.1875,202.125,22.0770034790039,130.499750137329,3872,595,0,165,26
1630,165,11.1111111111111,90.0,88.0,36.242,0.049,421.9375,202.125,22.0768089294434,130.500020980835,3871,595,0,166,25
1631,165,11.1111111111111,90.0,88.0,36.242,0.049,422.125,202.125,22.0778388977051,130.500387191772,3869,595,0,166,24
1632,165,11.1111111111111,90.0,88.0,36.242,0.049,421.9375,202.125,22.0768089294434,130.463220596313,3857,591,0,163,23
1633,165,11.1111111111111,90.0,88.0,36.242,0.049,421.4375,202.125,22.0743980407715,130.472017288208,3854,592,0,163,19
1634,165,11.1111111111111,90.0,88.0,36.242,0.049,421.6875,202.125,22.0746688842773,130.464021682739,3854,592,0,163,19
1635,165,18.5863333333336,53.8029735110019,88.0,36.242,0.049,421.0625,201.75,22.0743980407715,130.415712356567,3834,588,0,160,16
1636,166,13.372,74.7831289261143,88.0,36.242,0.049,421.25,201.75,22.0734062194824,130.461149215698,3851,590,0,161,20
1637,166,12.352,80.9585492227979,88.0,36.242,0.049,421.0625,201.75,22.0723762512207,130.456781387329,3850,590,0,163,20
1638,166,12.04,83.0564784053156,88.0,36.242,0.049,421.0625,201.75,22.0723762512207,130.464235305786,3856,591,0,163,21
1639,166,12.1212121212121,82.5,88.0,36.242,0.049,421.0625,201.75,22.0723762512207,130.481870651245,3864,592,0,164,22
1640,166,12.5677878787879,79.5684976262065,88.0,36.242,0.049,421.3125,201.75,22.0726470947266,130.480447769165,3869,592,0,165,24
1641,166,12.579,79.4975753239526,88.0,36.242,0.049,421.5,201.75,22.0736770629883,130.491304397583,3881,591,0,166,29
1642,166,12.1212121212121,82.5,88.0,36.242,0.049,421.5625,201.75,22.0728416442871,130.52011680603,3893,594,0,167,31
1643,167,12.5,80.0,88.0,36.242,0.049,421.5625,201.75,22.0728416442871,130.55027961731,3913,598,0,168,34
1644,167,12.5,80.0,88.0,36.242,0.049,421.8125,201.75,22.0730361938477,130.461942672729,3886,587,0,164,33
1645,167,12.5,80.0,88.0,36.242,0.049,419.6875,200.75,22.0712699890137,130.421846389771,3866,583,0,162,31
1646,167,12.5,80.0,88.0,36.242,0.049,419.625,200.75,22.0721054077148,130.417356491089,3857,583,0,162,28
1647,167,12.5,80.0,88.0,36.242,0.049,419.4375,200.75,22.0710754394531,130.418500900269,3857,583,0,162,28
1648,167,12.5,80.0,88.0,36.242,0.049,419.4375,200.75,22.0710754394531,130.417886734009,3854,583,0,162,26
1649,167,12.5,80.0,88.0,36.242,0.049,419.4375,200.75,22.0710754394531,130.41717338562,3873,582,0,163,32
1650,167,12.5,80.0,88.0,36.242,0.049,419.4375,200.75,22.0710754394531,130.359983444214,3845,576,0,158,27
1651,168,12.5,80.0,88.0,36.242,0.049,421.8125,200.75,22.0734405517578,130.815600395203,3966,599,0,165,47
1652,168,12.5,80.0,88.0,36.242,0.049,421.625,200.75,22.0724105834961,130.819033622742,3967,599,0,164,46
1653,168,12.5,80.0,88.0,36.242,0.049,421.625,200.75,22.0724105834961,130.797739982605,3953,597,0,164,44
1654,168,12.5,80.0,88.0,36.242,0.049,421.375,200.75,22.0722160339355,130.796191215515,3950,597,0,164,42
1655,168,12.5,80.0,88.0,36.242,0.049,421.375,200.75,22.0722160339355,130.762293815613,3925,594,0,161,42
1656,168,12.1212121212121,82.5,88.0,36.242,0.049,421.3125,200.75,22.0730514526367,130.745837211609,3921,593,0,163,42
1657,168,12.1212121212121,82.5,88.0,36.242,0.049,419.875,199.75,22.0717506408691,130.744467735291,3912,593,0,165,39
1658,168,12.1212121212121,82.5,88.0,36.242,0.049,419.875,199.75,22.0717506408691,130.749613761902,3915,593,0,166,40
1659,169,12.0634848484846,82.8947864203288,88.0,36.242,0.049,420.125,199.75,22.0719451904297,130.770674705505,3922,594,0,167,41
1660,169,12.1212121212121,82.5,88.0,36.242,0.049,420.5,199.75,22.0729751586914,130.829081535339,3944,603,0,177,43
1661,169,12.1212121212121,82.5,88.0,36.242,0.049,420.6875,199.75,22.0740051269531,130.83354473114,3949,603,0,177,45
1662,169,12.0679090909094,82.8643961822093,88.0,36.242,0.049,420.5,199.75,22.0729751586914,130.827635765076,3944,601,0,178,45
1663,169,10.262,97.4468914441629,88.0,36.242,0.049,420.5,199.75,22.0729751586914,130.837695121765,3950,602,0,179,46
1664,169,10.922,91.558322651529,88.0,36.242,0.049,420.5,199.75,22.0729751586914,130.841746330261,3950,602,0,181,46
1665,169,12.1212121212121,82.5,88.0,36.242,0.049,420.75,199.75,22.0731391906738,131.184776306152,3955,603,0,180,45
1666,169,11.9047619047619,84.0,88.0,36.242,0.049,420.9375,199.75,22.0741691589355,131.151092529297,3942,599,0,179,44
1667,169,11.611025974026,86.1250334153945,88.0,36.242,0.049,420.5,199.75,22.0729446411133,131.14896774292,3942,599,0,178,43
1668,170,11.9047619047619,84.0,88.0,36.242,0.049,421.625,199.75,22.0873832702637,131.105587005615,3957,578,0,186,52
1669,170,11.9047619047619,84.0,88.0,36.242,0.049,420.75,199.75,22.0796585083008,131.102428436279,3952,578,0,184,50
1670,170,11.9047619047619,84.0,88.0,36.242,0.049,421.0,199.75,22.0798530578613,131.101867675781,3941,579,0,184,43
1671,170,11.9047619047619,84.0,88.0,36.242,0.049,421.1875,199.75,22.080883026123,131.08166885376,3928,578,0,182,41
1672,170,11.9047619047619,84.0,88.0,36.242,0.049,420.75,199.75,22.0796585083008,131.034675598145,3907,573,0,180,40
1673,170,11.9047619047619,84.0,88.0,36.242,0.049,420.25,199.75,22.0792694091797,131.029041290283,3898,573,0,180,38
1674,170,11.9047619047619,84.0,88.0,36.242,0.049,420.5,199.75,22.0794486999512,131.051731109619,3907,575,0,180,39
1675,170,11.2636666666667,88.7810363706312,88.0,36.242,0.049,420.5,199.75,22.0794486999512,131.058738708496,3913,576,0,180,40
1676,171,20.0313333333333,49.9217891969248,88.0,36.242,0.049,421.4375,199.75,22.0830841064453,131.145858764648,3946,581,0,184,46
1677,171,12.5,80.0,88.0,36.242,0.049,421.25,199.75,22.0820541381836,131.131664276123,3928,580,0,181,43
1678,171,12.5,80.0,88.0,36.242,0.049,421.75,199.75,22.0844650268555,131.174488067627,3941,584,0,181,44
1679,171,12.5,80.0,88.0,36.242,0.049,422.25,199.75,22.0848236083984,131.202667236328,3949,585,0,183,48
1680,171,12.5,80.0,88.0,36.242,0.049,422.6875,199.75,22.0860328674316,131.222652435303,3953,587,0,183,47
1681,171,12.5,80.0,88.0,36.242,0.049,422.75,199.75,22.0851516723633,131.258018493652,3970,592,0,183,49
1682,171,12.5,80.0,88.0,36.242,0.049,423.0,199.75,22.0853462219238,131.304977416992,4000,598,0,184,54
1683,171,12.5,80.0,88.0,36.242,0.049,423.0,199.75,22.0853462219238,131.266555786133,3984,591,0,182,52
1684,172,12.5,80.0,88.0,36.242,0.049,422.625,199.75,22.0843162536621,131.262451171875,3977,591,0,179,49
1685,172,12.5,80.0,88.0,36.242,0.049,423.3125,199.75,22.0857048034668,131.294105529785,3991,593,0,181,52
1686,172,12.5,80.0,88.0,36.242,0.049,423.125,199.75,22.0846748352051,131.284225463867,3978,592,0,180,49
1687,172,12.5,80.0,88.0,36.242,0.049,423.375,199.75,22.0848541259766,131.293045043945,3979,592,0,179,49
1688,172,12.5,80.0,88.0,36.242,0.049,425.5,199.75,22.0869445800781,131.773716926575,4047,602,0,189,58
1689,172,12.5,80.0,88.0,36.242,0.049,425.5,199.75,22.0869445800781,131.75780582428,4035,599,0,186,54
1690,172,12.5,80.0,88.0,36.242,0.049,425.6875,199.75,22.0879745483398,131.746220588684,4019,598,0,183,49
1691,172,12.5,80.0,88.0,36.242,0.049,425.5,199.75,22.0869445800781,131.727345466614,4002,598,0,183,45
1692,173,12.962962962963,77.1428571428571,88.0,36.242,0.049,426.25,199.75,22.0874977111816,131.803212165833,4047,604,0,194,55
1693,173,12.962962962963,77.1428571428571,88.0,36.242,0.049,428.125,199.75,22.0894393920898,129.42058467865,4010,554,0,199,65
1694,173,12.962962962963,77.1428571428571,88.0,36.242,0.049,419.75,199.0,18.965030670166,129.367789268494,3991,552,0,198,63
1695,173,12.962962962963,77.1428571428571,88.0,36.242,0.049,419.6875,199.0,18.9658660888672,129.352622032166,3977,551,0,198,64
1696,173,12.5,80.0,88.0,36.242,0.049,419.5,199.0,18.9648361206055,129.353766441345,3977,551,0,198,64
1697,173,12.5,80.0,88.0,36.242,0.049,419.5,199.0,18.9648361206055,129.347235679626,3981,551,0,202,65
1698,173,12.5,80.0,88.0,36.242,0.049,419.5,199.0,18.9648361206055,129.349795341492,3983,551,0,202,65
1699,173,12.5,80.0,88.0,36.242,0.049,420.0,199.0,18.9651947021484,129.383635520935,3997,553,0,204,69
1700,174,12.5,80.0,88.0,36.242,0.049,422.8125,199.0,18.9707260131836,129.665846824646,4100,569,0,217,84
1701,174,12.5,80.0,88.0,36.242,0.049,422.625,199.0,18.9696960449219,129.666197776794,4100,569,0,217,84
1702,174,12.5,80.0,88.0,36.242,0.049,422.875,199.0,18.9653778076172,129.672801017761,4103,569,0,217,85
1703,174,12.5,80.0,88.0,36.242,0.049,422.375,199.0,18.9629669189453,129.671248435974,4101,569,0,217,84
1704,174,12.5,80.0,88.0,36.242,0.049,422.375,199.0,18.9629669189453,129.671221733093,4099,569,0,217,83
1705,174,12.5,80.0,88.0,36.242,0.049,422.5625,199.0,18.963996887207,129.625319480896,4079,565,0,215,79
1706,174,11.9838148148148,83.4458822547697,88.0,36.242,0.049,422.125,199.0,18.9607048034668,129.638705253601,4089,568,0,216,81
1707,174,11.595,86.244070720138,88.0,36.242,0.049,421.875,199.0,18.9605102539063,129.475977897644,4055,558,0,204,80
1708,175,12.175,82.135523613963,88.0,36.242,0.049,422.125,199.0,18.9606742858887,129.656031608582,4097,569,0,215,80
1709,175,11.724,85.295121119072,81.0,36.648,0.053,422.75,199.0,18.9618988037109,129.743823051453,4136,582,0,224,83
1710,175,11.269,88.7390185464549,81.0,36.648,0.053,422.9375,199.0,18.9629287719727,129.745402336121,4136,582,0,224,83
1711,175,11.582,86.3408737696425,81.0,36.648,0.053,422.75,199.0,18.9618988037109,129.631155967712,4095,562,0,219,80
1712,175,11.69,85.5431993156544,81.0,36.648,0.053,420.0625,199.0,18.9600677490234,129.463332176209,4067,551,0,207,80
1713,175,11.12,89.9280575539568,81.0,36.648,0.053,418.1875,199.0,18.9581413269043,129.420069694519,4019,549,0,203,65
1714,175,10.919,91.5834783405074,81.0,36.648,0.053,418.1875,199.0,18.9581413269043,129.403189659119,3999,547,0,200,58
1715,175,11.006,90.8595311648192,81.0,36.648,0.053,418.375,199.0,18.959171295166,129.395060539246,3989,546,0,197,54
1716,176,11.1111111111111,90.0,81.0,36.648,0.053,418.6875,199.0,18.9585304260254,129.407229423523,3991,546,0,198,57
1717,176,26.3932222222222,37.8885151490913,81.0,36.648,0.053,418.4375,199.0,18.9583358764648,129.403468132019,3990,546,0,198,56
1718,176,16.6666666666667,60.0,81.0,36.648,0.053,418.6875,199.0,18.9585304260254,129.221758842468,3950,533,0,188,58
1719,176,16.6666666666667,60.0,81.0,36.648,0.053,416.5,199.0,18.9572906494141,129.18930721283,3915,532,0,187,45
1720,176,16.6666666666667,60.0,81.0,36.648,0.053,416.3125,199.0,18.9562606811523,129.190585136414,3919,533,0,189,45
1721,176,12.5746666666667,79.524970840844,81.0,36.648,0.053,416.3125,199.0,18.9562606811523,129.190585136414,3916,533,0,190,43
1722,177,12.487,80.0832866180828,81.0,36.648,0.053,416.5625,199.0,18.9564552307129,129.227862358093,3930,535,0,176,45
1723,177,12.105,82.6104915324246,81.0,36.648,0.053,416.75,199.0,18.9574851989746,129.207911491394,3901,535,0,178,38
1724,177,11.035,90.6207521522429,81.0,36.648,0.053,416.5625,199.0,18.9564552307129,129.214049339294,3905,536,0,178,37
1725,177,11.217,89.1503967192654,81.0,36.648,0.053,416.5625,199.0,18.9564552307129,129.215262413025,3904,536,0,179,36
1726,177,11.432,87.4737578726382,81.0,36.648,0.053,416.5625,199.0,18.9564552307129,128.894536972046,3864,523,0,167,36
1727,177,11.488,87.0473537604457,81.0,36.648,0.053,414.1875,199.0,18.9521179199219,128.369646072388,3814,518,0,164,25
1728,177,11.332,88.2456759618779,81.0,36.648,0.053,413.875,199.0,18.9528198242188,128.010696411133,3813,519,0,164,23
1729,177,11.104,90.0576368876081,81.0,36.648,0.053,413.9375,199.0,18.9519844055176,128.036266326904,3823,521,0,166,25
1730,177,11.188,89.3814801573114,81.0,36.648,0.053,413.9375,199.0,18.9519844055176,128.012237548828,3828,520,0,164,28
1731,178,14.1963333333333,70.440724130644,81.0,36.648,0.053,416.0,200.625,18.9571685791016,128.020149230957,3841,508,0,161,34
1732,178,12.5,80.0,81.0,36.648,0.053,415.3125,200.625,18.9523735046387,128.016105651855,3846,507,0,162,34
1733,178,12.5,80.0,81.0,36.648,0.053,415.5,200.625,18.9534034729004,128.013473510742,3839,507,0,162,31
1734,178,12.5,80.0,81.0,36.648,0.053,415.3125,200.625,18.9523735046387,127.947769165039,3807,502,0,158,29
1735,178,12.5,80.0,81.0,36.648,0.053,414.3125,200.625,18.9516716003418,127.937156677246,3801,501,0,157,28
1736,178,12.5,80.0,81.0,36.648,0.053,414.3125,200.625,18.9516716003418,127.93078994751,3788,501,0,153,22
1737,178,12.4883333333333,80.0747364206593,81.0,36.648,0.053,414.5625,200.625,18.9518661499023,127.938060760498,3786,500,0,151,20
1738,178,12.1212121212121,82.5,81.0,36.648,0.053,414.75,200.625,18.9528961181641,127.932819366455,3774,500,0,151,17
1739,179,12.1212121212121,82.5,81.0,36.648,0.053,414.5625,200.625,18.9518661499023,127.861568450928,3741,494,0,147,18
1740,179,12.1212121212121,82.5,81.0,36.648,0.053,413.9375,200.625,18.9521942138672,127.919906616211,3769,504,0,155,20
1741,179,12.1212121212121,82.5,81.0,36.648,0.053,413.9375,200.625,18.9521942138672,127.921268463135,3769,504,0,155,20
1742,179,12.1212121212121,82.5,81.0,36.648,0.053,413.9375,200.625,18.9521942138672,127.909511566162,3753,503,0,155,20
1743,179,12.1212121212121,82.5,81.0,36.648,0.053,414.125,200.625,18.9532241821289,127.917675018311,3759,504,0,155,21
1744,179,12.1212121212121,82.5,81.0,36.648,0.053,413.9375,200.625,18.9521942138672,127.917266845703,3755,504,0,154,19
1745,179,12.1212121212121,82.5,81.0,36.648,0.053,413.9375,200.625,18.9521942138672,127.919567108154,3757,504,0,154,19
1746,179,11.0456363636364,90.5334891606723,81.0,36.648,0.053,413.9375,200.625,18.9521942138672,127.91185760498,3753,502,0,152,18
1747,180,11.522,86.7904877625412,81.0,36.648,0.053,413.9375,200.625,18.9521942138672,127.635457038879,3704,492,0,137,17
1748,180,11.209,89.2140244446427,81.0,36.648,0.053,406.8125,195.5,18.9495887756348,127.457879066467,3688,492,0,138,13
1749,180,10.739,93.1185399012943,81.0,36.648,0.053,406.8125,195.5,18.9495887756348,127.450074195862,3683,490,0,138,13
1750,180,10.742,93.0925339787749,81.0,36.648,0.053,406.8125,195.5,18.9495887756348,127.451436042786,3683,490,0,138,13
1751,180,10.626,94.1087897609637,81.0,36.648,0.053,406.8125,195.5,18.9495887756348,127.452797889709,3683,490,0,138,13
1752,180,10.593,94.4019635608421,81.0,36.648,0.053,406.8125,195.5,18.9495887756348,127.457276344299,3690,490,0,137,14
1753,180,10.75,93.0232558139535,81.0,36.648,0.053,406.8125,195.5,18.9495887756348,127.45694065094,3686,490,0,138,13
1754,180,11.1111111111111,90.0,81.0,36.648,0.053,406.8125,195.5,18.9495887756348,127.436421394348,3685,488,0,139,16
1755,180,11.0728888888889,90.3106687003291,81.0,36.648,0.053,406.5625,195.5,18.9493942260742,127.436848640442,3685,488,0,139,16
1756,180,10.578,94.535829079221,81.0,36.648,0.053,406.5625,195.5,18.9493942260742,127.368325233459,3654,482,0,134,16
1757,181,11.1111111111111,90.0,81.0,36.648,0.053,405.8125,195.5,18.9488868713379,127.411492347717,3673,486,0,135,19
1758,181,14.7162222222222,67.9522220376606,81.0,36.648,0.053,405.8125,195.5,18.9488868713379,127.420105934143,3685,486,0,136,23
1759,181,11.6666666666667,85.7142857142857,81.0,36.648,0.053,405.8125,195.5,18.9488868713379,126.216213226318,3615,454,0,132,23
1760,181,11.6666666666667,85.7142857142857,81.0,36.648,0.053,399.625,192.875,17.6511917114258,125.795738220215,3615,454,0,132,24
1761,181,11.6666666666667,85.7142857142857,81.0,36.648,0.053,399.625,192.875,17.6511917114258,125.799240112305,3620,454,0,129,25
1762,181,11.6666666666667,85.7142857142857,81.0,36.648,0.053,399.625,192.875,17.6511917114258,125.79328918457,3610,454,0,130,21
1763,181,11.6666666666667,85.7142857142857,81.0,36.648,0.053,399.625,192.875,17.6511917114258,125.773151397705,3601,452,0,129,21
1764,181,11.6666666666667,85.7142857142857,81.0,36.648,0.053,399.625,192.875,17.6511917114258,125.816413879395,3630,457,0,130,26
1765,182,11.6666666666667,85.7142857142857,81.0,36.648,0.053,399.625,192.875,17.6511917114258,125.784023284912,3621,451,0,126,26
1766,182,11.6666666666667,85.7142857142857,81.0,36.648,0.053,399.25,192.875,17.6501617431641,125.767688751221,3607,449,0,125,21
1767,182,11.6666666666667,85.7142857142857,81.0,36.648,0.053,399.125,192.875,17.6467971801758,125.74462890625,3595,447,0,124,20
1768,182,11.1111111111111,90.0,81.0,36.648,0.053,398.875,192.875,17.6466026306152,125.745056152344,3595,447,0,124,20
1769,182,31.8038888888889,31.4426956871102,81.0,36.648,0.053,398.875,192.875,17.6466026306152,125.745330810547,3599,447,0,126,21
1770,182,16.6666666666667,60.0,81.0,36.648,0.053,398.875,192.875,17.6466026306152,125.730094909668,3595,443,0,122,21
1771,183,31.5183333333333,31.7275659668976,81.0,36.648,0.053,412.6875,204.875,17.653751373291,125.918254852295,3685,464,0,129,30
1772,183,22.2222222222222,45.0,81.0,36.648,0.053,413.1875,204.875,17.6561622619629,125.955558776855,3701,466,0,131,34
1773,183,16.2784444444444,61.4309311564032,81.0,36.648,0.053,413.1875,204.875,17.6561622619629,125.950386047363,3696,466,0,129,33
1774,183,11.021,90.7358678885764,81.0,36.648,0.053,413.4375,204.875,17.6563110351563,125.974960327148,3700,470,0,135,35
1775,183,10.591,94.4197903880653,81.0,36.648,0.053,413.4375,204.875,17.6563110351563,125.976322174072,3700,470,0,135,35
1776,183,10.447,95.7212596917775,81.0,36.648,0.053,413.4375,204.875,17.6563110351563,125.980567932129,3705,470,0,135,37
1777,184,13.142,76.0919190381981,81.0,36.648,0.053,414.4375,204.875,17.6611328125,126.126205444336,3751,479,0,138,42
1778,184,10.626,94.1087897609637,81.0,36.648,0.053,414.4375,204.875,17.6611328125,126.126941680908,3752,479,0,138,42
1779,184,10.543,94.8496632836953,81.0,36.648,0.053,414.4375,204.875,17.6611328125,126.127090454102,3750,479,0,138,41
1780,184,11.393,87.7731940665321,81.0,36.648,0.053,415.4375,204.875,17.6659545898438,126.203002929688,3778,483,0,141,45
1781,184,10.564,94.6611132146914,81.0,36.648,0.053,415.4375,204.875,17.6659545898438,126.195388793945,3769,482,0,140,42
1782,184,10.461,95.5931555300641,81.0,36.648,0.053,415.4375,204.875,17.6659545898438,126.198497772217,3768,482,0,141,42
1783,184,11.609,86.1400637436472,81.0,36.648,0.053,415.6875,204.875,17.6661033630371,126.232284545898,3782,487,0,145,40
1784,184,10.783,92.7385699712511,81.0,36.648,0.053,415.6875,204.875,17.6661033630371,126.231262207031,3786,487,0,147,41
1785,184,10.267,97.3994350832765,81.0,36.648,0.053,415.6875,204.875,17.6661033630371,126.225513458252,3775,487,0,147,34
1786,185,11.3396666666664,88.1860136982299,81.0,36.648,0.053,415.6875,204.875,17.6661033630371,126.177749633789,3751,481,0,145,34
1787,185,11.1111111111111,90.0,81.0,36.648,0.053,416.4375,205.875,17.6660308837891,126.222381591797,3769,485,0,147,36
1788,185,11.1111111111111,90.0,79.0,42.871,0.044,416.4375,205.875,17.6660308837891,126.223743438721,3769,485,0,145,36
1789,185,11.1111111111111,90.0,79.0,42.871,0.044,416.4375,205.875,17.6660308837891,126.177307128906,3744,481,0,143,33
1790,185,11.1111111111111,90.0,79.0,42.871,0.044,415.9375,205.875,17.665641784668,126.147079467773,3733,477,0,140,33
1791,185,11.1111111111111,90.0,79.0,42.871,0.044,415.6875,205.875,17.6654472351074,126.13708114624,3722,476,0,139,28
1792,185,11.1111111111111,90.0,79.0,42.871,0.044,415.6875,205.875,17.6654472351074,126.13049697876,3716,476,0,139,25
1793,185,11.1111111111111,90.0,79.0,42.871,0.044,415.6875,205.875,17.6654472351074,126.148231506348,3722,477,0,139,25
1794,185,11.1111111111111,90.0,79.0,42.871,0.044,416.9375,206.875,17.6657180786133,126.152992248535,3719,477,0,140,23
1795,186,11.6666666666667,85.7142857142857,79.0,42.871,0.044,417.6875,206.875,17.6748580932617,126.205760955811,3743,480,0,143,26
1796,186,11.6666666666667,85.7142857142857,79.0,42.871,0.044,417.6875,206.875,17.6723747253418,126.267070770264,3772,490,0,151,29
1797,186,27.4284444444448,36.4585021226946,79.0,42.871,0.044,417.6875,206.875,17.6723747253418,126.261119842529,3768,489,0,151,29
1798,186,16.6666666666667,60.0,79.0,42.871,0.044,418.1875,206.875,17.6747856140137,126.245922088623,3767,487,0,149,33
1799,186,16.6666666666667,60.0,79.0,42.871,0.044,417.6875,206.875,17.6724510192871,126.210464477539,3757,482,0,150,34
1800,186,16.6666666666667,60.0,79.0,42.871,0.044,417.4375,206.875,17.6701889038086,126.242488861084,3777,486,0,153,37
1801,187,11.7126666666667,85.377653822073,79.0,42.871,0.044,417.4375,206.875,17.6701889038086,126.243255615234,3783,487,0,155,37
1802,187,10.775,92.8074245939675,79.0,42.871,0.044,417.4375,206.875,17.6701889038086,126.24462890625,3784,487,0,156,37
1803,187,10.709,93.3794005042488,79.0,42.871,0.044,417.4375,206.875,17.6701889038086,126.245990753174,3784,487,0,156,37
1804,187,10.829,92.3446301597562,79.0,42.871,0.044,417.4375,206.875,17.6701889038086,126.263050079346,3792,488,0,156,38
1805,187,10.99,90.9918107370337,79.0,42.871,0.044,417.6875,206.875,17.6704597473145,126.198059082031,3771,481,0,152,38
1806,187,10.479,95.428953144384,79.0,42.871,0.044,416.6875,206.875,17.6656379699707,126.178653717041,3767,480,0,150,36
1807,187,11.534,86.7001907404196,79.0,42.871,0.044,416.6875,206.875,17.6656379699707,126.172027587891,3749,478,0,149,32
1808,187,10.716,93.3184023889511,79.0,42.871,0.044,416.6875,206.875,17.6656379699707,126.079586029053,3715,470,0,145,30
1809,187,10.529,94.9757811758002,79.0,42.871,0.044,415.6875,206.875,17.660816192627,126.091800689697,3723,471,0,144,32
1810,188,12.0756666666664,82.8111629447671,79.0,42.871,0.044,416.1875,206.875,17.661190032959,126.104614257813,3729,472,0,144,34
1811,188,11.1111111111111,90.0,79.0,42.871,0.044,414.9375,205.875,17.6608428955078,126.119125366211,3736,474,0,147,36
1812,188,10.8982222222225,91.7580849068119,79.0,42.871,0.044,414.9375,205.875,17.6608428955078,126.103927612305,3729,472,0,147,36
1813,188,10.6060606060606,94.2857142857143,79.0,42.871,0.044,414.6875,205.875,17.6606941223145,126.104671478271,3729,472,0,146,36
1814,188,10.6060606060606,94.2857142857143,79.0,42.871,0.044,416.4375,205.875,17.6624145507813,126.272052764893,3787,480,0,154,43
1815,188,10.6060606060606,94.2857142857143,79.0,42.871,0.044,416.4375,205.875,17.6624145507813,126.268264770508,3778,480,0,153,41
1816,188,10.6060606060606,94.2857142857143,79.0,42.871,0.044,416.4375,205.875,17.6624145507813,126.246940612793,3769,479,0,152,41
1817,188,10.6060606060606,94.2857142857143,79.0,42.871,0.044,416.1875,205.875,17.6621437072754,126.246513366699,3765,479,0,153,40
1818,188,10.6060606060606,94.2857142857143,79.0,42.871,0.044,416.1875,205.875,17.6621437072754,126.2672996521,3784,482,0,153,43
1819,188,10.6060606060606,94.2857142857143,79.0,42.871,0.044,416.1875,205.875,17.6621437072754,126.226253509521,3768,475,0,150,40
1820,189,10.6060606060606,94.2857142857143,79.0,42.871,0.044,415.8125,205.875,17.6611137390137,126.222839355469,3761,475,0,150,37
1821,189,10.6060606060606,94.2857142857143,79.0,42.871,0.044,416.1875,205.875,17.6621437072754,126.284206390381,3788,485,0,158,39
1822,189,10.6060606060606,94.2857142857143,79.0,42.871,0.044,416.9375,205.875,17.6626358032227,126.335628509521,3811,488,0,160,44
1823,189,10.6060606060606,94.2857142857143,79.0,42.871,0.044,416.9375,205.875,17.6626358032227,126.336990356445,3811,488,0,159,44
1824,189,10.6060606060606,94.2857142857143,79.0,42.871,0.044,416.9375,205.875,17.6626358032227,126.270606994629,3778,483,0,155,41
1825,189,10.6060606060606,94.2857142857143,79.0,42.871,0.044,415.1875,204.875,17.6581993103027,126.269344329834,3772,484,0,153,38
1826,189,10.6060606060606,94.2857142857143,79.0,42.871,0.044,415.1875,204.875,17.6581993103027,126.21875,3758,478,0,151,37
1827,189,10.6060606060606,94.2857142857143,79.0,42.871,0.044,414.6875,204.875,17.6557884216309,126.210124969482,3744,478,0,151,33
1828,189,10.8057575757576,92.5432569617767,79.0,42.871,0.044,414.6875,204.875,17.6557884216309,126.201652526855,3739,476,0,149,31
1829,190,11.1111111111111,90.0,79.0,42.871,0.044,414.9375,204.875,17.6559829711914,126.19312286377,3740,474,0,147,34
1830,190,11.1111111111111,90.0,79.0,42.871,0.044,414.4375,204.875,17.6535720825195,126.19694519043,3743,475,0,147,34
1831,190,11.1111111111111,90.0,79.0,42.871,0.044,414.4375,204.875,17.6535720825195,126.198883056641,3743,475,0,148,34
1832,190,11.1111111111111,90.0,79.0,42.871,0.044,414.4375,204.875,17.6535720825195,126.165027618408,3717,472,0,147,34
1833,190,10.6060606060606,94.2857142857143,79.0,42.871,0.044,414.1875,204.875,17.653377532959,126.165454864502,3717,472,0,147,34
1834,190,11.1111111111111,90.0,79.0,42.871,0.044,414.1875,204.875,17.653377532959,126.163303375244,3716,471,0,144,34
1835,190,11.1111111111111,90.0,79.0,42.871,0.044,414.1875,204.875,17.653377532959,126.166873931885,3715,472,0,144,33
1836,190,11.1111111111111,90.0,79.0,42.871,0.044,414.4375,204.875,17.6535720825195,126.192222595215,3725,474,0,146,35
1837,190,11.1111111111111,90.0,79.0,42.871,0.044,414.4375,204.875,17.6535720825195,126.16678237915,3716,471,0,145,37
1838,191,11.1111111111111,90.0,79.0,42.871,0.044,414.3125,204.875,17.6502075195313,126.062671661377,3696,465,0,138,37
1839,191,11.1111111111111,90.0,79.0,42.871,0.044,412.8125,204.875,17.6486663818359,126.034606933594,3673,464,0,139,29
1840,191,25.922494949495,38.5765336997194,79.0,42.871,0.044,412.8125,204.875,17.6486663818359,126.029243469238,3675,465,0,139,29
1841,191,16.6666666666667,60.0,79.0,42.871,0.044,412.8125,204.875,17.6486663818359,126.03625869751,3680,465,0,138,31
1842,191,16.6666666666667,60.0,79.0,42.871,0.044,412.8125,204.875,17.6486663818359,126.033668518066,3679,464,0,137,31
1843,191,15.2013333333333,65.7837031839312,79.0,42.871,0.044,413.0625,204.875,17.6488609313965,126.076332092285,3701,470,0,136,32
1844,192,11.097,90.1144453455889,79.0,42.871,0.044,413.0625,204.875,17.6488609313965,126.044017791748,3692,464,0,133,32
1845,192,10.791,92.6698174404596,79.0,42.871,0.044,412.6875,204.875,17.6478309631348,126.034507751465,3679,464,0,131,28
1846,192,10.537,94.9036727721363,79.0,42.871,0.044,412.6875,204.875,17.6478309631348,126.031352996826,3679,463,0,130,28
1847,192,10.833,92.3105326317733,79.0,42.871,0.044,412.6875,204.875,17.6478309631348,126.03044128418,3675,463,0,130,27
1848,192,10.661,93.7998311603039,79.0,42.871,0.044,412.6875,204.875,17.6478309631348,126.033962249756,3679,463,0,130,28
1849,192,10.648,93.9143501126972,79.0,42.871,0.044,412.6875,204.875,17.6478309631348,126.03532409668,3679,463,0,128,28
1850,192,10.51,95.1474785918173,79.0,42.871,0.044,412.6875,204.875,17.6478309631348,126.026821136475,3670,463,0,130,26
1851,192,10.724,93.248787765759,79.0,42.871,0.044,412.6875,204.875,17.6478309631348,126.015605926514,3669,460,0,127,26
1852,192,10.726,93.231400335633,79.0,42.871,0.044,412.6875,204.875,17.6478309631348,126.005310058594,3656,459,0,126,23
1853,192,10.37,96.4320154291225,79.0,42.871,0.044,412.6875,204.875,17.6478309631348,126.004398345947,3652,459,0,126,22
1854,193,11.1111111111111,90.0,79.0,42.871,0.044,413.1875,204.875,17.6502418518066,126.071338653564,3681,464,0,127,26
1855,193,10.9888888888889,91.0010111223458,79.0,42.871,0.044,413.1875,204.875,17.6502418518066,126.071022033691,3678,464,0,127,25
1856,193,10.535,94.921689606075,79.0,42.871,0.044,413.1875,204.875,17.6502418518066,126.072383880615,3678,464,0,127,25
1857,193,10.841,92.2424130615257,79.0,42.871,0.044,413.6875,204.875,17.6526527404785,126.114116668701,3693,467,0,129,27
1858,193,10.387,96.2741888899586,79.0,42.871,0.044,413.6875,204.875,17.6526527404785,126.102359771729,3677,466,0,129,27
1859,193,10.602,94.3218260705527,79.0,42.871,0.044,413.6875,204.875,17.6526527404785,126.097816467285,3668,466,0,129,21
1860,193,10.496,95.2743902439024,79.0,42.871,0.044,413.6875,204.875,17.6526527404785,126.094013214111,3660,466,0,129,16
1861,193,10.6060606060606,94.2857142857143,79.0,42.871,0.044,413.9375,204.875,17.6528015136719,126.112495422363,3683,469,0,134,23
1862,193,10.6060606060606,94.2857142857143,79.0,42.871,0.044,413.6875,204.875,17.6526069641113,126.111709594727,3681,469,0,134,22
1863,194,10.6060606060606,94.2857142857143,79.0,42.871,0.044,413.6875,204.875,17.6526069641113,126.112949371338,3681,469,0,134,22
1864,194,10.6060606060606,94.2857142857143,79.0,42.871,0.044,413.6875,204.875,17.6526069641113,126.09069442749,3669,467,0,133,20
1865,194,10.6060606060606,94.2857142857143,79.0,42.871,0.044,413.4375,204.875,17.6524124145508,126.089275360107,3668,467,0,133,19
1866,194,10.6060606060606,94.2857142857143,79.0,42.871,0.044,413.4375,204.875,17.6524124145508,126.069198608398,3659,465,0,132,19
1867,194,10.6060606060606,94.2857142857143,79.0,42.871,0.044,413.1875,204.875,17.6522178649902,126.069625854492,3659,465,0,132,19
1868,194,10.6060606060606,94.2857142857143,79.0,42.871,0.044,413.1875,204.875,17.6522178649902,126.054801940918,3653,461,0,130,19
1869,194,10.6060606060606,94.2857142857143,79.0,42.871,0.044,413.1875,204.875,17.6522178649902,125.963527679443,3606,454,0,124,14
1870,194,10.6060606060606,94.2857142857143,79.0,42.871,0.044,411.9375,204.875,17.6513671875,125.937622070313,3592,452,0,123,12
1871,194,10.6060606060606,94.2857142857143,79.0,42.871,0.044,411.6875,204.875,17.6511726379395,125.938049316406,3592,452,0,123,12
1872,194,10.4913333333333,95.3167693969625,79.0,42.871,0.044,411.6875,204.875,17.6511726379395,125.93941116333,3592,452,0,123,12
1873,195,10.6060606060606,94.2857142857143,79.0,42.871,0.044,411.6875,204.875,17.6511726379395,125.882961273193,3568,441,0,122,10
1874,195,10.6060606060606,94.2857142857143,86.0,35.195,0.047,410.875,204.875,17.6506462097168,125.881076812744,3565,441,0,122,8
1875,195,10.5948787878788,94.3852232782562,86.0,35.195,0.047,410.875,204.875,17.6506462097168,125.882438659668,3565,441,0,122,8
1876,195,10.498,95.2562392836731,86.0,35.195,0.047,410.875,204.875,17.6506462097168,125.862361907959,3556,439,0,121,8
1877,195,10.6060606060606,94.2857142857143,86.0,35.195,0.047,410.625,204.875,17.6504516601563,125.841087341309,3547,437,0,120,8
1878,195,10.6060606060606,94.2857142857143,86.0,35.195,0.047,410.375,204.875,17.6502571105957,125.841514587402,3547,437,0,120,8
1879,195,10.6060606060606,94.2857142857143,86.0,35.195,0.047,410.375,204.875,17.6502571105957,125.842876434326,3547,437,0,120,8
1880,195,10.6060606060606,94.2857142857143,86.0,35.195,0.047,410.375,204.875,17.6502571105957,125.84114074707,3550,437,0,122,9
1881,195,10.6060606060606,94.2857142857143,86.0,35.195,0.047,410.375,204.875,17.6502571105957,125.841541290283,3548,437,0,122,8
1882,196,10.6060606060606,94.2857142857143,86.0,35.195,0.047,411.625,204.875,17.6552581787109,126.022407531738,3616,450,0,125,18
1883,196,10.6060606060606,94.2857142857143,86.0,35.195,0.047,411.625,204.875,17.6552581787109,126.014778137207,3609,449,0,125,17
1884,196,28.6729090909091,34.8761263403529,86.0,35.195,0.047,411.625,204.875,17.6552581787109,126.016139984131,3609,449,0,125,17
1885,196,16.6666666666667,60.0,86.0,35.195,0.047,414.375,204.875,17.6618003845215,126.236614227295,3690,461,0,136,30
1886,196,16.6666666666667,60.0,86.0,35.195,0.047,414.125,204.875,17.659538269043,126.27188873291,3709,466,0,140,31
1887,196,16.6666666666667,60.0,86.0,35.195,0.047,414.125,204.875,17.659538269043,126.225006103516,3687,462,0,136,27
1888,197,10.7616666666667,92.9224097878272,86.0,35.195,0.047,413.625,204.875,17.6571273803711,126.198959350586,3673,460,0,135,26
1889,197,15.63,63.9795265515035,86.0,35.195,0.047,416.25,205.875,17.6592063903809,126.473003387451,3805,495,0,149,45
1890,197,11.022,90.7276356378153,86.0,35.195,0.047,417.0,205.875,17.6596984863281,126.523944854736,3827,498,0,152,50
1891,197,11.269,88.7390185464549,86.0,35.195,0.047,417.0,205.875,17.6596984863281,126.517002105713,3825,496,0,150,50
1892,197,10.474,95.4745083062822,86.0,35.195,0.047,417.0,205.875,17.6596984863281,126.515972137451,3822,496,0,147,48
1893,197,10.957,91.2658574427307,86.0,35.195,0.047,417.0,205.875,17.6596984863281,126.516231536865,3819,496,0,147,47
1894,197,10.613,94.2240648261566,86.0,35.195,0.047,417.0,205.875,17.6596984863281,126.504783630371,3808,494,0,145,43
1895,197,10.669,93.7294966726029,86.0,35.195,0.047,417.0,205.875,17.6596984863281,126.508167266846,3803,493,0,144,42
1896,197,11.6666666666667,85.7142857142857,86.0,35.195,0.047,418.25,206.875,17.659969329834,126.512981414795,3802,493,0,145,41
1897,198,11.6666666666667,85.7142857142857,86.0,35.195,0.047,421.625,206.875,17.6711463928223,126.678787231445,3939,505,0,149,66
1898,198,11.6666666666667,85.7142857142857,86.0,35.195,0.047,421.0625,206.875,17.6672325134277,126.663570404053,3939,505,0,150,66
1899,198,14.6209999999997,68.3947746392191,86.0,35.195,0.047,421.0625,206.875,17.6672325134277,126.665000915527,3939,505,0,150,66
1900,198,11.6666666666667,85.7142857142857,86.0,35.195,0.047,421.5625,206.875,17.6696434020996,126.709999084473,3953,507,0,154,68
1901,198,11.6666666666667,85.7142857142857,86.0,35.195,0.047,421.5625,206.875,17.6696434020996,126.717361450195,3955,508,0,155,68
1902,198,11.6666666666667,85.7142857142857,86.0,35.195,0.047,421.5625,206.875,17.6696434020996,126.732269287109,3966,509,0,160,70
1903,198,11.6666666666667,85.7142857142857,86.0,35.195,0.047,422.0625,206.875,17.6700630187988,126.773704528809,3983,514,0,163,68
1904,198,11.6666666666667,85.7142857142857,86.0,35.195,0.047,422.0625,206.875,17.6700630187988,126.630138397217,3939,505,0,155,59
1905,199,11.6666666666667,85.7142857142857,86.0,35.195,0.047,420.5625,206.875,17.6685218811035,126.613311767578,3920,506,0,158,52
1906,199,11.5870000000003,86.3036161215129,86.0,35.195,0.047,420.5625,206.875,17.6685218811035,126.619915008545,3920,506,0,161,52
1907,199,11.42,87.5656742556918,86.0,35.195,0.047,420.5625,206.875,17.6685218811035,126.622200012207,3922,506,0,162,52
1908,199,11.129,89.8553329140084,86.0,35.195,0.047,420.5625,206.875,17.6685218811035,126.625675201416,3922,506,0,163,52
1909,199,10.984,91.0415149308084,86.0,35.195,0.047,420.5625,206.875,17.6685218811035,126.63525390625,3933,505,0,160,54
1910,199,11.1111111111111,90.0,86.0,35.195,0.047,420.8125,206.875,17.6687927246094,126.558002471924,3897,499,0,159,48
1911,199,11.1111111111111,90.0,86.0,35.195,0.047,419.8125,206.875,17.6639709472656,126.563255310059,3892,498,0,160,46
1912,199,11.1111111111111,90.0,86.0,35.195,0.047,419.8125,206.875,17.6639709472656,126.562938690186,3889,498,0,160,45
1913,199,11.1111111111111,90.0,86.0,35.195,0.047,419.8125,206.875,17.6639709472656,126.507202148438,3886,494,0,155,50
1914,200,11.1111111111111,90.0,86.0,35.195,0.047,419.0625,206.875,17.6593437194824,126.434104919434,3865,485,0,152,49
1915,200,11.1111111111111,90.0,86.0,35.195,0.047,417.1875,205.875,17.657772064209,126.41223526001,3855,483,0,151,48
1916,200,11.1111111111111,90.0,86.0,35.195,0.047,416.9375,205.875,17.6576232910156,126.412979125977,3855,483,0,151,48
1917,200,11.1111111111111,90.0,86.0,35.195,0.047,416.9375,205.875,17.6576232910156,126.409503936768,3854,482,0,150,48
1918,200,11.1111111111111,90.0,86.0,35.195,0.047,416.9375,205.875,17.6576232910156,126.40535736084,3853,482,0,152,47
1919,200,11.1111111111111,90.0,86.0,35.195,0.047,416.9375,205.875,17.6576232910156,126.407157897949,3853,482,0,150,47
1920,200,11.1111111111111,90.0,86.0,35.195,0.047,416.9375,205.875,17.6576232910156,126.394584655762,3858,478,0,144,55
1921,200,11.1111111111111,90.0,86.0,35.195,0.047,416.9375,205.875,17.6576232910156,126.366310119629,3841,477,0,144,52
1922,200,11.1111111111111,90.0,86.0,35.195,0.047,416.6875,205.875,17.6573524475098,126.359855651855,3829,477,0,144,49
1923,201,11.1111111111111,90.0,86.0,35.195,0.047,416.9375,205.875,17.6575469970703,126.399627685547,3842,480,0,144,49
1924,201,11.1111111111111,90.0,86.0,35.195,0.047,416.9375,205.875,17.6575469970703,126.393856048584,3838,480,0,146,48
1925,201,30.3126666666667,32.9895093360311,86.0,35.195,0.047,416.9375,205.875,17.6575469970703,123.946330070496,3782,449,0,142,48
1926,201,16.6666666666667,60.0,86.0,35.195,0.047,412.625,205.5,16.1068992614746,123.878481864929,3746,445,0,136,46
1927,201,16.6666666666667,60.0,86.0,35.195,0.047,412.125,205.5,16.1044883728027,123.840304374695,3711,444,0,135,35
1928,201,16.4653333333333,60.7336626447486,86.0,35.195,0.047,411.125,204.5,16.1044120788574,123.86061000824,3715,446,0,133,35
1929,202,10.906,91.6926462497708,86.0,35.195,0.047,411.125,204.5,16.1044120788574,123.81035900116,3690,442,0,131,34
1930,202,11.217,89.1503967192654,86.0,35.195,0.047,410.625,204.5,16.1020011901855,123.797694206238,3683,440,0,129,32
1931,202,10.544,94.8406676783005,86.0,35.195,0.047,410.5,204.5,16.0986366271973,123.791350364685,3670,440,0,129,29
1932,202,10.37,96.4320154291225,86.0,35.195,0.047,410.5,204.5,16.0986366271973,123.792712211609,3670,440,0,129,29
1933,202,10.841,92.2424130615257,86.0,35.195,0.047,410.5,204.5,16.0986366271973,123.794074058533,3670,440,0,129,29
1934,202,11.098,90.1063254640476,86.0,35.195,0.047,410.5,204.5,16.0986366271973,123.787554740906,3666,438,0,129,29
1935,202,10.551,94.7777461851957,86.0,35.195,0.047,410.5,204.5,16.0986366271973,123.705721855164,3629,432,0,124,28
1936,202,10.573,94.5805353258299,86.0,35.195,0.047,409.25,204.5,16.097785949707,123.702139854431,3626,432,0,123,26
1937,202,10.515,95.1022349025202,86.0,35.195,0.047,409.25,204.5,16.097785949707,123.66517162323,3605,428,0,121,26
1938,203,11.1111111111111,90.0,86.0,35.195,0.047,409.9375,204.5,16.1071319580078,123.689677238464,3607,423,0,122,26
1939,203,11.1111111111111,90.0,86.0,35.195,0.047,409.625,204.5,16.1033668518066,123.693560600281,3612,423,0,122,28
1940,203,11.1111111111111,90.0,86.0,35.195,0.047,409.625,204.5,16.1033668518066,123.674498558044,3597,423,0,122,18
1941,203,11.1111111111111,90.0,86.0,35.195,0.047,410.125,204.5,16.1057777404785,123.704352378845,3597,426,0,122,14
1942,203,10.6060606060606,94.2857142857143,86.0,35.195,0.047,410.125,204.5,16.1057777404785,123.595561027527,3552,416,0,117,14
1943,203,10.6060606060606,94.2857142857143,86.0,35.195,0.047,408.875,204.5,16.1048049926758,123.592341423035,3552,416,0,115,14
1944,203,9.16376767676734,109.125420380885,86.0,35.195,0.047,408.875,204.5,16.1048049926758,123.591906547546,3556,416,0,117,14
1945,203,10.6060606060606,94.2857142857143,86.0,35.195,0.047,409.125,204.5,16.1049537658691,123.585555076599,3554,411,0,121,18
1946,203,10.6060606060606,94.2857142857143,86.0,35.195,0.047,409.125,204.5,16.1049537658691,123.588587760925,3557,411,0,121,19
1947,204,10.6060606060606,94.2857142857143,86.0,35.195,0.047,409.125,204.5,16.1049537658691,123.58976650238,3557,411,0,119,19
1948,204,10.6060606060606,94.2857142857143,86.0,35.195,0.047,409.125,204.5,16.1049537658691,123.589449882507,3554,411,0,119,18
1949,204,10.6060606060606,94.2857142857143,86.0,35.195,0.047,409.125,204.5,16.1049537658691,123.590247154236,3555,411,0,119,18
1950,204,10.6060606060606,94.2857142857143,86.0,35.195,0.047,409.125,204.5,16.1049537658691,123.59160900116,3555,411,0,119,18
1951,204,10.6060606060606,94.2857142857143,86.0,35.195,0.047,409.125,204.5,16.1049537658691,123.592970848084,3555,411,0,119,18
1952,204,10.6060606060606,94.2857142857143,86.0,35.195,0.047,409.125,204.5,16.1049537658691,123.58602809906,3553,409,0,117,18
1953,204,10.6060606060606,94.2857142857143,86.0,35.195,0.047,409.125,204.5,16.1049537658691,123.578413963318,3544,408,0,116,15
1954,204,10.6060606060606,94.2857142857143,86.0,35.195,0.047,409.125,204.5,16.1049537658691,123.575030326843,3536,408,0,116,11
1955,204,10.6060606060606,94.2857142857143,86.0,35.195,0.047,409.125,204.5,16.1049537658691,123.554453849792,3527,406,0,115,11
1956,204,10.6060606060606,94.2857142857143,86.0,35.195,0.047,408.875,204.5,16.1047592163086,123.555045127869,3527,406,0,113,11
1957,205,10.9556060606064,91.2774696778982,86.0,35.195,0.047,408.875,204.5,16.1047592163086,123.538771629334,3520,404,0,111,11
1958,205,10.946,91.3575735428467,84.0,41.738,0.052,408.625,204.5,16.1046104431152,123.53724193573,3516,404,0,111,10
1959,205,10.69,93.5453695042095,84.0,41.738,0.052,408.625,204.5,16.1046104431152,123.53662776947,3513,404,0,111,8
1960,205,11.1111111111111,90.0,84.0,41.738,0.052,408.625,204.5,16.1046104431152,123.537989616394,3513,404,0,111,8
1961,205,11.1111111111111,90.0,84.0,41.738,0.052,408.625,204.5,16.1046104431152,123.43567943573,3484,384,0,110,8
1962,205,11.1111111111111,90.0,84.0,41.738,0.052,405.9375,204.5,16.1027793884277,123.43327999115,3484,384,0,110,8
1963,205,11.1111111111111,90.0,84.0,41.738,0.052,405.9375,204.5,16.1027793884277,123.434641838074,3484,384,0,108,8
1964,205,10.9945555555556,90.9541085992056,84.0,41.738,0.052,405.9375,204.5,16.1027793884277,123.434325218201,3481,384,0,108,7
1965,205,11.059,90.4240889773036,84.0,41.738,0.052,405.9375,204.5,16.1027793884277,123.434725761414,3479,384,0,108,6
1966,206,11.1111111111111,90.0,84.0,41.738,0.052,405.9375,204.5,16.1027793884277,123.436087608337,3479,384,0,107,6
1967,206,10.7168888888889,93.3106622983453,84.0,41.738,0.052,405.9375,204.5,16.1027793884277,123.435770988464,3476,384,0,107,5
1968,206,10.773,92.824654228163,84.0,41.738,0.052,405.9375,204.5,16.1027793884277,123.42982006073,3472,383,0,107,5
1969,206,21.4306666666667,46.6621041498165,84.0,41.738,0.052,405.9375,204.5,16.1027793884277,123.397555351257,3462,380,0,105,5
1970,206,11.6666666666667,85.7142857142857,84.0,41.738,0.052,405.4375,204.5,16.1003684997559,123.394743919373,3460,380,0,105,5
1971,206,12.5,80.0,84.0,41.738,0.052,405.4375,204.5,16.1003684997559,123.395144462585,3458,380,0,105,4
1972,206,12.1059999999997,82.6036676028439,84.0,41.738,0.052,405.4375,204.5,16.1003684997559,120.300790786743,3392,346,0,102,5
1973,206,12.5,80.0,84.0,41.738,0.052,400.875,204.125,14.6108627319336,120.28391456604,3386,346,0,102,4
1974,207,12.5,80.0,84.0,41.738,0.052,401.125,204.125,14.6110420227051,120.329607009888,3406,350,0,103,8
1975,207,12.5,80.0,84.0,41.738,0.052,401.125,204.125,14.6110420227051,120.328611373901,3406,350,0,103,8
1976,207,12.5,80.0,84.0,41.738,0.052,401.0,204.125,14.6076774597168,120.329828262329,3406,350,0,103,8
1977,207,12.5,80.0,84.0,41.738,0.052,402.75,204.125,14.6093978881836,120.503187179565,3467,359,0,112,17
1978,207,12.5,80.0,84.0,41.738,0.052,402.75,204.125,14.6093978881836,120.504549026489,3467,359,0,109,17
1979,207,12.5,80.0,84.0,41.738,0.052,402.75,204.125,14.6093978881836,120.505910873413,3467,359,0,109,17
1980,207,12.5,80.0,84.0,41.738,0.052,402.75,204.125,14.6093978881836,120.495958328247,3456,358,0,109,16
1981,207,10.9870000000003,91.0166560480539,84.0,41.738,0.052,402.75,204.125,14.6093978881836,120.497320175171,3456,358,0,109,16
1982,208,12.342,81.0241451952682,84.0,41.738,0.052,403.25,204.125,14.6098327636719,120.576856613159,3480,363,0,111,21
1983,208,12.403,80.6256550834476,84.0,41.738,0.052,404.875,204.125,14.6118354797363,120.824102401733,3601,395,0,124,40
1984,208,10.984,91.0415149308084,84.0,41.738,0.052,405.625,204.125,14.6123275756836,120.875043869019,3623,398,0,127,45
1985,208,10.858,92.0979922637687,84.0,41.738,0.052,405.625,204.125,14.6123275756836,120.870473861694,3618,398,0,125,44
1986,208,11.732,85.236958745312,84.0,41.738,0.052,407.375,204.125,14.6140480041504,121.05047416687,3685,408,0,134,54
1987,208,11.138,89.7827258035554,84.0,41.738,0.052,407.375,204.125,14.6140480041504,121.052412033081,3685,408,0,133,54
1988,208,10.9,91.743119266055,84.0,41.738,0.052,407.375,204.125,14.6140480041504,121.043146133423,3678,406,0,131,52
1989,208,10.854,92.1319329279528,84.0,41.738,0.052,407.375,204.125,14.6140480041504,121.036775588989,3671,405,0,130,50
1990,208,10.733,93.1705953601044,84.0,41.738,0.052,407.375,204.125,14.6140480041504,121.036897659302,3668,405,0,130,49
1991,209,11.11,90.00900090009,84.0,41.738,0.052,407.375,204.125,14.6140480041504,121.043725967407,3675,406,0,130,50
1992,209,11.6666666666667,85.7142857142857,84.0,41.738,0.052,409.0,205.125,14.615348815918,121.136632919312,3712,419,0,140,52
1993,209,11.1111111111111,90.0,84.0,41.738,0.052,409.75,205.125,14.6158409118652,121.188348770142,3736,422,0,143,58
1994,209,11.1111111111111,90.0,84.0,41.738,0.052,409.75,205.125,14.6158409118652,121.185758590698,3735,421,0,142,58
1995,209,11.1111111111111,90.0,84.0,41.738,0.052,409.75,205.125,14.6158409118652,121.197591781616,3743,423,0,142,59
1996,209,11.1111111111111,90.0,84.0,41.738,0.052,409.75,205.125,14.6158409118652,121.200983047485,3743,423,0,144,59
1997,209,11.1111111111111,90.0,84.0,41.738,0.052,409.75,205.125,14.6158409118652,121.200162887573,3739,423,0,144,57
1998,209,11.1111111111111,90.0,84.0,41.738,0.052,409.75,205.125,14.6158409118652,121.20761680603,3741,422,0,142,53
1999,209,11.1111111111111,90.0,84.0,41.738,0.052,411.0,206.125,14.6161117553711,121.064832687378,3699,412,0,133,46
2000,210,11.1111111111111,90.0,84.0,41.738,0.052,410.25,206.125,14.6237106323242,121.087934494019,3709,409,0,136,44
2001,210,11.1111111111111,90.0,84.0,41.738,0.052,410.125,206.125,14.6203460693359,121.091180801392,3709,409,0,138,44
2002,210,11.1111111111111,90.0,84.0,41.738,0.052,410.125,206.125,14.6203460693359,121.092542648315,3709,409,0,138,44
2003,210,11.1111111111111,90.0,84.0,41.738,0.052,410.625,206.125,14.6227569580078,121.13076210022,3723,411,0,139,46
2004,210,11.1111111111111,90.0,84.0,41.738,0.052,410.625,206.125,14.6227569580078,121.125459671021,3718,410,0,138,45
2005,210,11.1111111111111,90.0,84.0,41.738,0.052,410.625,206.125,14.6227569580078,121.152460098267,3734,413,0,138,47
2006,210,11.2945555555556,88.5382337606121,84.0,41.738,0.052,410.875,206.125,14.6230278015137,121.159513473511,3732,413,0,141,46
2007,210,11.384,87.8425860857344,84.0,41.738,0.052,411.125,206.125,14.623176574707,121.20094871521,3756,418,0,145,50
2008,210,11.1111111111111,90.0,84.0,41.738,0.052,411.125,206.125,14.623176574707,121.216554641724,3772,420,0,144,52
2009,211,11.6666666666667,85.7142857142857,84.0,41.738,0.052,411.125,206.125,14.623176574707,121.047243118286,3743,406,0,135,53
2010,211,11.5042222222222,86.9246073905233,84.0,41.738,0.052,409.25,206.125,14.62060546875,121.025316238403,3716,406,0,136,44
2011,211,11.1111111111111,90.0,84.0,41.738,0.052,409.25,206.125,14.62060546875,121.026678085327,3716,406,0,136,44
2012,211,32.7925555555556,30.494726106535,84.0,41.738,0.052,409.25,206.125,14.62060546875,121.046438217163,3727,408,0,136,45
2013,211,20.6513333333333,48.4230235335894,84.0,41.738,0.052,409.5,206.125,14.6208763122559,121.021272659302,3744,400,0,130,55
2014,211,14.9989999999996,66.6711114074287,84.0,41.738,0.052,409.5,206.125,14.6208763122559,121.034311294556,3730,403,0,130,48
2015,212,17.2523333333337,57.9631740634105,84.0,41.738,0.052,409.5,206.125,14.6208763122559,120.979051589966,3716,395,0,126,47
2016,212,11.76,85.0340136054422,84.0,41.738,0.052,408.875,206.125,14.6195755004883,120.956869125366,3701,393,0,125,45
2017,212,11.695,85.5066267635742,84.0,41.738,0.052,408.625,206.125,14.6194267272949,120.955808639526,3692,392,0,124,46
2018,212,12.545,79.7130330809087,84.0,41.738,0.052,408.875,206.125,14.6196975708008,120.954000473022,3678,392,0,125,38
2019,212,11.1111111111111,90.0,84.0,41.738,0.052,408.875,206.125,14.6196975708008,120.953016281128,3682,392,0,127,39
2020,212,11.9047619047619,84.0,84.0,41.738,0.052,408.875,206.125,14.6196975708008,120.933908462524,3682,391,0,128,40
2021,212,12.5,80.0,84.0,41.738,0.052,408.625,206.125,14.6194267272949,120.917280197144,3673,388,0,125,38
2022,213,12.263126984127,81.5452699213153,84.0,41.738,0.052,408.625,206.125,14.6194267272949,120.911699295044,3661,388,0,125,35
2023,213,11.529,86.7377916558245,84.0,41.738,0.052,408.625,206.125,14.6194267272949,120.912099838257,3659,388,0,125,34
2024,213,12.1212121212121,82.5,84.0,41.738,0.052,408.625,206.125,14.6194267272949,119.464650154114,3604,355,0,121,34
2025,213,12.5,80.0,84.0,41.738,0.052,404.3125,205.75,13.2705421447754,119.452073097229,3597,355,0,122,32
2026,213,11.6637878787879,85.7354412127668,84.0,41.738,0.052,404.3125,205.75,13.2705421447754,119.453434944153,3597,355,0,122,32
2027,213,11.743,85.157114876948,84.0,41.738,0.052,404.3125,205.75,13.2705421447754,119.374444007874,3555,348,0,119,26
2028,213,11.107,90.0333123255605,84.0,41.738,0.052,403.5625,205.75,13.2678604125977,119.288544654846,3514,342,0,114,24
2029,213,11.634,85.954959601169,84.0,41.738,0.052,402.3125,205.75,13.2670097351074,119.286908149719,3514,342,0,114,24
2030,213,11.328,88.2768361581921,84.0,41.738,0.052,402.3125,205.75,13.2670097351074,119.243161201477,3500,338,0,110,24
2031,214,11.022,90.7276356378153,84.0,41.738,0.052,401.8125,205.75,13.2645988464355,119.24612903595,3489,339,0,109,14
2032,214,11.6666666666667,85.7142857142857,84.0,41.738,0.052,402.0625,205.75,13.2648696899414,119.251729011536,3488,339,0,110,14
2033,214,11.3043333333333,88.4616518739126,84.0,41.738,0.052,402.0625,205.75,13.2648696899414,119.251481056213,3486,339,0,110,13
2034,214,11.397,87.7423883478108,84.0,41.738,0.052,401.9375,205.75,13.2615051269531,119.246632575989,3476,339,0,110,8
2035,214,11.16,89.6057347670251,84.0,41.738,0.052,401.9375,205.75,13.2615051269531,119.137139320374,3431,329,0,105,8
2036,214,11.242,88.9521437466643,84.0,41.738,0.052,400.6875,205.75,13.2605323791504,119.109223365784,3424,326,0,104,8
2037,214,11.472,87.1687587168759,84.0,41.738,0.052,400.4375,205.75,13.2602615356445,119.025086402893,3385,320,0,99,7
2038,214,11.091,90.1631953836444,84.0,41.738,0.052,399.1875,205.75,13.2594108581543,118.993260383606,3368,311,0,99,8
2039,214,11.168,89.541547277937,84.0,41.738,0.052,399.4375,205.75,13.2596817016602,118.990456581116,3361,310,0,98,8
2040,215,11.421,87.5580071797566,84.0,41.738,0.052,399.4375,205.75,13.2596817016602,118.99181842804,3361,310,0,98,8
2041,215,11.6666666666667,85.7142857142857,83.0,41.214,0.035,399.4375,205.75,13.2596817016602,118.991501808167,3358,310,0,98,7
2042,215,10.7903333333333,92.6755429242223,83.0,41.214,0.035,399.4375,205.75,13.2596817016602,118.99286365509,3358,310,0,98,7
2043,215,11.1111111111111,90.0,83.0,41.214,0.035,399.4375,205.75,13.2596817016602,118.971478462219,3350,309,0,95,6
2044,215,11.1111111111111,90.0,83.0,41.214,0.035,399.1875,205.75,13.2594108581543,118.958313941956,3346,309,0,95,5
2045,215,11.1111111111111,90.0,83.0,41.214,0.035,399.1875,205.75,13.2594108581543,118.975319862366,3354,310,0,95,6
2046,215,11.1111111111111,90.0,83.0,41.214,0.035,399.4375,205.75,13.2596817016602,118.981556892395,3354,310,0,96,6
2047,215,11.1111111111111,90.0,83.0,41.214,0.035,399.4375,205.75,13.2596817016602,118.982918739319,3354,310,0,96,6
2048,215,11.1111111111111,90.0,83.0,41.214,0.035,399.4375,205.75,13.2596817016602,118.974270820618,3354,310,0,94,6
2049,216,11.1111111111111,90.0,83.0,41.214,0.035,399.4375,205.75,13.2596817016602,118.975632667542,3354,310,0,94,6
2050,216,11.1111111111111,90.0,83.0,41.214,0.035,399.4375,205.75,13.2596817016602,118.958500862122,3348,309,0,93,5
2051,216,11.1111111111111,90.0,83.0,41.214,0.035,399.1875,205.75,13.2594108581543,118.956601142883,3344,309,0,93,4
2052,216,11.1111111111111,90.0,83.0,41.214,0.035,399.1875,205.75,13.2594108581543,118.973698616028,3352,310,0,93,5
2053,216,25.6982222222222,38.9131976271597,83.0,41.214,0.035,399.4375,205.75,13.2596817016602,118.979935646057,3352,310,0,94,5
2054,216,16.6666666666667,60.0,83.0,41.214,0.035,399.4375,205.75,13.2596817016602,118.981297492981,3352,310,0,94,5
2055,216,16.6666666666667,60.0,83.0,41.214,0.035,399.4375,205.75,13.2596817016602,118.982659339905,3352,310,0,94,5
2056,217,14.1303333333333,70.7697388596636,83.0,41.214,0.035,399.4375,205.75,13.2596817016602,118.987832069397,3360,311,0,94,7
2057,217,10.866,92.0301859009755,83.0,41.214,0.035,399.4375,205.75,13.2596054077148,118.969574928284,3351,309,0,94,6
2058,217,10.321,96.8898362561767,83.0,41.214,0.035,398.1875,204.75,13.259334564209,118.969517707825,3351,309,0,94,6
2059,217,10.166,98.3671060397403,83.0,41.214,0.035,398.1875,204.75,13.259334564209,118.970879554749,3351,309,0,94,6
2060,217,10.225,97.799511002445,83.0,41.214,0.035,398.1875,204.75,13.259334564209,118.972241401672,3351,309,0,94,6
2061,217,10.4166666666667,96.0,83.0,41.214,0.035,398.1875,204.75,13.259334564209,118.973603248596,3351,309,0,92,6
2062,217,10.4313333333333,95.8650220489551,83.0,41.214,0.035,398.1875,204.75,13.259334564209,118.956471443176,3345,308,0,91,5
2063,217,10.266,97.4089226573154,83.0,41.214,0.035,397.9375,204.75,13.2590637207031,118.954571723938,3341,308,0,91,4
2064,218,10.6060606060606,94.2857142857143,83.0,41.214,0.035,398.1875,204.75,13.2592430114746,119.000706672668,3361,312,0,92,8
2065,218,11.1111111111111,90.0,83.0,41.214,0.035,398.1875,204.75,13.2592430114746,119.002068519592,3361,312,0,92,8
2066,218,10.5828282828283,94.4926982914956,83.0,41.214,0.035,398.1875,204.75,13.2592430114746,119.003430366516,3361,312,0,92,8
2067,218,10.061,99.3936984395189,83.0,41.214,0.035,398.1875,204.75,13.2592430114746,119.002846717834,3358,312,0,92,6
2068,218,10.6060606060606,94.2857142857143,83.0,41.214,0.035,399.9375,204.75,13.2609634399414,119.176205635071,3419,321,0,101,15
2069,218,10.6060606060606,94.2857142857143,83.0,41.214,0.035,399.9375,204.75,13.2609634399414,119.175347328186,3417,321,0,101,15
2070,218,10.6060606060606,94.2857142857143,83.0,41.214,0.035,399.9375,204.75,13.2609634399414,119.157494544983,3413,320,0,100,15
2071,218,10.6060606060606,94.2857142857143,83.0,41.214,0.035,398.6875,203.75,13.2606925964355,119.155163764954,3409,320,0,100,14
2072,218,10.6060606060606,94.2857142857143,83.0,41.214,0.035,398.6875,203.75,13.2606925964355,119.156525611877,3409,320,0,100,14
2073,218,10.6060606060606,94.2857142857143,83.0,41.214,0.035,398.6875,203.75,13.2606925964355,119.157887458801,3409,320,0,100,14
2074,219,10.6060606060606,94.2857142857143,83.0,41.214,0.035,398.6875,203.75,13.2606925964355,119.159626960754,3409,320,0,100,14
2075,219,10.6060606060606,94.2857142857143,83.0,41.214,0.035,399.0625,203.75,13.2617225646973,119.220993995667,3436,330,0,108,16
2076,219,10.6060606060606,94.2857142857143,83.0,41.214,0.035,399.8125,203.75,13.2622146606445,119.276032447815,3465,333,0,111,24
2077,219,10.6060606060606,94.2857142857143,83.0,41.214,0.035,399.8125,203.75,13.2622146606445,119.277394294739,3465,333,0,111,24
2078,219,10.6060606060606,94.2857142857143,83.0,41.214,0.035,399.8125,203.75,13.2622146606445,119.278756141663,3465,333,0,111,24
2079,219,10.6060606060606,94.2857142857143,83.0,41.214,0.035,399.8125,203.75,13.2622146606445,119.286702156067,3471,334,0,111,25
2080,219,10.6060606060606,94.2857142857143,83.0,41.214,0.035,399.8125,203.75,13.2622146606445,119.28754901886,3469,334,0,112,24
2081,219,10.6060606060606,94.2857142857143,83.0,41.214,0.035,399.8125,203.75,13.2622146606445,119.288910865784,3469,334,0,110,24
2082,219,10.3511515151515,96.6076091665983,83.0,41.214,0.035,399.8125,203.75,13.2622146606445,119.28014087677,3463,332,0,108,23
2083,220,10.6060606060606,94.2857142857143,83.0,41.214,0.035,400.8125,203.75,13.2650604248047,119.404286384583,3503,341,0,112,28
2084,220,10.6060606060606,94.2857142857143,83.0,41.214,0.035,400.8125,203.75,13.2650604248047,119.410061836243,3506,342,0,112,28
2085,220,10.6060606060606,94.2857142857143,83.0,41.214,0.035,400.8125,203.75,13.2650604248047,119.378769874573,3486,339,0,112,28
2086,220,10.6060606060606,94.2857142857143,83.0,41.214,0.035,401.0625,203.75,13.267276763916,119.41758441925,3496,342,0,114,28
2087,220,10.6060606060606,94.2857142857143,83.0,41.214,0.035,402.8125,203.75,13.2689971923828,119.590806007385,3557,351,0,123,37
2088,220,10.6060606060606,94.2857142857143,83.0,41.214,0.035,402.8125,203.75,13.2689971923828,119.592167854309,3557,351,0,123,37
2089,220,10.6060606060606,94.2857142857143,83.0,41.214,0.035,402.8125,203.75,13.2689971923828,119.594525337219,3560,351,0,122,37
2090,220,10.6060606060606,94.2857142857143,83.0,41.214,0.035,403.0625,203.75,13.2691459655762,119.652031898499,3580,356,0,127,40
2091,220,10.6060606060606,94.2857142857143,83.0,41.214,0.035,403.0625,203.75,13.2691459655762,119.635109901428,3578,356,0,127,39
2092,220,10.6060606060606,94.2857142857143,83.0,41.214,0.035,403.0625,203.75,13.2691459655762,119.503693580627,3553,348,0,119,39
2093,221,11.1111111111111,90.0,83.0,41.214,0.035,403.0625,203.75,13.279411315918,119.583264350891,3571,348,0,124,38
2094,221,11.2746161616158,88.6948154744707,83.0,41.214,0.035,403.6875,203.75,13.276538848877,119.639317512512,3608,351,0,128,46
2095,221,11.1111111111111,90.0,83.0,41.214,0.035,403.6875,203.75,13.276538848877,119.639935493469,3604,351,0,129,45
2096,221,11.1111111111111,90.0,83.0,41.214,0.035,404.6875,203.75,13.2813606262207,119.723793983459,3634,357,0,133,49
2097,221,11.1111111111111,90.0,83.0,41.214,0.035,404.6875,203.75,13.2813606262207,119.716420173645,3632,355,0,131,49
2098,221,36.605666666667,27.318174781682,83.0,41.214,0.035,404.6875,203.75,13.2813606262207,119.727749824524,3643,357,0,129,48
2099,221,16.6666666666667,60.0,83.0,41.214,0.035,404.9375,203.75,13.2815093994141,119.729737281799,3647,356,0,132,48
2100,222,16.6666666666667,60.0,83.0,41.214,0.035,405.0625,203.75,13.2828903198242,119.768792152405,3660,358,0,132,49
2101,222,16.6666666666667,60.0,83.0,41.214,0.035,404.8125,203.75,13.2827415466309,119.76663684845,3657,358,0,132,48
2102,222,12.9046666666667,77.4913467996074,83.0,41.214,0.035,405.3125,203.75,13.2851524353027,119.784947395325,3666,356,0,129,49
2103,222,11.324,88.3080183680678,83.0,41.214,0.035,405.3125,203.75,13.2851524353027,119.765236854553,3644,354,0,127,43
2104,222,11.031,90.65361254646,83.0,41.214,0.035,405.3125,203.75,13.2851524353027,119.758534431458,3638,354,0,129,41
2105,222,11.859,84.3241420018551,83.0,41.214,0.035,405.5625,203.75,13.2853012084961,119.787568092346,3657,359,0,131,43
2106,222,11.101,90.0819745968832,83.0,41.214,0.035,405.5625,203.75,13.2853012084961,119.655507087708,3631,351,0,123,42
2107,223,10.885,91.869545245751,83.0,41.214,0.035,404.0625,203.75,13.2837600708008,119.635430335999,3606,351,0,123,33
2108,223,11.165,89.5656068069861,83.0,41.214,0.035,404.0625,203.75,13.2837600708008,119.636792182922,3606,351,0,123,33
2109,223,11.237,88.9917237696894,83.0,41.214,0.035,404.0625,203.75,13.2837600708008,119.606457710266,3584,348,0,122,33
2110,223,10.849,92.1743939533598,83.0,41.214,0.035,403.8125,203.75,13.2836112976074,119.572697639465,3574,345,0,120,33
2111,223,10.95,91.324200913242,83.0,41.214,0.035,403.3125,203.75,13.2812004089355,119.554696083069,3563,345,0,120,26
2112,223,11.1111111111111,90.0,83.0,41.214,0.035,403.3125,203.75,13.2812004089355,119.558297157288,3561,343,0,118,26
2113,223,10.8228888888889,92.3967722727553,83.0,41.214,0.035,403.3125,203.75,13.2812004089355,119.50532245636,3536,338,0,115,22
2114,223,11.1111111111111,90.0,83.0,41.214,0.035,402.8125,203.75,13.2787895202637,119.500031471252,3536,338,0,117,22
2115,223,10.9518888888889,91.3084500897866,83.0,41.214,0.035,402.8125,203.75,13.2787895202637,119.498833656311,3531,338,0,117,20
2116,224,10.77,92.8505106778087,83.0,41.214,0.035,402.8125,203.75,13.2787895202637,119.500073432922,3531,338,0,117,20
2117,224,10.6060606060606,94.2857142857143,83.0,41.214,0.035,402.8125,203.75,13.2787895202637,119.483860969543,3524,336,0,116,20
2118,224,10.6060606060606,94.2857142857143,83.0,41.214,0.035,402.5625,203.75,13.2786407470703,119.48339176178,3522,336,0,116,19
2119,224,10.6060606060606,94.2857142857143,83.0,41.214,0.035,402.5625,203.75,13.2786407470703,118.313415527344,3464,304,0,112,18
2120,224,10.6060606060606,94.2857142857143,83.0,41.214,0.035,398.0,203.375,11.9288673400879,118.228145599365,3439,298,0,108,17
2121,224,10.6060606060606,94.2857142857143,83.0,41.214,0.035,397.0,203.375,11.9240455627441,118.214866638184,3431,296,0,107,15
2122,224,8.95803030302995,111.631683101336,83.0,41.214,0.035,397.0,203.375,11.9240455627441,118.124118804932,3389,289,0,102,15
2123,224,10.6060606060606,94.2857142857143,83.0,41.214,0.035,395.75,203.375,11.9231948852539,118.029335021973,3359,281,0,98,15
2124,224,10.6060606060606,94.2857142857143,83.0,41.214,0.035,394.75,203.375,11.9183731079102,118.02364730835,3362,281,0,100,16
2125,225,10.6060606060606,94.2857142857143,83.0,41.214,0.035,394.75,203.375,11.9183731079102,118.02367401123,3360,281,0,100,16
2126,225,10.6060606060606,94.2857142857143,83.0,41.214,0.035,394.75,203.375,11.9183731079102,118.023349761963,3357,281,0,100,14
2127,225,10.6060606060606,94.2857142857143,86.0,42.91,0.03,394.75,203.375,11.9183731079102,118.024314880371,3357,281,0,100,14
2128,225,10.6060606060606,94.2857142857143,86.0,42.91,0.03,394.625,203.375,11.9150085449219,118.025531768799,3357,281,0,100,14
2129,225,10.6060606060606,94.2857142857143,86.0,42.91,0.03,394.625,203.375,11.9150085449219,118.020988464355,3348,281,0,100,8
2130,225,10.6060606060606,94.2857142857143,86.0,42.91,0.03,394.625,203.375,11.9150085449219,118.022350311279,3348,281,0,100,8
2131,225,10.6060606060606,94.2857142857143,86.0,42.91,0.03,394.625,203.375,11.9150085449219,117.990085601807,3338,278,0,98,8
2132,225,10.6060606060606,94.2857142857143,86.0,42.91,0.03,394.125,203.375,11.91259765625,117.98853302002,3336,278,0,98,7
2133,225,10.6060606060606,94.2857142857143,86.0,42.91,0.03,394.125,203.375,11.91259765625,117.989894866943,3336,278,0,98,7
2134,225,10.6060606060606,94.2857142857143,86.0,42.91,0.03,394.125,203.375,11.91259765625,117.98217010498,3329,277,0,96,7
2135,226,10.6060606060606,94.2857142857143,86.0,42.91,0.03,394.125,203.375,11.91259765625,117.939167022705,3315,273,0,92,7
2136,226,10.6060606060606,94.2857142857143,86.0,42.91,0.03,393.625,203.375,11.9101867675781,117.936260223389,3311,273,0,92,6
2137,226,10.6060606060606,94.2857142857143,86.0,42.91,0.03,393.625,203.375,11.9101867675781,117.934730529785,3306,273,0,92,4
2138,226,10.6060606060606,94.2857142857143,86.0,42.91,0.03,393.625,203.375,11.9101867675781,117.930160522461,3301,273,0,90,3
2139,226,10.6060606060606,94.2857142857143,86.0,42.91,0.03,393.625,203.375,11.9101867675781,117.930801391602,3301,273,0,90,3
2140,226,10.6060606060606,94.2857142857143,86.0,42.91,0.03,393.625,203.375,11.9101867675781,117.841091156006,3262,265,0,85,3
2141,226,14.4759090909095,69.0802901372168,86.0,42.91,0.03,392.375,203.375,11.9093360900879,117.839454650879,3262,265,0,85,3
2142,226,11.1111111111111,90.0,86.0,42.91,0.03,392.375,203.375,11.9093360900879,117.840816497803,3262,265,0,85,3
2143,226,11.1111111111111,90.0,86.0,42.91,0.03,392.375,203.375,11.9093360900879,117.833137512207,3255,264,0,85,3
2144,227,11.1111111111111,90.0,86.0,42.91,0.03,392.375,203.375,11.9093360900879,117.834499359131,3255,264,0,85,3
2145,227,11.1111111111111,90.0,86.0,42.91,0.03,392.375,203.375,11.9093360900879,117.835861206055,3255,264,0,85,3
2146,227,11.1111111111111,90.0,86.0,42.91,0.03,392.375,203.375,11.9093360900879,117.837223052979,3255,264,0,85,3
2147,227,11.1111111111111,90.0,86.0,42.91,0.03,392.375,203.375,11.9093360900879,117.838584899902,3255,264,0,85,3
2148,227,11.1111111111111,90.0,86.0,42.91,0.03,392.375,203.375,11.9093360900879,117.839946746826,3255,264,0,85,3
2149,227,11.1111111111111,90.0,86.0,42.91,0.03,392.375,203.375,11.9093360900879,117.84130859375,3255,264,0,83,3
2150,227,11.1111111111111,90.0,86.0,42.91,0.03,392.375,203.375,11.9093360900879,117.840991973877,3252,264,0,83,2
2151,227,11.1111111111111,90.0,86.0,42.91,0.03,392.375,203.375,11.9093360900879,117.842353820801,3252,264,0,83,2
2152,227,11.1111111111111,90.0,86.0,42.91,0.03,392.375,203.375,11.9093360900879,117.843715667725,3252,264,0,83,2
2153,228,11.1111111111111,90.0,86.0,42.91,0.03,395.0625,203.375,11.9111366271973,118.336449623108,3389,287,0,88,26
2154,228,11.1111111111111,90.0,86.0,42.91,0.03,395.0625,203.375,11.9111366271973,118.337811470032,3389,287,0,88,26
2155,228,11.1111111111111,90.0,86.0,42.91,0.03,395.0625,203.375,11.9111366271973,118.339173316956,3389,287,0,88,26
2156,228,11.1111111111111,90.0,86.0,42.91,0.03,395.0625,203.375,11.9111366271973,118.342648506165,3389,287,0,89,26
2157,228,11.1111111111111,90.0,86.0,42.91,0.03,395.0625,203.375,11.9111366271973,118.344010353088,3389,287,0,89,26
2158,228,11.1111111111111,90.0,86.0,42.91,0.03,395.0625,203.375,11.9111366271973,118.351712226868,3389,287,0,92,26
2159,228,11.1111111111111,90.0,86.0,42.91,0.03,395.0625,203.375,11.9111366271973,118.353074073792,3389,287,0,92,26
2160,228,11.1111111111111,90.0,86.0,42.91,0.03,395.0625,203.375,11.9111366271973,118.358662605286,3389,287,0,94,26
2161,228,11.1111111111111,90.0,86.0,42.91,0.03,395.0625,203.375,11.9111366271973,118.358345985413,3386,287,0,94,25
2162,229,11.1111111111111,90.0,86.0,42.91,0.03,395.3125,203.375,11.9113311767578,118.390049934387,3395,288,0,99,27
2163,229,11.1111111111111,90.0,86.0,42.91,0.03,395.6875,203.375,11.9123611450195,118.453217506409,3421,298,0,108,29
2164,229,11.1111111111111,90.0,86.0,42.91,0.03,395.6875,203.375,11.9123611450195,118.454579353333,3421,298,0,108,29
2165,229,11.1111111111111,90.0,86.0,42.91,0.03,395.6875,203.375,11.9123611450195,118.455941200256,3421,298,0,108,29
2166,229,11.1111111111111,90.0,86.0,42.91,0.03,395.6875,203.375,11.9123611450195,118.455082893372,3419,298,0,108,29
2167,229,11.0825555555556,90.2318959726494,86.0,42.91,0.03,395.6875,203.375,11.9123611450195,118.465142250061,3425,299,0,109,30
2168,229,10.732,93.179276928811,86.0,42.91,0.03,395.6875,203.375,11.9123611450195,118.468102455139,3423,299,0,111,29
2169,229,11.1111111111111,90.0,86.0,42.91,0.03,395.9375,203.375,11.912525177002,118.806341171265,3431,298,0,108,31
2170,229,11.1111111111111,90.0,86.0,42.91,0.03,395.9375,203.375,11.912525177002,118.801263809204,3419,298,0,108,27
2171,230,11.1111111111111,90.0,86.0,42.91,0.03,396.4375,203.375,11.9149360656738,118.861387252808,3444,302,0,110,30
2172,230,11.1111111111111,90.0,86.0,42.91,0.03,396.4375,203.375,11.9149360656738,118.866514205933,3446,303,0,110,29
2173,230,11.1111111111111,90.0,86.0,42.91,0.03,396.4375,203.375,11.9149360656738,118.867719650269,3445,303,0,111,28
2174,230,11.1111111111111,90.0,86.0,42.91,0.03,397.1875,203.375,11.9175415039063,118.929273605347,3467,307,0,114,31
2175,230,11.1111111111111,90.0,86.0,42.91,0.03,397.1875,203.375,11.9175415039063,118.929109573364,3464,307,0,113,30
2176,230,11.1111111111111,90.0,86.0,42.91,0.03,397.1875,203.375,11.9175415039063,118.923643112183,3458,306,0,112,29
2177,230,11.1111111111111,90.0,86.0,42.91,0.03,397.4375,203.375,11.9176902770996,118.965990066528,3482,312,0,114,32
2178,230,11.1111111111111,90.0,86.0,42.91,0.03,397.4375,203.375,11.9176902770996,118.962175369263,3472,312,0,114,30
2179,230,11.1111111111111,90.0,86.0,42.91,0.03,397.4375,203.375,11.9176902770996,118.959447860718,3465,312,0,113,28
2180,231,11.1111111111111,90.0,86.0,42.91,0.03,397.4375,203.375,11.9176902770996,118.957704544067,3468,312,0,114,29
2181,231,11.1111111111111,90.0,86.0,42.91,0.03,397.4375,203.375,11.9176902770996,118.948797225952,3458,311,0,111,27
2182,231,11.1111111111111,90.0,86.0,42.91,0.03,397.4375,203.375,11.9176902770996,118.948225021362,3450,312,0,109,25
2183,231,11.1111111111111,90.0,86.0,42.91,0.03,397.4375,203.375,11.9176902770996,118.936552047729,3438,310,0,107,23
2184,231,11.1111111111111,90.0,86.0,42.91,0.03,397.4375,203.375,11.9176902770996,118.928945541382,3429,309,0,106,21
2185,231,11.1111111111111,90.0,86.0,42.91,0.03,397.4375,203.375,11.9176902770996,118.927980422974,3425,309,0,106,19
2186,231,28.8077777777778,34.712847610599,86.0,42.91,0.03,397.4375,203.375,11.9176902770996,118.949815750122,3447,312,0,104,22
2187,232,16.6666666666667,60.0,86.0,42.91,0.03,397.4375,203.375,11.9176902770996,118.895215988159,3422,304,0,101,20
2188,232,16.6666666666667,60.0,86.0,42.91,0.03,396.8125,203.375,11.9165115356445,118.890703201294,3414,304,0,99,17
2189,232,15.9723333333333,62.6082601164514,86.0,42.91,0.03,396.8125,203.375,11.9165115356445,118.881765365601,3402,303,0,98,15
2190,232,10.524,95.0209045990118,86.0,42.91,0.03,396.8125,203.375,11.9165115356445,118.880853652954,3398,303,0,98,14
2191,232,10.896,91.776798825257,86.0,42.91,0.03,396.8125,203.375,11.9165115356445,118.870016098022,3395,300,0,95,14
2192,232,11.171,89.5175006713813,86.0,42.91,0.03,396.8125,203.375,11.9165115356445,118.856763839722,3385,299,0,96,12
2193,232,10.699,93.4666791288905,86.0,42.91,0.03,396.8125,203.375,11.9165115356445,118.855852127075,3381,299,0,95,11
2194,232,10.704,93.423019431988,86.0,42.91,0.03,396.8125,203.375,11.9165115356445,118.856252670288,3379,299,0,94,10
2195,233,11.946,83.7100284614097,86.0,42.91,0.03,397.0625,203.375,11.9232406616211,118.815919876099,3366,289,0,89,10
2196,233,10.949,91.3325417846379,86.0,42.91,0.03,396.9375,203.375,11.9198760986328,118.817136764526,3366,289,0,89,10
2197,233,11.043,90.5551027800417,86.0,42.91,0.03,396.9375,203.375,11.9198760986328,118.816522598267,3363,289,0,89,8
2198,233,10.954,91.2908526565638,86.0,42.91,0.03,396.9375,203.375,11.9198760986328,118.783308029175,3338,286,0,88,8
2199,233,11.077,90.2771508531191,86.0,42.91,0.03,396.6875,203.375,11.9196815490723,118.750108718872,3328,283,0,86,8
2200,233,11.1111111111111,90.0,86.0,42.91,0.03,396.1875,203.375,11.9172706604004,118.751440048218,3331,283,0,86,9
2201,233,11.1111111111111,90.0,86.0,42.91,0.03,396.1875,203.375,11.9172706604004,118.752801895142,3331,283,0,86,9
2202,233,11.1111111111111,90.0,86.0,42.91,0.03,396.1875,203.375,11.9172706604004,118.709650039673,3317,279,0,84,9
2203,233,11.1111111111111,90.0,86.0,42.91,0.03,395.6875,203.375,11.9148597717285,118.708421707153,3316,279,0,84,9
2204,234,11.1111111111111,90.0,86.0,42.91,0.03,396.1875,203.375,11.9172706604004,118.773546218872,3341,284,0,86,12
2205,234,11.1111111111111,90.0,86.0,42.91,0.03,396.1875,203.375,11.9172706604004,118.774908065796,3341,284,0,86,12
2206,234,11.1111111111111,90.0,86.0,42.91,0.03,396.1875,203.375,11.9172706604004,118.77626991272,3341,284,0,86,12
2207,234,11.1111111111111,90.0,86.0,42.91,0.03,396.6875,203.375,11.9196815490723,118.818002700806,3356,287,0,88,14
2208,234,11.1111111111111,90.0,86.0,42.91,0.03,396.6875,203.375,11.9196815490723,118.819364547729,3356,287,0,88,14
2209,234,11.1111111111111,90.0,86.0,42.91,0.03,396.6875,203.375,11.9196815490723,118.820726394653,3356,287,0,88,14
2210,234,11.1111111111111,90.0,86.0,42.91,0.03,396.6875,203.375,11.9196815490723,118.811834335327,3347,286,0,87,13
2211,234,11.1111111111111,90.0,86.0,42.91,0.03,396.9375,203.375,11.9198303222656,118.85195350647,3371,291,0,91,17
2212,234,11.1111111111111,90.0,86.0,42.91,0.03,396.9375,203.375,11.9198303222656,118.852102279663,3369,291,0,89,16
2213,235,11.1111111111111,90.0,86.0,42.91,0.03,396.9375,203.375,11.9198303222656,118.853403091431,3369,291,0,89,16
2214,235,11.1111111111111,90.0,86.0,42.91,0.03,396.9375,203.375,11.9198303222656,118.851926803589,3366,291,0,89,15
2215,235,11.1111111111111,90.0,88.0,35.246,0.034,396.9375,203.375,11.9198303222656,118.853288650513,3366,291,0,89,15
2216,235,11.1111111111111,90.0,88.0,35.246,0.034,396.9375,203.375,11.9198303222656,118.854650497437,3366,291,0,89,15
2217,235,11.1111111111111,90.0,88.0,35.246,0.034,396.9375,203.375,11.9198303222656,118.775194168091,3346,273,0,89,15
2218,235,11.1111111111111,90.0,88.0,35.246,0.034,394.5,203.375,11.9181938171387,118.765424728394,3344,271,0,87,15
2219,235,11.1111111111111,90.0,88.0,35.246,0.034,394.5,203.375,11.9181938171387,118.756719589233,3333,270,0,86,11
2220,235,11.1111111111111,90.0,88.0,35.246,0.034,394.5,203.375,11.9181938171387,118.75640296936,3330,270,0,86,10
2221,235,11.1111111111111,90.0,88.0,35.246,0.034,394.5,203.375,11.9181938171387,118.755788803101,3327,270,0,84,8
2222,236,11.1111111111111,90.0,88.0,35.246,0.034,394.5,203.375,11.9181938171387,118.757089614868,3327,270,0,84,8
2223,236,11.1111111111111,90.0,88.0,35.246,0.034,394.5,203.375,11.9181938171387,117.298302650452,3250,233,0,78,7
2224,236,11.1111111111111,90.0,88.0,35.246,0.034,389.1875,203.0,10.5459747314453,117.279591560364,3245,233,0,78,6
2225,236,10.8662222222223,92.0283038161067,88.0,35.246,0.034,389.1875,203.0,10.5459747314453,117.280953407288,3245,233,0,78,6
2226,236,10.402,96.1353585848875,88.0,35.246,0.034,389.1875,203.0,10.5459747314453,117.280354499817,3245,233,0,78,6
2227,236,10.929,91.4996797511209,88.0,35.246,0.034,389.1875,203.0,10.5459747314453,117.281716346741,3245,233,0,78,6
2228,236,10.723,93.257483913084,88.0,35.246,0.034,389.1875,203.0,10.5459747314453,117.279786109924,3248,233,0,80,7
2229,236,17.1743333333333,58.2264231508258,88.0,35.246,0.034,389.1875,203.0,10.5459747314453,117.281147956848,3248,233,0,80,7
2230,236,11.6666666666667,85.7142857142857,88.0,35.246,0.034,389.1875,203.0,10.5459747314453,117.282509803772,3248,233,0,80,7
2231,237,11.6666666666667,85.7142857142857,88.0,35.246,0.034,389.1875,203.0,10.5459747314453,117.282849311829,3246,233,0,80,6
2232,237,11.6666666666667,85.7142857142857,88.0,35.246,0.034,389.1875,203.0,10.5459747314453,117.283814430237,3246,233,0,80,6
2233,237,11.6666666666667,85.7142857142857,88.0,35.246,0.034,389.0625,203.0,10.542610168457,117.284482002258,3245,233,0,80,5
2234,237,11.6666666666667,85.7142857142857,88.0,35.246,0.034,389.0625,203.0,10.542610168457,117.285294532776,3244,233,0,80,4
2235,237,11.6666666666667,85.7142857142857,88.0,35.246,0.034,389.0625,203.0,10.542610168457,117.094848632813,3225,228,0,77,4
2236,237,10.1849999999996,98.1836033382462,88.0,35.246,0.034,388.3125,203.0,10.5400352478027,116.763348579407,3214,226,0,74,3
2237,237,11.1223333333337,89.9091917163633,88.0,35.246,0.034,388.0625,203.0,10.5398712158203,116.578265190125,3211,226,0,74,2
2238,237,11.1111111111111,90.0,88.0,35.246,0.034,388.0625,203.0,10.5398712158203,116.53484249115,3197,222,0,72,2
2239,238,11.0998888888885,90.090991901824,88.0,35.246,0.034,387.5625,203.0,10.5374603271484,116.54626750946,3200,222,0,72,3
2240,238,11.1111111111111,90.0,88.0,35.246,0.034,387.5625,203.0,10.5374603271484,116.546992301941,3199,222,0,72,3
2241,238,11.1111111111111,90.0,88.0,35.246,0.034,387.5625,203.0,10.5374603271484,116.548354148865,3199,222,0,72,3
2242,238,11.1111111111111,90.0,88.0,35.246,0.034,387.5625,203.0,10.5374603271484,116.543784141541,3194,222,0,70,2
2243,238,11.1111111111111,90.0,88.0,35.246,0.034,387.5625,203.0,10.5374603271484,116.544425010681,3194,222,0,70,2
2244,238,11.1111111111111,90.0,88.0,35.246,0.034,387.5625,203.0,10.5374603271484,116.545786857605,3194,222,0,70,2
2245,238,11.1111111111111,90.0,88.0,35.246,0.034,387.5625,203.0,10.5374603271484,116.547148704529,3194,222,0,70,2
2246,238,11.1111111111111,90.0,88.0,35.246,0.034,387.5625,203.0,10.5374603271484,116.548510551453,3194,222,0,70,2
2247,238,11.1111111111111,90.0,88.0,35.246,0.034,387.5625,203.0,10.5374603271484,116.549872398376,3194,222,0,70,2
2248,239,11.1111111111111,90.0,88.0,35.246,0.034,387.5625,203.0,10.5374603271484,116.542132377625,3187,221,0,70,2
2249,239,11.1111111111111,90.0,88.0,35.246,0.034,387.9375,203.0,10.5384902954102,116.604712486267,3216,231,0,78,5
2250,239,10.6212222222226,94.1511230136692,88.0,35.246,0.034,387.9375,203.0,10.5384902954102,116.606074333191,3216,231,0,78,5
2251,239,10.142,98.599881680142,88.0,35.246,0.034,387.9375,203.0,10.5384902954102,116.607436180115,3216,231,0,78,5
2252,239,10.722,93.2661816825219,88.0,35.246,0.034,387.9375,203.0,10.5384902954102,116.608798027039,3216,231,0,78,5
2253,239,10.433,95.8497076583917,88.0,35.246,0.034,387.9375,203.0,10.5384902954102,116.616744041443,3222,232,0,78,6
2254,239,10.784,92.7299703264095,88.0,35.246,0.034,387.9375,203.0,10.5384902954102,116.617590904236,3220,232,0,79,5
2255,239,10.509,95.1565324959559,88.0,35.246,0.034,387.9375,203.0,10.5384902954102,116.61895275116,3220,232,0,79,5
2256,239,10.469,95.5201069825198,88.0,35.246,0.034,387.9375,203.0,10.5384902954102,116.612456321716,3218,230,0,77,5
2257,239,10.408,96.0799385088393,88.0,35.246,0.034,387.9375,203.0,10.5384902954102,116.605460166931,3212,229,0,76,3
2258,240,11.1111111111111,90.0,88.0,35.246,0.034,388.4375,203.0,10.540901184082,116.675269126892,3240,235,0,79,6
2259,240,11.1111111111111,90.0,88.0,35.246,0.034,388.4375,203.0,10.540901184082,116.677206993103,3240,235,0,80,6
2260,240,10.9587777777778,91.2510519218485,88.0,35.246,0.034,388.4375,203.0,10.540901184082,116.678568840027,3240,235,0,80,6
2261,240,10.627,94.0999341300461,88.0,35.246,0.034,388.9375,203.0,10.5433120727539,116.720301628113,3255,238,0,82,8
2262,240,10.382,96.3205548063957,88.0,35.246,0.034,388.9375,203.0,10.5433120727539,116.717711448669,3254,237,0,81,8
2263,240,10.6060606060606,94.2857142857143,88.0,35.246,0.034,388.9375,203.0,10.5433120727539,116.722960472107,3256,238,0,81,8
2264,240,10.6060606060606,94.2857142857143,88.0,35.246,0.034,388.9375,203.0,10.5433120727539,116.723685264587,3254,238,0,82,7
2265,240,10.6060606060606,94.2857142857143,88.0,35.246,0.034,389.1875,203.0,10.5434608459473,116.76335811615,3278,243,0,86,11
2266,240,10.6060606060606,94.2857142857143,88.0,35.246,0.034,389.1875,203.0,10.5434608459473,116.763506889343,3276,243,0,86,10
2267,241,10.6060606060606,94.2857142857143,88.0,35.246,0.034,389.1875,203.0,10.5434608459473,116.757513999939,3278,242,0,87,11
2268,241,10.6060606060606,94.2857142857143,88.0,35.246,0.034,389.1875,203.0,10.5434608459473,116.762694358826,3280,243,0,87,11
2269,241,10.6060606060606,94.2857142857143,88.0,35.246,0.034,389.1875,203.0,10.5434608459473,116.764067649841,3281,243,0,88,11
2270,241,10.6060606060606,94.2857142857143,88.0,35.246,0.034,389.1875,203.0,10.5434608459473,116.765429496765,3281,243,0,88,11
2271,241,10.6060606060606,94.2857142857143,88.0,35.246,0.034,389.1875,203.0,10.5434608459473,116.76457118988,3279,243,0,88,11
2272,241,10.6060606060606,94.2857142857143,88.0,35.246,0.034,389.1875,203.0,10.5434608459473,116.758074760437,3277,241,0,86,11
2273,241,10.6060606060606,94.2857142857143,88.0,35.246,0.034,389.1875,203.0,10.5434608459473,116.751509666443,3271,240,0,82,8
2274,241,10.6060606060606,94.2857142857143,88.0,35.246,0.034,389.1875,203.0,10.5434608459473,116.74781703949,3261,240,0,83,5
2275,241,13.5146060606061,73.9940176957814,88.0,35.246,0.034,389.1875,203.0,10.5434608459473,116.768626213074,3280,243,0,83,8
2276,242,11.1111111111111,90.0,88.0,35.246,0.034,389.1875,203.0,10.5434608459473,116.736174583435,3271,237,0,81,8
2277,242,11.1111111111111,90.0,88.0,35.246,0.034,388.8125,203.0,10.5424308776855,116.715575218201,3263,234,0,79,8
2278,242,11.1111111111111,90.0,88.0,35.246,0.034,388.5625,203.0,10.5422821044922,116.714045524597,3259,234,0,79,7
2279,242,11.1111111111111,90.0,88.0,35.246,0.034,388.5625,203.0,10.5422821044922,116.715407371521,3259,234,0,79,7
2280,242,11.1111111111111,90.0,88.0,35.246,0.034,388.5625,203.0,10.5422821044922,116.716769218445,3259,234,0,79,7
2281,242,11.1111111111111,90.0,88.0,35.246,0.034,388.5625,203.0,10.5422821044922,116.718131065369,3259,234,0,79,7
2282,242,11.1111111111111,90.0,88.0,35.246,0.034,388.5625,203.0,10.5422821044922,116.715094566345,3258,233,0,78,7
2283,242,11.1111111111111,90.0,88.0,35.246,0.034,388.5625,203.0,10.5422821044922,116.698588371277,3254,230,0,77,7
2284,242,11.1111111111111,90.0,88.0,35.246,0.034,388.5625,203.0,10.5422821044922,116.692168235779,3240,230,0,77,3
2285,243,11.6666666666667,85.7142857142857,88.0,35.246,0.034,388.5625,203.0,10.5422821044922,116.693469047546,3240,230,0,77,3
2286,243,11.1111111111111,90.0,88.0,35.246,0.034,388.5625,203.0,10.5422821044922,116.69483089447,3240,230,0,77,3
2287,243,11.1111111111111,90.0,88.0,35.246,0.034,388.5625,203.0,10.5422821044922,116.696192741394,3240,230,0,77,3
2288,243,11.1111111111111,90.0,88.0,35.246,0.034,388.5625,203.0,10.5422821044922,116.697554588318,3240,230,0,77,3
2289,243,11.1111111111111,90.0,88.0,35.246,0.034,388.5625,203.0,10.5422821044922,116.665289878845,3230,227,0,75,3
2290,243,11.1111111111111,90.0,88.0,35.246,0.034,388.0625,203.0,10.5398712158203,116.650595664978,3212,226,0,75,2
2291,243,11.1111111111111,90.0,88.0,35.246,0.034,388.0625,203.0,10.5398712158203,116.651957511902,3212,226,0,75,2
2292,243,11.1111111111111,90.0,88.0,35.246,0.034,388.0625,203.0,10.5398712158203,116.608534812927,3198,222,0,73,2
2293,243,11.1111111111111,90.0,88.0,35.246,0.034,387.5625,203.0,10.5374603271484,116.607943534851,3198,222,0,73,2
2294,244,11.1111111111111,90.0,88.0,35.246,0.034,387.5625,203.0,10.5374603271484,116.608668327332,3197,222,0,73,2
2295,244,11.1111111111111,90.0,88.0,35.246,0.034,387.5625,203.0,10.5374603271484,116.610030174255,3197,222,0,73,2
2296,244,11.1111111111111,90.0,88.0,35.246,0.034,387.5625,203.0,10.5374603271484,116.611392021179,3197,222,0,73,2
2297,244,10.3657777777778,96.4712944303903,88.0,35.246,0.034,387.5625,203.0,10.5374603271484,116.612753868103,3197,222,0,73,2
2298,244,10.167,98.3574309039048,88.0,35.246,0.034,387.5625,203.0,10.5374603271484,116.614115715027,3197,222,0,73,2
2299,244,10.178,98.2511298879937,88.0,35.246,0.034,387.5625,203.0,10.5374603271484,116.615477561951,3197,222,0,73,2
2300,244,10.6060606060606,94.2857142857143,88.0,35.246,0.034,387.5625,203.0,10.5374603271484,116.616839408875,3197,222,0,72,2
2301,244,10.4439393939394,95.749310895111,88.0,35.246,0.034,387.5625,203.0,10.5374603271484,116.609137535095,3190,221,0,72,2
2302,244,10.306,97.0308558121483,88.0,35.246,0.034,387.5625,203.0,10.5374603271484,116.610499382019,3190,221,0,72,2
2303,244,10.051,99.4925878022087,88.0,35.246,0.034,387.5625,203.0,10.5374603271484,116.611861228943,3190,221,0,72,2
2304,245,10.165,98.3767830791933,88.0,35.246,0.034,387.5625,203.0,10.5374603271484,116.613223075867,3190,221,0,72,2
2305,245,10.6060606060606,94.2857142857143,88.0,35.246,0.034,387.5625,203.0,10.5374603271484,116.614584922791,3190,221,0,72,2
2306,245,10.2179393939394,97.8670905596811,91.0,33.8,0.033,387.5625,203.0,10.5374603271484,116.615946769714,3190,221,0,72,2
2307,245,10.172,98.3090837593394,91.0,33.8,0.033,387.5625,203.0,10.5374603271484,116.617308616638,3190,221,0,72,2
2308,245,10.4166666666667,96.0,91.0,33.8,0.033,387.5625,203.0,10.5374603271484,116.618670463562,3190,221,0,72,2
2309,245,10.4166666666667,96.0,91.0,33.8,0.033,387.5625,203.0,10.5374603271484,116.620032310486,3190,221,0,72,2
2310,245,10.4166666666667,96.0,91.0,33.8,0.033,387.5625,203.0,10.5374603271484,116.62139415741,3190,221,0,72,2
2311,245,10.4166666666667,96.0,91.0,33.8,0.033,387.5625,203.0,10.5374603271484,116.622756004334,3190,221,0,72,2
2312,245,10.4166666666667,96.0,91.0,33.8,0.033,387.5625,203.0,10.5374603271484,116.624117851257,3190,221,0,72,2
2313,246,10.5723333333329,94.5864993536626,91.0,33.8,0.033,389.3125,203.0,10.5530281066895,116.76953792572,3253,231,0,78,14
2314,246,10.4166666666667,96.0,91.0,33.8,0.033,389.1875,203.0,10.5496635437012,116.769076347351,3250,231,0,78,13
2315,246,10.4166666666667,96.0,91.0,33.8,0.033,389.1875,203.0,10.5496635437012,116.770438194275,3250,231,0,78,13
2316,246,10.4166666666667,96.0,91.0,33.8,0.033,389.6875,203.0,10.552074432373,116.812170982361,3265,234,0,80,15
2317,246,10.4166666666667,96.0,91.0,33.8,0.033,389.6875,203.0,10.552074432373,116.813532829285,3265,234,0,80,15
2318,246,10.4166666666667,96.0,91.0,33.8,0.033,389.6875,203.0,10.552074432373,116.814894676209,3265,234,0,80,15
2319,246,10.4166666666667,96.0,91.0,33.8,0.033,389.6875,203.0,10.552074432373,116.816256523132,3265,234,0,80,15
2320,246,10.4166666666667,96.0,91.0,33.8,0.033,389.9375,203.0,10.5522232055664,116.855162620544,3287,239,0,84,18
2321,246,10.4166666666667,96.0,91.0,33.8,0.033,389.9375,203.0,10.5522232055664,116.855311393738,3285,239,0,84,17
2322,246,28.6533333333337,34.8999534667282,91.0,33.8,0.033,389.9375,203.0,10.5522232055664,116.856673240662,3285,239,0,84,17
2323,247,12.5,80.0,91.0,33.8,0.033,389.9375,203.0,10.5522232055664,116.857409477234,3286,239,0,84,17
2324,247,13.8888888888889,72.0,91.0,33.8,0.033,389.9375,203.0,10.5522232055664,116.858771324158,3286,239,0,84,17
2325,247,11.624444444444,86.0256165169214,91.0,33.8,0.033,389.9375,203.0,10.5522232055664,116.851828575134,3284,237,0,82,17
2326,247,13.8888888888889,72.0,91.0,33.8,0.033,389.9375,203.0,10.5522232055664,116.844214439392,3275,236,0,81,14
2327,247,13.3333333333333,75.0,91.0,33.8,0.033,389.9375,203.0,10.5522232055664,116.842806816101,3270,236,0,79,12
2328,247,13.3333333333333,75.0,91.0,33.8,0.033,389.9375,203.0,10.5522232055664,116.841101646423,3265,236,0,79,10
2329,248,13.3333333333333,75.0,91.0,33.8,0.033,389.9375,203.0,10.5522232055664,116.854342460632,3268,236,0,79,11
2330,248,12.7777777777778,78.2608695652174,91.0,33.8,0.033,389.9375,203.0,10.5522232055664,116.836741447449,3259,234,0,78,10
2331,248,13.3333333333333,75.0,91.0,33.8,0.033,389.6875,203.0,10.552074432373,116.837485313416,3259,234,0,78,10
2332,248,12.1383333333337,82.3836331182177,91.0,33.8,0.033,389.6875,203.0,10.552074432373,116.837634086609,3257,234,0,78,9
2333,248,11.257,88.8336146397797,91.0,33.8,0.033,389.6875,203.0,10.552074432373,116.838995933533,3257,234,0,78,9
2334,248,10.901,91.734703238235,91.0,33.8,0.033,389.6875,203.0,10.552074432373,116.840357780457,3257,234,0,78,9
2335,248,12.131,82.4334350012365,91.0,33.8,0.033,389.9375,203.0,10.5522384643555,116.859183311462,3275,235,0,81,16
2336,248,11.097,90.1144453455889,91.0,33.8,0.033,389.9375,203.0,10.5522384643555,116.860545158386,3275,235,0,81,16
2337,249,11.463,87.2371979412021,91.0,33.8,0.033,389.9375,203.0,10.5522384643555,116.860823631287,3273,235,0,81,15
2338,249,12.031,83.1186102568365,91.0,33.8,0.033,390.3125,203.0,10.5532684326172,116.923403739929,3302,245,0,89,18
2339,249,11.073,90.3097624853247,91.0,33.8,0.033,390.3125,203.0,10.5532684326172,116.924765586853,3302,245,0,89,18
2340,249,11.466,87.2143729286586,91.0,33.8,0.033,390.3125,203.0,10.5532684326172,116.926127433777,3302,245,0,89,18
2341,249,11.186,89.3974611121044,91.0,33.8,0.033,390.3125,203.0,10.5532684326172,116.900446891785,3298,243,0,87,19
2342,249,11.246,88.9205050684688,91.0,33.8,0.033,389.8125,203.0,10.5508575439453,116.900431632996,3298,243,0,88,19
2343,249,11.605,86.1697544161999,91.0,33.8,0.033,389.8125,203.0,10.5508575439453,116.899741172791,3294,243,0,88,17
2344,249,11.245,88.9284126278346,91.0,33.8,0.033,389.8125,203.0,10.5508575439453,116.893244743347,3292,241,0,86,17
2345,249,11.104,90.0576368876081,91.0,33.8,0.033,389.8125,203.0,10.5508575439453,116.848456382751,3277,237,0,83,16
2346,250,11.9047619047619,84.0,91.0,33.8,0.033,389.8125,203.0,10.5508575439453,116.909258842468,3299,242,0,87,18
2347,250,11.6666666666667,85.7142857142857,91.0,33.8,0.033,389.8125,203.0,10.5508575439453,116.910620689392,3299,242,0,87,18
2348,250,11.6666666666667,85.7142857142857,91.0,33.8,0.033,389.8125,203.0,10.5508575439453,116.911982536316,3299,242,0,87,18
2349,250,11.6666666666667,85.7142857142857,91.0,33.8,0.033,390.3125,203.0,10.5532684326172,116.955805778503,3315,246,0,89,16
2350,250,11.1111111111111,90.0,91.0,33.8,0.033,390.3125,203.0,10.5532684326172,116.954237937927,3314,245,0,89,16
2351,250,11.1111111111111,90.0,91.0,33.8,0.033,390.3125,203.0,10.5532684326172,116.953326225281,3310,245,0,89,15
2352,250,11.1111111111111,90.0,91.0,33.8,0.033,390.5625,203.0,10.5534172058105,116.991786003113,3332,250,0,93,18
2353,250,11.1111111111111,90.0,91.0,33.8,0.033,390.5625,203.0,10.5534172058105,116.991934776306,3330,250,0,93,17
2354,250,11.1111111111111,90.0,91.0,33.8,0.033,390.5625,203.0,10.5534172058105,116.985999107361,3328,249,0,92,18
2355,251,11.1111111111111,90.0,91.0,33.8,0.033,390.4375,203.0,10.5500526428223,116.982218742371,3327,249,0,95,18
2356,251,11.1111111111111,90.0,91.0,33.8,0.033,390.4375,203.0,10.5500526428223,116.983016014099,3328,249,0,95,18
2357,251,11.1111111111111,90.0,91.0,33.8,0.033,390.4375,203.0,10.5500526428223,116.984377861023,3328,249,0,95,18
2358,251,11.1111111111111,90.0,91.0,33.8,0.033,390.4375,203.0,10.5500526428223,116.973929405212,3325,246,0,92,18
2359,251,11.1111111111111,90.0,91.0,33.8,0.033,390.4375,203.0,10.5500526428223,116.970133781433,3318,246,0,91,15
2360,251,11.1111111111111,90.0,91.0,33.8,0.033,390.4375,203.0,10.5500526428223,116.970393180847,3315,246,0,92,14
2361,251,11.0960158730159,90.1224377690261,91.0,33.8,0.033,390.4375,203.0,10.5500526428223,116.970664024353,3313,246,0,92,13
2362,251,10.38,96.3391136801541,91.0,33.8,0.033,390.4375,203.0,10.5500526428223,116.990725517273,3331,249,0,92,15
2363,251,10.794,92.6440615156568,91.0,33.8,0.033,390.4375,203.0,10.5500526428223,116.95444393158,3321,242,0,89,15
2364,252,19.9593333333333,50.1018738100805,91.0,33.8,0.033,390.0625,203.0,10.5490226745605,116.93540096283,3310,240,0,88,14
2365,252,11.6666666666667,85.7142857142857,91.0,33.8,0.033,389.8125,203.0,10.5488739013672,116.928603172302,3302,240,0,86,12
2366,252,13.6023333333333,73.5167985884775,91.0,33.8,0.033,390.75,203.0,10.5498371124268,117.302909851074,3346,245,0,91,20
2367,252,12.5,80.0,91.0,33.8,0.033,390.75,203.0,10.5498371124268,117.299873352051,3345,244,0,90,20
2368,252,12.5,80.0,91.0,33.8,0.033,390.75,203.0,10.5498371124268,117.298961639404,3341,244,0,90,19
2369,252,12.5,80.0,91.0,33.8,0.033,390.75,203.0,10.5498371124268,117.285026550293,3341,241,0,89,20
2370,252,12.5,80.0,91.0,33.8,0.033,390.75,203.0,10.5498371124268,117.279567718506,3329,241,0,89,17
2371,252,12.5,80.0,91.0,33.8,0.033,390.75,203.0,10.5498371124268,117.279968261719,3327,241,0,89,16
2372,253,12.5,80.0,91.0,33.8,0.033,390.75,203.0,10.5498371124268,117.281269073486,3327,241,0,89,16
2373,253,12.5,80.0,91.0,33.8,0.033,390.75,203.0,10.5498371124268,117.28263092041,3327,241,0,89,16
2374,253,12.5,80.0,91.0,33.8,0.033,390.75,203.0,10.5498371124268,117.283992767334,3327,241,0,89,16
2375,253,12.5,80.0,91.0,33.8,0.033,390.75,203.0,10.5498371124268,117.238609313965,3301,237,0,87,16
2376,253,11.4026666666667,87.6987839101965,91.0,33.8,0.033,390.25,203.0,10.5474262237549,117.237056732178,3299,237,0,87,15
2377,253,10.385,96.2927298988926,91.0,33.8,0.033,390.25,203.0,10.5474262237549,117.238418579102,3299,237,0,85,15
2378,253,10.468,95.5292319449752,91.0,33.8,0.033,390.25,203.0,10.5474262237549,117.193592071533,3282,233,0,83,14
2379,253,10.718,93.3009889904833,91.0,33.8,0.033,389.75,203.0,10.545015335083,117.192363739014,3281,233,0,83,14
2380,254,10.657,93.8350380031904,91.0,33.8,0.033,389.75,203.0,10.545015335083,117.193725585938,3281,233,0,83,14
2381,254,10.384,96.3020030816641,91.0,33.8,0.033,389.75,203.0,10.545015335083,117.195087432861,3281,233,0,83,14
2382,254,10.615,94.2063118228921,91.0,33.8,0.033,389.75,203.0,10.545015335083,117.196449279785,3281,233,0,83,14
2383,254,10.721,93.2748810745266,91.0,33.8,0.033,389.75,203.0,10.545015335083,117.197811126709,3281,233,0,83,14
2384,254,10.577,94.5447669471495,91.0,33.8,0.033,389.75,203.0,10.545015335083,117.199172973633,3281,233,0,83,14
2385,254,10.88,91.9117647058823,91.0,33.8,0.033,389.75,203.0,10.545015335083,117.200534820557,3281,233,0,82,14
2386,254,10.6060606060606,94.2857142857143,91.0,33.8,0.033,389.75,203.0,10.545015335083,117.192855834961,3274,232,0,82,14
2387,254,10.6060606060606,94.2857142857143,91.0,33.8,0.033,389.75,203.0,10.545015335083,117.194217681885,3274,232,0,82,14
2388,254,10.6060606060606,94.2857142857143,91.0,33.8,0.033,389.75,203.0,10.545015335083,117.195579528809,3274,232,0,82,14
2389,255,10.3798181818182,96.3408012051358,91.0,33.8,0.033,389.75,203.0,10.545015335083,117.196941375732,3274,232,0,82,14
2390,255,10.6060606060606,94.2857142857143,91.0,33.8,0.033,389.75,203.0,10.545015335083,117.196128845215,3271,232,0,82,11
2391,255,10.6060606060606,94.2857142857143,85.0,39.393,0.032,389.75,203.0,10.545015335083,117.197490692139,3271,232,0,82,11
2392,255,10.6060606060606,94.2857142857143,85.0,39.393,0.032,389.75,203.0,10.545015335083,117.198852539063,3271,232,0,82,11
2393,255,10.6060606060606,94.2857142857143,85.0,39.393,0.032,389.75,203.0,10.545015335083,116.993144035339,3256,227,0,77,11
2394,255,10.6060606060606,94.2857142857143,85.0,39.393,0.032,388.8125,203.0,10.5440521240234,116.805060386658,3240,227,0,77,5
2395,255,10.6060606060606,94.2857142857143,85.0,39.393,0.032,388.8125,203.0,10.5440521240234,116.806422233582,3240,227,0,77,5
2396,255,10.6060606060606,94.2857142857143,85.0,39.393,0.032,388.8125,203.0,10.5440521240234,116.807784080505,3240,227,0,77,5
2397,255,10.7382424242424,93.1251093514541,85.0,39.393,0.032,388.8125,203.0,10.5440521240234,116.805415153503,3234,227,0,77,2
2398,255,11.1111111111111,90.0,85.0,39.393,0.032,388.8125,203.0,10.5440521240234,116.806777000427,3234,227,0,75,2
2399,256,11.1111111111111,90.0,85.0,39.393,0.032,388.8125,203.0,10.5440521240234,116.861346244812,3231,227,0,75,1
2400,256,11.1111111111111,90.0,85.0,39.393,0.032,388.8125,203.0,10.5440521240234,116.862708091736,3231,227,0,75,1
2401,256,11.1111111111111,90.0,85.0,39.393,0.032,388.8125,203.0,10.5440521240234,116.86406993866,3231,227,0,75,1
2402,256,11.1111111111111,90.0,85.0,39.393,0.032,388.8125,203.0,10.5440521240234,116.865431785584,3231,227,0,75,1
2403,256,11.1111111111111,90.0,85.0,39.393,0.032,388.8125,203.0,10.5440521240234,116.866793632507,3231,227,0,75,1
2404,256,11.1111111111111,90.0,85.0,39.393,0.032,388.8125,203.0,10.5440521240234,116.786623954773,3194,221,0,70,1
2405,256,11.1111111111111,90.0,85.0,39.393,0.032,387.5625,203.0,10.5374603271484,116.784987449646,3194,221,0,70,1
2406,256,11.1111111111111,90.0,85.0,39.393,0.032,387.5625,203.0,10.5374603271484,116.78634929657,3194,221,0,70,1
2407,256,11.1111111111111,90.0,85.0,39.393,0.032,387.5625,203.0,10.5374603271484,116.787711143494,3194,221,0,70,1
2408,257,34.4375555555556,29.0380656776516,85.0,39.393,0.032,387.5625,203.0,10.5374603271484,116.789072990417,3194,221,0,70,1
2409,257,16.6666666666667,60.0,85.0,39.393,0.032,387.5625,203.0,10.5374603271484,116.790434837341,3194,221,0,70,1
2410,257,16.6666666666667,60.0,85.0,39.393,0.032,387.5625,203.0,10.5374603271484,116.791796684265,3194,221,0,70,1
2411,257,14.4843333333333,69.0401123052494,85.0,39.393,0.032,387.5625,203.0,10.5374603271484,116.793158531189,3194,221,0,68,1
2412,257,10.399,96.1630926050582,85.0,39.393,0.032,387.5625,203.0,10.5374603271484,116.792819023132,3191,221,0,68,0
2413,258,16.236,61.5915250061592,85.0,39.393,0.032,390.6875,203.0,10.5463905334473,117.249977111816,3324,234,0,72,25
