--------- beginning of system
D/WindowManager( 1082): isSupportDynamicNavbar user0, navBarMode = 0, is3buttonModeNavbar = true
D/WindowManager( 1082): isSupportDynamicNavbar user0, navBarMode = 0, is3buttonModeNavbar = true
D/WindowManager( 1082): isSupportDynamicNavbar user0, navBarMode = 0, is3buttonModeNavbar = true
I/WindowManager( 1082): finishDrawing of orientation change: Window{d416666 u0 com.android.systemui.wallpapers.ImageWallpaper}, [type=2013, isChildWindow=false]-[Surface(name=*Title#59)/@0x3f2f41c, shown=false, windowType=2013] 7ms
D/WindowManager( 1082): isSupportDynamicNavbar user0, navBarMode = 0, is3buttonModeNavbar = true
V/WindowManagerShell( 1584): onTransitionReady(transaction=4647154616723)
V/WindowManagerShell( 1584): onTransitionReady (#48) android.os.BinderProxy@5891487: {id=48 t=CLOSE f=0x0 trk=0 r=[0@Point(0, 0)] c=[{WCT{android.window.IWindowContainerToken$Stub$Proxy@371f4d9} m=TO_FRONT f=SHOW_WALLPAPER|MOVE_TO_TOP leash=Surface(name=Task=1#47)/@0xadcb7dd sb=Rect(0, 0 - 1640, 720) eb=Rect(0, 0 - 1640, 720) d=0 endFixedRotation=0 taskParent=-1},{WCT{android.window.IWindowContainerToken$Stub$Proxy@8f58e9e} m=CLOSE f=NONE leash=Surface(name=Task=16#637)/@0x1edcf52 sb=Rect(0, 0 - 1640, 720) eb=Rect(0, 0 - 1640, 720) d=0 taskParent=-1},{null m=TO_FRONT f=IS_WALLPAPER leash=Surface(name=Surface(name=WallpaperWindowToken{9427524 token=android.os.Binder@43be9b7}#57)/@0x56858af - rotation-leash#664)/@0x2d87223 sb=Rect(0, 0 - 1640, 720) eb=Rect(0, 0 - 720, 1640) d=0 r=1->0:-1}]}
V/WindowManagerShell( 1584): Playing animation for (#48) android.os.BinderProxy@5891487@0
V/WindowManagerShell( 1584):  try handler com.android.wm.shell.keyguard.KeyguardTransitionHandler@4a284d6
V/WindowManagerShell( 1584):  try handler com.android.wm.shell.pip.PipTransition@12ff357
V/WindowManagerShell( 1584):  try handler com.android.wm.shell.activityembedding.ActivityEmbeddingController@9d94e44
V/WindowManagerShell( 1584):  try handler com.android.wm.shell.recents.RecentsTransitionHandler@3f73b2d
V/ShellRecents( 1584): RecentsTransitionHandler.startAnimation: no controller found
V/WindowManagerShell( 1584):  try handler com.android.wm.shell.transition.RemoteTransitionHandler@61a1862
V/WindowManagerShell( 1584): Transition doesn't have explicit remote, search filters for match for {id=48 t=CLOSE f=0x0 trk=0 r=[0@Point(0, 0)] c=[{WCT{android.window.IWindowContainerToken$Stub$Proxy@371f4d9} m=TO_FRONT f=SHOW_WALLPAPER|MOVE_TO_TOP leash=Surface(name=Task=1#47)/@0xadcb7dd sb=Rect(0, 0 - 1640, 720) eb=Rect(0, 0 - 1640, 720) d=0 endFixedRotation=0 taskParent=-1},{WCT{android.window.IWindowContainerToken$Stub$Proxy@8f58e9e} m=CLOSE f=NONE leash=Surface(name=Task=16#637)/@0x1edcf52 sb=Rect(0, 0 - 1640, 720) eb=Rect(0, 0 - 1640, 720) d=0 taskParent=-1},{null m=TO_FRONT f=IS_WALLPAPER leash=Surface(name=Surface(name=WallpaperWindowToken{9427524 token=android.os.Binder@43be9b7}#57)/@0x56858af - rotation-leash#664)/@0x2d87223 sb=Rect(0, 0 - 1640, 720) eb=Rect(0, 0 - 720, 1640) d=0 r=1->0:-1}]}
V/WindowManagerShell( 1584):  Checking filter Pair{{types=[] flags=0x0] notFlags=0x100 checks=[{atype=home independent=true modes=[OPEN,TO_FRONT] flags=NONE mustBeTask=false order=TOP topActivity=ComponentInfo{com.gogo.launcher/com.android.launcher3.Launcher3QuickStepGo} launchCookie=null},{atype=standard independent=true modes=[CLOSE,TO_BACK] flags=NONE mustBeTask=false order=ANY topActivity=null launchCookie=null}]} RemoteTransition { remoteTransition = android.window.IRemoteTransition$Stub$Proxy@a566df3, appThread = android.app.IApplicationThread$Stub$Proxy@93f0ab0, debugName = recents }}
D/RemoteTransitionHandler( 1584): Found filterPair{{types=[] flags=0x0] notFlags=0x100 checks=[{atype=home independent=true modes=[OPEN,TO_FRONT] flags=NONE mustBeTask=false order=TOP topActivity=ComponentInfo{com.gogo.launcher/com.android.launcher3.Launcher3QuickStepGo} launchCookie=null},{atype=standard independent=true modes=[CLOSE,TO_BACK] flags=NONE mustBeTask=false order=ANY topActivity=null launchCookie=null}]} RemoteTransition { remoteTransition = android.window.IRemoteTransition$Stub$Proxy@a566df3, appThread = android.app.IApplicationThread$Stub$Proxy@93f0ab0, debugName = recents }}
V/WindowManagerShell( 1584):  Delegate animation for (#48) to RemoteTransition { remoteTransition = android.window.IRemoteTransition$Stub$Proxy@a566df3, appThread = android.app.IApplicationThread$Stub$Proxy@93f0ab0, debugName = recents }
D/BLASTSyncEngine( 1082): finishNow mActiveSyncs.remove: 48
V/WindowManager( 1082): Sent Transition (#48) createdAt=08-20 14:30:16.381 via request=TransitionRequestInfo { type = CLOSE, triggerTask = TaskInfo{userId=0 taskId=16 displayId=0 isRunning=false baseIntent=Intent { act=android.intent.action.MAIN cat=[android.intent.category.LAUNCHER] flg=0x10300000 cmp=glory.beta001/com.godot.game.GodotAppLauncher } baseActivity=null topActivity=null origActivity=ComponentInfo{glory.beta001/com.godot.game.GodotAppLauncher} realActivity=ComponentInfo{glory.beta001/com.godot.game.GodotApp} numActivities=0 lastActiveTime=3107784 supportsMultiWindow=false resizeMode=2 isResizeable=true minWidth=-1 minHeight=-1 defaultMinSize=220 token=WCT{RemoteToken{91a2bed Task{e443b62 #16 type=standard A=10267:glory.beta001}}} topActivityType=1 pictureInPictureParams=null shouldDockBigOverlays=false launchIntoPipHostTaskId=-1 lastParentTaskIdBeforePip=-1 displayCutoutSafeInsets=null topActivityInfo=null launchCookies=[] positionInParent=Point(0, 0) parentTaskId=-1 isFocused=true isVisible=true isVisibleRequested=true isSleeping=false locusId=null displayAreaFeatureId=1 isTopActivityTransparent=false appCompatTaskInfo=AppCompatTaskInfo { topActivityInSizeCompat=false topActivityEligibleForLetterboxEducation= falseisLetterboxEducationEnabled= false isLetterboxDoubleTapEnabled= false topActivityEligibleForUserAspectRatioButton= false topActivityBoundsLetterboxed= false isFromLetterboxDoubleTap= false topActivityLetterboxVerticalPosition= -1 topActivityLetterboxHorizontalPosition= -1 topActivityLetterboxWidth=-1 topActivityLetterboxHeight=-1 isUserFullscreenOverrideEnabled=false isSystemFullscreenOverrideEnabled=false cameraCompatTaskInfo=CameraCompatTaskInfo { cameraCompatControlState=hidden freeformCameraCompatMode=inactive}}}, pipTask = null, remoteTransition = null, displayChange = null, flags = 0, debugId = 48 }
V/WindowManager( 1082):     startWCT=WindowContainerTransaction { changes = {} hops = [] errorCallbackToken=null taskFragmentOrganizer=null }
V/WindowManager( 1082):     info={id=48 t=CLOSE f=0x0 trk=0 r=[0@Point(0, 0)] c=[
V/WindowManager( 1082):         {WCT{RemoteToken{c4d9bb0 Task{d73db7 #1 type=home}}} m=TO_FRONT f=SHOW_WALLPAPER|MOVE_TO_TOP leash=Surface(name=Task=1#47)/@0x248fcb6 sb=Rect(0, 0 - 1640, 720) eb=Rect(0, 0 - 1640, 720) d=0 endFixedRotation=0 taskParent=-1},
V/WindowManager( 1082):         {WCT{RemoteToken{91a2bed Task{e443b62 #16 type=standard A=10267:glory.beta001}}} m=CLOSE f=NONE leash=Surface(name=Task=16#637)/@0x7bbe542 sb=Rect(0, 0 - 1640, 720) eb=Rect(0, 0 - 1640, 720) d=0 taskParent=-1},
V/WindowManager( 1082):         {null m=TO_FRONT f=IS_WALLPAPER leash=Surface(name=Surface(name=WallpaperWindowToken{9427524 token=android.os.Binder@43be9b7}#57)/@0x56858af - rotation-leash#664)/@0xc1eed58 sb=Rect(0, 0 - 1640, 720) eb=Rect(0, 0 - 720, 1640) d=0 r=1->0:-1}
V/WindowManager( 1082):     ]}
D/UnisocWindowManagerService( 1082): get resolution = 720x1640
V/WindowManagerShell( 1584):  animated by com.android.wm.shell.transition.RemoteTransitionHandler@61a1862
W/UserManagerService( 1082): Requested status bar icon for non-badged user 0
W/ActivityManager( 1082): pid 1082 system sent binder code 6 with flags 1 to frozen apps and got error -32
W/ActivityManager( 1082): pid 1082 system sent binder code 4 with flags 1 to frozen apps and got error -32
D/ActivityManager( 1082): Too many transaction errors, throttling freezer binder callback.
W/PackageConfigPersister( 1082): App-specific configuration not found for packageName: com.gogo.launcher and userId: 0
I/WindowManager( 1082): WIN DEATH: Window{e234b62 u0 glory.beta001/com.godot.game.GodotAppLauncher}, [type=1, isChildWindow=false]-[Surface(name=*Title#649)/@0x423cac8, shown=false, windowType=1]
V/ActivityManager( 1082): Got obituary of 18874:glory.beta001
W/ActivityManager( 1082): setHasOverlayUi called on unknown pid: 18874
D/UniActivityManagerServiceExt( 1082): setVipSchedForProc processName: audioserver,enable: false, procBoostType:4
I/UFwAppResCtl( 1082): Proc: audioserver is disabled 4 vip sched
D/UniActivityManagerServiceExt( 1082): setBoostThreadsForProc pid: 627,enable: false,threadType:audio,tids:{992}
W/UFwAppResCtl( 1082): invalid process of pid:627
V/WindowManagerShell( 1584): Transition animation finished (aborted=false), notifying core (#48) android.os.BinderProxy@5891487@0
V/WindowManager( 1082): Finish Transition (#48): created at 08-20 14:30:16.381 collect-started=0.11ms request-sent=0.321ms started=19.179ms ready=19.146ms sent=151.737ms finished=564.982ms
W/ActivityManager( 1082): pid 1082 system sent binder code 7 with flags 1 to frozen apps and got error -32
D/ActivityManager( 1082): Too many transaction errors, throttling freezer binder callback.
W/WindowManager( 1082): Exception thrown during dispatchAppVisibility Window{e234b62 u0 glory.beta001/com.godot.game.GodotAppLauncher EXITING}, [type=1, isChildWindow=false]-[Surface(name=*Title#649)/@0x423cac8, shown=false, windowType=1]
W/WindowManager( 1082): android.os.DeadObjectException
W/WindowManager( 1082): 	at android.os.BinderProxy.transactNative(Native Method)
W/WindowManager( 1082): 	at android.os.BinderProxy.transact(BinderProxy.java:603)
W/WindowManager( 1082): 	at android.view.IWindow$Stub$Proxy.dispatchAppVisibility(IWindow.java:572)
W/WindowManager( 1082): 	at com.android.server.wm.WindowState.sendAppVisibilityToClients(WindowState.java:3417)
W/WindowManager( 1082): 	at com.android.server.wm.WindowContainer.sendAppVisibilityToClients(WindowContainer.java:1353)
W/WindowManager( 1082): 	at com.android.server.wm.WindowToken.setClientVisible(WindowToken.java:413)
W/WindowManager( 1082): 	at com.android.server.wm.ActivityRecord.setClientVisible(ActivityRecord.java:7467)
W/WindowManager( 1082): 	at com.android.server.wm.ActivityRecord.postApplyAnimation(ActivityRecord.java:6113)
W/WindowManager( 1082): 	at com.android.server.wm.ActivityRecord.commitVisibility(ActivityRecord.java:6055)
W/WindowManager( 1082): 	at com.android.server.wm.Transition.finishTransition(Transition.java:1305)
W/WindowManager( 1082): 	at com.android.server.wm.TransitionController.finishTransition(TransitionController.java:1042)
W/WindowManager( 1082): 	at com.android.server.wm.WindowOrganizerController.finishTransition(WindowOrganizerController.java:494)
W/WindowManager( 1082): 	at android.window.IWindowOrganizerController$Stub.onTransact(IWindowOrganizerController.java:289)
W/WindowManager( 1082): 	at com.android.server.wm.WindowOrganizerController.onTransact(WindowOrganizerController.java:204)
W/WindowManager( 1082): 	at android.os.Binder.execTransactInternal(Binder.java:1505)
W/WindowManager( 1082): 	at android.os.Binder.execTransact(Binder.java:1444)
D/BLASTSyncEngine( 1082): SyncGroup 49-Transition-CHANGE started
V/WindowManagerShell( 1584): Track 0 became idle
V/WindowManagerShell( 1584): All active transition animations finished
V/WindowManagerShell( 1584): Transition requested (#49): android.os.BinderProxy@fa0524d TransitionRequestInfo { type = CHANGE, triggerTask = null, pipTask = null, remoteTransition = null, displayChange = DisplayChange { displayId = 0, startAbsBounds = null, endAbsBounds = null, startRotation = 1, endRotation = 0, physicalDisplayChanged = false }, flags = 0, debugId = 49 }
W/UserManagerService( 1082): Requested status bar icon for non-badged user 0
I/ActivityTaskManager( 1082): Config changes=20000480{CONFIG_ORIENTATION, CONFIG_SCREEN_SIZE, CONFIG_WINDOW_CONFIGURATION} {1.0 ?mcc0mnc [zh_SG_#Hans] ldltr sw360dp w360dp h820dp 320dpi nrml long port finger -keyb/v/h -nav/h winConfig={ mBounds=Rect(0, 0 - 720, 1640) mAppBounds=Rect(0, 0 - 720, 1640) mMaxBounds=Rect(0, 0 - 720, 1640) mDisplayRotation=ROTATION_0 mWindowingMode=fullscreen mActivityType=undefined mAlwaysOnTop=undefined mRotation=ROTATION_0} s.360 fontWeightAdjustment=0}
D/LowMemDetector( 1082): mExtendM: reportMemPressure1
I/ExtM    ( 1082): the number of flushable pages is relatively few
I/WindowManager( 1082): Override config changes=20000480 {1.0 ?mcc0mnc [zh_SG_#Hans] ldltr sw360dp w360dp h820dp 320dpi nrml long port finger -keyb/v/h -nav/h winConfig={ mBounds=Rect(0, 0 - 720, 1640) mAppBounds=Rect(0, 0 - 720, 1640) mMaxBounds=Rect(0, 0 - 720, 1640) mDisplayRotation=ROTATION_0 mWindowingMode=fullscreen mActivityType=undefined mAlwaysOnTop=undefined mRotation=ROTATION_0} s.360 fontWeightAdjustment=0} for displayId=0
W/PackageConfigPersister( 1082): App-specific configuration not found for packageName: com.android.settings and userId: 0
D/BLASTSyncEngine( 1082): finishNow mActiveSyncs.remove: 49
D/DisplayManagerService( 1082): Ignore redundant display event 0/2 to 10150/16838
V/BroadcastQueue( 1082): Enqueuing BroadcastRecord{cc960f6 android.intent.action.CONFIGURATION_CHANGED/u-1} ordered=false from uid 1000 pid 1082 for 10 receivers
V/WindowManagerShell( 1584): onTransitionReady(transaction=4647154616748)
D/WindowManagerShell( 1584): onFixedRotationFinished: null, state=PipTransitionState(mState=undefined, mInSwipePipToHomeTransition=false)
V/ShellDragAndDrop( 1584): Display changed: 0
V/WindowManagerShell( 1584): onTransitionReady (#49) android.os.BinderProxy@fa0524d: {id=49 t=CHANGE f=0x0 trk=0 r=[0@Point(0, 0)] c=[{WCT{android.window.IWindowContainerToken$Stub$Proxy@421f581} m=CHANGE f=SHOW_WALLPAPER p=WCT{android.window.IWindowContainerToken$Stub$Proxy@e090626} leash=Surface(name=Task=1#47)/@0x6ef57c sb=Rect(0, 0 - 1640, 720) eb=Rect(0, 0 - 720, 1640) d=0 r=1->0:0 taskParent=-1},{WCT{android.window.IWindowContainerToken$Stub$Proxy@11b6267} m=CHANGE f=SHOW_WALLPAPER p=WCT{android.window.IWindowContainerToken$Stub$Proxy@34e7814} leash=Surface(name=DefaultTaskDisplayArea#8)/@0x7f27e05 sb=Rect(0, 0 - 1640, 720) eb=Rect(0, 0 - 720, 1640) d=0 r=1->0:-1},{WCT{android.window.IWindowContainerToken$Stub$Proxy@47768bd} m=CHANGE f=SHOW_WALLPAPER|IS_DISPLAY leash=Surface(name=WindowedMagnification:0:31#3)/@0x1835e5a sb=Rect(0, 0 - 1640, 720) eb=Rect(0, 0 - 720, 1640) d=0 r=1->0:3}]}
V/WindowManagerShell( 1584): Playing animation for (#49) android.os.BinderProxy@fa0524d@0
V/WindowManagerShell( 1584):  try handler com.android.wm.shell.keyguard.KeyguardTransitionHandler@4a284d6
V/WindowManagerShell( 1584):  try handler com.android.wm.shell.pip.PipTransition@12ff357
W/WindowManagerShell( 1584): PipTransition: startAnimation() should start with clear fixed rotation state
V/WindowManagerShell( 1584):  try handler com.android.wm.shell.activityembedding.ActivityEmbeddingController@9d94e44
V/WindowManagerShell( 1584):  try handler com.android.wm.shell.recents.RecentsTransitionHandler@3f73b2d
V/ShellRecents( 1584): RecentsTransitionHandler.startAnimation: no controller found
V/WindowManagerShell( 1584):  try handler com.android.wm.shell.transition.RemoteTransitionHandler@61a1862
V/WindowManagerShell( 1584):  try handler com.android.wm.shell.transition.DefaultTransitionHandler@9395d29
V/WindowManagerShell( 1584): start default transition animation, info = {id=49 t=CHANGE f=0x0 trk=0 r=[0@Point(0, 0)] c=[{WCT{android.window.IWindowContainerToken$Stub$Proxy@421f581} m=CHANGE f=SHOW_WALLPAPER p=WCT{android.window.IWindowContainerToken$Stub$Proxy@e090626} leash=Surface(name=Task=1#47)/@0x6ef57c sb=Rect(0, 0 - 1640, 720) eb=Rect(0, 0 - 720, 1640) d=0 r=1->0:0 taskParent=-1},{WCT{android.window.IWindowContainerToken$Stub$Proxy@11b6267} m=CHANGE f=SHOW_WALLPAPER p=WCT{android.window.IWindowContainerToken$Stub$Proxy@34e7814} leash=Surface(name=DefaultTaskDisplayArea#8)/@0x7f27e05 sb=Rect(0, 0 - 1640, 720) eb=Rect(0, 0 - 720, 1640) d=0 r=1->0:-1},{WCT{android.window.IWindowContainerToken$Stub$Proxy@47768bd} m=CHANGE f=SHOW_WALLPAPER|IS_DISPLAY leash=Surface(name=WindowedMagnification:0:31#3)/@0x1835e5a sb=Rect(0, 0 - 1640, 720) eb=Rect(0, 0 - 720, 1640) d=0 r=1->0:3}]}
V/WindowManagerShell( 1584): Display is changing, resolve the animation hint.
V/WindowManagerShell( 1584):   display requests explicit seamless
V/WindowManager( 1082): Sent Transition (#49) createdAt=08-20 14:30:16.949 via request=TransitionRequestInfo { type = CHANGE, triggerTask = null, pipTask = null, remoteTransition = null, displayChange = DisplayChange { displayId = 0, startAbsBounds = null, endAbsBounds = null, startRotation = 1, endRotation = 0, physicalDisplayChanged = false }, flags = 0, debugId = 49 }
V/WindowManagerShell( 1584): Transition animation finished (aborted=false), notifying core (#49) android.os.BinderProxy@fa0524d@0
V/WindowManager( 1082):     startWCT=WindowContainerTransaction { changes = {} hops = [] errorCallbackToken=null taskFragmentOrganizer=null }
V/WindowManager( 1082):     info={id=49 t=CHANGE f=0x0 trk=0 r=[0@Point(0, 0)] c=[
V/WindowManager( 1082):         {WCT{RemoteToken{c4d9bb0 Task{d73db7 #1 type=home}}} m=CHANGE f=SHOW_WALLPAPER p=WCT{RemoteToken{b15c89b DefaultTaskDisplayArea@140038110}} leash=Surface(name=Task=1#47)/@0x248fcb6 sb=Rect(0, 0 - 1640, 720) eb=Rect(0, 0 - 720, 1640) d=0 r=1->0:0 taskParent=-1},
V/WindowManager( 1082):         {WCT{RemoteToken{b15c89b DefaultTaskDisplayArea@140038110}} m=CHANGE f=SHOW_WALLPAPER p=WCT{RemoteToken{e47d438 Display{#0 state=ON size=720x1640 ROTATION_0}}} leash=Surface(name=DefaultTaskDisplayArea#8)/@0x6cf8a10 sb=Rect(0, 0 - 1640, 720) eb=Rect(0, 0 - 720, 1640) d=0 r=1->0:-1},
V/WindowManager( 1082):         {WCT{RemoteToken{e47d438 Display{#0 state=ON size=720x1640 ROTATION_0}}} m=CHANGE f=SHOW_WALLPAPER|IS_DISPLAY leash=Surface(name=WindowedMagnification:0:31#3)/@0x8d10637 sb=Rect(0, 0 - 1640, 720) eb=Rect(0, 0 - 720, 1640) d=0 r=1->0:3}
V/WindowManager( 1082):     ]}
V/WindowManager( 1082): Finish Transition (#49): created at 08-20 14:30:16.949 collect-started=0.128ms request-sent=0.209ms started=2.873ms ready=33.924ms sent=43.555ms finished=59.799ms
V/WindowManagerShell( 1584): Track 0 became idle
V/WindowManagerShell( 1584): All active transition animations finished
V/WindowManagerShell( 1584):  animated by com.android.wm.shell.transition.DefaultTransitionHandler@9395d29
V/WindowManagerShell( 1584): Track 0 became idle
V/WindowManagerShell( 1584): All active transition animations finished
W/UserManagerService( 1082): Requested status bar icon for non-badged user 0
D/SSense.CameraAppRecognizer( 1082): CameraAppScene for uid:10092 pkg name:com.gogo.launcher sceneId:0 changed:false mCurrentCameraAppName:null
D/SSense.GalleryAppSceneRecognizer( 1082): GalleryAppScene for uid:10092 pkg name:com.gogo.launcher sceneId:0 changed:false mCurrentFlingAppName:null
D/SSense.CameraAppRecognizer( 1082): CameraAppScene for uid:10092 pkg name:com.gogo.launcher sceneId:0 changed:false mCurrentCameraAppName:null
D/SSense.GalleryAppSceneRecognizer( 1082): GalleryAppScene for uid:10092 pkg name:com.gogo.launcher sceneId:0 changed:false mCurrentFlingAppName:null
W/Looper  ( 1584): Slow delivery took 63ms main h=android.os.Handler c=com.android.systemui.recents.OverviewProxyService$1$$ExternalSyntheticLambda1@30a882f m=0
W/UserManagerService( 1082): Requested status bar icon for non-badged user 0
W/PackageConfigPersister( 1082): App-specific configuration not found for packageName: com.gogo.launcher and userId: 0
I/WindowManager( 1082): finishDrawing of orientation change: Window{d9b4fc3 u0 NavigationBar0}, [type=2019, isChildWindow=false]-[Surface(name=*Title#77)/@0x632ddf7, shown=false, windowType=2019] 104ms
I/WindowManager( 1082): finishDrawing of orientation change: Window{99c12a9 u0 StatusBar}, [type=2000, isChildWindow=false]-[Surface(name=*Title#79)/@0x948a295, shown=false, windowType=2000] 132ms
W/Looper  ( 1584): Slow dispatch took 64ms main h=android.view.Choreographer$FrameHandler c=android.view.Choreographer$FrameDisplayEventReceiver@d93581f m=0
W/Looper  ( 1584): Drained
D/UniActivityTaskManager( 1082): setGlobalMaxNumTasks, size: 18
D/ActivityManager( 1082): set activity controller to monkey
W/ActivityManager( 1082): registerReceiverWithFeature: no app for null
V/BroadcastQueue( 1082): Enqueuing BroadcastRecord{c5cac30 android.intent.action.BATTERY_CHANGED/u-1} ordered=false from uid 1000 pid 1082 for 2 receivers
V/BroadcastQueue( 1082): Enqueuing BroadcastRecord{d0c20a9 android.intent.action.BATTERY_CHANGED/u-1} ordered=false from uid 1000 pid 1082 for 27 receivers
D/PowerUI ( 1584): can't show warning due to - plugged: true status unknown: false
D/BatteryServiceERP( 1082): action: android.intent.action.BATTERY_CHANGED,level:48,scale:100,status:2,isCharging:true,isSendNotification: false,isForceCharging:false
D/BatteryServiceERP( 1082): battProtect switch: 0
D/LowMemDetector( 1082): mExtendM: reportMemPressure1
E/UnisocWatchdog( 1082): updateRss system_server(1082) RSS:257,162,92,Swap:51
V/BroadcastQueue( 1082): Enqueuing BroadcastRecord{58da14d android.intent.action.BATTERY_CHANGED/u-1} ordered=false from uid 1000 pid 1082 for 2 receivers
V/BroadcastQueue( 1082): Enqueuing BroadcastRecord{3015402 android.intent.action.BATTERY_CHANGED/u-1} ordered=false from uid 1000 pid 1082 for 27 receivers
D/PowerUI ( 1584): can't show warning due to - plugged: true status unknown: false
D/BatteryServiceERP( 1082): action: android.intent.action.BATTERY_CHANGED,level:48,scale:100,status:2,isCharging:true,isSendNotification: false,isForceCharging:false
D/BatteryServiceERP( 1082): battProtect switch: 0
W/FileUtils( 1082): Failed to chmod(AtomicFile[/data/system_de/0/system/game-manager-service.xml]): android.system.ErrnoException: chmod failed: ENOENT (No such file or directory)
D/ActivityManager( 1082): freezing 18447 com.google.android.gms
D/BrightnessThermalClamper( 1082): New thermal throttling status = 0
D/PowerManagerService( 1082): notifyThrottling LCD_TEMP :38000
D/PowerController.Thermal( 1082): temperature value = 43.0 , status = 0
D/ActivityManager( 1082): get tempetureValue is :43.0
V/BroadcastQueue( 1082): Enqueuing BroadcastRecord{7dc6ad1 android.intent.action.BATTERY_CHANGED/u-1} ordered=false from uid 1000 pid 1082 for 2 receivers
V/BroadcastQueue( 1082): Enqueuing BroadcastRecord{b5936 android.intent.action.BATTERY_CHANGED/u-1} ordered=false from uid 1000 pid 1082 for 27 receivers
D/PowerUI ( 1584): can't show warning due to - plugged: true status unknown: false
D/BatteryServiceERP( 1082): action: android.intent.action.BATTERY_CHANGED,level:48,scale:100,status:2,isCharging:true,isSendNotification: false,isForceCharging:false
D/BatteryServiceERP( 1082): battProtect switch: 0
V/BroadcastQueue( 1082): Enqueuing BroadcastRecord{80b0527 android.intent.action.BATTERY_CHANGED/u-1} ordered=false from uid 1000 pid 1082 for 2 receivers
V/BroadcastQueue( 1082): Enqueuing BroadcastRecord{b6d43d4 android.intent.action.BATTERY_CHANGED/u-1} ordered=false from uid 1000 pid 1082 for 27 receivers
D/PowerUI ( 1584): can't show warning due to - plugged: true status unknown: false
D/BatteryServiceERP( 1082): action: android.intent.action.BATTERY_CHANGED,level:48,scale:100,status:2,isCharging:true,isSendNotification: false,isForceCharging:false
D/BatteryServiceERP( 1082): battProtect switch: 0
D/AlarmManager( 1082): waitForAlarm result:8currentTime=1787207443398, elapsedRealtime=3306081
D/AlarmManager( 1082): sending alarm.type = 3, action = null, alarm = Alarm{8b9766e type 3 origWhen 3306081 whenElapsed 3306081 android}, cn = null, operation = null, listener=android.app.AlarmManager$ListenerWrapper@1457fa0, listenerTag=StatsCompanionService.pull, workSource=null
V/AlarmManager( 1082): set(null) : type=3 listener=android.app.AlarmManager$ListenerWrapper@1457fa0 listenerTag=StatsCompanionService.pull workSource=null callingPackage=android callingUid=1000 triggerAtTime=3606081 win=0 tElapsed=3606081 maxElapsed=3606081 interval=0 flags=0x9
D/BrightnessThermalClamper( 1082): New thermal throttling status = 0
D/PowerManagerService( 1082): notifyThrottling LCD_TEMP :38000
D/PowerController.Thermal( 1082): temperature value = 43.0 , status = 0
D/ActivityManager( 1082): get tempetureValue is :43.0
V/BroadcastQueue( 1082): Enqueuing BroadcastRecord{1bfc815 android.intent.action.BATTERY_CHANGED/u-1} ordered=false from uid 1000 pid 1082 for 2 receivers
V/BroadcastQueue( 1082): Enqueuing BroadcastRecord{2dcc72a android.intent.action.BATTERY_CHANGED/u-1} ordered=false from uid 1000 pid 1082 for 27 receivers
D/PowerUI ( 1584): can't show warning due to - plugged: true status unknown: false
D/BatteryServiceERP( 1082): action: android.intent.action.BATTERY_CHANGED,level:48,scale:100,status:2,isCharging:true,isSendNotification: false,isForceCharging:false
D/BatteryServiceERP( 1082): battProtect switch: 0
V/BroadcastQueue( 1082): Enqueuing BroadcastRecord{28d2f0b android.intent.action.BATTERY_CHANGED/u-1} ordered=false from uid 1000 pid 1082 for 2 receivers
V/BroadcastQueue( 1082): Enqueuing BroadcastRecord{7f491e8 android.intent.action.BATTERY_CHANGED/u-1} ordered=false from uid 1000 pid 1082 for 27 receivers
D/PowerUI ( 1584): can't show warning due to - plugged: true status unknown: false
D/BatteryServiceERP( 1082): action: android.intent.action.BATTERY_CHANGED,level:48,scale:100,status:2,isCharging:true,isSendNotification: false,isForceCharging:false
D/BatteryServiceERP( 1082): battProtect switch: 0
V/BroadcastQueue( 1082): Enqueuing BroadcastRecord{bcdd56 android.intent.action.BATTERY_CHANGED/u-1} ordered=false from uid 1000 pid 1082 for 2 receivers
V/BroadcastQueue( 1082): Enqueuing BroadcastRecord{25ea1d7 android.intent.action.BATTERY_CHANGED/u-1} ordered=false from uid 1000 pid 1082 for 27 receivers
D/PowerUI ( 1584): can't show warning due to - plugged: true status unknown: false
D/BatteryServiceERP( 1082): action: android.intent.action.BATTERY_CHANGED,level:48,scale:100,status:2,isCharging:true,isSendNotification: false,isForceCharging:false
D/BatteryServiceERP( 1082): battProtect switch: 0
V/BroadcastQueue( 1082): Enqueuing BroadcastRecord{4727c1d android.intent.action.BATTERY_CHANGED/u-1} ordered=false from uid 1000 pid 1082 for 2 receivers
V/BroadcastQueue( 1082): Enqueuing BroadcastRecord{1fdde92 android.intent.action.BATTERY_CHANGED/u-1} ordered=false from uid 1000 pid 1082 for 27 receivers
D/PowerUI ( 1584): can't show warning due to - plugged: true status unknown: false
V/BroadcastQueue( 1082): Enqueuing BroadcastRecord{9d47063 android.intent.action.BATTERY_CHANGED/u-1} ordered=false from uid 1000 pid 1082 for 2 receivers
V/BroadcastQueue( 1082): Enqueuing BroadcastRecord{9443460 android.intent.action.BATTERY_CHANGED/u-1} ordered=false from uid 1000 pid 1082 for 27 receivers
D/BatteryServiceERP( 1082): action: android.intent.action.BATTERY_CHANGED,level:48,scale:100,status:2,isCharging:true,isSendNotification: false,isForceCharging:false
D/BatteryServiceERP( 1082): battProtect switch: 0
D/BatteryServiceERP( 1082): action: android.intent.action.BATTERY_CHANGED,level:48,scale:100,status:2,isCharging:true,isSendNotification: false,isForceCharging:false
D/BatteryServiceERP( 1082): battProtect switch: 0
D/PowerUI ( 1584): can't show warning due to - plugged: true status unknown: false
D/AlarmManager( 1082): waitForAlarm result:8currentTime=1787207459999, elapsedRealtime=3322682
V/AlarmManager( 1082): Received TIME_TICK alarm; rescheduling
V/AlarmManager( 1082): set(null) : type=3 listener=com.android.server.alarm.AlarmManagerService$2@bed36a1 listenerTag=TIME_TICK workSource=null callingPackage=android callingUid=1000 triggerAtTime=3322683 win=0 tElapsed=3322683 maxElapsed=3322683 interval=0 flags=0x9
V/BroadcastQueue( 1082): Enqueuing BroadcastRecord{c3fbd19 android.intent.action.TIME_TICK/u-1} ordered=false from uid 1000 pid 1082 for 3 receivers
D/AlarmManager( 1082): sending alarm.type = 3, action = null, alarm = Alarm{d1751de type 3 origWhen 3322682 whenElapsed 3322682 android}, cn = null, operation = null, listener=com.android.server.alarm.AlarmManagerService$2@bed36a1, listenerTag=TIME_TICK, workSource=null
D/AlarmManager( 1082): waitForAlarm result:8currentTime=1787207460002, elapsedRealtime=3322684
V/AlarmManager( 1082): Received TIME_TICK alarm; rescheduling
V/AlarmManager( 1082): set(null) : type=3 listener=com.android.server.alarm.AlarmManagerService$2@bed36a1 listenerTag=TIME_TICK workSource=null callingPackage=android callingUid=1000 triggerAtTime=3382682 win=0 tElapsed=3382682 maxElapsed=3382682 interval=0 flags=0x9
D/AlarmManager( 1082): sending alarm.type = 3, action = null, alarm = Alarm{d93afbf type 3 origWhen 3322683 whenElapsed 3322683 android}, cn = null, operation = null, listener=com.android.server.alarm.AlarmManagerService$2@bed36a1, listenerTag=TIME_TICK, workSource=null
V/BroadcastQueue( 1082): Enqueuing BroadcastRecord{428368c android.intent.action.TIME_TICK/u-1} ordered=false from uid 1000 pid 1082 for 3 receivers
D/BrightnessThermalClamper( 1082): New thermal throttling status = 0
D/PowerManagerService( 1082): notifyThrottling LCD_TEMP :38166
D/PowerController.Thermal( 1082): temperature value = 42.0 , status = 0
D/ActivityManager( 1082): get tempetureValue is :42.0
V/BroadcastQueue( 1082): Enqueuing BroadcastRecord{d755f9d android.intent.action.BATTERY_CHANGED/u-1} ordered=false from uid 1000 pid 1082 for 2 receivers
V/BroadcastQueue( 1082): Enqueuing BroadcastRecord{e89bc12 android.intent.action.BATTERY_CHANGED/u-1} ordered=false from uid 1000 pid 1082 for 27 receivers
D/PowerUI ( 1584): can't show warning due to - plugged: true status unknown: false
D/BatteryServiceERP( 1082): action: android.intent.action.BATTERY_CHANGED,level:48,scale:100,status:2,isCharging:true,isSendNotification: false,isForceCharging:false
D/BatteryServiceERP( 1082): battProtect switch: 0
D/BrightnessThermalClamper( 1082): New thermal throttling status = 0
D/PowerManagerService( 1082): notifyThrottling LCD_TEMP :38000
D/PowerController.Thermal( 1082): temperature value = 42.0 , status = 0
D/ActivityManager( 1082): get tempetureValue is :42.0
V/BroadcastQueue( 1082): Enqueuing BroadcastRecord{511e555 android.intent.action.BATTERY_CHANGED/u-1} ordered=false from uid 1000 pid 1082 for 2 receivers
V/BroadcastQueue( 1082): Enqueuing BroadcastRecord{13cbb6a android.intent.action.BATTERY_CHANGED/u-1} ordered=false from uid 1000 pid 1082 for 27 receivers
D/PowerUI ( 1584): can't show warning due to - plugged: true status unknown: false
D/BatteryServiceERP( 1082): action: android.intent.action.BATTERY_CHANGED,level:48,scale:100,status:2,isCharging:true,isSendNotification: false,isForceCharging:false
D/BatteryServiceERP( 1082): battProtect switch: 0
V/BroadcastQueue( 1082): Enqueuing BroadcastRecord{e91fe4b android.intent.action.BATTERY_CHANGED/u-1} ordered=false from uid 1000 pid 1082 for 2 receivers
V/BroadcastQueue( 1082): Enqueuing BroadcastRecord{8a65028 android.intent.action.BATTERY_CHANGED/u-1} ordered=false from uid 1000 pid 1082 for 27 receivers
D/PowerUI ( 1584): can't show warning due to - plugged: true status unknown: false
D/BatteryServiceERP( 1082): action: android.intent.action.BATTERY_CHANGED,level:48,scale:100,status:2,isCharging:true,isSendNotification: false,isForceCharging:false
D/BatteryServiceERP( 1082): battProtect switch: 0
D/AlarmManager( 1082): waitForAlarm result:8currentTime=1787207480935, elapsedRealtime=3343618
D/AlarmManager( 1082): sending alarm.type = 3, action = null, alarm = Alarm{4fef07d type 3 origWhen 3298736 whenElapsed 3298736 android}, cn = null, operation = null, listener=android.app.AlarmManager$ListenerWrapper@b79a8cf, listenerTag=*job.delay*, workSource=WorkSource{10153 com.android.vending}
V/AlarmManager( 1082): set(null) : type=3 listener=android.app.AlarmManager$ListenerWrapper@b79a8cf listenerTag=*job.delay* workSource=WorkSource{10176 com.google.android.youtube} callingPackage=android callingUid=1000 triggerAtTime=3503207 win=119691 tElapsed=3503207 maxElapsed=3622898 interval=0 flags=0x0
D/ActivityManager( 1082): sync unfroze 17123 com.android.vending for 6
W/ProcessStats( 1082): Tracking association SourceState{54b6017 system/1000 ImpBg #10540} whose proc state 6 is better than process ProcessState{a2199c4 com.android.vending/10153 pkg=com.android.vending (sub)} proc state 14 (0 skipped)
D/LowMemDetector( 1082): mExtendM: reportMemPressure1
I/ExtM    ( 1082): the number of flushable pages is relatively few
V/AlarmManager( 1082): set(null) : type=3 listener=android.app.AlarmManager$ListenerWrapper@b79a8cf listenerTag=*job.delay* workSource=WorkSource{10153 com.android.vending} callingPackage=android callingUid=1000 triggerAtTime=3424863 win=59890 tElapsed=3424863 maxElapsed=3484753 interval=0 flags=0x0
V/BroadcastQueue( 1082): Enqueuing BroadcastRecord{1a719ea android.intent.action.BATTERY_CHANGED/u-1} ordered=false from uid 1000 pid 1082 for 2 receivers
V/BroadcastQueue( 1082): Enqueuing BroadcastRecord{30784db android.intent.action.BATTERY_CHANGED/u-1} ordered=false from uid 1000 pid 1082 for 27 receivers
D/PowerUI ( 1584): can't show warning due to - plugged: true status unknown: false
D/BatteryServiceERP( 1082): action: android.intent.action.BATTERY_CHANGED,level:48,scale:100,status:2,isCharging:true,isSendNotification: false,isForceCharging:false
D/BatteryServiceERP( 1082): battProtect switch: 0
W/ActivityTaskManager( 1082): callingPackage for (uid=2000, pid=19324) has no WPC
W/OptProp ( 1082): Cannot read opt property android.window.PROPERTY_COMPAT_ALLOW_ORIENTATION_OVERRIDE
W/OptProp ( 1082): Cannot read opt property android.window.PROPERTY_COMPAT_ALLOW_RESIZEABLE_ACTIVITY_OVERRIDES
W/OptProp ( 1082): Cannot read opt property android.window.PROPERTY_COMPAT_ALLOW_MIN_ASPECT_RATIO_OVERRIDE
D/BLASTSyncEngine( 1082): SyncGroup 50-Transition-OPEN started
D/PerformanceDatabaseControl( 1082): querymem pkgName = glory.beta001
I/ActivityTaskManager( 1082): START u0 {act=android.intent.action.MAIN cat=[android.intent.category.LAUNCHER] flg=0x10200000 cmp=glory.beta001/com.godot.game.GodotAppLauncher} with LAUNCH_SINGLE_INSTANCE_PER_TASK from uid 2000 pid 19324 (BAL_ALLOW_PERMISSION) result code=START_SUCCESS
V/WindowManagerShell( 1584): Transition requested (#50): android.os.BinderProxy@ee53e19 TransitionRequestInfo { type = OPEN, triggerTask = TaskInfo{userId=0 taskId=18 displayId=0 isRunning=true baseIntent=Intent { act=android.intent.action.MAIN cat=[android.intent.category.LAUNCHER] flg=0x10200000 cmp=glory.beta001/com.godot.game.GodotAppLauncher } baseActivity=ComponentInfo{glory.beta001/com.godot.game.GodotApp} topActivity=ComponentInfo{glory.beta001/com.godot.game.GodotApp} origActivity=ComponentInfo{glory.beta001/com.godot.game.GodotAppLauncher} realActivity=ComponentInfo{glory.beta001/com.godot.game.GodotApp} numActivities=1 lastActiveTime=3348298 supportsMultiWindow=false resizeMode=2 isResizeable=true minWidth=-1 minHeight=-1 defaultMinSize=220 token=WCT{android.window.IWindowContainerToken$Stub$Proxy@dd3ede} topActivityType=1 pictureInPictureParams=null shouldDockBigOverlays=false launchIntoPipHostTaskId=-1 lastParentTaskIdBeforePip=-1 displayCutoutSafeInsets=Rect(0, 68 - 0, 0) topActivityInfo=ActivityInfo{50f98bf com.godot.game.GodotAppLauncher} launchCookies=[] positionInParent=Point(0, 0) parentTaskId=-1 isFocused=false isVisible=false isVisibleRequested=false isSleeping=false locusId=null displayAreaFeatureId=1 isTopActivityTransparent=false appCompatTaskInfo=AppCompatTaskInfo { topActivityInSizeCompat=false topActivityEligibleForLetterboxEducation= falseisLetterboxEducationEnabled= false isLetterboxDoubleTapEnabled= false topActivityEligibleForUserAspectRatioButton= false topActivityBoundsLetterboxed= false isFromLetterboxDoubleTap= false topActivityLetterboxVerticalPosition= -1 topActivityLetterboxHorizontalPosition= -1 topActivityLetterboxWidth=720 topActivityLetterboxHeight=1640 isUserFullscreenOverrideEnabled=false isSystemFullscreenOverrideEnabled=false cameraCompatTaskInfo=CameraCompatTaskInfo { cameraCompatControlState=hidden freeformCameraCompatMode=inactive}}}, pipTask = null, remoteTransition = null, displayChange = null, flags = 0, debugId = 50 }
I/AppsFilter( 1082): interaction: PackageSetting{2bc2567 com.android.microdroid.empty_payload/10202} -> PackageSetting{9b08cbb glory.beta001/10267} BLOCKED
W/ShellStartingWindow( 1584): Get attribute fail, return default: File res/mipmap-xhdpi-v4/icon_background.webp from drawable resource ID #0x7f0a0001: .xml extension required
D/UniActivityTaskManager( 1082): setGlobalMaxNumTasks, size: 36
D/ActivityManager( 1082): reset activity controller to null
V/BroadcastQueue( 1082): Enqueuing BroadcastRecord{6444d31 android.intent.action.PACKAGE_UNSTOPPED/u0} ordered=false from uid 1000 pid 1082 for 2 receivers
I/ActivityManager( 1082): Start proc 19364:glory.beta001/u0a267 for next-top-activity {glory.beta001/com.godot.game.GodotAppLauncher}
D/WindowManagerShell( 1584): onFixedRotationStarted: null, state=PipTransitionState(mState=undefined, mInSwipePipToHomeTransition=false)
D/CoreBackPreview( 1082): Window{eebb784 u0 Splash Screen glory.beta001}, [type=3, isChildWindow=false]*noSurface: Setting back callback OnBackInvokedCallbackInfo{mCallback=android.window.IOnBackInvokedCallback$Stub$Proxy@4553423, mPriority=0, mIsAnimationCallback=false}
D/SSense.CameraAppRecognizer( 1082): CameraAppScene for uid:10092 pkg name:com.gogo.launcher sceneId:0 changed:false mCurrentCameraAppName:null
D/SSense.GalleryAppSceneRecognizer( 1082): GalleryAppScene for uid:10092 pkg name:com.gogo.launcher sceneId:0 changed:false mCurrentFlingAppName:null
D/SSense.GameRecognizer( 1082): game start int number ++  Util.mRememberSceneCounter =2
D/UnisocWindowEnhanceControllerImpl( 1082): updateGameSceneStatus to 2
D/SunLightProtectorImpl( 1082): Scene notify: mVideoSceneId:0 mGameSceneId:20 changed:true mVideoWindowMode:0 mGameWindowMode:1 mCameraSceneId:0 mCameraWindowMode:0 mGallerySceneId:0 mGalleryWindowMode:0
D/EnhanceManagerService( 1082): setDciMode mode=524322
D/SSense.CameraAppRecognizer( 1082): CameraAppScene for uid:10266 pkg name:glory.beta001 sceneId:0 changed:false mCurrentCameraAppName:null
D/SSense.GalleryAppSceneRecognizer( 1082): GalleryAppScene for uid:10266 pkg name:glory.beta001 sceneId:0 changed:false mCurrentFlingAppName:null
D/WindowManager( 1082): finishDrawingLocked: merge with mWin.mSyncTransaction!!! , mWin=Window{eebb784 u0 Splash Screen glory.beta001}, [type=3, isChildWindow=false]-[Surface(name=*Title#676)/@0x43c0d20, shown=false, windowType=3]
D/BLASTSyncEngine( 1082): finishNow mActiveSyncs.remove: 50
V/WindowManager( 1082): Sent Transition (#50) createdAt=08-20 14:31:25.607 via request=TransitionRequestInfo { type = OPEN, triggerTask = TaskInfo{userId=0 taskId=18 displayId=0 isRunning=true baseIntent=Intent { act=android.intent.action.MAIN cat=[android.intent.category.LAUNCHER] flg=0x10200000 cmp=glory.beta001/com.godot.game.GodotAppLauncher } baseActivity=ComponentInfo{glory.beta001/com.godot.game.GodotApp} topActivity=ComponentInfo{glory.beta001/com.godot.game.GodotApp} origActivity=ComponentInfo{glory.beta001/com.godot.game.GodotAppLauncher} realActivity=ComponentInfo{glory.beta001/com.godot.game.GodotApp} numActivities=1 lastActiveTime=3348298 supportsMultiWindow=false resizeMode=2 isResizeable=true minWidth=-1 minHeight=-1 defaultMinSize=220 token=WCT{RemoteToken{14f3d76 Task{d0e5843 #18 type=standard A=10267:glory.beta001}}} topActivityType=1 pictureInPictureParams=null shouldDockBigOverlays=false launchIntoPipHostTaskId=-1 lastParentTaskIdBeforePip=-1 displayCutoutSafeInsets=Rect(0, 68 - 0, 0) topActivityInfo=ActivityInfo{2bb4f77 com.godot.game.GodotAppLauncher} launchCookies=[] positionInParent=Point(0, 0) parentTaskId=-1 isFocused=false isVisible=false isVisibleRequested=false isSleeping=false locusId=null displayAreaFeatureId=1 isTopActivityTransparent=false appCompatTaskInfo=AppCompatTaskInfo { topActivityInSizeCompat=false topActivityEligibleForLetterboxEducation= falseisLetterboxEducationEnabled= false isLetterboxDoubleTapEnabled= false topActivityEligibleForUserAspectRatioButton= false topActivityBoundsLetterboxed= false isFromLetterboxDoubleTap= false topActivityLetterboxVerticalPosition= -1 topActivityLetterboxHorizontalPosition= -1 topActivityLetterboxWidth=720 topActivityLetterboxHeight=1640 isUserFullscreenOverrideEnabled=false isSystemFullscreenOverrideEnabled=false cameraCompatTaskInfo=CameraCompatTaskInfo { cameraCompatControlState=hidden freeformCameraCompatMode=inactive}}}, pipTask = null, remoteTransition = null, displayChange = null, flags = 0, debugId = 50 }
V/WindowManager( 1082):     startWCT=WindowContainerTransaction { changes = {} hops = [] errorCallbackToken=null taskFragmentOrganizer=null }
V/WindowManager( 1082):     info={id=50 t=OPEN f=0x0 trk=0 r=[0@Point(0, 0)] c=[
V/WindowManager( 1082):         {WCT{RemoteToken{14f3d76 Task{d0e5843 #18 type=standard A=10267:glory.beta001}}} m=OPEN f=NONE leash=Surface(name=Task=18#672)/@0x90f9f2 sb=Rect(0, 0 - 720, 1640) eb=Rect(0, 0 - 720, 1640) d=0 endFixedRotation=1 taskParent=-1},
V/WindowManager( 1082):         {WCT{RemoteToken{c4d9bb0 Task{d73db7 #1 type=home}}} m=TO_BACK f=SHOW_WALLPAPER leash=Surface(name=Task=1#47)/@0x248fcb6 sb=Rect(0, 0 - 720, 1640) eb=Rect(0, 0 - 720, 1640) d=0 taskParent=-1}
V/WindowManager( 1082):     ]}
V/WindowManagerShell( 1584): onTransitionReady(transaction=4647154616796)
V/WindowManagerShell( 1584): onTransitionReady (#50) android.os.BinderProxy@ee53e19: {id=50 t=OPEN f=0x0 trk=0 r=[0@Point(0, 0)] c=[{WCT{android.window.IWindowContainerToken$Stub$Proxy@cdbf99e} m=OPEN f=NONE leash=Surface(name=Task=18#672)/@0x1031123 sb=Rect(0, 0 - 720, 1640) eb=Rect(0, 0 - 720, 1640) d=0 endFixedRotation=1 taskParent=-1},{WCT{android.window.IWindowContainerToken$Stub$Proxy@deb9c7f} m=TO_BACK f=SHOW_WALLPAPER leash=Surface(name=Task=1#47)/@0x1992620 sb=Rect(0, 0 - 720, 1640) eb=Rect(0, 0 - 720, 1640) d=0 taskParent=-1}]}
V/WindowManagerShell( 1584): Playing animation for (#50) android.os.BinderProxy@ee53e19@0
V/WindowManagerShell( 1584):  try handler com.android.wm.shell.keyguard.KeyguardTransitionHandler@4a284d6
V/WindowManagerShell( 1584):  try handler com.android.wm.shell.pip.PipTransition@12ff357
V/WindowManagerShell( 1584):  try handler com.android.wm.shell.activityembedding.ActivityEmbeddingController@9d94e44
V/WindowManagerShell( 1584):  try handler com.android.wm.shell.recents.RecentsTransitionHandler@3f73b2d
V/ShellRecents( 1584): RecentsTransitionHandler.startAnimation: no controller found
V/WindowManagerShell( 1584):  try handler com.android.wm.shell.transition.RemoteTransitionHandler@61a1862
V/WindowManagerShell( 1584): Transition doesn't have explicit remote, search filters for match for {id=50 t=OPEN f=0x0 trk=0 r=[0@Point(0, 0)] c=[{WCT{android.window.IWindowContainerToken$Stub$Proxy@cdbf99e} m=OPEN f=NONE leash=Surface(name=Task=18#672)/@0x1031123 sb=Rect(0, 0 - 720, 1640) eb=Rect(0, 0 - 720, 1640) d=0 endFixedRotation=1 taskParent=-1},{WCT{android.window.IWindowContainerToken$Stub$Proxy@deb9c7f} m=TO_BACK f=SHOW_WALLPAPER leash=Surface(name=Task=1#47)/@0x1992620 sb=Rect(0, 0 - 720, 1640) eb=Rect(0, 0 - 720, 1640) d=0 taskParent=-1}]}
V/WindowManagerShell( 1584):  Checking filter Pair{{types=[] flags=0x0] notFlags=0x100 checks=[{atype=home independent=true modes=[OPEN,TO_FRONT] flags=NONE mustBeTask=false order=TOP topActivity=ComponentInfo{com.gogo.launcher/com.android.launcher3.Launcher3QuickStepGo} launchCookie=null},{atype=standard independent=true modes=[CLOSE,TO_BACK] flags=NONE mustBeTask=false order=ANY topActivity=null launchCookie=null}]} RemoteTransition { remoteTransition = android.window.IRemoteTransition$Stub$Proxy@a566df3, appThread = android.app.IApplicationThread$Stub$Proxy@93f0ab0, debugName = recents }}
V/WindowManagerShell( 1584):  Delegate animation for (#50) to null
V/WindowManagerShell( 1584):  try handler com.android.wm.shell.transition.DefaultTransitionHandler@9395d29
V/WindowManagerShell( 1584): start default transition animation, info = {id=50 t=OPEN f=0x0 trk=0 r=[0@Point(0, 0)] c=[{WCT{android.window.IWindowContainerToken$Stub$Proxy@cdbf99e} m=OPEN f=NONE leash=Surface(name=Task=18#672)/@0x1031123 sb=Rect(0, 0 - 720, 1640) eb=Rect(0, 0 - 720, 1640) d=0 endFixedRotation=1 taskParent=-1},{WCT{android.window.IWindowContainerToken$Stub$Proxy@deb9c7f} m=TO_BACK f=SHOW_WALLPAPER leash=Surface(name=Task=1#47)/@0x1992620 sb=Rect(0, 0 - 720, 1640) eb=Rect(0, 0 - 720, 1640) d=0 taskParent=-1}]}
V/WindowManagerShell( 1584): loadAnimation: anim=android.view.animation.AnimationSet@c01ac95 animAttr=0x13 type=OPEN isEntrance=false
V/WindowManagerShell( 1584): loadAnimation: anim=android.view.animation.AnimationSet@34f9e76 animAttr=0x12 type=OPEN isEntrance=true
V/WindowManagerShell( 1584):  animated by com.android.wm.shell.transition.DefaultTransitionHandler@9395d29
W/UserManagerService( 1082): Requested status bar icon for non-badged user 0
D/SSense.NavigationAppRecognizer( 1082):  onForegroundActivitiesChanged pkgNamesglory.beta001; pid = 19364; uid =10267; foregroundActivities =true; ForegroundActivitiespid =19364
D/GameManagerService( 1082):  isPackageGame packageName:glory.beta001
V/GameManagerService( 1082): setDefaultFrameRateOverride : 10267 , 60.0
D/ActivityManager( 1082): Skip enqueue broadcast because no receiver with Intent { act=android.intent.action.BOOT_COMPLETED flg=0x9000030 pkg=glory.beta001 (has extras) }
D/ActivityManager( 1082): add glory.beta001 to ColdStartingAppList
V/WindowManagerShell( 1584): Transition animation finished (aborted=false), notifying core (#50) android.os.BinderProxy@ee53e19@0
V/WindowManager( 1082): Finish Transition (#50): created at 08-20 14:31:25.607 collect-started=0.12ms request-sent=8.577ms started=12.516ms ready=54.813ms sent=58.498ms finished=241.106ms
D/BLASTSyncEngine( 1082): SyncGroup 51-Transition-CHANGE started
V/WindowManagerShell( 1584): Track 0 became idle
V/WindowManagerShell( 1584): All active transition animations finished
V/WindowManagerShell( 1584): Transition requested (#51): android.os.BinderProxy@b22395a TransitionRequestInfo { type = CHANGE, triggerTask = null, pipTask = null, remoteTransition = null, displayChange = DisplayChange { displayId = 0, startAbsBounds = null, endAbsBounds = null, startRotation = 0, endRotation = 1, physicalDisplayChanged = false }, flags = 0, debugId = 51 }
W/UserManagerService( 1082): Requested status bar icon for non-badged user 0
I/ActivityTaskManager( 1082): Config changes=20000480{CONFIG_ORIENTATION, CONFIG_SCREEN_SIZE, CONFIG_WINDOW_CONFIGURATION} {1.0 ?mcc0mnc [zh_SG_#Hans] ldltr sw360dp w820dp h360dp 320dpi nrml long land finger -keyb/v/h -nav/h winConfig={ mBounds=Rect(0, 0 - 1640, 720) mAppBounds=Rect(0, 0 - 1640, 720) mMaxBounds=Rect(0, 0 - 1640, 720) mDisplayRotation=ROTATION_90 mWindowingMode=fullscreen mActivityType=undefined mAlwaysOnTop=undefined mRotation=ROTATION_90} s.389 fontWeightAdjustment=0}
I/WindowManager( 1082): Override config changes=20000480 {1.0 ?mcc0mnc [zh_SG_#Hans] ldltr sw360dp w820dp h360dp 320dpi nrml long land finger -keyb/v/h -nav/h winConfig={ mBounds=Rect(0, 0 - 1640, 720) mAppBounds=Rect(0, 0 - 1640, 720) mMaxBounds=Rect(0, 0 - 1640, 720) mDisplayRotation=ROTATION_90 mWindowingMode=fullscreen mActivityType=undefined mAlwaysOnTop=undefined mRotation=ROTATION_90} s.389 fontWeightAdjustment=0} for displayId=0
D/GameManagerService( 1082):  isPackageGame packageName:glory.beta001
D/GameManagerService( 1082):  isPackageGame packageName:glory.beta001
W/PackageConfigPersister( 1082): App-specific configuration not found for packageName: com.android.settings and userId: 0
D/WindowManagerShell( 1584): onFixedRotationFinished: null, state=PipTransitionState(mState=undefined, mInSwipePipToHomeTransition=false)
V/ShellDragAndDrop( 1584): Display changed: 0
D/DisplayManagerService( 1082): Ignore redundant display event 0/2 to 10150/16838
V/BroadcastQueue( 1082): Enqueuing BroadcastRecord{c4ae8b2 android.intent.action.CONFIGURATION_CHANGED/u-1} ordered=false from uid 1000 pid 1082 for 10 receivers
D/SSense.CameraAppRecognizer( 1082): CameraAppScene for uid:10266 pkg name:glory.beta001 sceneId:0 changed:false mCurrentCameraAppName:null
D/SSense.GalleryAppSceneRecognizer( 1082): GalleryAppScene for uid:10266 pkg name:glory.beta001 sceneId:0 changed:false mCurrentFlingAppName:null
W/UserManagerService( 1082): Requested status bar icon for non-badged user 0
D/BLASTSyncEngine( 1082): finishNow mActiveSyncs.remove: 51
V/WindowManager( 1082): Sent Transition (#51) createdAt=08-20 14:31:25.850 via request=TransitionRequestInfo { type = CHANGE, triggerTask = null, pipTask = null, remoteTransition = null, displayChange = DisplayChange { displayId = 0, startAbsBounds = null, endAbsBounds = null, startRotation = 0, endRotation = 1, physicalDisplayChanged = false }, flags = 0, debugId = 51 }
V/WindowManagerShell( 1584): onTransitionReady(transaction=4647154616813)
V/WindowManagerShell( 1584): onTransitionReady (#51) android.os.BinderProxy@b22395a: {id=51 t=CHANGE f=0x0 trk=0 r=[0@Point(0, 0)] c=[{WCT{android.window.IWindowContainerToken$Stub$Proxy@f80d144} m=CHANGE f=NONE p=WCT{android.window.IWindowContainerToken$Stub$Proxy@834022d} leash=Surface(name=Task=18#672)/@0x38de97b sb=Rect(0, 0 - 720, 1640) eb=Rect(0, 0 - 1640, 720) d=0 r=0->1:-1 taskParent=-1},{WCT{android.window.IWindowContainerToken$Stub$Proxy@29cd362} m=CHANGE f=NONE p=WCT{android.window.IWindowContainerToken$Stub$Proxy@4fa0cf3} leash=Surface(name=DefaultTaskDisplayArea#8)/@0xb21398 sb=Rect(0, 0 - 720, 1640) eb=Rect(0, 0 - 1640, 720) d=0 r=0->1:-1},{null m=TO_BACK f=IS_WALLPAPER p=WCT{android.window.IWindowContainerToken$Stub$Proxy@313b10e} leash=Surface(name=WallpaperWindowToken{9427524 token=android.os.Binder@43be9b7}#57)/@0xd5ad7f1 sb=Rect(0, 0 - 720, 1640) eb=Rect(0, 0 - 1640, 720) d=0 r=0->1:-1},{WCT{android.window.IWindowContainerToken$Stub$Proxy@e28d72f} m=CHANGE f=IS_DISPLAY leash=Surface(name=WindowedMagnification:0:31#3)/@0x2df8fd6 sb=Rect(0, 0 - 720, 1640) eb=Rect(0, 0 - 1640, 720) d=0 r=0->1:3}]}
V/WindowManagerShell( 1584): Playing animation for (#51) android.os.BinderProxy@b22395a@0
V/WindowManagerShell( 1584):  try handler com.android.wm.shell.keyguard.KeyguardTransitionHandler@4a284d6
V/WindowManagerShell( 1584):  try handler com.android.wm.shell.pip.PipTransition@12ff357
W/WindowManagerShell( 1584): PipTransition: startAnimation() should start with clear fixed rotation state
V/WindowManagerShell( 1584):  try handler com.android.wm.shell.activityembedding.ActivityEmbeddingController@9d94e44
V/WindowManager( 1082):     startWCT=WindowContainerTransaction { changes = {} hops = [] errorCallbackToken=null taskFragmentOrganizer=null }
V/WindowManagerShell( 1584):  try handler com.android.wm.shell.recents.RecentsTransitionHandler@3f73b2d
V/ShellRecents( 1584): RecentsTransitionHandler.startAnimation: no controller found
V/WindowManagerShell( 1584):  try handler com.android.wm.shell.transition.RemoteTransitionHandler@61a1862
V/WindowManagerShell( 1584):  try handler com.android.wm.shell.transition.DefaultTransitionHandler@9395d29
V/WindowManager( 1082):     info={id=51 t=CHANGE f=0x0 trk=0 r=[0@Point(0, 0)] c=[
V/WindowManager( 1082):         {WCT{RemoteToken{14f3d76 Task{d0e5843 #18 type=standard A=10267:glory.beta001}}} m=CHANGE f=NONE p=WCT{RemoteToken{b15c89b DefaultTaskDisplayArea@140038110}} leash=Surface(name=Task=18#672)/@0x90f9f2 sb=Rect(0, 0 - 720, 1640) eb=Rect(0, 0 - 1640, 720) d=0 r=0->1:-1 taskParent=-1},
V/WindowManager( 1082):         {WCT{RemoteToken{b15c89b DefaultTaskDisplayArea@140038110}} m=CHANGE f=NONE p=WCT{RemoteToken{e47d438 Display{#0 state=ON size=1640x720 ROTATION_90}}} leash=Surface(name=DefaultTaskDisplayArea#8)/@0x6cf8a10 sb=Rect(0, 0 - 720, 1640) eb=Rect(0, 0 - 1640, 720) d=0 r=0->1:-1},
V/WindowManager( 1082):         {null m=TO_BACK f=IS_WALLPAPER p=WCT{RemoteToken{e47d438 Display{#0 state=ON size=1640x720 ROTATION_90}}} leash=Surface(name=WallpaperWindowToken{9427524 token=android.os.Binder@43be9b7}#57)/@0x56858af sb=Rect(0, 0 - 720, 1640) eb=Rect(0, 0 - 1640, 720) d=0 r=0->1:-1},
V/WindowManager( 1082):         {WCT{RemoteToken{e47d438 Display{#0 state=ON size=1640x720 ROTATION_90}}} m=CHANGE f=IS_DISPLAY leash=Surface(name=WindowedMagnification:0:31#3)/@0x8d10637 sb=Rect(0, 0 - 720, 1640) eb=Rect(0, 0 - 1640, 720) d=0 r=0->1:3}
V/WindowManager( 1082):     ]}
V/WindowManagerShell( 1584): start default transition animation, info = {id=51 t=CHANGE f=0x0 trk=0 r=[0@Point(0, 0)] c=[{WCT{android.window.IWindowContainerToken$Stub$Proxy@f80d144} m=CHANGE f=NONE p=WCT{android.window.IWindowContainerToken$Stub$Proxy@834022d} leash=Surface(name=Task=18#672)/@0x38de97b sb=Rect(0, 0 - 720, 1640) eb=Rect(0, 0 - 1640, 720) d=0 r=0->1:-1 taskParent=-1},{WCT{android.window.IWindowContainerToken$Stub$Proxy@29cd362} m=CHANGE f=NONE p=WCT{android.window.IWindowContainerToken$Stub$Proxy@4fa0cf3} leash=Surface(name=DefaultTaskDisplayArea#8)/@0xb21398 sb=Rect(0, 0 - 720, 1640) eb=Rect(0, 0 - 1640, 720) d=0 r=0->1:-1},{null m=TO_BACK f=IS_WALLPAPER p=WCT{android.window.IWindowContainerToken$Stub$Proxy@313b10e} leash=Surface(name=WallpaperWindowToken{9427524 token=android.os.Binder@43be9b7}#57)/@0xd5ad7f1 sb=Rect(0, 0 - 720, 1640) eb=Rect(0, 0 - 1640, 720) d=0 r=0->1:-1},{WCT{android.window.IWindowContainerToken$Stub$Proxy@e28d72f} m=CHANGE f=IS_DISPLAY leash=Surface(name=WindowedMagnification:0:31#3)/@0x2df8fd6 sb=Rect(0, 0 - 720, 1640) eb=Rect(0, 0 - 1640, 720) d=0 r=0->1:3}]}
V/WindowManagerShell( 1584): Display is changing, resolve the animation hint.
V/WindowManagerShell( 1584):   display requests explicit seamless
V/WindowManagerShell( 1584): Transition animation finished (aborted=false), notifying core (#51) android.os.BinderProxy@b22395a@0
V/WindowManager( 1082): Finish Transition (#51): created at 08-20 14:31:25.850 collect-started=0.124ms request-sent=0.207ms started=2.643ms ready=24.03ms sent=43.513ms finished=54.321ms
V/WindowManagerShell( 1584): Track 0 became idle
V/WindowManagerShell( 1584): All active transition animations finished
V/WindowManagerShell( 1584):  animated by com.android.wm.shell.transition.DefaultTransitionHandler@9395d29
V/WindowManagerShell( 1584): Track 0 became idle
V/WindowManagerShell( 1584): All active transition animations finished
D/WindowManager( 1082): setFocusedApp mFocusedApp = ActivityRecord{2a75154 u0 glory.beta001/com.godot.game.GodotAppLauncher t18 d0}displayId = 0Callers = com.android.server.wm.ActivityTaskManagerService.setLastResumedActivityUncheckLocked:5132 com.android.server.wm.ActivityTaskSupervisor.updateTopResumedActivityIfNeeded:2341 com.android.server.wm.TaskFragment.setResumedActivity:617 com.android.server.wm.TaskFragment.onActivityStateChanged:970 com.android.server.wm.ActivityRecord.setState:6235 com.android.server.wm.ActivityTaskSupervisor.realStartActivityLocked:1033 
I/WindowManager( 1082): finishDrawing of orientation change: Window{d416666 u0 com.android.systemui.wallpapers.ImageWallpaper}, [type=2013, isChildWindow=false]-[Surface(name=*Title#59)/@0x3f2f41c, shown=false, windowType=2013] 61ms
W/PackageConfigPersister( 1082): App-specific configuration not found for packageName: com.gogo.launcher and userId: 0
I/WindowManager( 1082): finishDrawing of orientation change: Window{d9b4fc3 u0 NavigationBar0}, [type=2019, isChildWindow=false]-[Surface(name=*Title#77)/@0x632ddf7, shown=false, windowType=2019] 94ms
--------- beginning of main
D/mali_gralloc(  631): unregister: id=25b0000027c, handle=0xb400007123e50480, base=0x0, importpid=631, clone_count=0
D/mali_gralloc( 1082): unregister: id=25b0000028a, handle=0xb400007c38d770a0, base=0x0, importpid=1082, clone_count=0
I/SP      ( 2175): Sync for content_cache succeeded in 16 ms: no changes
I/SP      ( 2175): GC for 'content_cache' (10) with ttl of 0 ms took 0 ms (0/0/0)
I/SuperpacksManagerImpl( 2175): SuperpacksManagerImpl$19.onSyncSuccess():947 content_cache.sync() succeeded
D/StackScroller( 1584): updateTopPadding topPadding=367
E/CompositionEngine(  631): yyyy: Layer Name== Splash Screen glory.beta001#676
E/CompositionEngine(  631): yyyy: Layer Name== StatusBar#79
E/CompositionEngine(  631): yyyy: Layer Name== NavigationBar0#77
W/View    ( 1584): requestLayout() improperly called by android.view.View{3f04c9e V.ED..... ......ID 16,262-64,449 #7f0a0625 app:id/qs_background} during layout: running second layout pass
D/mali_gralloc(  604): register: id=25b0000028a, handle=0xb4000072d21df9c0, importpid=604
D/mali_gralloc(  604): unregister: id=25b0000027c, handle=0xb4000072d21df480, base=0x0, importpid=604, clone_count=0
D/mali_gralloc( 1584): unregister: id=25b00000284, handle=0xb400007c2f872800, base=0x0, importpid=1584, clone_count=0
D/mali_gralloc( 1584): unregister: id=25b0000027e, handle=0xb400007d7306f4e0, base=0x0, importpid=1584, clone_count=0
D/mali_gralloc( 1584): unregister: id=25b0000027f, handle=0xb400007c2fa6aba0, base=0x0, importpid=1584, clone_count=0
I/mali_gralloc(  603): allocate: id=25b0000028b, halFormat=RGBA8888, maliFormat=RGBA8888, afbc=SPLIT, usage=GPU_RW|HWC, size=48x1640(321536), stride=48, name=VRI[StatusBar]#2(BLAST Consumer)2, costTime=0ms181us615
D/mali_gralloc( 1584): register: id=25b0000028b, handle=0xb400007c2f8759e0, importpid=1584
D/PowerHALManager( 1082): powerhalmanager sendHint!!!
D/PowerHAL(  617): enter VendorPower::sendHint
D/PowerHAL(  617): sendHint enter sendHint if():
D/PowerHAL(  617): sendHint got hintSession:0xb400007c46c13a10 
D/PowerHAL(  617): PowerHintSession sendHint hintSession and hint=0: mTgid: 1584, mUid: 10184
D/PowerHAL(  617): enter case CPU_LOAD_UP, and uclampMin_High=650
D/PowerHAL(  617): sendHint got hintSession:0xb400007c46c13a10 return ok!
D/mali_gralloc(  631): register: id=25b0000028b, handle=0xb40000714dbd7360, importpid=631
W/Looper  ( 1584): Slow dispatch took 86ms main h=android.view.Choreographer$FrameHandler c=android.view.Choreographer$FrameDisplayEventReceiver@d93581f m=0
W/Looper  ( 1584): Slow delivery took 118ms main h=com.android.systemui.statusbar.CommandQueue$H c=null m=1376256
D/mali_gralloc(  631): unregister: id=25b0000027e, handle=0xb40000714dbd8400, base=0x0, importpid=631, clone_count=0
I/WindowManager( 1082): finishDrawing of orientation change: Window{99c12a9 u0 StatusBar}, [type=2000, isChildWindow=false]-[Surface(name=*Title#79)/@0x948a295, shown=false, windowType=2000] 137ms
D/mali_gralloc(  631): unregister: id=25b0000027f, handle=0xb400007123e4ff40, base=0x0, importpid=631, clone_count=0
D/mali_gralloc(  631): unregister: id=25b00000284, handle=0xb400007123e50800, base=0x0, importpid=631, clone_count=0
E/CompositionEngine(  631): yyyy: Layer Name== Splash Screen glory.beta001#676
E/CompositionEngine(  631): yyyy: Layer Name== StatusBar#79
E/CompositionEngine(  631): yyyy: Layer Name== NavigationBar0#77
D/mali_gralloc(  604): register: id=25b0000028b, handle=0xb4000072d21df480, importpid=604
D/mali_gralloc(  604): unregister: id=25b0000027f, handle=0xb4000072d21df640, base=0x0, importpid=604, clone_count=0
D/mali_gralloc( 1584): unregister: id=25b0000027b, handle=0xb400007c40a4f9c0, base=0x0, importpid=1584, clone_count=0
W/UserManagerService( 1082): Requested status bar icon for non-badged user 0
I/mali_gralloc(  603): allocate: id=25b0000028c, halFormat=RGBA8888, maliFormat=RGBA8888, afbc=SPLIT, usage=GPU_RW|HWC, size=720x96(281600), stride=720, name=VRI[NavigationBar0]#1(BLAST Consumer)1, costTime=0ms164us346
D/mali_gralloc( 1584): register: id=25b0000028c, handle=0xb400007d7306b340, importpid=1584
D/mali_gralloc(  631): register: id=25b0000028c, handle=0xb40000714dbd8400, importpid=631
D/GodotActivity(19364): Project command line parameters: [--xr_mode_regular, --xr-mode, off, --fullscreen, --background_color, #000000]
I/mali_gralloc(  603): allocate: id=25b0000028d, halFormat=RGBA8888, maliFormat=RGBA8888, afbc=SPLIT, usage=GPU_RW|HWC, size=48x1640(321536), stride=48, name=VRI[StatusBar]#2(BLAST Consumer)2, costTime=0ms180us847
D/UnisocSuperPowerUtilImpl( 1584): getPowerSaveModeInternal mode=1
D/mali_gralloc( 1584): register: id=25b0000028d, handle=0xb400007d4bfe31c0, importpid=1584
D/UnisocSuperPowerUtilImpl( 1584): getPowerSaveModeInternal mode=1
D/GodotActivity(19364): Launch intent Intent { act=android.intent.action.MAIN cat=[android.intent.category.LAUNCHER] flg=0x10200000 cmp=glory.beta001/com.godot.game.GodotAppLauncher } with parameters []
W/Looper  ( 1584): Drained
D/mali_gralloc(  631): register: id=25b0000028d, handle=0xb400007123e503a0, importpid=631
I/SurfaceFlinger(  631): updating visibility visibleForInput:1, Snapshot{TraversalPath{.id = 682}Surface(name=WindowToken{3a5c773 type=2000 android.os.BinderProxy@95198ad}-topChild=null#69)/@0x64d2630 - animation-leash of token_transform#682 isVisible=1 {hidden by parent or layer flag} changes=Created | Metadata | FrameRate layerStack=0 geomLayerBounds={-16400,-7200,7200,16400} geomLayerTransform={tx=0,ty=0}}
D/DefaultDeviceEntrySection( 1584): isUdfpsSupported=false
I/mali_gralloc(  603): allocate: id=25b0000028e, halFormat=RGBA8888, maliFormat=RGBA8888, afbc=SPLIT, usage=GPU_RW|HWC, size=48x1640(321536), stride=48, name=VRI[StatusBar]#2(BLAST Consumer)2, costTime=0ms196us154
I/SurfaceFlinger(  631): updating visibility visibleForInput:0, Snapshot{TraversalPath{.id = 682}Surface(name=WindowToken{3a5c773 type=2000 android.os.BinderProxy@95198ad}-topChild=null#69)/@0x64d2630 - animation-leash of token_transform#682 isVisible=0 {hidden by parent or layer flag} changes=Created | Metadata | Visibility | FrameRate layerStack=0 geomLayerBounds={-16400,-7200,7200,16400} geomLayerTransform={tx=0,ty=0}}
D/mali_gralloc( 1584): register: id=25b0000028e, handle=0xb400007c2fa696a0, importpid=1584
D/mali_gralloc(  631): unregister: id=25b0000027b, handle=0xb40000714dbd9740, base=0x0, importpid=631, clone_count=0
E/CompositionEngine(  631): yyyy: Layer Name== Splash Screen glory.beta001#676
E/CompositionEngine(  631): yyyy: Layer Name== StatusBar#79
E/CompositionEngine(  631): yyyy: Layer Name== NavigationBar0#77
D/mali_gralloc(  604): register: id=25b0000028d, handle=0xb4000072d21df640, importpid=604
D/mali_gralloc(  604): unregister: id=25b0000027b, handle=0xb4000072d21df800, base=0x0, importpid=604, clone_count=0
D/mali_gralloc(  604): register: id=25b0000028c, handle=0xb4000072d21df800, importpid=604
D/mali_gralloc(  604): unregister: id=25b00000284, handle=0xb4000072d21dffe0, base=0x0, importpid=604, clone_count=0
D/mali_gralloc(  631): register: id=25b0000028e, handle=0xb40000714dbd9740, importpid=631
D/mali_gralloc( 1584): unregister: id=25b00000285, handle=0xb400007c2fa69080, base=0x0, importpid=1584, clone_count=0
D/mali_gralloc( 1584): unregister: id=25b0000027d, handle=0xb400007d4bd96ea0, base=0x0, importpid=1584, clone_count=0
I/SurfaceFlinger(  631): updating visibility visibleForInput:0, Snapshot{TraversalPath{.id = 79}StatusBar#79 isVisible=1 {alpha = 0 and no blur} changes=Hierarchy | Geometry | Content | Input | Visibility | AffectsChildren | FrameRate | Buffer layerStack=0 geomLayerBounds={0,0,48,1640} geomLayerTransform={tx=0,ty=0}} input{(NOT_FOCUSABLE) touchableRegion={0,0,48,1640}}
V/GodotActivity(19364): Creating new Godot fragment instance.
I/mali_gralloc(  603): allocate: id=25b0000028f, halFormat=RGBA8888, maliFormat=RGBA8888, afbc=SPLIT, usage=GPU_RW|HWC, size=48x1640(321536), stride=48, name=VRI[StatusBar]#2(BLAST Consumer)2, costTime=0ms185us846
D/mali_gralloc( 1584): register: id=25b0000028f, handle=0xb400007c40a4f9c0, importpid=1584
D/mali_gralloc(  604): unregister: id=25b0000028b, handle=0xb4000072d21df480, base=0x0, importpid=604, clone_count=0
D/mali_gralloc(  604): unregister: id=25b0000028d, handle=0xb4000072d21df640, base=0x0, importpid=604, clone_count=0
D/mali_gralloc(  604): unregister: id=25b0000027d, handle=0xb4000072d21df8e0, base=0x0, importpid=604, clone_count=0
D/mali_gralloc(  604): unregister: id=25b0000027e, handle=0xb4000072d21dff00, base=0x0, importpid=604, clone_count=0
D/mali_gralloc(  631): unregister: id=25b00000285, handle=0xb400007123e50d40, base=0x0, importpid=631, clone_count=0
E/CompositionEngine(  631): yyyy: Layer Name== Splash Screen glory.beta001#676
E/CompositionEngine(  631): yyyy: Layer Name== NavigationBar0#77
D/mali_gralloc(  631): register: id=25b0000028f, handle=0xb400007123e50720, importpid=631
D/mali_gralloc(  631): unregister: id=25b0000027d, handle=0xb40000714dbd8f60, base=0x0, importpid=631, clone_count=0
E/CompositionEngine(  631): yyyy: Layer Name== Splash Screen glory.beta001#676
E/CompositionEngine(  631): yyyy: Layer Name== NavigationBar0#77
I/SurfaceFlinger(  631): updating visibility visibleForInput:1, Snapshot{TraversalPath{.id = 79}StatusBar#79 isVisible=0 { buffer=6803228197259 frame=1927 color{< 0, 0, 0, 0.127686 >}} changes=Content | Input | Visibility | AffectsChildren | FrameRate | Buffer layerStack=0 geomLayerBounds={0,0,48,1640} geomLayerTransform={tx=0,ty=0}} input{(NOT_FOCUSABLE) touchableRegion={0,0,48,1640}}
E/CompositionEngine(  631): yyyy: Layer Name== Splash Screen glory.beta001#676
E/CompositionEngine(  631): yyyy: Layer Name== StatusBar#79
E/CompositionEngine(  631): yyyy: Layer Name== NavigationBar0#77
D/mali_gralloc(  604): register: id=25b0000028b, handle=0xb4000072d21df8e0, importpid=604
V/Godot   (19364): Initializing Godot plugin registry
E/CompositionEngine(  631): yyyy: Layer Name== Splash Screen glory.beta001#676
E/CompositionEngine(  631): yyyy: Layer Name== StatusBar#79
E/CompositionEngine(  631): yyyy: Layer Name== NavigationBar0#77
D/mali_gralloc(  604): register: id=25b0000028d, handle=0xb4000072d21df480, importpid=604
I/GodotPluginRegistry(19364): Registering runtime plugin AndroidRuntime
V/Godot   (19364): InitEngine with params: [--xr_mode_regular, --xr-mode, off, --fullscreen, --background_color, #000000]
E/CompositionEngine(  631): yyyy: Layer Name== Splash Screen glory.beta001#676
E/CompositionEngine(  631): yyyy: Layer Name== StatusBar#79
E/CompositionEngine(  631): yyyy: Layer Name== NavigationBar0#77
D/mali_gralloc(  604): register: id=25b0000028e, handle=0xb4000072d21df640, importpid=604
D/PowerHALManager( 1082): powerhalmanager sendHint!!!
D/PowerHAL(  617): enter VendorPower::sendHint
D/PowerHAL(  617): sendHint enter sendHint if():
D/PowerHAL(  617): sendHint got hintSession:0xb400007c46c13a10 
D/PowerHAL(  617): PowerHintSession sendHint hintSession and hint=0: mTgid: 1584, mUid: 10184
D/PowerHAL(  617): enter case CPU_LOAD_UP, and uclampMin_High=650
D/PowerHAL(  617): sendHint got hintSession:0xb400007c46c13a10 return ok!
D/nativeloader(19364): Load /data/app/~~b-ghdAiYjY0HQ0ixYc5AqA==/glory.beta001-x3Lb4IEojy3od8unsv7hsg==/lib/arm64/libgodot_android.so using class loader ns clns-7 (caller=/data/app/~~b-ghdAiYjY0HQ0ixYc5AqA==/glory.beta001-x3Lb4IEojy3od8unsv7hsg==/base.apk!classes7.dex): ok
V/Godot   (19364): Godot native layer initialization completed: true
V/Godot   (19364): Setting up native layer with params: [--xr-mode, off, --fullscreen]
E/CompositionEngine(  631): yyyy: Layer Name== Splash Screen glory.beta001#676
E/CompositionEngine(  631): yyyy: Layer Name== StatusBar#79
E/CompositionEngine(  631): yyyy: Layer Name== NavigationBar0#77
D/mali_gralloc(  604): register: id=25b0000028f, handle=0xb4000072d21dfaa0, importpid=604
E/CompositionEngine(  631): yyyy: Layer Name== Splash Screen glory.beta001#676
E/CompositionEngine(  631): yyyy: Layer Name== StatusBar#79
E/CompositionEngine(  631): yyyy: Layer Name== NavigationBar0#77
E/CompositionEngine(  631): yyyy: Layer Name== Splash Screen glory.beta001#676
E/CompositionEngine(  631): yyyy: Layer Name== StatusBar#79
E/CompositionEngine(  631): yyyy: Layer Name== NavigationBar0#77
E/CompositionEngine(  631): yyyy: Layer Name== Splash Screen glory.beta001#676
E/CompositionEngine(  631): yyyy: Layer Name== StatusBar#79
E/CompositionEngine(  631): yyyy: Layer Name== NavigationBar0#77
V/Godot   (19364): Godot native layer setup completed
V/Godot   (19364): OnInitRenderView: GodotFragment{36c7979} (0c21bd6a-6e4d-475c-8007-319945bcac19 id=0x7f07002c)
E/CompositionEngine(  631): yyyy: Layer Name== Splash Screen glory.beta001#676
E/CompositionEngine(  631): yyyy: Layer Name== StatusBar#79
E/CompositionEngine(  631): yyyy: Layer Name== NavigationBar0#77
D/Godot   (19364): Render view should be transparent: false
D/Godot   (19364): renderingDevice: vulkan (ProjectSettings)
D/Godot   (19364): 			renderer: mobile (ProjectSettings)
D/UFwBoostFeatureService( 1082): isSupported:false
W/WindowOnBackDispatcher(19364): OnBackInvokedCallback is not enabled for the application.
W/WindowOnBackDispatcher(19364): Set 'android:enableOnBackInvokedCallback="true"' in the application manifest.
E/CompositionEngine(  631): yyyy: Layer Name== Splash Screen glory.beta001#676
E/CompositionEngine(  631): yyyy: Layer Name== StatusBar#79
E/CompositionEngine(  631): yyyy: Layer Name== NavigationBar0#77
V/Godot   (19364): OnStart: GodotFragment{36c7979} (0c21bd6a-6e4d-475c-8007-319945bcac19 id=0x7f07002c)
D/nativeloader(19364): Load libunipnp_jni.so using system ns (caller=/system_ext/framework/unipnp-framework.jar): ok
V/Godot   (19364): OnResume: GodotFragment{36c7979} (0c21bd6a-6e4d-475c-8007-319945bcac19 id=0x7f07002c)
D/PowerHAL(  617): Enter getSceneIdByName: sceneName:glory.beta001
D/PowerHAL(  617): Enter getSceneIdByName: sceneName:PACKAGE
W/HWUI    (19364): Unknown dataspace 0
D/PowerHALManager( 1082): powerhalmanager setviptaskbypid!!!
D/PowerHAL(  617): set_viptask:tag=UFwAppResCtl,type=audio,pid=18998,level=1,buf=18998 1
E/PowerHAL(  617): Error writing to /proc/sys/unisched/sched_task_audio: No such file or directory
D/PowerHALManager( 1082): powerhalmanager setviptaskbypid!!!
D/PowerHAL(  617): set_viptask:tag=UFwAppResCtl,type=ui,pid=1807,level=1,buf=1807 1
D/PowerHALManager( 1082): powerhalmanager setviptaskbypid!!!
D/PowerHAL(  617): set_viptask:tag=UFwAppResCtl,type=ui,pid=1863,level=1,buf=1863 1
D/PowerHALManager( 1082): powerhalmanager setviptaskbypid!!!
D/PowerHAL(  617): set_viptask:tag=UFwAppResCtl,type=ui,pid=1584,level=1,buf=1584 1
D/PowerHALManager( 1082): powerhalmanager setviptaskbypid!!!
D/PowerHAL(  617): set_viptask:tag=UFwAppResCtl,type=ui,pid=1748,level=1,buf=1748 1
D/PowerHALManager( 1082): powerhalmanager setviptaskbypid!!!
D/PowerHAL(  617): set_viptask:tag=UFwAppResCtl,type=audio,pid=18998,level=1,buf=18998 1
E/PowerHAL(  617): Error writing to /proc/sys/unisched/sched_task_audio: No such file or directory
D/PowerHALManager( 1082): powerhalmanager setviptaskbypid!!!
D/PowerHAL(  617): set_viptask:tag=UFwAppResCtl,type=ui,pid=1807,level=1,buf=1807 1
D/PowerHALManager( 1082): powerhalmanager setviptaskbypid!!!
D/PowerHAL(  617): set_viptask:tag=UFwAppResCtl,type=ui,pid=1863,level=1,buf=1863 1
D/PowerHALManager( 1082): powerhalmanager setviptaskbypid!!!
D/PowerHAL(  617): set_viptask:tag=UFwAppResCtl,type=ui,pid=1584,level=1,buf=1584 1
D/PowerHALManager( 1082): powerhalmanager setviptaskbypid!!!
D/PowerHAL(  617): enter Power::createHintSession
D/PowerHAL(  617): enter PowerHintSession
D/PowerHAL(  617): PowerHintSession sendHint hintSession and hint=2: mTgid: 19364, mUid: 10267
D/PowerHAL(  617): enter case CPU_LOAD_RESET, and uclampMin_High=650
D/PowerHAL(  617): createHintSession return hintSession:0xb400007c46c14030 
D/PowerHAL(  617): set_viptask:tag=UFwAppResCtl,type=ui,pid=1748,level=1,buf=1748 1
D/PowerHALManager( 1082): powerhalmanager createHintSession!!!
W/WindowManager( 1082): Failed looking up window session=Session{ed3d9e0 19364:u0a10267} callers=com.android.server.wm.WindowManagerService.windowForClientLocked:6679 com.android.server.wm.Session.updateRequestedVisibleTypes:769 android.view.IWindowSession$Stub.onTransact:1097 
D/PowerHAL(  617): enter Power::createHintSession
D/PowerHAL(  617): enter PowerHintSession
D/PowerHAL(  617): PowerHintSession sendHint hintSession and hint=2: mTgid: 19364, mUid: 10267
D/PowerHAL(  617): enter case CPU_LOAD_RESET, and uclampMin_High=650
D/PowerHAL(  617): createHintSession return hintSession:0xb400007c46c140a0 
I/SurfaceFlinger(  631): updating visibility visibleForInput:1, Snapshot{TraversalPath{.id = 683}92db33f glory.beta001/com.godot.game.GodotAppLauncher#683 isVisible=1 {hidden by parent or layer flag} changes=Created | Metadata | FrameRate layerStack=0 geomLayerBounds={-16400,-7200,7200,16400} geomLayerTransform={tx=0,ty=0}}
I/SurfaceFlinger(  631): updating visibility visibleForInput:0, Snapshot{TraversalPath{.id = 683}92db33f glory.beta001/com.godot.game.GodotAppLauncher#683 isVisible=0 {hidden by parent or layer flag} changes=Created | Metadata | Visibility | FrameRate layerStack=0 geomLayerBounds={-16400,-7200,7200,16400} geomLayerTransform={tx=0,ty=0}}
E/CompositionEngine(  631): yyyy: Layer Name== Splash Screen glory.beta001#676
E/CompositionEngine(  631): yyyy: Layer Name== StatusBar#79
E/CompositionEngine(  631): yyyy: Layer Name== NavigationBar0#77
D/UnisocVariableRefreshRateImpl( 1082): setCurrentPackageName, return when current focus window namenot contains packageName: glory.beta001 mCurrentRequestFocusWindowName: 4901e10 com.gogo.launcher/com.android.launcher3.Launcher3QuickStepGo
D/PowerHALManager( 1082): powerhalmanager sendHint!!!
D/PowerHAL(  617): enter VendorPower::sendHint
D/PowerHAL(  617): sendHint enter sendHint if():
D/PowerHAL(  617): sendHint got hintSession:0xb400007c46c140a0 
D/PowerHAL(  617): PowerHintSession sendHint hintSession and hint=2: mTgid: 19364, mUid: 10267
D/PowerHAL(  617): enter case CPU_LOAD_RESET, and uclampMin_High=650
D/PowerHAL(  617): sendHint got hintSession:0xb400007c46c140a0 return ok!
D/CoreBackPreview( 1082): Window{92db33f u0 glory.beta001/com.godot.game.GodotAppLauncher}, [type=1, isChildWindow=false]*noSurface: Setting back callback OnBackInvokedCallbackInfo{mCallback=android.window.IOnBackInvokedCallback$Stub$Proxy@79704f8, mPriority=0, mIsAnimationCallback=false}
I/SurfaceFlinger(  631): updating visibility visibleForInput:1, Snapshot{TraversalPath{.id = 684}glory.beta001/com.godot.game.GodotAppLauncher#684 isVisible=1 {hidden by parent or layer flag} changes=Created | Input | Metadata | Visibility | AffectsChildren | FrameRate layerStack=0 geomLayerBounds={-16400,-7200,7200,16400} geomLayerTransform={tx=0,ty=0}}
I/SurfaceFlinger(  631): updating visibility visibleForInput:0, Snapshot{TraversalPath{.id = 684}glory.beta001/com.godot.game.GodotAppLauncher#684 isVisible=0 {hidden by parent or layer flag} changes=Created | Input | Metadata | Visibility | AffectsChildren | FrameRate layerStack=0 geomLayerBounds={-16400,-7200,7200,16400} geomLayerTransform={tx=0,ty=0}}
E/CompositionEngine(  631): yyyy: Layer Name== Splash Screen glory.beta001#676
E/CompositionEngine(  631): yyyy: Layer Name== StatusBar#79
E/CompositionEngine(  631): yyyy: Layer Name== NavigationBar0#77
D/UFwDisplayJamMonitorImpl( 1082): Switch focus to Window{92db33f u0 glory.beta001/com.godot.game.GodotAppLauncher}, [type=1, isChildWindow=false]-[Surface(name=*Title#684)/@0xea0ddd1, shown=false, windowType=1] on APP(ActivityRecord{2a75154 u0 glory.beta001/com.godot.game.GodotAppLauncher t18 d0}) from null, newWindowHandle = 92db33f glory.beta001/com.godot.game.GodotAppLauncher, frame=[Rect(0, 0 - 0, 0)], touchableRegion=SkRegion(), scaleFactor=0.0, transform=null, windowToken=null, displayId=0, isClone=false, contentSize=0x0, alpha=0.0, canOccludePresentation=false, changed=true mGlobalScale=1.0 mCompatScale=1.0 mInvGlobalScale=1.0
D/UnisocSuperPowerUtilImpl( 1584): getPowerSaveModeInternal mode=1
D/UnisocSuperPowerUtilImpl( 1584): getPowerSaveModeInternal mode=1
D/SprdActivityDebugConfigsUtilImpl( 1584): get Debug Configs, debugType: DEBUG_WINDOW_STATE, TAG: null
D/SSense.CameraAppRecognizer( 1082): CameraAppScene for uid:10266 pkg name:glory.beta001 sceneId:0 changed:false mCurrentCameraAppName:null
D/SSense.GalleryAppSceneRecognizer( 1082): GalleryAppScene for uid:10266 pkg name:glory.beta001 sceneId:0 changed:false mCurrentFlingAppName:null
I/glory.beta001(19364): hook_module_init libgui_unisoc_utils.so over, map size:3, library handle:0x91db4e0dce56dcd3
I/UnisocBufferQueueHelper(19364): Unisoc-Graphics: UnisocBufferQueueHelper create, this:0xb400007c624b4460, size:88
I/glory.beta001(19364): createUnisocBufferQueueHelperFactory success, get instance 0xb400007c624b4460
I/glory.beta001(19364): Unisoc-Graphics: UnisocFrameRecord create, this:0xb400007c57d7cc80, size:296, enable:0
I/glory.beta001(19364): createUnisocFrameRecordFactory success, get instance 0xb400007c57d7cc80
I/SurfaceFlinger(  631): updating visibility visibleForInput:1, Snapshot{TraversalPath{.id = 685}Surface(name=99c12a9 StatusBar#70)/@0xc63913a - animation-leash of insets_animation#685 isVisible=1 {nothing to draw} changes=Created | Input | Metadata | AffectsChildren | FrameRate layerStack=0 geomLayerBounds={-16400,-7200,7200,16400} geomLayerTransform={tx=0,ty=0}}
I/SurfaceFlinger(  631): updating visibility visibleForInput:1, Snapshot{TraversalPath{.id = 686}Surface(name=d9b4fc3 NavigationBar0#66)/@0x5f11b79 - animation-leash of insets_animation#686 isVisible=1 {nothing to draw} changes=Created | Metadata | FrameRate layerStack=0 geomLayerBounds={-16400,-7200,7200,16400} geomLayerTransform={tx=0,ty=0}}
I/SurfaceFlinger(  631): updating visibility visibleForInput:0, Snapshot{TraversalPath{.id = 685}Surface(name=99c12a9 StatusBar#70)/@0xc63913a - animation-leash of insets_animation#685 isVisible=0 {nothing to draw} changes=Created | Input | Metadata | Visibility | AffectsChildren | FrameRate layerStack=0 geomLayerBounds={-16400,-7200,7200,16400} geomLayerTransform={tx=0,ty=0}}
I/SurfaceFlinger(  631): updating visibility visibleForInput:0, Snapshot{TraversalPath{.id = 686}Surface(name=d9b4fc3 NavigationBar0#66)/@0x5f11b79 - animation-leash of insets_animation#686 isVisible=0 {nothing to draw} changes=Created | Metadata | Visibility | FrameRate layerStack=0 geomLayerBounds={-16400,-7200,7200,16400} geomLayerTransform={tx=0,ty=0}}
E/CompositionEngine(  631): yyyy: Layer Name== Splash Screen glory.beta001#676
E/CompositionEngine(  631): yyyy: Layer Name== StatusBar#79
E/CompositionEngine(  631): yyyy: Layer Name== NavigationBar0#77
D/WindowManager( 1082): isSupportDynamicNavbar user0, navBarMode = 0, is3buttonModeNavbar = true
D/WindowManager( 1082): after addSurfaceViewPkg packageName = glory.beta001 count:3
D/WindowManager( 1082): isSupportDynamicNavbar user0, navBarMode = 0, is3buttonModeNavbar = true
I/godot   (19364): Godot Engine v4.7.stable.official.5b4e0cb0f - https://godotengine.org
D/WindowManager( 1082): isSupportDynamicNavbar user0, navBarMode = 0, is3buttonModeNavbar = true
I/mali_gralloc(  603): allocate: id=25b00000290, halFormat=RGBA8888, maliFormat=RGBA8888, afbc=SPLIT, usage=GPU_RW|HWC, size=720x1640(4820992), stride=720, name=VRI[GodotAppLauncher]#0(BLAST Consumer)0, costTime=0ms568us231
D/mali_gralloc(19364): register: id=25b00000290, handle=0xb400007c57f655e0, importpid=19364
I/SurfaceFlinger(  631): updating visibility visibleForInput:1, Snapshot{TraversalPath{.id = 687}Bounds for - glory.beta001/com.godot.game.GodotAppLauncher#687 isVisible=1 {hidden by parent or layer flag} changes=Created | Geometry | Input | Metadata | AffectsChildren | FrameRate layerStack=0 geomLayerBounds={-16400,-7200,7200,16400} geomLayerTransform={tx=0,ty=0}}
I/SurfaceFlinger(  631): updating visibility visibleForInput:1, Snapshot{TraversalPath{.id = 688}SurfaceView[glory.beta001/com.godot.game.GodotAppLauncher]#688 isVisible=1 {hidden by parent or layer flag} changes=Created | Geometry | Input | Metadata | AffectsChildren | FrameRate layerStack=0 geomLayerBounds={-16400,-7200,7200,16400} geomLayerTransform={tx=0,ty=0}}
I/SurfaceFlinger(  631): updating visibility visibleForInput:1, Snapshot{TraversalPath{.id = 689}SurfaceView[glory.beta001/com.godot.game.GodotAppLauncher](BLAST)#689 isVisible=1 {hidden by parent or layer flag} changes=Created | Geometry | Input | Metadata | AffectsChildren | FrameRate layerStack=0 geomLayerBounds={-16400,-7200,7200,16400} geomLayerTransform={tx=0,ty=0}}
I/SurfaceFlinger(  631): updating visibility visibleForInput:1, Snapshot{TraversalPath{.id = 690}Background for SurfaceView[glory.beta001/com.godot.game.GodotAppLauncher]#690 isVisible=1 {hidden by parent or layer flag} changes=Created | Geometry | Input | Metadata | AffectsChildren | FrameRate layerStack=0 geomLayerBounds={-16400,-7200,7200,16400} geomLayerTransform={tx=0,ty=0}}
W/libc    (19364): Access denied finding property "persist.vendor.gpu.ionmemtrack"
I/mali_gralloc(19364): initIonKernelMemtrack open devices:/dev/systemheap success, fd:170
I/SurfaceFlinger(  631): updating visibility visibleForInput:0, Snapshot{TraversalPath{.id = 687}Bounds for - glory.beta001/com.godot.game.GodotAppLauncher#687 isVisible=0 {hidden by parent or layer flag} changes=Created | Geometry | Input | Metadata | Visibility | AffectsChildren | FrameRate layerStack=0 geomLayerBounds={-16400,-7200,7200,16400} geomLayerTransform={tx=0,ty=0}}
D/PowerHALManager( 1082): powerhalmanager sendHint!!!
I/SurfaceFlinger(  631): updating visibility visibleForInput:0, Snapshot{TraversalPath{.id = 688}SurfaceView[glory.beta001/com.godot.game.GodotAppLauncher]#688 isVisible=0 {hidden by parent or layer flag} changes=Created | Geometry | Input | Metadata | Visibility | AffectsChildren | FrameRate layerStack=0 geomLayerBounds={-16400,-7200,7200,16400} geomLayerTransform={tx=0,ty=0}}
I/SurfaceFlinger(  631): updating visibility visibleForInput:0, Snapshot{TraversalPath{.id = 689}SurfaceView[glory.beta001/com.godot.game.GodotAppLauncher](BLAST)#689 isVisible=0 {hidden by parent or layer flag} changes=Created | Geometry | Input | Metadata | Visibility | AffectsChildren | FrameRate layerStack=0 geomLayerBounds={-16400,-7200,7200,16400} geomLayerTransform={tx=0,ty=0}}
I/SurfaceFlinger(  631): updating visibility visibleForInput:0, Snapshot{TraversalPath{.id = 690}Background for SurfaceView[glory.beta001/com.godot.game.GodotAppLauncher]#690 isVisible=0 {hidden by parent or layer flag} changes=Created | Geometry | Input | Metadata | Visibility | AffectsChildren | FrameRate layerStack=0 geomLayerBounds={-16400,-7200,7200,16400} geomLayerTransform={tx=0,ty=0}}
D/PowerHAL(  617): enter VendorPower::sendHint
D/PowerHAL(  617): sendHint enter sendHint if():
D/PowerHAL(  617): sendHint got hintSession:0xb400007c46c13620 
D/PowerHAL(  617): PowerHintSession sendHint hintSession and hint=2: mTgid: 1584, mUid: 10184
D/PowerHAL(  617): enter case CPU_LOAD_RESET, and uclampMin_High=650
D/PowerHAL(  617): sendHint got hintSession:0xb400007c46c13620 return ok!
E/CompositionEngine(  631): yyyy: Layer Name== Splash Screen glory.beta001#676
E/CompositionEngine(  631): yyyy: Layer Name== StatusBar#79
E/CompositionEngine(  631): yyyy: Layer Name== NavigationBar0#77
D/PowerHALManager( 1082): powerhalmanager sendHint!!!
D/PowerHAL(  617): enter VendorPower::sendHint
D/PowerHAL(  617): sendHint enter sendHint if():
D/PowerHAL(  617): sendHint got hintSession:0xb400007c46c140a0 
D/PowerHAL(  617): PowerHintSession sendHint hintSession and hint=0: mTgid: 19364, mUid: 10267
D/PowerHAL(  617): enter case CPU_LOAD_UP, and uclampMin_High=650
D/PowerHAL(  617): sendHint got hintSession:0xb400007c46c140a0 return ok!
D/mali_gralloc(  631): register: id=25b00000290, handle=0xb400007123e50d40, importpid=631
D/WindowManager( 1082): isSupportDynamicNavbar user0, navBarMode = 0, is3buttonModeNavbar = true
D/ActivityManager( 1082): remove glory.beta001 from ColdStartingAppList
I/SurfaceFlinger(  631): updating visibility visibleForInput:1, Snapshot{TraversalPath{.id = 691}Surface(name=92db33f glory.beta001/com.godot.game.GodotAppLauncher#683)/@0x3d4445b - animation-leash of starting_reveal#691 isVisible=1 {nothing to draw} changes=Created | Metadata | FrameRate layerStack=0 geomLayerBounds={-16400,-7200,7200,16400} geomLayerTransform={tx=0,ty=0}}
D/PowerHALManager( 1082): powerhalmanager sendHint!!!
I/SurfaceFlinger(  631): updating visibility visibleForInput:0, Snapshot{TraversalPath{.id = 691}Surface(name=92db33f glory.beta001/com.godot.game.GodotAppLauncher#683)/@0x3d4445b - animation-leash of starting_reveal#691 isVisible=0 {nothing to draw} changes=Created | Metadata | Visibility | FrameRate layerStack=0 geomLayerBounds={-16400,-7200,7200,16400} geomLayerTransform={tx=0,ty=0}}
D/WindowManager( 1082): isSupportDynamicNavbar user0, navBarMode = 0, is3buttonModeNavbar = true
D/PowerHAL(  617): enter VendorPower::sendHint
D/PowerHAL(  617): sendHint enter sendHint if():
D/PowerHAL(  617): sendHint got hintSession:0xb400007c46c13e70 
D/PowerHAL(  617): PowerHintSession sendHint hintSession and hint=2: mTgid: 1584, mUid: 10184
D/PowerHAL(  617): enter case CPU_LOAD_RESET, and uclampMin_High=650
D/PowerHAL(  617): sendHint got hintSession:0xb400007c46c13e70 return ok!
I/mali_gralloc(  603): allocate: id=25b00000291, halFormat=RGBA8888, maliFormat=RGBA8888, afbc=SPLIT, usage=GPU_RW|HWC, size=720x96(281600), stride=720, name=VRI[NavigationBar0]#1(BLAST Consumer)1, costTime=0ms186us000
D/mali_gralloc( 1584): register: id=25b00000291, handle=0xb400007c2f872800, importpid=1584
E/CompositionEngine(  631): yyyy: Layer Name== Splash Screen glory.beta001#676
E/CompositionEngine(  631): yyyy: Layer Name== StatusBar#79
E/CompositionEngine(  631): yyyy: Layer Name== NavigationBar0#77
D/PowerHALManager( 1082): powerhalmanager sendHint!!!
D/PowerHAL(  617): enter VendorPower::sendHint
D/PowerHAL(  617): sendHint enter sendHint if():
D/PowerHAL(  617): sendHint got hintSession:0xb400007c46c13620 
D/PowerHAL(  617): PowerHintSession sendHint hintSession and hint=0: mTgid: 1584, mUid: 10184
D/PowerHAL(  617): enter case CPU_LOAD_UP, and uclampMin_High=650
D/PowerHAL(  617): sendHint got hintSession:0xb400007c46c13620 return ok!
I/ActivityTaskManager( 1082): Displayed glory.beta001/com.godot.game.GodotAppLauncher for user 0: +780ms
D/mali_gralloc(  631): register: id=25b00000291, handle=0xb400007123e509c0, importpid=631
I/SurfaceFlinger(  631): updating visibility visibleForInput:1, Snapshot{TraversalPath{.id = 684}glory.beta001/com.godot.game.GodotAppLauncher#684 isVisible=0 { buffer=83167746719744 frame=1 color{< 0, 0, 0, 1 >}} changes=Hierarchy | Geometry | Visibility | AffectsChildren | FrameRate | VisibleRegion layerStack=0 geomLayerBounds={0,0,720,1640} geomLayerTransform={tx=0,ty=0}} input{(0x0) touchCropId=672 touchableRegion={0,0,720,1640}}
I/SurfaceFlinger(  631): updating visibility visibleForInput:1, Snapshot{TraversalPath{.id = 690}Background for SurfaceView[glory.beta001/com.godot.game.GodotAppLauncher]#690 isVisible=1 { color{< 0, 0, 0, 1 >}} changes=Hierarchy | Geometry | Visibility | AffectsChildren | FrameRate layerStack=0 geomLayerBounds={0,0,720,1640} geomLayerTransform={tx=0,ty=0}}
I/mali_gralloc(  603): allocate: id=25b00000292, halFormat=RGBA8888, maliFormat=RGBA8888, afbc=SPLIT, usage=GPU_RW|HWC, size=720x96(281600), stride=720, name=VRI[NavigationBar0]#1(BLAST Consumer)1, costTime=0ms172us846
D/mali_gralloc( 1584): register: id=25b00000292, handle=0xb400007d7306bdc0, importpid=1584
E/CompositionEngine(  631): yyyy: Layer Name== Background for SurfaceView[glory.beta001/com.godot.game.GodotAppLauncher]#690
E/CompositionEngine(  631): yyyy: Layer Name== Splash Screen glory.beta001#676
E/CompositionEngine(  631): yyyy: Layer Name== StatusBar#79
E/CompositionEngine(  631): yyyy: Layer Name== NavigationBar0#77
D/SPRDHWComposer(  604): HWC Range:1, HWC_Transfer:4
D/mali_gralloc(  604): register: id=25b00000291, handle=0xb4000072d21dfb80, importpid=604
D/mali_gralloc(  604): unregister: id=25b00000285, handle=0xb4000072d21df100, base=0x0, importpid=604, clone_count=0
D/mali_gralloc(  631): register: id=25b00000292, handle=0xb400007123e510c0, importpid=631
D/PowerHALManager( 1082): powerhalmanager sendHint!!!
D/PowerHAL(  617): enter VendorPower::sendHint
D/PowerHAL(  617): sendHint enter sendHint if():
D/PowerHAL(  617): sendHint got hintSession:0xb400007c46c13e70 
D/PowerHAL(  617): PowerHintSession sendHint hintSession and hint=0: mTgid: 1584, mUid: 10184
D/PowerHAL(  617): enter case CPU_LOAD_UP, and uclampMin_High=650
D/PowerHAL(  617): sendHint got hintSession:0xb400007c46c13e70 return ok!
I/mali_gralloc(  603): allocate: id=25b00000293, halFormat=RGBA8888, maliFormat=RGBA8888, afbc=SPLIT, usage=GPU_RW|HWC, size=720x1640(4820992), stride=720, name=VRI[GodotAppLauncher]#0(BLAST Consumer)0, costTime=0ms569us346
D/mali_gralloc(  631): register: id=25b00000283, handle=0xb400007123e51280, importpid=631
D/mali_gralloc(19364): register: id=25b00000293, handle=0xb400007c4fda3f80, importpid=19364
D/mali_gralloc(  631): register: id=25b00000293, handle=0xb400007123e51440, importpid=631
D/WindowManager( 1082): isSupportDynamicNavbar user0, navBarMode = 0, is3buttonModeNavbar = true
E/CompositionEngine(  631): yyyy: Layer Name== Background for SurfaceView[glory.beta001/com.godot.game.GodotAppLauncher]#690
E/CompositionEngine(  631): yyyy: Layer Name== Splash Screen glory.beta001#676
E/CompositionEngine(  631): yyyy: Layer Name== StatusBar#79
E/CompositionEngine(  631): yyyy: Layer Name== NavigationBar0#77
D/mali_gralloc(  604): register: id=25b00000283, handle=0xb4000072d21df100, importpid=604
D/mali_gralloc(  604): register: id=25b00000292, handle=0xb4000072d21dfc60, importpid=604
D/mali_gralloc(  604): unregister: id=25b0000027a, handle=0xb4000072d21df1e0, base=0x0, importpid=604, clone_count=0
D/mali_gralloc(  631): register: id=25b00000282, handle=0xb400007123e51600, importpid=631
I/ImeTracker( 1082): glory.beta001:597b536a: onRequestHide at ORIGIN_SERVER reason HIDE_UNSPECIFIED_WINDOW fromUser false
I/ImeTracker( 1082): glory.beta001:597b536a: onCancelled at PHASE_SERVER_SHOULD_HIDE
I/mali_gralloc(  603): allocate: id=25b00000294, halFormat=RGBA8888, maliFormat=RGBA8888, afbc=SPLIT, usage=GPU_RW|HWC, size=720x1640(4820992), stride=720, name=VRI[GodotAppLauncher]#0(BLAST Consumer)0, costTime=0ms576us654
D/mali_gralloc(19364): register: id=25b00000294, handle=0xb400007c4feb1860, importpid=19364
D/PowerHAL(  617): enter power::setMode
D/PowerHAL(  617): PowerSessionManager::updateHintMode: mode: LAUNCH, enabled: 0
D/PowerHAL(  617): PowerSessionManager::updateHintMode resValue = 0
D/PowerHAL(  617): ###Exit launch scene bgn###
D/PowerHAL(  617): Enter common_set: enable:0, duration: 0, /sys/devices/system/cpu/cpufreq/policy0/scaling_min_freq: max
D/PowerHAL(  617): Enter set_cluster_freqs_max_min: 
D/PowerHAL(  617): Enter common_set: enable:0, duration: 0, /sys/devices/system/cpu/cpufreq/policy0/scaling_max_freq: max
D/PowerHAL(  617): Enter set_cluster_freqs_max_min: 
D/PowerHAL(  617): Enter common_set: enable:0, duration: 0, /sys/devices/system/cpu/cpufreq/policy6/scaling_min_freq: max
D/PowerHAL(  617): Enter set_cluster_freqs_max_min: 
D/PowerHAL(  617): Enter common_set: enable:0, duration: 0, /sys/devices/system/cpu/cpufreq/policy6/scaling_max_freq: max
D/PowerHAL(  617): Enter set_cluster_freqs_max_min: 
D/PowerHAL(  617): Enter devfreq_ddr_set: enable:0, duration: 0, /sys/class/devfreq/scene-frequency/sprd-governor/scene_boost_dfs: max
W/ActivityTaskManager( 1082): Request to remove task ignored for non-existent task 17
D/PowerHAL(  617): ###Exit launch scene end###
I/GoogleInputMethodService( 2175): GoogleInputMethodService.onFinishInput():2307 
I/GoogleInputMethodService( 2175): GoogleInputMethodService.onStartInput():1491 onStartInput(EditorInfo{EditorInfo{packageName=glory.beta001, inputType=0, inputTypeString=NULL, enableLearning=false, autoCorrection=false, autoComplete=false, imeOptions=0, privateImeOptions=null, actionName=UNSPECIFIED, actionLabel=null, initialSelStart=-1, initialSelEnd=-1, initialCapsMode=0, label=null, fieldId=0, fieldName=null, extras=null, hintText=null, hintLocales=[]}}, false)
W/LatinIMEBase( 2175): LatinIMEBase.updateInputViewCoverNavigation():323 Null input view, cannot update padding!
D/mali_gralloc(  631): register: id=25b00000294, handle=0xb400007123e51980, importpid=631
D/PowerHALManager( 1082): powerhalmanager setviptaskbypid!!!
D/PowerHAL(  617): set_viptask:tag=UFwAppResCtl,type=ui,pid=1807,level=0,buf=1807 0
I/Module  ( 2175): DeviceLockedStatusModuleProvider$Module.updateDeviceLockedStatusInternal():129 repeatCheckTimes = 0, locked = false
D/PowerHALManager( 1082): powerhalmanager setviptaskbypid!!!
D/PowerHAL(  617): set_viptask:tag=UFwAppResCtl,type=ui,pid=1863,level=0,buf=1863 0
I/godot   (19364): Vulkan 1.3.278 - Forward Mobile - Using Device #0: ARM - Mali-G57
V/GameManagerService( 1082): Game power mode ON (only games in foreground)
I/Module  ( 2175): DeviceLockedStatusModuleProvider$Module.updateDeviceLockedStatusInternal():129 repeatCheckTimes = 1, locked = false
I/SurfaceFlinger(  631): updating visibility visibleForInput:1, Snapshot{TraversalPath{.id = 692}Surface(name=9609945 InputMethod#84)/@0x3a5abfd - animation-leash of insets_animation#692 isVisible=1 {hidden by parent or layer flag} changes=Created | Metadata | FrameRate layerStack=0 geomLayerBounds={-7200,-16400,16400,7200} geomLayerTransform={tx=0,ty=0}}
W/PackageConfigPersister( 1082): App-specific configuration not found for packageName: glory.beta001 and userId: 0
I/SurfaceFlinger(  631): updating visibility visibleForInput:0, Snapshot{TraversalPath{.id = 692}Surface(name=9609945 InputMethod#84)/@0x3a5abfd - animation-leash of insets_animation#692 isVisible=0 {hidden by parent or layer flag} changes=Created | Metadata | Visibility | FrameRate layerStack=0 geomLayerBounds={-7200,-16400,16400,7200} geomLayerTransform={tx=0,ty=0}}
E/CompositionEngine(  631): yyyy: Layer Name== Background for SurfaceView[glory.beta001/com.godot.game.GodotAppLauncher]#690
E/CompositionEngine(  631): yyyy: Layer Name== Splash Screen glory.beta001#676
E/CompositionEngine(  631): yyyy: Layer Name== StatusBar#79
E/CompositionEngine(  631): yyyy: Layer Name== NavigationBar0#77
D/mali_gralloc(  604): register: id=25b00000282, handle=0xb4000072d21df1e0, importpid=604
D/WindowManager( 1082): isSupportDynamicNavbar user0, navBarMode = 0, is3buttonModeNavbar = true
D/mali_gralloc( 1584): unregister: id=25b00000281, handle=0xb400007c40a4d500, base=0x0, importpid=1584, clone_count=0
I/mali_gralloc(  603): allocate: id=25b00000295, halFormat=RGBA8888, maliFormat=RGBA8888, afbc=SPLIT, usage=GPU_RW|HWC, size=720x1640(4820992), stride=720, name=VRI[beta001]#42(BLAST Consumer)42, costTime=0ms600us616
I/mali_gralloc(  603): allocate: id=25b00000296, halFormat=RGBA8888, maliFormat=RGBA8888, afbc=SPLIT, usage=GPU_RW|HWC, size=720x1640(4820992), stride=720, name=VRI[GodotAppLauncher]#0(BLAST Consumer)0, costTime=0ms531us846
D/mali_gralloc(19364): register: id=25b00000296, handle=0xb400007c50129a80, importpid=19364
D/mali_gralloc( 1584): register: id=25b00000295, handle=0xb400007c40a4d500, importpid=1584
D/mali_gralloc(  631): register: id=25b00000296, handle=0xb400007123e51ec0, importpid=631
I/ImeTracker( 1807): com.gogo.launcher:c0d8fa8e: onRequestHide at ORIGIN_CLIENT reason HIDE_SOFT_INPUT fromUser false
I/ImeTracker( 1807): com.gogo.launcher:c0d8fa8e: onFailed at PHASE_CLIENT_VIEW_SERVED
D/mali_gralloc(  631): register: id=25b00000295, handle=0xb400007123e51fa0, importpid=631
E/CompositionEngine(  631): yyyy: Layer Name== Background for SurfaceView[glory.beta001/com.godot.game.GodotAppLauncher]#690
E/CompositionEngine(  631): yyyy: Layer Name== Splash Screen glory.beta001#676
E/CompositionEngine(  631): yyyy: Layer Name== StatusBar#79
E/CompositionEngine(  631): yyyy: Layer Name== NavigationBar0#77
D/mali_gralloc(  604): register: id=25b00000295, handle=0xb4000072d21dfd40, importpid=604
I/mali_gralloc(  603): allocate: id=25b00000297, halFormat=RGBA8888, maliFormat=RGBA8888, afbc=SPLIT, usage=GPU_RW|HWC, size=720x1640(4820992), stride=720, name=VRI[beta001]#42(BLAST Consumer)42, costTime=0ms596us346
D/SSense.NavigationAppRecognizer( 1082):  onForegroundActivitiesChanged pkgNamescom.gogo.launcher; pid = 1807; uid =10092; foregroundActivities =false; ForegroundActivitiespid =1807
D/mali_gralloc( 1584): register: id=25b00000297, handle=0xb400007c52f64be0, importpid=1584
D/IProcessObserver#onForegroundActivitiesChanged( 1995): pid: 1807 uid: 10092 foregroundActivities: false
D/vendor.sprd.hardware.combined@1.0-service(  620): get_ion_memtrack_memory:start!
D/mali_gralloc( 1584): unregister: id=25b00000280, handle=0xb400007d4bfe8080, base=0x0, importpid=1584, clone_count=0
D/mali_gralloc(  631): register: id=25b00000297, handle=0xb400007123e50b80, importpid=631
D/PowerHALManager( 1082): powerhalmanager sendHint!!!
D/PowerHAL(  617): enter VendorPower::sendHint
D/PowerHAL(  617): sendHint enter sendHint if():
D/PowerHAL(  617): sendHint got hintSession:0xb400007c46c137e0 
D/PowerHAL(  617): PowerHintSession sendHint hintSession and hint=2: mTgid: 1807, mUid: 10092
D/PowerHAL(  617): enter case CPU_LOAD_RESET, and uclampMin_High=650
D/PowerHAL(  617): sendHint got hintSession:0xb400007c46c137e0 return ok!
D/mali_gralloc(  631): unregister: id=25b00000280, handle=0xb400007123e50aa0, base=0x0, importpid=631, clone_count=0
E/CompositionEngine(  631): yyyy: Layer Name== Background for SurfaceView[glory.beta001/com.godot.game.GodotAppLauncher]#690
E/CompositionEngine(  631): yyyy: Layer Name== Splash Screen glory.beta001#676
E/CompositionEngine(  631): yyyy: Layer Name== StatusBar#79
E/CompositionEngine(  631): yyyy: Layer Name== NavigationBar0#77
D/mali_gralloc(  604): register: id=25b00000297, handle=0xb4000072d21dff00, importpid=604
D/mali_gralloc(  604): unregister: id=25b00000280, handle=0xb4000072d21e0360, base=0x0, importpid=604, clone_count=0
I/mali_gralloc(  603): allocate: id=25b00000298, halFormat=RGBA8888, maliFormat=RGBA8888, afbc=SPLIT, usage=GPU_RW|HWC, size=720x1640(4820992), stride=720, name=VRI[beta001]#42(BLAST Consumer)42, costTime=0ms908us269
D/mali_gralloc( 1584): register: id=25b00000298, handle=0xb400007c2fa69080, importpid=1584
D/mali_gralloc( 1584): unregister: id=25b00000283, handle=0xb400007c40a4ff00, base=0x0, importpid=1584, clone_count=0
D/mali_gralloc(  631): register: id=25b00000298, handle=0xb400007123e50aa0, importpid=631
I/mali_gralloc(  603): allocate: id=25b00000299, halFormat=RGBA8888, maliFormat=RGBA8888, afbc=SPLIT, usage=GPU_RW|HWC, size=720x1640(4820992), stride=720, name=VRI[beta001]#42(BLAST Consumer)42, costTime=0ms602us192
D/mali_gralloc( 1584): register: id=25b00000299, handle=0xb400007d4bfe8080, importpid=1584
D/mali_gralloc(  631): unregister: id=25b00000283, handle=0xb400007123e51280, base=0x0, importpid=631, clone_count=0
E/CompositionEngine(  631): yyyy: Layer Name== Background for SurfaceView[glory.beta001/com.godot.game.GodotAppLauncher]#690
E/CompositionEngine(  631): yyyy: Layer Name== Splash Screen glory.beta001#676
E/CompositionEngine(  631): yyyy: Layer Name== StatusBar#79
E/CompositionEngine(  631): yyyy: Layer Name== NavigationBar0#77
D/mali_gralloc(  604): register: id=25b00000298, handle=0xb4000072d21dffe0, importpid=604
D/mali_gralloc(  604): unregister: id=25b00000283, handle=0xb4000072d21df100, base=0x0, importpid=604, clone_count=0
D/mali_gralloc( 1584): unregister: id=25b00000282, handle=0xb400007c40a4faa0, base=0x0, importpid=1584, clone_count=0
D/mali_gralloc(  631): unregister: id=25b00000272, handle=0xb400007123e516e0, base=0x0, importpid=631, clone_count=0
D/mali_gralloc(  631): register: id=25b00000299, handle=0xb400007123e508e0, importpid=631
D/PowerHALManager( 1082): powerhalmanager sendHint!!!
D/PowerHAL(  617): enter VendorPower::sendHint
D/PowerHAL(  617): sendHint enter sendHint if():
D/PowerHAL(  617): sendHint got hintSession:0xb400007c46c140a0 
D/PowerHAL(  617): PowerHintSession sendHint hintSession and hint=0: mTgid: 19364, mUid: 10267
D/PowerHAL(  617): enter case CPU_LOAD_UP, and uclampMin_High=650
D/PowerHAL(  617): sendHint got hintSession:0xb400007c46c140a0 return ok!
D/PowerHALManager( 1082): powerhalmanager sendHint!!!
D/PowerHAL(  617): enter VendorPower::sendHint
D/PowerHAL(  617): sendHint enter sendHint if():
D/PowerHAL(  617): sendHint got hintSession:0xb400007c46c13620 
D/PowerHAL(  617): PowerHintSession sendHint hintSession and hint=0: mTgid: 1584, mUid: 10184
D/PowerHAL(  617): enter case CPU_LOAD_UP, and uclampMin_High=650
D/PowerHAL(  617): sendHint got hintSession:0xb400007c46c13620 return ok!
D/mali_gralloc(  631): unregister: id=25b00000282, handle=0xb400007123e51600, base=0x0, importpid=631, clone_count=0
E/CompositionEngine(  631): yyyy: Layer Name== Background for SurfaceView[glory.beta001/com.godot.game.GodotAppLauncher]#690
E/CompositionEngine(  631): yyyy: Layer Name== Splash Screen glory.beta001#676
E/CompositionEngine(  631): yyyy: Layer Name== StatusBar#79
E/CompositionEngine(  631): yyyy: Layer Name== NavigationBar0#77
D/mali_gralloc(  604): register: id=25b00000299, handle=0xb4000072d21df100, importpid=604
D/mali_gralloc(  604): unregister: id=25b00000282, handle=0xb4000072d21df1e0, base=0x0, importpid=604, clone_count=0
D/PowerHALManager( 1082): powerhalmanager sendHint!!!
E/CompositionEngine(  631): yyyy: Layer Name== Background for SurfaceView[glory.beta001/com.godot.game.GodotAppLauncher]#690
E/CompositionEngine(  631): yyyy: Layer Name== Splash Screen glory.beta001#676
E/CompositionEngine(  631): yyyy: Layer Name== StatusBar#79
E/CompositionEngine(  631): yyyy: Layer Name== NavigationBar0#77
D/PowerHAL(  617): enter VendorPower::sendHint
D/PowerHAL(  617): sendHint enter sendHint if():
D/PowerHAL(  617): sendHint got hintSession:0xb400007c46c13e70 
D/PowerHAL(  617): PowerHintSession sendHint hintSession and hint=0: mTgid: 1584, mUid: 10184
D/PowerHAL(  617): enter case CPU_LOAD_UP, and uclampMin_High=650
D/PowerHAL(  617): sendHint got hintSession:0xb400007c46c13e70 return ok!
E/CompositionEngine(  631): yyyy: Layer Name== Background for SurfaceView[glory.beta001/com.godot.game.GodotAppLauncher]#690
E/CompositionEngine(  631): yyyy: Layer Name== Splash Screen glory.beta001#676
E/CompositionEngine(  631): yyyy: Layer Name== StatusBar#79
E/CompositionEngine(  631): yyyy: Layer Name== NavigationBar0#77
E/CompositionEngine(  631): yyyy: Layer Name== Background for SurfaceView[glory.beta001/com.godot.game.GodotAppLauncher]#690
E/CompositionEngine(  631): yyyy: Layer Name== Splash Screen glory.beta001#676
E/CompositionEngine(  631): yyyy: Layer Name== StatusBar#79
E/CompositionEngine(  631): yyyy: Layer Name== NavigationBar0#77
D/mali_gralloc( 1584): unregister: id=25b00000295, handle=0xb400007c40a4d500, base=0x0, importpid=1584, clone_count=0
E/CompositionEngine(  631): yyyy: Layer Name== Background for SurfaceView[glory.beta001/com.godot.game.GodotAppLauncher]#690
E/CompositionEngine(  631): yyyy: Layer Name== Splash Screen glory.beta001#676
E/CompositionEngine(  631): yyyy: Layer Name== StatusBar#79
E/CompositionEngine(  631): yyyy: Layer Name== NavigationBar0#77
D/PowerHALManager( 1082): powerhalmanager setviptaskbypid!!!
D/PowerHAL(  617): set_viptask:tag=UFwAppResCtl,type=ui,pid=1584,level=0,buf=1584 0
D/PowerHALManager( 1082): powerhalmanager setviptaskbypid!!!
D/PowerHAL(  617): set_viptask:tag=UFwAppResCtl,type=ui,pid=1748,level=0,buf=1748 0
D/mali_gralloc( 1584): unregister: id=25b00000297, handle=0xb400007c52f64be0, base=0x0, importpid=1584, clone_count=0
D/WindowManager( 1082): isSupportDynamicNavbar user0, navBarMode = 0, is3buttonModeNavbar = true
D/mali_gralloc( 1584): unregister: id=25b00000299, handle=0xb400007d4bfe8080, base=0x0, importpid=1584, clone_count=0
D/mali_gralloc( 1584): unregister: id=25b00000298, handle=0xb400007c2fa69080, base=0x0, importpid=1584, clone_count=0
W/WindowOnBackDispatcher( 1584): sendCancelIfRunning: isInProgress=false callback=android.view.ViewRootImpl$$ExternalSyntheticLambda11@2978ee
D/CoreBackPreview( 1082): Window{eebb784 u0 Splash Screen glory.beta001 EXITING}, [type=3, isChildWindow=false]-[Surface(name=*Title#676)/@0x43c0d20, shown=false, windowType=3]: Setting back callback null
W/InputManager-JNI( 1082): Input channel object 'eebb784 Splash Screen glory.beta001 (client)' was disposed without first being removed with the input manager!
D/WindowManager( 1082): isSupportDynamicNavbar user0, navBarMode = 0, is3buttonModeNavbar = true
D/WindowManager( 1082): isSupportDynamicNavbar user0, navBarMode = 0, is3buttonModeNavbar = true
I/SurfaceFlinger(  631): updating visibility visibleForInput:1, Snapshot{TraversalPath{.id = 693}Surface(name=eebb784 Splash Screen glory.beta001#674)/@0x877c3a2 - animation-leash of window_animation#693 isVisible=1 {nothing to draw} changes=Created | Metadata | FrameRate layerStack=0 geomLayerBounds={-16400,-7200,7200,16400} geomLayerTransform={tx=0,ty=0}}
I/SurfaceFlinger(  631): updating visibility visibleForInput:0, Snapshot{TraversalPath{.id = 693}Surface(name=eebb784 Splash Screen glory.beta001#674)/@0x877c3a2 - animation-leash of window_animation#693 isVisible=0 {nothing to draw} changes=Created | Metadata | Visibility | FrameRate layerStack=0 geomLayerBounds={-16400,-7200,7200,16400} geomLayerTransform={tx=0,ty=0}}
D/mali_gralloc(  631): unregister: id=25b00000295, handle=0xb400007123e51fa0, base=0x0, importpid=631, clone_count=0
D/mali_gralloc(  631): unregister: id=25b00000297, handle=0xb400007123e50b80, base=0x0, importpid=631, clone_count=0
E/CompositionEngine(  631): yyyy: Layer Name== Background for SurfaceView[glory.beta001/com.godot.game.GodotAppLauncher]#690
E/CompositionEngine(  631): yyyy: Layer Name== Splash Screen glory.beta001#676
E/CompositionEngine(  631): yyyy: Layer Name== StatusBar#79
E/CompositionEngine(  631): yyyy: Layer Name== NavigationBar0#77
D/mali_gralloc(  604): register: id=25b00000299, handle=0xb4000072d21df1e0, importpid=604
D/mali_gralloc(  604): unregister: id=25b00000299, handle=0xb4000072d21df100, base=0x0, importpid=604, clone_count=1
E/CompositionEngine(  631): yyyy: Layer Name== Background for SurfaceView[glory.beta001/com.godot.game.GodotAppLauncher]#690
E/CompositionEngine(  631): yyyy: Layer Name== Splash Screen glory.beta001#676
E/CompositionEngine(  631): yyyy: Layer Name== StatusBar#79
E/CompositionEngine(  631): yyyy: Layer Name== NavigationBar0#77
D/PowerHALManager( 1082): powerhalmanager sendHint!!!
D/PowerHAL(  617): enter VendorPower::sendHint
D/PowerHAL(  617): sendHint enter sendHint if():
D/PowerHAL(  617): sendHint got hintSession:0xb400007c46c140a0 
D/PowerHAL(  617): PowerHintSession sendHint hintSession and hint=0: mTgid: 19364, mUid: 10267
D/PowerHAL(  617): enter case CPU_LOAD_UP, and uclampMin_High=650
D/PowerHAL(  617): sendHint got hintSession:0xb400007c46c140a0 return ok!
V/AS.AudioDeviceBroker( 1082): requestedCommunicationDevice: null mAudioModeOwner: AudioModeInfo: mMode=MODE_NORMAL, mPid=0, mUid=0
V/AS.AudioDeviceBroker( 1082): requestedCommunicationDevice: null mAudioModeOwner: AudioModeInfo: mMode=MODE_NORMAL, mPid=0, mUid=0
E/CompositionEngine(  631): yyyy: Layer Name== Background for SurfaceView[glory.beta001/com.godot.game.GodotAppLauncher]#690
E/CompositionEngine(  631): yyyy: Layer Name== Splash Screen glory.beta001#676
E/CompositionEngine(  631): yyyy: Layer Name== StatusBar#79
E/CompositionEngine(  631): yyyy: Layer Name== NavigationBar0#77
E/CompositionEngine(  631): yyyy: Layer Name== Background for SurfaceView[glory.beta001/com.godot.game.GodotAppLauncher]#690
E/CompositionEngine(  631): yyyy: Layer Name== Splash Screen glory.beta001#676
E/CompositionEngine(  631): yyyy: Layer Name== StatusBar#79
E/CompositionEngine(  631): yyyy: Layer Name== NavigationBar0#77
E/CompositionEngine(  631): yyyy: Layer Name== Background for SurfaceView[glory.beta001/com.godot.game.GodotAppLauncher]#690
E/CompositionEngine(  631): yyyy: Layer Name== Splash Screen glory.beta001#676
E/CompositionEngine(  631): yyyy: Layer Name== StatusBar#79
E/CompositionEngine(  631): yyyy: Layer Name== NavigationBar0#77
E/CompositionEngine(  631): yyyy: Layer Name== Background for SurfaceView[glory.beta001/com.godot.game.GodotAppLauncher]#690
E/CompositionEngine(  631): yyyy: Layer Name== Splash Screen glory.beta001#676
E/CompositionEngine(  631): yyyy: Layer Name== StatusBar#79
E/CompositionEngine(  631): yyyy: Layer Name== NavigationBar0#77
D/vendor.sprd.hardware.combined@1.0-service(  620): get_ion_memtrack_memory:start!
D/WindowManager( 1082): isSupportDynamicNavbar user0, navBarMode = 0, is3buttonModeNavbar = true
D/PowerHALManager( 1082): powerhalmanager sendHint!!!
D/PowerHAL(  617): enter VendorPower::sendHint
D/PowerHAL(  617): sendHint enter sendHint if():
D/PowerHAL(  617): sendHint got hintSession:0xb400007c46c13a10 
D/PowerHAL(  617): PowerHintSession sendHint hintSession and hint=2: mTgid: 1584, mUid: 10184
D/PowerHAL(  617): enter case CPU_LOAD_RESET, and uclampMin_High=650
D/PowerHAL(  617): sendHint got hintSession:0xb400007c46c13a10 return ok!
D/SSense.CameraAppRecognizer( 1082): CameraAppScene for uid:10266 pkg name:glory.beta001 sceneId:0 changed:false mCurrentCameraAppName:null
D/SSense.GalleryAppSceneRecognizer( 1082): GalleryAppScene for uid:10266 pkg name:glory.beta001 sceneId:0 changed:false mCurrentFlingAppName:null
I/SurfaceFlinger(  631): updating visibility visibleForInput:0, Snapshot{TraversalPath{.id = 676}Splash Screen glory.beta001#676 isVisible=0 {layer not reachable from root} changes=Hierarchy | Parent | RelativeParent | Visibility | AffectsChildren | VisibleRegion layerStack=0 geomLayerBounds={0,0,720,1640} geomLayerTransform={tx=0,ty=0}}
D/PerformanceDatabaseControl( 1082): querymem pkgName = glory.beta001
D/PerformanceDatabaseControl( 1082): querycount pkgName = glory.beta001
D/PerformanceDatabaseControl( 1082): updateDatabase pkgName = glory.beta001
D/WindowManager( 1082): isSupportDynamicNavbar user0, navBarMode = 0, is3buttonModeNavbar = true
D/mali_gralloc(  604): unregister: id=25b00000297, handle=0xb4000072d21dff00, base=0x0, importpid=604, clone_count=0
D/mali_gralloc(  604): unregister: id=25b00000298, handle=0xb4000072d21dffe0, base=0x0, importpid=604, clone_count=0
D/mali_gralloc(  604): unregister: id=25b00000299, handle=0xb4000072d21df1e0, base=0x0, importpid=604, clone_count=0
D/mali_gralloc(  604): unregister: id=25b00000295, handle=0xb4000072d21dfd40, base=0x0, importpid=604, clone_count=0
E/CompositionEngine(  631): yyyy: Layer Name== Background for SurfaceView[glory.beta001/com.godot.game.GodotAppLauncher]#690
E/CompositionEngine(  631): yyyy: Layer Name== StatusBar#79
E/CompositionEngine(  631): yyyy: Layer Name== NavigationBar0#77
D/PowerHALManager( 1082): powerhalmanager sendHint!!!
D/PowerHAL(  617): enter VendorPower::sendHint
D/PowerHAL(  617): sendHint enter sendHint if():
D/PowerHAL(  617): sendHint got hintSession:0xb400007c46c13a10 
D/PowerHAL(  617): PowerHintSession sendHint hintSession and hint=0: mTgid: 1584, mUid: 10184
D/PowerHAL(  617): enter case CPU_LOAD_UP, and uclampMin_High=650
D/PowerHAL(  617): sendHint got hintSession:0xb400007c46c13a10 return ok!
E/CompositionEngine(  631): yyyy: Layer Name== Background for SurfaceView[glory.beta001/com.godot.game.GodotAppLauncher]#690
E/CompositionEngine(  631): yyyy: Layer Name== StatusBar#79
E/CompositionEngine(  631): yyyy: Layer Name== NavigationBar0#77
D/PowerHALManager( 1082): powerhalmanager sendHint!!!
D/PowerHAL(  617): enter VendorPower::sendHint
D/PowerHAL(  617): sendHint enter sendHint if():
D/PowerHAL(  617): sendHint got hintSession:0xb400007c46c140a0 
D/PowerHAL(  617): PowerHintSession sendHint hintSession and hint=0: mTgid: 19364, mUid: 10267
D/PowerHAL(  617): enter case CPU_LOAD_UP, and uclampMin_High=650
D/PowerHAL(  617): sendHint got hintSession:0xb400007c46c140a0 return ok!
D/mali_gralloc(  631): unregister: id=25b00000298, handle=0xb400007123e50aa0, base=0x0, importpid=631, clone_count=0
D/mali_gralloc(  604): unregister: id=25b0000028b, handle=0xb4000072d21df8e0, base=0x0, importpid=604, clone_count=0
D/mali_gralloc(  604): unregister: id=25b0000028d, handle=0xb4000072d21df480, base=0x0, importpid=604, clone_count=0
D/mali_gralloc(  604): unregister: id=25b0000028e, handle=0xb4000072d21df640, base=0x0, importpid=604, clone_count=0
D/mali_gralloc(  604): unregister: id=25b0000028f, handle=0xb4000072d21dfaa0, base=0x0, importpid=604, clone_count=0
E/CompositionEngine(  631): yyyy: Layer Name== Background for SurfaceView[glory.beta001/com.godot.game.GodotAppLauncher]#690
E/CompositionEngine(  631): yyyy: Layer Name== NavigationBar0#77
D/mali_gralloc(  604): unregister: id=25b0000028a, handle=0xb4000072d21df9c0, base=0x0, importpid=604, clone_count=0
D/mali_gralloc(  604): unregister: id=25b0000028c, handle=0xb4000072d21df800, base=0x0, importpid=604, clone_count=0
D/mali_gralloc(  604): unregister: id=25b00000292, handle=0xb4000072d21dfc60, base=0x0, importpid=604, clone_count=0
D/mali_gralloc(  604): unregister: id=25b00000291, handle=0xb4000072d21dfb80, base=0x0, importpid=604, clone_count=0
E/CompositionEngine(  631): yyyy: Layer Name== Background for SurfaceView[glory.beta001/com.godot.game.GodotAppLauncher]#690
D/mali_gralloc(  631): unregister: id=25b00000299, handle=0xb400007123e508e0, base=0x0, importpid=631, clone_count=0
E/CompositionEngine(  631): yyyy: Layer Name== Background for SurfaceView[glory.beta001/com.godot.game.GodotAppLauncher]#690
I/Cam_ALS (  609): in runlock when enable!
I/Cam_ALS (  609): event: readEvents luxValue 32.987682 scale: 0.908687
E/CompositionEngine(  631): yyyy: Layer Name== Background for SurfaceView[glory.beta001/com.godot.game.GodotAppLauncher]#690
W/InteractionJankMonitor(19364): Initializing without READ_DEVICE_CONFIG permission. enabled=false, interval=1, missedFrameThreshold=3, frameTimeThreshold=64, package=glory.beta001
I/SurfaceFlinger(  631): updating visibility visibleForInput:0, Snapshot{TraversalPath{.id = 79}StatusBar#79 isVisible=1 {hidden by parent or layer flag} changes=Content | Visibility | AffectsChildren | Buffer layerStack=0 geomLayerBounds={0,0,48,1640} geomLayerTransform={tx=0,ty=-48}} input{(NOT_FOCUSABLE) touchableRegion={0,0,48,1640}}
I/SurfaceFlinger(  631): updating visibility visibleForInput:0, Snapshot{TraversalPath{.id = 77}NavigationBar0#77 isVisible=1 {hidden by parent or layer flag} changes=Visibility | AffectsChildren layerStack=0 geomLayerBounds={0,0,720,96} geomLayerTransform={tx=1640,ty=0}} input{(NOT_FOCUSABLE | WATCH_OUTSIDE_TOUCH | SLIPPERY) touchableRegion={0,0,720,96}}
E/CompositionEngine(  631): yyyy: Layer Name== Background for SurfaceView[glory.beta001/com.godot.game.GodotAppLauncher]#690
E/CompositionEngine(  631): yyyy: Layer Name== Background for SurfaceView[glory.beta001/com.godot.game.GodotAppLauncher]#690
I/AudioFlinger(  627): acquireWakeLock_l() AudioOut_D status 0
D/AudioFlinger(  627): ro.audio.silent is ignored since no output device is set
D/glory.beta001(19364): PlayerBase::PlayerBase()
D/glory.beta001(19364): TrackPlayerBase::TrackPlayerBase()
I/libOpenSLES(19364): Emulating old channel mask behavior (ignoring positional mask 0x3, using default mask 0x3 based on channel count of 2)
I/AudioTrack(19364): set(): streamType -1, sampleRate 44100, format 0x1, channelMask 0x3, frameCount 0, flags 0x104, notificationFrames -2, sessionId 345, transferType 0, uid -1, pid -1, packageName 
I/AudioFlinger(  627): acquireWakeLock_l() AudioOut_1D status 0
I/AudioFlinger(  627): acquireWakeLock_l() AudioOut_2D status 0
I/AudioFlinger(  627): acquireWakeLock_l() AudioOut_35 status 0
I/AudioFlinger(  627): acquireWakeLock_l() AudioOut_15 status 0
D/PowerHALManager( 1082): powerhalmanager sendHint!!!
D/PowerHAL(  617): enter VendorPower::sendHint
D/PowerHAL(  617): sendHint enter sendHint if():
D/PowerHAL(  617): sendHint got hintSession:0xb400007c46c13a10 
D/PowerHAL(  617): PowerHintSession sendHint hintSession and hint=0: mTgid: 1584, mUid: 10184
D/PowerHAL(  617): enter case CPU_LOAD_UP, and uclampMin_High=650
D/PowerHAL(  617): sendHint got hintSession:0xb400007c46c13a10 return ok!
D/AudioPolicyManagerCustomBase(  627): isFadeEnable() fadeEnabled:1
I/APM_AudioPolicyManager(  627): isFadeWhiteListApp() packageName:
V/AudioPolicyManagerCustomBase(  627): isFadeWhiteListApp() target app: compare to:com.google.android.apps.nbu.files
V/AudioPolicyManagerCustomBase(  627): isFadeWhiteListApp() target app: compare to:com.google.android.apps.youtube.music
V/AudioPolicyManagerCustomBase(  627): isFadeWhiteListApp() target app: compare to:com.miui.player
V/AudioPolicyManagerCustomBase(  627): isFadeWhiteListApp() target app: compare to:com.miui.videoplayer
V/AudioPolicyManagerCustomBase(  627): isFadeWhiteListApp() target app: compare to:com.ss.android.ugc.aweme
V/AudioPolicyManagerCustomBase(  627): isFadeWhiteListApp() target app: compare to:com.changba
V/AudioPolicyManagerCustomBase(  627): isFadeWhiteListApp() target app: compare to:com.tencent.karaoke
V/AudioPolicyManagerCustomBase(  627): isFadeWhiteListApp() target app: compare to:com.qiyi.video
V/AudioPolicyManagerCustomBase(  627): isFadeWhiteListApp() target app: compare to:com.youku.phone
V/AudioPolicyManagerCustomBase(  627): isFadeWhiteListApp() target app: compare to:com.kugou.android
V/AudioPolicyManagerCustomBase(  627): isFadeWhiteListApp() target app: compare to:com.tencent.qqlive
V/AudioPolicyManagerCustomBase(  627): isFadeWhiteListApp() target app: compare to:com.tencent.qqmusic
V/AudioPolicyManagerCustomBase(  627): isFadeWhiteListApp() target app: compare to:com.netease.cloudmusic
V/AudioPolicyManagerCustomBase(  627): isFadeWhiteListApp() target app: compare to:com.tencent.wesing
V/AudioPolicyManagerCustomBase(  627): isFadeWhiteListApp() target app: compare to:com.google.android.apps.photos
D/AudioTrack(19364): set() fadeEnabled:1, isWhiteApp: 0
D/AudioTrack(19364): set(): Building AudioTrack with attributes: usage=1 content=0 flags=0x100 tags=[]
D/APM_AudioPolicyManager(  627): getOutputForAttrInt() attributes={ Content type: AUDIO_CONTENT_TYPE_UNKNOWN Usage: AUDIO_USAGE_MEDIA Source: AUDIO_SOURCE_DEFAULT Flags: 0x100 Tags:  } stream=AUDIO_STREAM_MUSIC session 345 selectedDeviceId 0
I/APM_AudioPolicyManager(  627): getOutputForAttrInt() device {AUDIO_DEVICE_OUT_SPEAKER, @:}, sampling rate 44100, format 0x1, channel mask 0x3, flags 0x104 stream AUDIO_STREAM_MUSIC
I/AudioPolicyManagerCustomImplwhale(  627): isHifiEnable: hifi audio playback not enabled in this product
D/APM_AudioPolicyManager(  627): selectOutput new bestOutput 13 criteria 0 100 0 0 0 0 4 2 
D/APM_AudioPolicyManager(  627): selectOutput new bestOutput 21 criteria 0 100 0 0 0 1 4 0 
D/APM_AudioPolicyManager(  627): getOutputForAttrInt returns output 21 selectedDeviceId 3
I/APM_AudioPolicyManager(  627): getOutputForAttr() returns output 21 requestedPortId 0 selectedDeviceId 3 for port ID 46
I/UsecaseValidator(  627): verifyAudioAttributes update usage: 1 to AUDIO_USAGE_GAME for output: 21 pid: 19364 package: glory.beta001
W/AudioFlinger(  627): createTrack_l(): mismatch between requested flags (00000104) and output flags (00000004)
D/AudioFlinger(  627): AUDIO_OUTPUT_FLAG_FAST denied: sharedBuffer=0x0 frameCount=0 mFrameCount=480 format=0x1 mFormat=0x5 isLinear=1 channelMask=0x3 sampleRate=44100 mSampleRate=48000 hasFastMixer=1 tid=19430 fastTrackAvailMask=0xfe
D/AudioFlinger(  627): Client defaulted notificationFrames to 882 for frameCount 2658
D/AudioTrack(19364): createTrack_l(0): AUDIO_OUTPUT_FLAG_FAST denied by server; frameCount 0 -> 2658
D/AudioTrack(19364): set(), create callback notify, streamType 3
D/AudioNotifyPnp(19364): createAudioNotify()
D/glory.beta001(19364): createAudioNotifyPnpFactory(), create unisoc AudioNotifyPnpInterface 0xb400007c40f0cd00
E/CompositionEngine(  631): yyyy: Layer Name== Background for SurfaceView[glory.beta001/com.godot.game.GodotAppLauncher]#690
I/AudioTrack(19364): start(46): prior state:STATE_STOPPED
I/APM_AudioPolicyManager(  627): startOutput portId 46
V/AlarmManager( 1082): set(PendingIntent{3bdace9: PendingIntentRecord{eba9522 android broadcastIntent}}) : type=2 listener=null listenerTag=null workSource=null callingPackage=android callingUid=1000 triggerAtTime=3409497 win=0 tElapsed=3409497 maxElapsed=3409497 interval=0 flags=0x9
I/APM_AudioPolicyManager(  627): startOutput() output 21, stream 3, session 345
I/AudioPolicyManagerCustomBase(  627): startOutputSetInt portId=46 mOutputs.size=5
I/AudioPolicyManagerCustomBase(  627): startOutputSetInt out portId 46
D/APM_AudioPolicyManager(  627): getNewOutputDevices selected devices {AUDIO_DEVICE_OUT_SPEAKER, @:}
D/AlarmManagerService( 1082): set alarm to kernel: 3409497000000, type=2
D/AlarmManagerService( 1082): set alarm to kernel: 3382682000000, type=3
I/APM_AudioPolicyManager(  627): setOutputDevices caller startSource[[portId:5][io:21, fast output]] device {AUDIO_DEVICE_OUT_SPEAKER, @:} delayMs 0
I/AudioPolicyManagerCustomBase(  627): startOutputSetEnd portId=46 status=0
I/AudioPolicyManagerCustomBase(  627): startOutputSetEnd out portId 46
D/audioserver(  627): logFgsApiBegin: FGS Logger Transaction failed, -129
I/godot   (19364): 
D/audio_hw_stream(  598): asm_start_output_stream: enter: app_scene(1: fast-playback) devices(0x2)
D/AudioNotifyPnp(19364): checkWriterThreadName(), notify start to pnp, mWriterTid 19430, name AudioTrack
D/SceneRecognizer( 1082): notifySceneStatusChanged: notify 1 receivers
D/audio_hw_agdsp(  598): agdsp_access_enable: access_ref_cnt(1)
D/audio_hw_agdsp(  598): agdsp_send_msg: cmd(0x34) param(0x1e 0x1 0x1 0)
D/audio_hw_device_manager(  598): dmgr_select_devices: app_scene(1: fast-playback)
D/audio_hw_device_manager(  598): dmgr_select_devices: out_hal_device(2: speaker) in_hal_device(0: none)
I/audio_hw_device_manager(  598): device = speaker, propset off
D/UniActivityManagerServiceExt( 1082): setVipSchedForProc processName: glory.beta001,enable: false, procBoostType:4
D/PowerHALManager( 1082): powerhalmanager setviptaskbypid!!!
E/audio_hw_smartamp(  598): smartamp_check_parameters: Invalid param mode(0) usecase(0)
D/audio_hw_device_manager(  598): dmgr_enable_audio_device: audio-device: 'speaker'
D/audio_device_route(  598): device_route_apply_path: apply path (0: audio-device: speaker)
D/PowerHAL(  617): set_viptask:tag=UFwAppResCtl,type=audio,pid=18998,level=0,buf=18998 0
E/PowerHAL(  617): Error writing to /proc/sys/unisched/sched_task_audio: No such file or directory
D/audio_device_route(  598): device_route_update_path: mixer_ctl[DAC LRCLK Select] = invert
I/UFwAppResCtl( 1082): Proc: glory.beta001 is disabled 4 vip sched
D/UniActivityManagerServiceExt( 1082): setBoostThreadsForProc pid: 18874,enable: false,threadType:audio,tids:{18998}
W/UFwAppResCtl( 1082): invalid process of pid:18874
D/UniActivityManagerServiceExt( 1082): setVipSchedForProc processName: glory.beta001,enable: true, procBoostType:4
I/UFwAppResCtl( 1082): add vip sched proc for glory.beta001
D/UniActivityManagerServiceExt( 1082): setBoostThreadsForProc pid: 19364,enable: true,threadType:audio,tids:{19430}
D/audio_device_route(  598): device_route_update_path: mixer_ctl[SPKL Mixer DACLSPKL Switch] = 1
D/PowerHALManager( 1082): powerhalmanager setviptaskbypid!!!
D/PowerHAL(  617): set_viptask:tag=UFwAppResCtl,type=audio,pid=19430,level=1,buf=19430 1
D/audio_device_route(  598): device_route_update_path: mixer_ctl[Speaker Function] = 1
D/audio_hw_device_manager(  598): dmgr_enable_audio_route: vbc-iis: 'playback'
D/audio_device_route(  598): device_route_apply_path: apply path (3: vbc-iis: playback)
D/audio_hw_device_manager(  598): dmgr_enable_audio_route: vbc-iis-mux: 'only_codec_p'
D/audio_device_route(  598): device_route_apply_path: apply path (1: vbc-iis-mux: only_codec_p)
D/audio_device_route(  598): device_route_update_path: mixer_ctl[VBC_IIS_TX0_WD_SEL] = WD_24BIT
D/audio_device_route(  598): device_route_update_path: mixer_ctl[VBC_IIS_TX1_WD_SEL] = WD_24BIT
D/audio_device_route(  598): device_route_update_path: mixer_ctl[VBC_IIS_TX0_LRMOD_SEL] = RIGHT_HIGH
D/audio_device_route(  598): device_route_update_path: mixer_ctl[VBC_MUX_DAC0_IIS_PORT_SEL] = VBC_IIS_PORT_IIS0
D/audio_device_route(  598): device_route_update_path: mixer_ctl[VBC_MUX_DAC1_IIS_PORT_SEL] = VBC_IIS_PORT_IIS0
D/audio_device_route(  598): device_route_update_path: mixer_ctl[VBC_MUX_IIS0_PORT_DO_SEL] = IIS_DO_VAL_DAC0
D/audio_device_route(  598): device_route_update_path: mixer_ctl[VBC_MUX_IIS2_PORT_DO_SEL] = IIS_DO_VAL_DAC2
D/audio_device_route(  598): device_route_update_path: mixer_ctl[VBC_MUX_IIS3_PORT_DO_SEL] = IIS_DO_VAL_DAC2
D/audio_hw_device_manager(  598): dmgr_enable_audio_route: be-switch: 'codec_p'
D/audio_device_route(  598): device_route_apply_path: apply path (2: be-switch: codec_p)
D/audio_device_route(  598): device_route_update_path: mixer_ctl[ag_iis0_ext_sel_v1] = top_dac_iis
E/CompositionEngine(  631): yyyy: Layer Name== Background for SurfaceView[glory.beta001/com.godot.game.GodotAppLauncher]#690
D/audio_device_route(  598): device_route_update_path: mixer_ctl[S_NORMAL_AP01_P_CODEC SWITCH] = 1
D/audio_device_route(  598): device_route_update_path: mixer_ctl[S_NORMAL_AP23_P_CODEC SWITCH] = 1
D/audio_device_route(  598): device_route_update_path: mixer_ctl[S_FAST_P_CODEC SWITCH] = 1
D/audio_device_route(  598): device_route_update_path: mixer_ctl[S_OFFLOAD_CODEC SWITCH] = 1
D/audio_device_route(  598): device_route_update_path: mixer_ctl[S_VOICE_P_CODEC SWITCH] = 1
D/audio_device_route(  598): device_route_update_path: mixer_ctl[S_VOIP_P_CODEC SWITCH] = 1
D/audio_device_route(  598): device_route_update_path: mixer_ctl[S_FM_CODEC SWITCH] = 1
D/audio_device_route(  598): device_route_update_path: mixer_ctl[S_LOOP_P_CODEC SWITCH] = 1
D/audio_device_route(  598): device_route_update_path: mixer_ctl[S_FM_DSP_CODEC SWITCH] = 1
D/audio_device_route(  598): device_route_update_path: mixer_ctl[S_VOICE_PCM_P SWITCH] = 1
D/audio_device_route(  598): device_route_update_path: mixer_ctl[S_FAST_P_SMART_AMP SWITCH] = 1
D/audio_hw_stream(  598): asm_start_output_stream: open pcm device card_id(0) dev_id(0)
D/audio_hw_platform(  598): platform_set_audio_param: app_scene(1: fast-playback) state(0)
D/audio_param(  598): param_set_cal_data: enter: app_type(0) dai_id(0) volume(0) set(true) app_type_status(0)
D/audio_param(  598): param_set_cal_data: scene_id(126: Music\Handsfree\Playback)
D/audio_param(  598): param_set_struct_config: enter: app_type(0) scene_id(126: Music\Handsfree\Playback) dai_id(0)
D/audio_param(  598): param_set_struct_config: app_type(0) no need to config audio structure
D/audio_param(  598): param_set_struct_config: exit
D/audio_param(  598): param_set_cvs_config: enter: app_type(0) scene_id(126: Music\Handsfree\Playback) dai_id(0) volume(0)
D/audio_param(  598): param_set_cvs_config: app_type(0) no need to config cvs
D/audio_param(  598): param_set_cvs_config: exit
D/audio_param(  598): param_set_vbc_config: enter: app_type(0) scene_id(126: Music\Handsfree\Playback) dai_id(0)
D/audio_param(  598): param_set_vbc_config: change scene_id_vbc_playback from (-1: none) to (126: Music\Handsfree\Playback)
D/audio_param(  598): param_apply_firmware_data: mixer_ctl[DSP VBC Profile Select] = [0x537e0000]
D/audio_param(  598): param_set_vbc_config: exit
D/audio_param(  598): param_set_digital_gain: enter: app_type(0) scene_id(126: Music\Handsfree\Playback) volume(0)
D/audio_param(  598): param_set_digital_gain: change scene_id_dg_playback from (-1: none) to (126: Music\Handsfree\Playback)
D/audio_param(  598): param_set_digital_gain_ctl_value: mixer_ctl[VBC DAC0 DG Set] = [33 33]
D/audio_param(  598): param_set_digital_gain: exit
D/audio_param(  598): param_set_codec_config: enter: app_type(0) scene_id(126: Music\Handsfree\Playback) volume(0)
D/audio_param(  598): param_set_codec_config: change scene_id_codec_out from (-1: none, volume 0) to (126: Music\Handsfree\Playback, volume 0)
D/audio_param(  598): param_set_codec_config: output device(0x2)
D/audio_param(  598): param_set_codec_config: exit
D/audio_param(  598): param_set_cal_data: exit: app_type_status(0x1)
I/audio_hw_stream(  598): asm_start_output_stream: default enable SIXTH Effect 
I/si_sixth(  598): sixth_core_handle_init: Enter
I/si_sixth(  598): sixth_core_handle_init: scene= 0, ch = 2, bits_per_sample = 16, rate = 48000, interleave = 1
E/sixth_core(  598): [sixth_core][AP MODE] : version : 2.5.2C-MTK_APrelease(A), API Level : 0x00000020, copyright : Silicon Integrated 
E/sixth_core(  598): [sixth_core_if_init] : done 
E/sixth_core(  598): [sixth_core_if_open][info] port(0) : type(0), fs(48000), data_fmt(0), num_channels(2), bits_per_sample(16), data_is_signed(1), data_interleaving(1), q_factor(15)
E/sixth_core(  598): done
E/sixth_core(  598): [property_proc_on_set_debug] info : asynchronous dump log thread exit
E/sixth_core(  598): [property_proc_on_set_debug] info : asynchronous dump log thread exit
E/sixth_core(  598): [sixth_core_reset_processor]err : NULL == rt_u->rt_ch
E/sixth_core(  598): [sixth_core_set_topo] warning !!! 0 != sixth_core_reset_processor
E/sixth_core(  598): [property_proc_on_set_debug] info : asynchronous dump log thread exit
E/sixth_core(  598): [sixth_core_reset_processor]err : NULL == rt_u->rt_ch
E/sixth_core(  598): [sixth_core_set_topo] warning !!! 0 != sixth_core_reset_processor
E/sixth_core(  598): [sixth_core_set_param] err !!! index(0x0), fs(48000.000000)
E/sixth_core(  598): [sixth_core_set_param] err !!! index(0x0), fs(48000.000000)
E/sixth_core(  598): sixth_core_init_param : enable = 1
E/sixth_core(  598): sixth_core_init_param : topo proc_num = 5
E/sixth_core(  598): sixth_core_init_param : acdb param len = 3208, n = 105
D/sixth_tuning(  598): sixth_vdd_timer_start : timer start
D/sixth_tuning(  598): sixth_vdd_timer_callback : Enter
E/sixth_tuning(  598): tuning_misc_dev_open open file /dev/sipa_tool failed, Permission denied
E/si_sixth(  598): sixth_core_handle_init : tuning_misc_dev_open failed!!
I/si_sixth(  598): sixth_core_handle_init : Done
D/audio_hw_stream(  598): asm_start_output_stream : sixth_handle->info.enable = 1
D/sixth_tuning(  598): sixth_vdd_timer_callback : vdd = 3868544
E/sixth_core(  598): param_proc_set_param : run !!!
E/sixth_core(  598): param_proc_set_param : msg->id = 66 !!!
E/sixth_core(  598): sixth_core_param_proc : process done param id = 0x1000ea03
E/sixth_core(  598): param_proc_set_param : run !!!
E/sixth_core(  598): param_proc_set_param : msg->id = 66 !!!
E/sixth_core(  598): sixth_core_param_proc : process done param id = 0x1000ea03
I/audio_hw_stream(  598): asm_start_output_stream:vendor.audio.usb_cctoggle = 1
D/audio_hw_stream(  598): asm_start_output_stream: exit: out_app_scene_ref_cnt(1)
E/audio_hw_stream(  598): asm_out_write_pcm_data : sixth_core_handle_run failed!!, sixth_ret = -6
D/AudioNotifyPnp(  627): checkWriterThreadName(), notify start to pnp, mWriterTid 992, name AudioOut_15
D/UniActivityManagerServiceExt( 1082): setVipSchedForProc processName: audioserver,enable: true, procBoostType:4
I/UFwAppResCtl( 1082): add vip sched proc for audioserver
D/UniActivityManagerServiceExt( 1082): setBoostThreadsForProc pid: 627,enable: true,threadType:audio,tids:{992}
W/UFwAppResCtl( 1082): invalid process of pid:627
E/CompositionEngine(  631): yyyy: Layer Name== Background for SurfaceView[glory.beta001/com.godot.game.GodotAppLauncher]#690
W/libc    (19364): Access denied finding property "persist.vendor.gpu.fbc"
I/mali_gralloc(19364): Unisoc: get compress property: persist.vendor.gpu.fbc (1)
E/mali_gralloc(19364): Requested R8 format is not supported with this allocator. R8 format is only supported with the AIDL allocator
E/mali_gralloc(19364): ERROR: Unrecognized and/or unsupported format R8 and usage TEXTURE + RENDER + HWC
E/mali_gralloc(19364): ERROR: Unrecognized and/or unsupported format RGBA_10101010 and usage TEXTURE + RENDER + HWC
E/mali_gralloc(19364): Requested R8 format is not supported with this allocator. R8 format is only supported with the AIDL allocator
E/mali_gralloc(19364): ERROR: Unrecognized and/or unsupported format R8 and usage TEXTURE + RENDER + HWC
E/mali_gralloc(19364): ERROR: Unrecognized and/or unsupported format RGBA_10101010 and usage TEXTURE + RENDER + HWC
I/mali_gralloc(  603): allocate: id=25b0000029a, halFormat=RGBA8888, maliFormat=RGBA8888, afbc=SPLIT, usage=GPU_RW|HWC, size=720x1640(4820992), stride=720, name=SurfaceView[glory.beta001/com.godot.game.GodotAppLauncher]#1(BLAST Consumer)1, costTime=0ms574us846
D/mali_gralloc(19364): register: id=25b0000029a, handle=0xb400007c3dc29d80, importpid=19364
D/mali_gralloc(19364): register: id=25b0000029a, handle=0xb400007c3dc29e60, importpid=19364
D/mali_gralloc(19364): unregister: id=25b0000029a, handle=0xb400007c3dc29e60, base=0x0, importpid=19364, clone_count=1
I/mali_gralloc(  603): allocate: id=25b0000029b, halFormat=RGBA8888, maliFormat=RGBA8888, afbc=SPLIT, usage=GPU_RW|HWC, size=720x1640(4820992), stride=720, name=SurfaceView[glory.beta001/com.godot.game.GodotAppLauncher]#1(BLAST Consumer)1, costTime=0ms605us423
D/mali_gralloc(19364): register: id=25b0000029b, handle=0xb400007c3dc29e60, importpid=19364
D/mali_gralloc(19364): register: id=25b0000029b, handle=0xb400007c3dc29f40, importpid=19364
D/mali_gralloc(19364): unregister: id=25b0000029b, handle=0xb400007c3dc29f40, base=0x0, importpid=19364, clone_count=1
I/mali_gralloc(  603): allocate: id=25b0000029c, halFormat=RGBA8888, maliFormat=RGBA8888, afbc=SPLIT, usage=GPU_RW|HWC, size=720x1640(4820992), stride=720, name=SurfaceView[glory.beta001/com.godot.game.GodotAppLauncher]#1(BLAST Consumer)1, costTime=0ms559us731
D/mali_gralloc(19364): register: id=25b0000029c, handle=0xb400007c3dc29f40, importpid=19364
D/mali_gralloc(19364): register: id=25b0000029c, handle=0xb400007c3dc2a020, importpid=19364
D/mali_gralloc(19364): unregister: id=25b0000029c, handle=0xb400007c3dc2a020, base=0x0, importpid=19364, clone_count=1
I/mali_gralloc(  603): allocate: id=25b0000029d, halFormat=RGBA8888, maliFormat=RGBA8888, afbc=SPLIT, usage=GPU_RW|HWC, size=720x1640(4820992), stride=720, name=SurfaceView[glory.beta001/com.godot.game.GodotAppLauncher]#1(BLAST Consumer)1, costTime=0ms570us000
D/mali_gralloc(19364): register: id=25b0000029d, handle=0xb400007c3dc2a020, importpid=19364
D/mali_gralloc(19364): register: id=25b0000029d, handle=0xb400007c3dc2a100, importpid=19364
D/mali_gralloc(19364): unregister: id=25b0000029d, handle=0xb400007c3dc2a100, base=0x0, importpid=19364, clone_count=1
I/SwappyDisplayManager(19364): Using internal com/google/androidgamesdk/SwappyDisplayManager class from dex bytes.
I/SwappyDisplayManager(19364): Starting looper thread
D/mali_gralloc(  631): register: id=25b0000029a, handle=0xb400007123e508e0, importpid=631
I/SurfaceFlinger(  631): updating visibility visibleForInput:1, Snapshot{TraversalPath{.id = 689}SurfaceView[glory.beta001/com.godot.game.GodotAppLauncher](BLAST)#689 isVisible=1 { buffer=83167746719758 frame=1 color{< 0, 0, 0, 1 >}} changes=Geometry | Content | Input | Visibility | AffectsChildren | FrameRate | VisibleRegion | Buffer | BufferSize | BufferUsageFlags layerStack=0 geomLayerBounds={0,0,720,1640} geomLayerTransform={tx=0,ty=0}}
E/CompositionEngine(  631): yyyy: Layer Name== SurfaceView[glory.beta001/com.godot.game.GodotAppLauncher](BLAST)#689
D/SPRDHWComposer(  604): HWC Range:1, HWC_Transfer:4
D/mali_gralloc(  604): register: id=25b0000029a, handle=0xb4000072d21df100, importpid=604
I/glory.beta001(19364): Compiler allocated 5080KB to compile void android.view.ViewRootImpl.performTraversals()
D/PowerHAL(  617): PowerSessionManager::enableSystemTopAppBoost!!
V/AS.AudioDeviceBroker( 1082): requestedCommunicationDevice: null mAudioModeOwner: AudioModeInfo: mMode=MODE_NORMAL, mPid=0, mUid=0
V/AS.AudioDeviceBroker( 1082): requestedCommunicationDevice: null mAudioModeOwner: AudioModeInfo: mMode=MODE_NORMAL, mPid=0, mUid=0
D/WifiStaIfaceHidlImpl( 1082): getCachedScanData is not implemented by HIDL
I/ThermalCvtGovernor(  803): board(game) curTemp: 42400 tripTemp: 48000 setPollingDelay: 4000
V/BroadcastQueue( 1082): Enqueuing BroadcastRecord{e9b7a2b android.intent.action.BATTERY_CHANGED/u-1} ordered=false from uid 1000 pid 1082 for 2 receivers
V/BroadcastQueue( 1082): Enqueuing BroadcastRecord{fae4e88 android.intent.action.BATTERY_CHANGED/u-1} ordered=false from uid 1000 pid 1082 for 27 receivers
D/BatteryController( 1584): onReceive:mLevel=48,mCharging=true
D/PowerUI ( 1584): can't show warning due to - plugged: true status unknown: false
D/BoardScore( 1082): Received android.intent.action.BATTERY_CHANGED
D/BoardScore( 1082): chargePlug 2; status =2
D/BatteryServiceERP( 1082): action: android.intent.action.BATTERY_CHANGED,level:48,scale:100,status:2,isCharging:true,isSendNotification: false,isForceCharging:false
D/BatteryServiceERP( 1082): battProtect switch: 0
D/UnisocBatteryControllerEx( 1584): fireChargingSpeedChanged: 0
D/PowerHALManager( 1082): powerhalmanager sendHint!!!
D/UnisocPowerUI( 1584): onReceive health:2 --> 2
D/PowerHAL(  617): enter VendorPower::sendHint
D/PowerHAL(  617): sendHint enter sendHint if():
D/PowerHAL(  617): sendHint got hintSession:0xb400007c46c13a10 
D/PowerHAL(  617): PowerHintSession sendHint hintSession and hint=2: mTgid: 1584, mUid: 10184
D/PowerHAL(  617): enter case CPU_LOAD_RESET, and uclampMin_High=650
D/PowerHAL(  617): sendHint got hintSession:0xb400007c46c13a10 return ok!
D/PowerHALManager( 1082): powerhalmanager sendHint!!!
D/PowerHAL(  617): enter VendorPower::sendHint
D/PowerHAL(  617): sendHint enter sendHint if():
D/PowerHAL(  617): sendHint got hintSession:0xb400007c46c13a10 
D/PowerHAL(  617): PowerHintSession sendHint hintSession and hint=0: mTgid: 1584, mUid: 10184
D/PowerHAL(  617): enter case CPU_LOAD_UP, and uclampMin_High=650
D/PowerHAL(  617): sendHint got hintSession:0xb400007c46c13a10 return ok!
D/PowerHAL(  617): PowerSessionManager::disableSystemTopAppBoost!!
E/CompositionEngine(  631): yyyy: Layer Name== SurfaceView[glory.beta001/com.godot.game.GodotAppLauncher](BLAST)#689
V/AS.AudioDeviceBroker( 1082): requestedCommunicationDevice: null mAudioModeOwner: AudioModeInfo: mMode=MODE_NORMAL, mPid=0, mUid=0
V/AS.AudioDeviceBroker( 1082): requestedCommunicationDevice: null mAudioModeOwner: AudioModeInfo: mMode=MODE_NORMAL, mPid=0, mUid=0
D/PowerHAL(  617): PowerSessionManager::enableSystemTopAppBoost!!
I/Cam_ALS (  609): in runlock when enable!
I/Cam_ALS (  609): event: readEvents luxValue 32.987682 scale: 0.908687
V/AS.AudioDeviceBroker( 1082): requestedCommunicationDevice: null mAudioModeOwner: AudioModeInfo: mMode=MODE_NORMAL, mPid=0, mUid=0
V/AS.AudioDeviceBroker( 1082): requestedCommunicationDevice: null mAudioModeOwner: AudioModeInfo: mMode=MODE_NORMAL, mPid=0, mUid=0
D/BrightnessThermalClamper( 1082): New thermal throttling status = 0
D/PowerManagerService( 1082): notifyThrottling LCD_TEMP :38000
D/PowerController.Thermal( 1082): temperature value = 43.0 , status = 0
D/ActivityManager( 1082): get tempetureValue is :43.0
V/AS.AudioDeviceBroker( 1082): requestedCommunicationDevice: null mAudioModeOwner: AudioModeInfo: mMode=MODE_NORMAL, mPid=0, mUid=0
V/AS.AudioDeviceBroker( 1082): requestedCommunicationDevice: null mAudioModeOwner: AudioModeInfo: mMode=MODE_NORMAL, mPid=0, mUid=0
D/WifiStaIfaceHidlImpl( 1082): getCachedScanData is not implemented by HIDL
D/ConnectivityService( 1082): NetReassign [no changes] [c 1] [a 0] [i 2]
I/Cam_ALS (  609): in runlock when enable!
I/Cam_ALS (  609): event: readEvents luxValue 32.987682 scale: 0.908687
D/sixth_tuning(  598): sixth_vdd_timer_callback : Enter
D/sixth_tuning(  598): sixth_vdd_timer_callback : vdd = 3870272
E/sixth_core(  598): param_proc_set_param : run !!!
E/sixth_core(  598): param_proc_set_param : msg->id = 66 !!!
E/sixth_core(  598): sixth_core_param_proc : process done param id = 0x1000ea03
E/sixth_core(  598): param_proc_set_param : run !!!
E/sixth_core(  598): param_proc_set_param : msg->id = 66 !!!
E/sixth_core(  598): sixth_core_param_proc : process done param id = 0x1000ea03
V/AS.AudioDeviceBroker( 1082): requestedCommunicationDevice: null mAudioModeOwner: AudioModeInfo: mMode=MODE_NORMAL, mPid=0, mUid=0
V/AS.AudioDeviceBroker( 1082): requestedCommunicationDevice: null mAudioModeOwner: AudioModeInfo: mMode=MODE_NORMAL, mPid=0, mUid=0
I/ThermalCvtGovernor(  803): board(game) curTemp: 43000 tripTemp: 48000 setPollingDelay: 2000
D/ActivityManager( 1082): freezing 17123 com.android.vending
D/InetDiagMessage( 1082): Destroyed 0 sockets, proto=IPPROTO_TCP, family=AF_INET, states=14
D/InetDiagMessage( 1082): Destroyed 1 sockets, proto=IPPROTO_TCP, family=AF_INET6, states=14
D/InetDiagMessage( 1082): Destroyed live tcp sockets for uids={10153} in 3ms
V/BroadcastQueue( 1082): Enqueuing BroadcastRecord{f8a9ace android.intent.action.BATTERY_CHANGED/u-1} ordered=false from uid 1000 pid 1082 for 2 receivers
D/BatteryController( 1584): onReceive:mLevel=48,mCharging=true
V/BroadcastQueue( 1082): Enqueuing BroadcastRecord{282ddef android.intent.action.BATTERY_CHANGED/u-1} ordered=false from uid 1000 pid 1082 for 27 receivers
D/PowerUI ( 1584): can't show warning due to - plugged: true status unknown: false
D/PowerHALManager( 1082): powerhalmanager sendHint!!!
D/UnisocBatteryControllerEx( 1584): fireChargingSpeedChanged: 0
D/PowerHAL(  617): enter VendorPower::sendHint
D/PowerHAL(  617): sendHint enter sendHint if():
D/PowerHAL(  617): sendHint got hintSession:0xb400007c46c13a10 
D/PowerHAL(  617): PowerHintSession sendHint hintSession and hint=2: mTgid: 1584, mUid: 10184
D/PowerHAL(  617): enter case CPU_LOAD_RESET, and uclampMin_High=650
D/UnisocPowerUI( 1584): onReceive health:2 --> 2
D/PowerHAL(  617): sendHint got hintSession:0xb400007c46c13a10 return ok!
D/BoardScore( 1082): Received android.intent.action.BATTERY_CHANGED
D/BoardScore( 1082): chargePlug 2; status =2
D/BatteryServiceERP( 1082): action: android.intent.action.BATTERY_CHANGED,level:48,scale:100,status:2,isCharging:true,isSendNotification: false,isForceCharging:false
D/BatteryServiceERP( 1082): battProtect switch: 0
D/PowerHALManager( 1082): powerhalmanager sendHint!!!
D/PowerHAL(  617): enter VendorPower::sendHint
D/PowerHAL(  617): sendHint enter sendHint if():
D/PowerHAL(  617): sendHint got hintSession:0xb400007c46c13a10 
D/PowerHAL(  617): PowerHintSession sendHint hintSession and hint=0: mTgid: 1584, mUid: 10184
D/PowerHAL(  617): enter case CPU_LOAD_UP, and uclampMin_High=650
D/PowerHAL(  617): sendHint got hintSession:0xb400007c46c13a10 return ok!
D/PowerHAL(  617): PowerSessionManager::disableSystemTopAppBoost!!
E/CompositionEngine(  631): yyyy: Layer Name== SurfaceView[glory.beta001/com.godot.game.GodotAppLauncher](BLAST)#689
V/AS.AudioDeviceBroker( 1082): requestedCommunicationDevice: null mAudioModeOwner: AudioModeInfo: mMode=MODE_NORMAL, mPid=0, mUid=0
V/AS.AudioDeviceBroker( 1082): requestedCommunicationDevice: null mAudioModeOwner: AudioModeInfo: mMode=MODE_NORMAL, mPid=0, mUid=0
I/Cam_ALS (  609): in runlock when enable!
I/Cam_ALS (  609): event: readEvents luxValue 32.987682 scale: 0.908687
D/PowerHAL(  617): PowerSessionManager::enableSystemTopAppBoost!!
V/Godot   (19364): OnGodotSetupCompleted
I/godot   (19364): [QUALITY] 自动判定 tier=0  totalMB=0  cores=8
I/godot   (19364): [PERFLOG] started interval=0.5s
V/AS.AudioDeviceBroker( 1082): requestedCommunicationDevice: null mAudioModeOwner: AudioModeInfo: mMode=MODE_NORMAL, mPid=0, mUid=0
V/AS.AudioDeviceBroker( 1082): requestedCommunicationDevice: null mAudioModeOwner: AudioModeInfo: mMode=MODE_NORMAL, mPid=0, mUid=0
D/WifiStaIfaceHidlImpl( 1082): getCachedScanData is not implemented by HIDL
V/Godot   (19364): OnGodotMainLoopStarted
I/godot   (19364): [WARMUP] 启动预热：96 项（普攻 8 + 技能 80 + 外部场景 8）
I/godot   (19364): [WARMUP] 阶段顺序：menu_minimal 8 → first_battle 44 → deferred 44（按需要得越早排越前；提前中止时丢的是最靠后的）
I/godot   (19364): [WARMUP] 清单：basic_attack_melee_god, basic_attack_ranged_god, basic_attack_melee_human, basic_attack_ranged_human, basic_attack_melee_dark, basic_attack_ranged_dark, basic_attack_melee_undead, basic_attack_ranged_undead, lowest_ally_heal, nearest_ally_bless, guardian_shield_taunt, true_damage_attack, nearby_ally_heal_buff, judgement_strike, random_ally_damage_reduction, global_divine_blast, curse_attack, silence_bolt, fear, same_target_damage_stack, blink_low_def_backline, stun, shared_hp_link, black_hole, poison_attack, parasite_on_kill, defense_down_attack, death_poison_explosion, poison_reflect_armor_stack, unique_death_execute, attack_interrupt, every_fourth_combo, front_cone_stun, random_attribute_bolt, every_fifth_group_heal, left_neighbor_sacrifice, unique_king_growth, dive_backline, chain_lightning, heal_allies, holy_shield_burst, wind_bleed, slow_aura, stun_impact, entangle, burrow_ambush, lava_burst, nature_heal, earth_slam, backstab, curse, counter_slash, bubble_dream, shell_guard, balance_ju
D/mali_gralloc(  631): register: id=25b0000029b, handle=0xb400007123e50c60, importpid=631
D/mali_gralloc(  631): register: id=25b0000029c, handle=0xb400007123e51360, importpid=631
E/CompositionEngine(  631): yyyy: Layer Name== SurfaceView[glory.beta001/com.godot.game.GodotAppLauncher](BLAST)#689
D/mali_gralloc(  604): register: id=25b0000029b, handle=0xb4000072d21df1e0, importpid=604
D/PowerHAL(  617): PowerSessionManager::disableSystemTopAppBoost!!
D/mali_gralloc(  631): register: id=25b0000029d, handle=0xb400007123e516e0, importpid=631
E/CompositionEngine(  631): yyyy: Layer Name== SurfaceView[glory.beta001/com.godot.game.GodotAppLauncher](BLAST)#689
D/mali_gralloc(  604): register: id=25b0000029c, handle=0xb4000072d21df480, importpid=604
E/CompositionEngine(  631): yyyy: Layer Name== SurfaceView[glory.beta001/com.godot.game.GodotAppLauncher](BLAST)#689
D/mali_gralloc(  604): register: id=25b0000029d, handle=0xb4000072d21df640, importpid=604
E/CompositionEngine(  631): yyyy: Layer Name== SurfaceView[glory.beta001/com.godot.game.GodotAppLauncher](BLAST)#689
E/CompositionEngine(  631): yyyy: Layer Name== SurfaceView[glory.beta001/com.godot.game.GodotAppLauncher](BLAST)#689
E/CompositionEngine(  631): yyyy: Layer Name== SurfaceView[glory.beta001/com.godot.game.GodotAppLauncher](BLAST)#689
I/NearbyMediums( 2145): No BLE Fast/GATT advertisements found in the latest cycle.
I/NearbyMediums( 2145): Current Tracked Scanning Clients are : {NearbyConnections.EnvironmentMonitor, NearbySharing}
E/CompositionEngine(  631): yyyy: Layer Name== SurfaceView[glory.beta001/com.godot.game.GodotAppLauncher](BLAST)#689
E/CompositionEngine(  631): yyyy: Layer Name== SurfaceView[glory.beta001/com.godot.game.GodotAppLauncher](BLAST)#689
E/CompositionEngine(  631): yyyy: Layer Name== SurfaceView[glory.beta001/com.godot.game.GodotAppLauncher](BLAST)#689
E/CompositionEngine(  631): yyyy: Layer Name== SurfaceView[glory.beta001/com.godot.game.GodotAppLauncher](BLAST)#689
E/CompositionEngine(  631): yyyy: Layer Name== SurfaceView[glory.beta001/com.godot.game.GodotAppLauncher](BLAST)#689
E/CompositionEngine(  631): yyyy: Layer Name== SurfaceView[glory.beta001/com.godot.game.GodotAppLauncher](BLAST)#689
E/CompositionEngine(  631): yyyy: Layer Name== SurfaceView[glory.beta001/com.godot.game.GodotAppLauncher](BLAST)#689
E/CompositionEngine(  631): yyyy: Layer Name== SurfaceView[glory.beta001/com.godot.game.GodotAppLauncher](BLAST)#689
I/godot   (19364): [PERFLOG] fps=1 proc=19.9ms phys=0.0ms video=103.4 tex=74.5 buf=5.4 static=92.7 obj=1765 res=239 node=26 orphan=0 draw=11 tween=4
I/godot   (19364): [PERFLOG] skin skel=0 bones=0 play=0/0 hidden_play=0 vis_vert=0 hid_vert=0
I/godot   (19364): [PERFLOG] !! VIDEO JUMP +103.4 MB -> 103.4 (tex=74.5)
I/godot   (19364): [PERFLOG] !! STATIC JUMP +92.7 MB -> 92.7
E/CompositionEngine(  631): yyyy: Layer Name== SurfaceView[glory.beta001/com.godot.game.GodotAppLauncher](BLAST)#689
E/CompositionEngine(  631): yyyy: Layer Name== SurfaceView[glory.beta001/com.godot.game.GodotAppLauncher](BLAST)#689
E/CompositionEngine(  631): yyyy: Layer Name== SurfaceView[glory.beta001/com.godot.game.GodotAppLauncher](BLAST)#689
E/CompositionEngine(  631): yyyy: Layer Name== SurfaceView[glory.beta001/com.godot.game.GodotAppLauncher](BLAST)#689
E/CompositionEngine(  631): yyyy: Layer Name== SurfaceView[glory.beta001/com.godot.game.GodotAppLauncher](BLAST)#689
E/CompositionEngine(  631): yyyy: Layer Name== SurfaceView[glory.beta001/com.godot.game.GodotAppLauncher](BLAST)#689
E/CompositionEngine(  631): yyyy: Layer Name== SurfaceView[glory.beta001/com.godot.game.GodotAppLauncher](BLAST)#689
I/godot   (19364): [WARMUP] 阶段完成：menu_minimal 8 项，累计 525 ms
E/CompositionEngine(  631): yyyy: Layer Name== SurfaceView[glory.beta001/com.godot.game.GodotAppLauncher](BLAST)#689
E/CompositionEngine(  631): yyyy: Layer Name== SurfaceView[glory.beta001/com.godot.game.GodotAppLauncher](BLAST)#689
E/CompositionEngine(  631): yyyy: Layer Name== SurfaceView[glory.beta001/com.godot.game.GodotAppLauncher](BLAST)#689
V/AS.AudioDeviceBroker( 1082): requestedCommunicationDevice: null mAudioModeOwner: AudioModeInfo: mMode=MODE_NORMAL, mPid=0, mUid=0
V/AS.AudioDeviceBroker( 1082): requestedCommunicationDevice: null mAudioModeOwner: AudioModeInfo: mMode=MODE_NORMAL, mPid=0, mUid=0
E/CompositionEngine(  631): yyyy: Layer Name== SurfaceView[glory.beta001/com.godot.game.GodotAppLauncher](BLAST)#689
E/CompositionEngine(  631): yyyy: Layer Name== SurfaceView[glory.beta001/com.godot.game.GodotAppLauncher](BLAST)#689
E/CompositionEngine(  631): yyyy: Layer Name== SurfaceView[glory.beta001/com.godot.game.GodotAppLauncher](BLAST)#689
I/Cam_ALS (  609): in runlock when enable!
I/Cam_ALS (  609): event: readEvents luxValue 32.987682 scale: 0.908687
E/CompositionEngine(  631): yyyy: Layer Name== SurfaceView[glory.beta001/com.godot.game.GodotAppLauncher](BLAST)#689
E/CompositionEngine(  631): yyyy: Layer Name== SurfaceView[glory.beta001/com.godot.game.GodotAppLauncher](BLAST)#689
E/CompositionEngine(  631): yyyy: Layer Name== SurfaceView[glory.beta001/com.godot.game.GodotAppLauncher](BLAST)#689
I/godot   (19364): [PERFLOG] fps=1 proc=19.9ms phys=0.0ms video=152.1 tex=123.2 buf=5.3 static=93.2 obj=1804 res=251 node=37 orphan=0 draw=12 tween=2
I/godot   (19364): [PERFLOG] skin skel=0 bones=0 play=0/0 hidden_play=0 vis_vert=0 hid_vert=0
I/godot   (19364): [PERFLOG] !! VIDEO JUMP +48.7 MB -> 152.1 (tex=123.2)
E/CompositionEngine(  631): yyyy: Layer Name== SurfaceView[glory.beta001/com.godot.game.GodotAppLauncher](BLAST)#689
E/CompositionEngine(  631): yyyy: Layer Name== SurfaceView[glory.beta001/com.godot.game.GodotAppLauncher](BLAST)#689
E/CompositionEngine(  631): yyyy: Layer Name== SurfaceView[glory.beta001/com.godot.game.GodotAppLauncher](BLAST)#689
E/CompositionEngine(  631): yyyy: Layer Name== SurfaceView[glory.beta001/com.godot.game.GodotAppLauncher](BLAST)#689
E/CompositionEngine(  631): yyyy: Layer Name== SurfaceView[glory.beta001/com.godot.game.GodotAppLauncher](BLAST)#689
E/CompositionEngine(  631): yyyy: Layer Name== SurfaceView[glory.beta001/com.godot.game.GodotAppLauncher](BLAST)#689
E/CompositionEngine(  631): yyyy: Layer Name== SurfaceView[glory.beta001/com.godot.game.GodotAppLauncher](BLAST)#689
E/CompositionEngine(  631): yyyy: Layer Name== SurfaceView[glory.beta001/com.godot.game.GodotAppLauncher](BLAST)#689
E/CompositionEngine(  631): yyyy: Layer Name== SurfaceView[glory.beta001/com.godot.game.GodotAppLauncher](BLAST)#689
E/CompositionEngine(  631): yyyy: Layer Name== SurfaceView[glory.beta001/com.godot.game.GodotAppLauncher](BLAST)#689
E/CompositionEngine(  631): yyyy: Layer Name== SurfaceView[glory.beta001/com.godot.game.GodotAppLauncher](BLAST)#689
E/CompositionEngine(  631): yyyy: Layer Name== SurfaceView[glory.beta001/com.godot.game.GodotAppLauncher](BLAST)#689
E/CompositionEngine(  631): yyyy: Layer Name== SurfaceView[glory.beta001/com.godot.game.GodotAppLauncher](BLAST)#689
E/CompositionEngine(  631): yyyy: Layer Name== SurfaceView[glory.beta001/com.godot.game.GodotAppLauncher](BLAST)#689
E/CompositionEngine(  631): yyyy: Layer Name== SurfaceView[glory.beta001/com.godot.game.GodotAppLauncher](BLAST)#689
E/CompositionEngine(  631): yyyy: Layer Name== SurfaceView[glory.beta001/com.godot.game.GodotAppLauncher](BLAST)#689
E/CompositionEngine(  631): yyyy: Layer Name== SurfaceView[glory.beta001/com.godot.game.GodotAppLauncher](BLAST)#689
E/CompositionEngine(  631): yyyy: Layer Name== SurfaceView[glory.beta001/com.godot.game.GodotAppLauncher](BLAST)#689
E/CompositionEngine(  631): yyyy: Layer Name== SurfaceView[glory.beta001/com.godot.game.GodotAppLauncher](BLAST)#689
E/CompositionEngine(  631): yyyy: Layer Name== SurfaceView[glory.beta001/com.godot.game.GodotAppLauncher](BLAST)#689
E/CompositionEngine(  631): yyyy: Layer Name== SurfaceView[glory.beta001/com.godot.game.GodotAppLauncher](BLAST)#689
I/godot   (19364): [PERFLOG] fps=36 proc=131.8ms phys=0.3ms video=178.3 tex=149.4 buf=5.3 static=93.3 obj=1812 res=261 node=37 orphan=0 draw=12 tween=2
I/godot   (19364): [PERFLOG] skin skel=0 bones=0 play=0/0 hidden_play=0 vis_vert=0 hid_vert=0
I/godot   (19364): [PERFLOG] !! VIDEO JUMP +26.2 MB -> 178.3 (tex=149.4)
E/CompositionEngine(  631): yyyy: Layer Name== SurfaceView[glory.beta001/com.godot.game.GodotAppLauncher](BLAST)#689
E/CompositionEngine(  631): yyyy: Layer Name== SurfaceView[glory.beta001/com.godot.game.GodotAppLauncher](BLAST)#689
E/CompositionEngine(  631): yyyy: Layer Name== SurfaceView[glory.beta001/com.godot.game.GodotAppLauncher](BLAST)#689
E/CompositionEngine(  631): yyyy: Layer Name== SurfaceView[glory.beta001/com.godot.game.GodotAppLauncher](BLAST)#689
V/AS.AudioDeviceBroker( 1082): requestedCommunicationDevice: null mAudioModeOwner: AudioModeInfo: mMode=MODE_NORMAL, mPid=0, mUid=0
V/AS.AudioDeviceBroker( 1082): requestedCommunicationDevice: null mAudioModeOwner: AudioModeInfo: mMode=MODE_NORMAL, mPid=0, mUid=0
E/CompositionEngine(  631): yyyy: Layer Name== SurfaceView[glory.beta001/com.godot.game.GodotAppLauncher](BLAST)#689
E/CompositionEngine(  631): yyyy: Layer Name== SurfaceView[glory.beta001/com.godot.game.GodotAppLauncher](BLAST)#689
I/ThermalCvtGovernor(  803): board(game) calTemp: 43040 tripTemp: 33000
I/ThermalCvtGovernor(  803): board(game) setLevel: 1, setTrip: 0
I/ThermalManager(  803): received EVENT_TRIP, sensor=board(game)
I/ThermalActionCommon(  803): do,===>charge,NULL, wArg:2500000, mFileNode:/sys/class/power_supply/battery/charger.0/thermal_limit_current
E/CompositionEngine(  631): yyyy: Layer Name== SurfaceView[glory.beta001/com.godot.game.GodotAppLauncher](BLAST)#689
E/CompositionEngine(  631): yyyy: Layer Name== SurfaceView[glory.beta001/com.godot.game.GodotAppLauncher](BLAST)#689
E/CompositionEngine(  631): yyyy: Layer Name== SurfaceView[glory.beta001/com.godot.game.GodotAppLauncher](BLAST)#689
E/CompositionEngine(  631): yyyy: Layer Name== SurfaceView[glory.beta001/com.godot.game.GodotAppLauncher](BLAST)#689
E/CompositionEngine(  631): yyyy: Layer Name== SurfaceView[glory.beta001/com.godot.game.GodotAppLauncher](BLAST)#689
E/CompositionEngine(  631): yyyy: Layer Name== SurfaceView[glory.beta001/com.godot.game.GodotAppLauncher](BLAST)#689
E/CompositionEngine(  631): yyyy: Layer Name== SurfaceView[glory.beta001/com.godot.game.GodotAppLauncher](BLAST)#689
E/CompositionEngine(  631): yyyy: Layer Name== SurfaceView[glory.beta001/com.godot.game.GodotAppLauncher](BLAST)#689
E/CompositionEngine(  631): yyyy: Layer Name== SurfaceView[glory.beta001/com.godot.game.GodotAppLauncher](BLAST)#689
E/CompositionEngine(  631): yyyy: Layer Name== SurfaceView[glory.beta001/com.godot.game.GodotAppLauncher](BLAST)#689
I/godot   (19364): [PERFLOG] fps=36 proc=131.8ms phys=0.3ms video=200.0 tex=171.2 buf=5.4 static=93.7 obj=1802 res=271 node=26 orphan=0 draw=11 tween=0
I/godot   (19364): [PERFLOG] skin skel=0 bones=0 play=0/0 hidden_play=0 vis_vert=0 hid_vert=0
E/CompositionEngine(  631): yyyy: Layer Name== SurfaceView[glory.beta001/com.godot.game.GodotAppLauncher](BLAST)#689
E/CompositionEngine(  631): yyyy: Layer Name== SurfaceView[glory.beta001/com.godot.game.GodotAppLauncher](BLAST)#689
E/CompositionEngine(  631): yyyy: Layer Name== SurfaceView[glory.beta001/com.godot.game.GodotAppLauncher](BLAST)#689
E/CompositionEngine(  631): yyyy: Layer Name== SurfaceView[glory.beta001/com.godot.game.GodotAppLauncher](BLAST)#689
E/CompositionEngine(  631): yyyy: Layer Name== SurfaceView[glory.beta001/com.godot.game.GodotAppLauncher](BLAST)#689
E/CompositionEngine(  631): yyyy: Layer Name== SurfaceView[glory.beta001/com.godot.game.GodotAppLauncher](BLAST)#689
E/CompositionEngine(  631): yyyy: Layer Name== SurfaceView[glory.beta001/com.godot.game.GodotAppLauncher](BLAST)#689
E/CompositionEngine(  631): yyyy: Layer Name== SurfaceView[glory.beta001/com.godot.game.GodotAppLauncher](BLAST)#689
E/CompositionEngine(  631): yyyy: Layer Name== SurfaceView[glory.beta001/com.godot.game.GodotAppLauncher](BLAST)#689
E/CompositionEngine(  631): yyyy: Layer Name== SurfaceView[glory.beta001/com.godot.game.GodotAppLauncher](BLAST)#689
E/CompositionEngine(  631): yyyy: Layer Name== SurfaceView[glory.beta001/com.godot.game.GodotAppLauncher](BLAST)#689
E/CompositionEngine(  631): yyyy: Layer Name== SurfaceView[glory.beta001/com.godot.game.GodotAppLauncher](BLAST)#689
E/CompositionEngine(  631): yyyy: Layer Name== SurfaceView[glory.beta001/com.godot.game.GodotAppLauncher](BLAST)#689
E/CompositionEngine(  631): yyyy: Layer Name== SurfaceView[glory.beta001/com.godot.game.GodotAppLauncher](BLAST)#689
E/CompositionEngine(  631): yyyy: Layer Name== SurfaceView[glory.beta001/com.godot.game.GodotAppLauncher](BLAST)#689
E/CompositionEngine(  631): yyyy: Layer Name== SurfaceView[glory.beta001/com.godot.game.GodotAppLauncher](BLAST)#689
E/CompositionEngine(  631): yyyy: Layer Name== SurfaceView[glory.beta001/com.godot.game.GodotAppLauncher](BLAST)#689
E/CompositionEngine(  631): yyyy: Layer Name== SurfaceView[glory.beta001/com.godot.game.GodotAppLauncher](BLAST)#689
E/CompositionEngine(  631): yyyy: Layer Name== SurfaceView[glory.beta001/com.godot.game.GodotAppLauncher](BLAST)#689
V/BroadcastQueue( 1082): Enqueuing BroadcastRecord{6344cd7 android.intent.action.BATTERY_CHANGED/u-1} ordered=false from uid 1000 pid 1082 for 2 receivers
V/BroadcastQueue( 1082): Enqueuing BroadcastRecord{8f869c4 android.intent.action.BATTERY_CHANGED/u-1} ordered=false from uid 1000 pid 1082 for 27 receivers
D/PowerUI ( 1584): can't show warning due to - plugged: true status unknown: false
D/BatteryController( 1584): onReceive:mLevel=48,mCharging=true
D/BoardScore( 1082): Received android.intent.action.BATTERY_CHANGED
D/BoardScore( 1082): chargePlug 2; status =2
D/BatteryServiceERP( 1082): action: android.intent.action.BATTERY_CHANGED,level:48,scale:100,status:2,isCharging:true,isSendNotification: false,isForceCharging:false
D/BatteryServiceERP( 1082): battProtect switch: 0
D/UnisocBatteryControllerEx( 1584): fireChargingSpeedChanged: 0
D/UnisocPowerUI( 1584): onReceive health:2 --> 2
D/PowerHALManager( 1082): powerhalmanager sendHint!!!
D/PowerHAL(  617): enter VendorPower::sendHint
D/PowerHAL(  617): sendHint enter sendHint if():
D/PowerHAL(  617): sendHint got hintSession:0xb400007c46c13a10 
D/PowerHAL(  617): PowerHintSession sendHint hintSession and hint=2: mTgid: 1584, mUid: 10184
D/PowerHAL(  617): enter case CPU_LOAD_RESET, and uclampMin_High=650
D/PowerHAL(  617): sendHint got hintSession:0xb400007c46c13a10 return ok!
E/CompositionEngine(  631): yyyy: Layer Name== SurfaceView[glory.beta001/com.godot.game.GodotAppLauncher](BLAST)#689
D/PowerHALManager( 1082): powerhalmanager sendHint!!!
D/PowerHAL(  617): enter VendorPower::sendHint
D/PowerHAL(  617): sendHint enter sendHint if():
D/PowerHAL(  617): sendHint got hintSession:0xb400007c46c13a10 
D/PowerHAL(  617): PowerHintSession sendHint hintSession and hint=0: mTgid: 1584, mUid: 10184
D/PowerHAL(  617): enter case CPU_LOAD_UP, and uclampMin_High=650
D/PowerHAL(  617): sendHint got hintSession:0xb400007c46c13a10 return ok!
E/CompositionEngine(  631): yyyy: Layer Name== SurfaceView[glory.beta001/com.godot.game.GodotAppLauncher](BLAST)#689
I/godot   (19364): [PERFLOG] fps=35 proc=108.9ms phys=0.1ms video=210.3 tex=181.4 buf=5.4 static=94.6 obj=1839 res=277 node=34 orphan=0 draw=12 tween=1
I/godot   (19364): [PERFLOG] skin skel=0 bones=0 play=0/0 hidden_play=0 vis_vert=0 hid_vert=0
E/CompositionEngine(  631): yyyy: Layer Name== SurfaceView[glory.beta001/com.godot.game.GodotAppLauncher](BLAST)#689
E/CompositionEngine(  631): yyyy: Layer Name== SurfaceView[glory.beta001/com.godot.game.GodotAppLauncher](BLAST)#689
E/CompositionEngine(  631): yyyy: Layer Name== SurfaceView[glory.beta001/com.godot.game.GodotAppLauncher](BLAST)#689
E/CompositionEngine(  631): yyyy: Layer Name== SurfaceView[glory.beta001/com.godot.game.GodotAppLauncher](BLAST)#689
V/AS.AudioDeviceBroker( 1082): requestedCommunicationDevice: null mAudioModeOwner: AudioModeInfo: mMode=MODE_NORMAL, mPid=0, mUid=0
V/AS.AudioDeviceBroker( 1082): requestedCommunicationDevice: null mAudioModeOwner: AudioModeInfo: mMode=MODE_NORMAL, mPid=0, mUid=0
E/CompositionEngine(  631): yyyy: Layer Name== SurfaceView[glory.beta001/com.godot.game.GodotAppLauncher](BLAST)#689
E/CompositionEngine(  631): yyyy: Layer Name== SurfaceView[glory.beta001/com.godot.game.GodotAppLauncher](BLAST)#689
E/CompositionEngine(  631): yyyy: Layer Name== SurfaceView[glory.beta001/com.godot.game.GodotAppLauncher](BLAST)#689
E/CompositionEngine(  631): yyyy: Layer Name== SurfaceView[glory.beta001/com.godot.game.GodotAppLauncher](BLAST)#689
E/CompositionEngine(  631): yyyy: Layer Name== SurfaceView[glory.beta001/com.godot.game.GodotAppLauncher](BLAST)#689
D/WifiStaIfaceHidlImpl( 1082): getCachedScanData is not implemented by HIDL
E/CompositionEngine(  631): yyyy: Layer Name== SurfaceView[glory.beta001/com.godot.game.GodotAppLauncher](BLAST)#689
E/CompositionEngine(  631): yyyy: Layer Name== SurfaceView[glory.beta001/com.godot.game.GodotAppLauncher](BLAST)#689
E/CompositionEngine(  631): yyyy: Layer Name== SurfaceView[glory.beta001/com.godot.game.GodotAppLauncher](BLAST)#689
I/Cam_ALS (  609): in runlock when enable!
I/Cam_ALS (  609): event: readEvents luxValue 32.987682 scale: 0.908687
E/CompositionEngine(  631): yyyy: Layer Name== SurfaceView[glory.beta001/com.godot.game.GodotAppLauncher](BLAST)#689
E/CompositionEngine(  631): yyyy: Layer Name== SurfaceView[glory.beta001/com.godot.game.GodotAppLauncher](BLAST)#689
E/CompositionEngine(  631): yyyy: Layer Name== SurfaceView[glory.beta001/com.godot.game.GodotAppLauncher](BLAST)#689
E/CompositionEngine(  631): yyyy: Layer Name== SurfaceView[glory.beta001/com.godot.game.GodotAppLauncher](BLAST)#689
V/AlarmManager( 1082): set(PendingIntent{ac219ef: PendingIntentRecord{6660cfc android broadcastIntent}}) : type=3 listener=null listenerTag=null workSource=null callingPackage=android callingUid=1000 triggerAtTime=3659501 win=225000 tElapsed=3659501 maxElapsed=3884501 interval=0 flags=0x8
D/AlarmManagerService( 1082): set alarm to kernel: 3409497000000, type=2
D/AlarmManagerService( 1082): set alarm to kernel: 3382682000000, type=3
D/AlarmManagerService( 1082): set alarm to kernel: 3409497000000, type=2
D/AlarmManagerService( 1082): set alarm to kernel: 3382682000000, type=3
E/CompositionEngine(  631): yyyy: Layer Name== SurfaceView[glory.beta001/com.godot.game.GodotAppLauncher](BLAST)#689
E/CompositionEngine(  631): yyyy: Layer Name== SurfaceView[glory.beta001/com.godot.game.GodotAppLauncher](BLAST)#689
E/CompositionEngine(  631): yyyy: Layer Name== SurfaceView[glory.beta001/com.godot.game.GodotAppLauncher](BLAST)#689
E/CompositionEngine(  631): yyyy: Layer Name== SurfaceView[glory.beta001/com.godot.game.GodotAppLauncher](BLAST)#689
E/CompositionEngine(  631): yyyy: Layer Name== SurfaceView[glory.beta001/com.godot.game.GodotAppLauncher](BLAST)#689
E/CompositionEngine(  631): yyyy: Layer Name== SurfaceView[glory.beta001/com.godot.game.GodotAppLauncher](BLAST)#689
E/CompositionEngine(  631): yyyy: Layer Name== SurfaceView[glory.beta001/com.godot.game.GodotAppLauncher](BLAST)#689
E/CompositionEngine(  631): yyyy: Layer Name== SurfaceView[glory.beta001/com.godot.game.GodotAppLauncher](BLAST)#689
E/CompositionEngine(  631): yyyy: Layer Name== SurfaceView[glory.beta001/com.godot.game.GodotAppLauncher](BLAST)#689
E/CompositionEngine(  631): yyyy: Layer Name== SurfaceView[glory.beta001/com.godot.game.GodotAppLauncher](BLAST)#689
E/CompositionEngine(  631): yyyy: Layer Name== SurfaceView[glory.beta001/com.godot.game.GodotAppLauncher](BLAST)#689
I/godot   (19364): [PERFLOG] fps=35 proc=108.9ms phys=0.1ms video=212.0 tex=183.1 buf=5.4 static=95.3 obj=1928 res=281 node=53 orphan=0 draw=25 tween=6
I/godot   (19364): [PERFLOG] skin skel=0 bones=0 play=0/0 hidden_play=0 vis_vert=0 hid_vert=0
E/CompositionEngine(  631): yyyy: Layer Name== SurfaceView[glory.beta001/com.godot.game.GodotAppLauncher](BLAST)#689
E/CompositionEngine(  631): yyyy: Layer Name== SurfaceView[glory.beta001/com.godot.game.GodotAppLauncher](BLAST)#689
E/CompositionEngine(  631): yyyy: Layer Name== SurfaceView[glory.beta001/com.godot.game.GodotAppLauncher](BLAST)#689
E/CompositionEngine(  631): yyyy: Layer Name== SurfaceView[glory.beta001/com.godot.game.GodotAppLauncher](BLAST)#689
E/CompositionEngine(  631): yyyy: Layer Name== SurfaceView[glory.beta001/com.godot.game.GodotAppLauncher](BLAST)#689
E/CompositionEngine(  631): yyyy: Layer Name== SurfaceView[glory.beta001/com.godot.game.GodotAppLauncher](BLAST)#689
E/CompositionEngine(  631): yyyy: Layer Name== SurfaceView[glory.beta001/com.godot.game.GodotAppLauncher](BLAST)#689
E/CompositionEngine(  631): yyyy: Layer Name== SurfaceView[glory.beta001/com.godot.game.GodotAppLauncher](BLAST)#689
E/CompositionEngine(  631): yyyy: Layer Name== SurfaceView[glory.beta001/com.godot.game.GodotAppLauncher](BLAST)#689
E/CompositionEngine(  631): yyyy: Layer Name== SurfaceView[glory.beta001/com.godot.game.GodotAppLauncher](BLAST)#689
E/CompositionEngine(  631): yyyy: Layer Name== SurfaceView[glory.beta001/com.godot.game.GodotAppLauncher](BLAST)#689
E/CompositionEngine(  631): yyyy: Layer Name== SurfaceView[glory.beta001/com.godot.game.GodotAppLauncher](BLAST)#689
E/CompositionEngine(  631): yyyy: Layer Name== SurfaceView[glory.beta001/com.godot.game.GodotAppLauncher](BLAST)#689
E/CompositionEngine(  631): yyyy: Layer Name== SurfaceView[glory.beta001/com.godot.game.GodotAppLauncher](BLAST)#689
E/CompositionEngine(  631): yyyy: Layer Name== SurfaceView[glory.beta001/com.godot.game.GodotAppLauncher](BLAST)#689
E/CompositionEngine(  631): yyyy: Layer Name== SurfaceView[glory.beta001/com.godot.game.GodotAppLauncher](BLAST)#689
E/CompositionEngine(  631): yyyy: Layer Name== SurfaceView[glory.beta001/com.godot.game.GodotAppLauncher](BLAST)#689
E/CompositionEngine(  631): yyyy: Layer Name== SurfaceView[glory.beta001/com.godot.game.GodotAppLauncher](BLAST)#689
E/CompositionEngine(  631): yyyy: Layer Name== SurfaceView[glory.beta001/com.godot.game.GodotAppLauncher](BLAST)#689
E/CompositionEngine(  631): yyyy: Layer Name== SurfaceView[glory.beta001/com.godot.game.GodotAppLauncher](BLAST)#689
E/CompositionEngine(  631): yyyy: Layer Name== SurfaceView[glory.beta001/com.godot.game.GodotAppLauncher](BLAST)#689
E/CompositionEngine(  631): yyyy: Layer Name== SurfaceView[glory.beta001/com.godot.game.GodotAppLauncher](BLAST)#689
E/CompositionEngine(  631): yyyy: Layer Name== SurfaceView[glory.beta001/com.godot.game.GodotAppLauncher](BLAST)#689
E/CompositionEngine(  631): yyyy: Layer Name== SurfaceView[glory.beta001/com.godot.game.GodotAppLauncher](BLAST)#689
I/godot   (19364): [PERFLOG] fps=47 proc=75.6ms phys=0.1ms video=212.0 tex=183.1 buf=5.3 static=95.5 obj=1855 res=281 node=34 orphan=0 draw=12 tween=2
I/godot   (19364): [PERFLOG] skin skel=0 bones=0 play=0/0 hidden_play=0 vis_vert=0 hid_vert=0
E/CompositionEngine(  631): yyyy: Layer Name== SurfaceView[glory.beta001/com.godot.game.GodotAppLauncher](BLAST)#689
D/UniActivityTaskManagerServiceExt( 1082): mUatms.mHomeProcess = ProcessRecord{9fd1f18 1807:com.gogo.launcher/u0a92}
E/CompositionEngine(  631): yyyy: Layer Name== SurfaceView[glory.beta001/com.godot.game.GodotAppLauncher](BLAST)#689
E/CompositionEngine(  631): yyyy: Layer Name== SurfaceView[glory.beta001/com.godot.game.GodotAppLauncher](BLAST)#689
V/AS.AudioDeviceBroker( 1082): requestedCommunicationDevice: null mAudioModeOwner: AudioModeInfo: mMode=MODE_NORMAL, mPid=0, mUid=0
V/AS.AudioDeviceBroker( 1082): requestedCommunicationDevice: null mAudioModeOwner: AudioModeInfo: mMode=MODE_NORMAL, mPid=0, mUid=0
E/CompositionEngine(  631): yyyy: Layer Name== SurfaceView[glory.beta001/com.godot.game.GodotAppLauncher](BLAST)#689
E/CompositionEngine(  631): yyyy: Layer Name== SurfaceView[glory.beta001/com.godot.game.GodotAppLauncher](BLAST)#689
E/CompositionEngine(  631): yyyy: Layer Name== SurfaceView[glory.beta001/com.godot.game.GodotAppLauncher](BLAST)#689
E/CompositionEngine(  631): yyyy: Layer Name== SurfaceView[glory.beta001/com.godot.game.GodotAppLauncher](BLAST)#689
E/CompositionEngine(  631): yyyy: Layer Name== SurfaceView[glory.beta001/com.godot.game.GodotAppLauncher](BLAST)#689
E/CompositionEngine(  631): yyyy: Layer Name== SurfaceView[glory.beta001/com.godot.game.GodotAppLauncher](BLAST)#689
E/CompositionEngine(  631): yyyy: Layer Name== SurfaceView[glory.beta001/com.godot.game.GodotAppLauncher](BLAST)#689
E/CompositionEngine(  631): yyyy: Layer Name== SurfaceView[glory.beta001/com.godot.game.GodotAppLauncher](BLAST)#689
E/CompositionEngine(  631): yyyy: Layer Name== SurfaceView[glory.beta001/com.godot.game.GodotAppLauncher](BLAST)#689
E/CompositionEngine(  631): yyyy: Layer Name== SurfaceView[glory.beta001/com.godot.game.GodotAppLauncher](BLAST)#689
E/CompositionEngine(  631): yyyy: Layer Name== SurfaceView[glory.beta001/com.godot.game.GodotAppLauncher](BLAST)#689
E/CompositionEngine(  631): yyyy: Layer Name== SurfaceView[glory.beta001/com.godot.game.GodotAppLauncher](BLAST)#689
I/godot   (19364): [WARMUP] 阶段完成：first_battle 44 项，累计 3811 ms
E/CompositionEngine(  631): yyyy: Layer Name== SurfaceView[glory.beta001/com.godot.game.GodotAppLauncher](BLAST)#689
E/CompositionEngine(  631): yyyy: Layer Name== SurfaceView[glory.beta001/com.godot.game.GodotAppLauncher](BLAST)#689
E/CompositionEngine(  631): yyyy: Layer Name== SurfaceView[glory.beta001/com.godot.game.GodotAppLauncher](BLAST)#689
E/CompositionEngine(  631): yyyy: Layer Name== SurfaceView[glory.beta001/com.godot.game.GodotAppLauncher](BLAST)#689
E/CompositionEngine(  631): yyyy: Layer Name== SurfaceView[glory.beta001/com.godot.game.GodotAppLauncher](BLAST)#689
E/CompositionEngine(  631): yyyy: Layer Name== SurfaceView[glory.beta001/com.godot.game.GodotAppLauncher](BLAST)#689
E/CompositionEngine(  631): yyyy: Layer Name== SurfaceView[glory.beta001/com.godot.game.GodotAppLauncher](BLAST)#689
E/CompositionEngine(  631): yyyy: Layer Name== SurfaceView[glory.beta001/com.godot.game.GodotAppLauncher](BLAST)#689
E/CompositionEngine(  631): yyyy: Layer Name== SurfaceView[glory.beta001/com.godot.game.GodotAppLauncher](BLAST)#689
I/godot   (19364): [PERFLOG] fps=47 proc=75.6ms phys=0.1ms video=227.0 tex=198.1 buf=5.4 static=95.7 obj=1879 res=290 node=36 orphan=0 draw=12 tween=2
I/godot   (19364): [PERFLOG] skin skel=0 bones=0 play=0/0 hidden_play=0 vis_vert=0 hid_vert=0
E/CompositionEngine(  631): yyyy: Layer Name== SurfaceView[glory.beta001/com.godot.game.GodotAppLauncher](BLAST)#689
E/CompositionEngine(  631): yyyy: Layer Name== SurfaceView[glory.beta001/com.godot.game.GodotAppLauncher](BLAST)#689
E/CompositionEngine(  631): yyyy: Layer Name== SurfaceView[glory.beta001/com.godot.game.GodotAppLauncher](BLAST)#689
D/LowMemDetector( 1082): mExtendM: reportMemPressure1
I/ExtM    ( 1082): the number of flushable pages is relatively few
E/CompositionEngine(  631): yyyy: Layer Name== SurfaceView[glory.beta001/com.godot.game.GodotAppLauncher](BLAST)#689
E/CompositionEngine(  631): yyyy: Layer Name== SurfaceView[glory.beta001/com.godot.game.GodotAppLauncher](BLAST)#689
E/CompositionEngine(  631): yyyy: Layer Name== SurfaceView[glory.beta001/com.godot.game.GodotAppLauncher](BLAST)#689
E/CompositionEngine(  631): yyyy: Layer Name== SurfaceView[glory.beta001/com.godot.game.GodotAppLauncher](BLAST)#689
E/CompositionEngine(  631): yyyy: Layer Name== SurfaceView[glory.beta001/com.godot.game.GodotAppLauncher](BLAST)#689
E/CompositionEngine(  631): yyyy: Layer Name== SurfaceView[glory.beta001/com.godot.game.GodotAppLauncher](BLAST)#689
E/CompositionEngine(  631): yyyy: Layer Name== SurfaceView[glory.beta001/com.godot.game.GodotAppLauncher](BLAST)#689
E/CompositionEngine(  631): yyyy: Layer Name== SurfaceView[glory.beta001/com.godot.game.GodotAppLauncher](BLAST)#689
E/CompositionEngine(  631): yyyy: Layer Name== SurfaceView[glory.beta001/com.godot.game.GodotAppLauncher](BLAST)#689
E/CompositionEngine(  631): yyyy: Layer Name== SurfaceView[glory.beta001/com.godot.game.GodotAppLauncher](BLAST)#689
E/CompositionEngine(  631): yyyy: Layer Name== SurfaceView[glory.beta001/com.godot.game.GodotAppLauncher](BLAST)#689
E/CompositionEngine(  631): yyyy: Layer Name== SurfaceView[glory.beta001/com.godot.game.GodotAppLauncher](BLAST)#689
E/CompositionEngine(  631): yyyy: Layer Name== SurfaceView[glory.beta001/com.godot.game.GodotAppLauncher](BLAST)#689
E/CompositionEngine(  631): yyyy: Layer Name== SurfaceView[glory.beta001/com.godot.game.GodotAppLauncher](BLAST)#689
E/CompositionEngine(  631): yyyy: Layer Name== SurfaceView[glory.beta001/com.godot.game.GodotAppLauncher](BLAST)#689
E/CompositionEngine(  631): yyyy: Layer Name== SurfaceView[glory.beta001/com.godot.game.GodotAppLauncher](BLAST)#689
E/CompositionEngine(  631): yyyy: Layer Name== SurfaceView[glory.beta001/com.godot.game.GodotAppLauncher](BLAST)#689
E/CompositionEngine(  631): yyyy: Layer Name== SurfaceView[glory.beta001/com.godot.game.GodotAppLauncher](BLAST)#689
E/CompositionEngine(  631): yyyy: Layer Name== SurfaceView[glory.beta001/com.godot.game.GodotAppLauncher](BLAST)#689
E/CompositionEngine(  631): yyyy: Layer Name== SurfaceView[glory.beta001/com.godot.game.GodotAppLauncher](BLAST)#689
E/CompositionEngine(  631): yyyy: Layer Name== SurfaceView[glory.beta001/com.godot.game.GodotAppLauncher](BLAST)#689
I/godot   (19364): [PERFLOG] fps=44 proc=130.3ms phys=0.1ms video=235.3 tex=206.4 buf=5.4 static=96.0 obj=1985 res=296 node=49 orphan=0 draw=16 tween=19
E/CompositionEngine(  631): yyyy: Layer Name== SurfaceView[glory.beta001/com.godot.game.GodotAppLauncher](BLAST)#689
I/godot   (19364): [PERFLOG] skin skel=0 bones=0 play=0/0 hidden_play=0 vis_vert=0 hid_vert=0
V/AS.AudioDeviceBroker( 1082): requestedCommunicationDevice: null mAudioModeOwner: AudioModeInfo: mMode=MODE_NORMAL, mPid=0, mUid=0
V/AS.AudioDeviceBroker( 1082): requestedCommunicationDevice: null mAudioModeOwner: AudioModeInfo: mMode=MODE_NORMAL, mPid=0, mUid=0
E/CompositionEngine(  631): yyyy: Layer Name== SurfaceView[glory.beta001/com.godot.game.GodotAppLauncher](BLAST)#689
E/CompositionEngine(  631): yyyy: Layer Name== SurfaceView[glory.beta001/com.godot.game.GodotAppLauncher](BLAST)#689
E/CompositionEngine(  631): yyyy: Layer Name== SurfaceView[glory.beta001/com.godot.game.GodotAppLauncher](BLAST)#689
I/Cam_ALS (  609): in runlock when enable!
I/Cam_ALS (  609): event: readEvents luxValue 32.987682 scale: 0.908687
E/CompositionEngine(  631): yyyy: Layer Name== SurfaceView[glory.beta001/com.godot.game.GodotAppLauncher](BLAST)#689
E/CompositionEngine(  631): yyyy: Layer Name== SurfaceView[glory.beta001/com.godot.game.GodotAppLauncher](BLAST)#689
E/CompositionEngine(  631): yyyy: Layer Name== SurfaceView[glory.beta001/com.godot.game.GodotAppLauncher](BLAST)#689
E/CompositionEngine(  631): yyyy: Layer Name== SurfaceView[glory.beta001/com.godot.game.GodotAppLauncher](BLAST)#689
E/CompositionEngine(  631): yyyy: Layer Name== SurfaceView[glory.beta001/com.godot.game.GodotAppLauncher](BLAST)#689
E/CompositionEngine(  631): yyyy: Layer Name== SurfaceView[glory.beta001/com.godot.game.GodotAppLauncher](BLAST)#689
E/CompositionEngine(  631): yyyy: Layer Name== SurfaceView[glory.beta001/com.godot.game.GodotAppLauncher](BLAST)#689
E/CompositionEngine(  631): yyyy: Layer Name== SurfaceView[glory.beta001/com.godot.game.GodotAppLauncher](BLAST)#689
E/CompositionEngine(  631): yyyy: Layer Name== SurfaceView[glory.beta001/com.godot.game.GodotAppLauncher](BLAST)#689
E/CompositionEngine(  631): yyyy: Layer Name== SurfaceView[glory.beta001/com.godot.game.GodotAppLauncher](BLAST)#689
E/CompositionEngine(  631): yyyy: Layer Name== SurfaceView[glory.beta001/com.godot.game.GodotAppLauncher](BLAST)#689
E/CompositionEngine(  631): yyyy: Layer Name== SurfaceView[glory.beta001/com.godot.game.GodotAppLauncher](BLAST)#689
E/CompositionEngine(  631): yyyy: Layer Name== SurfaceView[glory.beta001/com.godot.game.GodotAppLauncher](BLAST)#689
E/CompositionEngine(  631): yyyy: Layer Name== SurfaceView[glory.beta001/com.godot.game.GodotAppLauncher](BLAST)#689
E/CompositionEngine(  631): yyyy: Layer Name== SurfaceView[glory.beta001/com.godot.game.GodotAppLauncher](BLAST)#689
I/godot   (19364): [PERFLOG] fps=44 proc=130.3ms phys=0.1ms video=247.8 tex=218.9 buf=5.3 static=96.4 obj=1870 res=306 node=26 orphan=0 draw=11 tween=2
E/CompositionEngine(  631): yyyy: Layer Name== SurfaceView[glory.beta001/com.godot.game.GodotAppLauncher](BLAST)#689
I/godot   (19364): [PERFLOG] skin skel=0 bones=0 play=0/0 hidden_play=0 vis_vert=0 hid_vert=0
E/CompositionEngine(  631): yyyy: Layer Name== SurfaceView[glory.beta001/com.godot.game.GodotAppLauncher](BLAST)#689
E/CompositionEngine(  631): yyyy: Layer Name== SurfaceView[glory.beta001/com.godot.game.GodotAppLauncher](BLAST)#689
E/CompositionEngine(  631): yyyy: Layer Name== SurfaceView[glory.beta001/com.godot.game.GodotAppLauncher](BLAST)#689
E/CompositionEngine(  631): yyyy: Layer Name== SurfaceView[glory.beta001/com.godot.game.GodotAppLauncher](BLAST)#689
E/CompositionEngine(  631): yyyy: Layer Name== SurfaceView[glory.beta001/com.godot.game.GodotAppLauncher](BLAST)#689
E/CompositionEngine(  631): yyyy: Layer Name== SurfaceView[glory.beta001/com.godot.game.GodotAppLauncher](BLAST)#689
E/CompositionEngine(  631): yyyy: Layer Name== SurfaceView[glory.beta001/com.godot.game.GodotAppLauncher](BLAST)#689
E/CompositionEngine(  631): yyyy: Layer Name== SurfaceView[glory.beta001/com.godot.game.GodotAppLauncher](BLAST)#689
E/CompositionEngine(  631): yyyy: Layer Name== SurfaceView[glory.beta001/com.godot.game.GodotAppLauncher](BLAST)#689
E/CompositionEngine(  631): yyyy: Layer Name== SurfaceView[glory.beta001/com.godot.game.GodotAppLauncher](BLAST)#689
E/CompositionEngine(  631): yyyy: Layer Name== SurfaceView[glory.beta001/com.godot.game.GodotAppLauncher](BLAST)#689
E/CompositionEngine(  631): yyyy: Layer Name== SurfaceView[glory.beta001/com.godot.game.GodotAppLauncher](BLAST)#689
E/CompositionEngine(  631): yyyy: Layer Name== SurfaceView[glory.beta001/com.godot.game.GodotAppLauncher](BLAST)#689
E/CompositionEngine(  631): yyyy: Layer Name== SurfaceView[glory.beta001/com.godot.game.GodotAppLauncher](BLAST)#689
E/CompositionEngine(  631): yyyy: Layer Name== SurfaceView[glory.beta001/com.godot.game.GodotAppLauncher](BLAST)#689
E/CompositionEngine(  631): yyyy: Layer Name== SurfaceView[glory.beta001/com.godot.game.GodotAppLauncher](BLAST)#689
E/CompositionEngine(  631): yyyy: Layer Name== SurfaceView[glory.beta001/com.godot.game.GodotAppLauncher](BLAST)#689
E/CompositionEngine(  631): yyyy: Layer Name== SurfaceView[glory.beta001/com.godot.game.GodotAppLauncher](BLAST)#689
E/CompositionEngine(  631): yyyy: Layer Name== SurfaceView[glory.beta001/com.godot.game.GodotAppLauncher](BLAST)#689
E/CompositionEngine(  631): yyyy: Layer Name== SurfaceView[glory.beta001/com.godot.game.GodotAppLauncher](BLAST)#689
E/CompositionEngine(  631): yyyy: Layer Name== SurfaceView[glory.beta001/com.godot.game.GodotAppLauncher](BLAST)#689
E/CompositionEngine(  631): yyyy: Layer Name== SurfaceView[glory.beta001/com.godot.game.GodotAppLauncher](BLAST)#689
E/CompositionEngine(  631): yyyy: Layer Name== SurfaceView[glory.beta001/com.godot.game.GodotAppLauncher](BLAST)#689
E/CompositionEngine(  631): yyyy: Layer Name== SurfaceView[glory.beta001/com.godot.game.GodotAppLauncher](BLAST)#689
V/AS.AudioDeviceBroker( 1082): requestedCommunicationDevice: null mAudioModeOwner: AudioModeInfo: mMode=MODE_NORMAL, mPid=0, mUid=0
V/AS.AudioDeviceBroker( 1082): requestedCommunicationDevice: null mAudioModeOwner: AudioModeInfo: mMode=MODE_NORMAL, mPid=0, mUid=0
E/CompositionEngine(  631): yyyy: Layer Name== SurfaceView[glory.beta001/com.godot.game.GodotAppLauncher](BLAST)#689
I/godot   (19364): [PERFLOG] fps=44 proc=115.2ms phys=0.1ms video=252.5 tex=223.6 buf=5.4 static=97.0 obj=1913 res=313 node=38 orphan=0 draw=14 tween=4
I/godot   (19364): [PERFLOG] skin skel=0 bones=0 play=0/0 hidden_play=0 vis_vert=0 hid_vert=0
E/CompositionEngine(  631): yyyy: Layer Name== SurfaceView[glory.beta001/com.godot.game.GodotAppLauncher](BLAST)#689
E/CompositionEngine(  631): yyyy: Layer Name== SurfaceView[glory.beta001/com.godot.game.GodotAppLauncher](BLAST)#689
E/CompositionEngine(  631): yyyy: Layer Name== SurfaceView[glory.beta001/com.godot.game.GodotAppLauncher](BLAST)#689
E/CompositionEngine(  631): yyyy: Layer Name== SurfaceView[glory.beta001/com.godot.game.GodotAppLauncher](BLAST)#689
D/WifiStaIfaceHidlImpl( 1082): getCachedScanData is not implemented by HIDL
E/CompositionEngine(  631): yyyy: Layer Name== SurfaceView[glory.beta001/com.godot.game.GodotAppLauncher](BLAST)#689
D/ConnectivityService( 1082): NetReassign [no changes] [c 1] [a 0] [i 2]
E/CompositionEngine(  631): yyyy: Layer Name== SurfaceView[glory.beta001/com.godot.game.GodotAppLauncher](BLAST)#689
E/CompositionEngine(  631): yyyy: Layer Name== SurfaceView[glory.beta001/com.godot.game.GodotAppLauncher](BLAST)#689
E/CompositionEngine(  631): yyyy: Layer Name== SurfaceView[glory.beta001/com.godot.game.GodotAppLauncher](BLAST)#689
E/CompositionEngine(  631): yyyy: Layer Name== SurfaceView[glory.beta001/com.godot.game.GodotAppLauncher](BLAST)#689
E/CompositionEngine(  631): yyyy: Layer Name== SurfaceView[glory.beta001/com.godot.game.GodotAppLauncher](BLAST)#689
E/CompositionEngine(  631): yyyy: Layer Name== SurfaceView[glory.beta001/com.godot.game.GodotAppLauncher](BLAST)#689
E/CompositionEngine(  631): yyyy: Layer Name== SurfaceView[glory.beta001/com.godot.game.GodotAppLauncher](BLAST)#689
D/SSense.CameraAppRecognizer( 1082): CameraAppScene for uid:10266 pkg name:glory.beta001 sceneId:0 changed:false mCurrentCameraAppName:null
D/SSense.GalleryAppSceneRecognizer( 1082): GalleryAppScene for uid:10266 pkg name:glory.beta001 sceneId:0 changed:false mCurrentFlingAppName:null
E/CompositionEngine(  631): yyyy: Layer Name== SurfaceView[glory.beta001/com.godot.game.GodotAppLauncher](BLAST)#689
E/CompositionEngine(  631): yyyy: Layer Name== SurfaceView[glory.beta001/com.godot.game.GodotAppLauncher](BLAST)#689
E/CompositionEngine(  631): yyyy: Layer Name== SurfaceView[glory.beta001/com.godot.game.GodotAppLauncher](BLAST)#689
E/CompositionEngine(  631): yyyy: Layer Name== SurfaceView[glory.beta001/com.godot.game.GodotAppLauncher](BLAST)#689
E/CompositionEngine(  631): yyyy: Layer Name== SurfaceView[glory.beta001/com.godot.game.GodotAppLauncher](BLAST)#689
E/CompositionEngine(  631): yyyy: Layer Name== SurfaceView[glory.beta001/com.godot.game.GodotAppLauncher](BLAST)#689
E/CompositionEngine(  631): yyyy: Layer Name== SurfaceView[glory.beta001/com.godot.game.GodotAppLauncher](BLAST)#689
E/CompositionEngine(  631): yyyy: Layer Name== SurfaceView[glory.beta001/com.godot.game.GodotAppLauncher](BLAST)#689
E/CompositionEngine(  631): yyyy: Layer Name== SurfaceView[glory.beta001/com.godot.game.GodotAppLauncher](BLAST)#689
E/CompositionEngine(  631): yyyy: Layer Name== SurfaceView[glory.beta001/com.godot.game.GodotAppLauncher](BLAST)#689
E/CompositionEngine(  631): yyyy: Layer Name== SurfaceView[glory.beta001/com.godot.game.GodotAppLauncher](BLAST)#689
E/CompositionEngine(  631): yyyy: Layer Name== SurfaceView[glory.beta001/com.godot.game.GodotAppLauncher](BLAST)#689
E/CompositionEngine(  631): yyyy: Layer Name== SurfaceView[glory.beta001/com.godot.game.GodotAppLauncher](BLAST)#689
E/CompositionEngine(  631): yyyy: Layer Name== SurfaceView[glory.beta001/com.godot.game.GodotAppLauncher](BLAST)#689
E/CompositionEngine(  631): yyyy: Layer Name== SurfaceView[glory.beta001/com.godot.game.GodotAppLauncher](BLAST)#689
I/godot   (19364): [PERFLOG] fps=44 proc=115.2ms phys=0.1ms video=259.6 tex=230.7 buf=5.4 static=97.6 obj=2000 res=322 node=70 orphan=0 draw=41 tween=0
I/godot   (19364): [PERFLOG] skin skel=0 bones=0 play=1/1 hidden_play=0 vis_vert=0 hid_vert=0
E/CompositionEngine(  631): yyyy: Layer Name== SurfaceView[glory.beta001/com.godot.game.GodotAppLauncher](BLAST)#689
E/CompositionEngine(  631): yyyy: Layer Name== SurfaceView[glory.beta001/com.godot.game.GodotAppLauncher](BLAST)#689
E/CompositionEngine(  631): yyyy: Layer Name== SurfaceView[glory.beta001/com.godot.game.GodotAppLauncher](BLAST)#689
E/CompositionEngine(  631): yyyy: Layer Name== SurfaceView[glory.beta001/com.godot.game.GodotAppLauncher](BLAST)#689
E/CompositionEngine(  631): yyyy: Layer Name== SurfaceView[glory.beta001/com.godot.game.GodotAppLauncher](BLAST)#689
E/CompositionEngine(  631): yyyy: Layer Name== SurfaceView[glory.beta001/com.godot.game.GodotAppLauncher](BLAST)#689
E/CompositionEngine(  631): yyyy: Layer Name== SurfaceView[glory.beta001/com.godot.game.GodotAppLauncher](BLAST)#689
E/CompositionEngine(  631): yyyy: Layer Name== SurfaceView[glory.beta001/com.godot.game.GodotAppLauncher](BLAST)#689
E/CompositionEngine(  631): yyyy: Layer Name== SurfaceView[glory.beta001/com.godot.game.GodotAppLauncher](BLAST)#689
V/BroadcastQueue( 1082): Enqueuing BroadcastRecord{5b3b360 android.intent.action.BATTERY_CHANGED/u-1} ordered=false from uid 1000 pid 1082 for 2 receivers
V/BroadcastQueue( 1082): Enqueuing BroadcastRecord{a6ad019 android.intent.action.BATTERY_CHANGED/u-1} ordered=false from uid 1000 pid 1082 for 27 receivers
D/BatteryController( 1584): onReceive:mLevel=48,mCharging=true
D/PowerUI ( 1584): can't show warning due to - plugged: true status unknown: false
D/BoardScore( 1082): Received android.intent.action.BATTERY_CHANGED
D/BoardScore( 1082): chargePlug 2; status =2
D/BatteryServiceERP( 1082): action: android.intent.action.BATTERY_CHANGED,level:48,scale:100,status:2,isCharging:true,isSendNotification: false,isForceCharging:false
D/BatteryServiceERP( 1082): battProtect switch: 0
D/PowerHALManager( 1082): powerhalmanager sendHint!!!
D/UnisocBatteryControllerEx( 1584): fireChargingSpeedChanged: 0
D/UnisocPowerUI( 1584): onReceive health:2 --> 2
D/PowerHAL(  617): enter VendorPower::sendHint
D/PowerHAL(  617): sendHint enter sendHint if():
D/PowerHAL(  617): sendHint got hintSession:0xb400007c46c13a10 
D/PowerHAL(  617): PowerHintSession sendHint hintSession and hint=2: mTgid: 1584, mUid: 10184
D/PowerHAL(  617): enter case CPU_LOAD_RESET, and uclampMin_High=650
D/PowerHAL(  617): sendHint got hintSession:0xb400007c46c13a10 return ok!
V/AS.AudioDeviceBroker( 1082): requestedCommunicationDevice: null mAudioModeOwner: AudioModeInfo: mMode=MODE_NORMAL, mPid=0, mUid=0
V/AS.AudioDeviceBroker( 1082): requestedCommunicationDevice: null mAudioModeOwner: AudioModeInfo: mMode=MODE_NORMAL, mPid=0, mUid=0
D/PowerHALManager( 1082): powerhalmanager sendHint!!!
D/PowerHAL(  617): enter VendorPower::sendHint
D/PowerHAL(  617): sendHint enter sendHint if():
D/PowerHAL(  617): sendHint got hintSession:0xb400007c46c13a10 
D/PowerHAL(  617): PowerHintSession sendHint hintSession and hint=0: mTgid: 1584, mUid: 10184
D/PowerHAL(  617): enter case CPU_LOAD_UP, and uclampMin_High=650
D/PowerHAL(  617): sendHint got hintSession:0xb400007c46c13a10 return ok!
E/CompositionEngine(  631): yyyy: Layer Name== SurfaceView[glory.beta001/com.godot.game.GodotAppLauncher](BLAST)#689
E/BoardScore( 1082):  not insert sim card !!!
D/BoardScore( 1082):  getWiFiTotalBytes start do!! 
D/BoardScore( 1082): startTimStamp: 1787207495653, endTimeStamp: 1787207500653; ret.getRxBytes()3101175; ret.getTxBytes()=35077
D/BoardScore( 1082):  get wifi Bytes = 3136252 , startTime =  1787207495653,  endTime = 1787207500653
E/BoardScore( 1082): mDownLoadThreadRunnable: TotalBytes =3136252
E/CompositionEngine(  631): yyyy: Layer Name== SurfaceView[glory.beta001/com.godot.game.GodotAppLauncher](BLAST)#689
E/CompositionEngine(  631): yyyy: Layer Name== SurfaceView[glory.beta001/com.godot.game.GodotAppLauncher](BLAST)#689
E/CompositionEngine(  631): yyyy: Layer Name== SurfaceView[glory.beta001/com.godot.game.GodotAppLauncher](BLAST)#689
I/Cam_ALS (  609): in runlock when enable!
I/Cam_ALS (  609): event: readEvents luxValue 32.987682 scale: 0.908687
I/godot   (19364): [PERFLOG] fps=52 proc=76.4ms phys=0.1ms video=259.7 tex=230.9 buf=5.4 static=97.8 obj=1907 res=345 node=31 orphan=0 draw=13 tween=0
I/godot   (19364): [PERFLOG] skin skel=0 bones=0 play=0/1 hidden_play=0 vis_vert=0 hid_vert=0
E/CompositionEngine(  631): yyyy: Layer Name== SurfaceView[glory.beta001/com.godot.game.GodotAppLauncher](BLAST)#689
E/CompositionEngine(  631): yyyy: Layer Name== SurfaceView[glory.beta001/com.godot.game.GodotAppLauncher](BLAST)#689
E/CompositionEngine(  631): yyyy: Layer Name== SurfaceView[glory.beta001/com.godot.game.GodotAppLauncher](BLAST)#689
D/sixth_tuning(  598): sixth_vdd_timer_callback : Enter
D/sixth_tuning(  598): sixth_vdd_timer_callback : vdd = 3870136
E/sixth_core(  598): param_proc_set_param : run !!!
E/sixth_core(  598): param_proc_set_param : msg->id = 66 !!!
E/sixth_core(  598): sixth_core_param_proc : process done param id = 0x1000ea03
E/sixth_core(  598): param_proc_set_param : run !!!
E/sixth_core(  598): param_proc_set_param : msg->id = 66 !!!
E/sixth_core(  598): sixth_core_param_proc : process done param id = 0x1000ea03
E/CompositionEngine(  631): yyyy: Layer Name== SurfaceView[glory.beta001/com.godot.game.GodotAppLauncher](BLAST)#689
E/CompositionEngine(  631): yyyy: Layer Name== SurfaceView[glory.beta001/com.godot.game.GodotAppLauncher](BLAST)#689
E/CompositionEngine(  631): yyyy: Layer Name== SurfaceView[glory.beta001/com.godot.game.GodotAppLauncher](BLAST)#689
E/CompositionEngine(  631): yyyy: Layer Name== SurfaceView[glory.beta001/com.godot.game.GodotAppLauncher](BLAST)#689
E/CompositionEngine(  631): yyyy: Layer Name== SurfaceView[glory.beta001/com.godot.game.GodotAppLauncher](BLAST)#689
E/CompositionEngine(  631): yyyy: Layer Name== SurfaceView[glory.beta001/com.godot.game.GodotAppLauncher](BLAST)#689
I/godot   (19364): [PERFLOG] fps=18 proc=209.4ms phys=0.1ms video=264.9 tex=236.0 buf=5.4 static=99.9 obj=1981 res=416 node=35 orphan=0 draw=11 tween=0
I/godot   (19364): [PERFLOG] skin skel=0 bones=0 play=0/0 hidden_play=0 vis_vert=0 hid_vert=0
E/CompositionEngine(  631): yyyy: Layer Name== SurfaceView[glory.beta001/com.godot.game.GodotAppLauncher](BLAST)#689
E/CompositionEngine(  631): yyyy: Layer Name== SurfaceView[glory.beta001/com.godot.game.GodotAppLauncher](BLAST)#689
E/CompositionEngine(  631): yyyy: Layer Name== SurfaceView[glory.beta001/com.godot.game.GodotAppLauncher](BLAST)#689
V/AS.AudioDeviceBroker( 1082): requestedCommunicationDevice: null mAudioModeOwner: AudioModeInfo: mMode=MODE_NORMAL, mPid=0, mUid=0
V/AS.AudioDeviceBroker( 1082): requestedCommunicationDevice: null mAudioModeOwner: AudioModeInfo: mMode=MODE_NORMAL, mPid=0, mUid=0
E/CompositionEngine(  631): yyyy: Layer Name== SurfaceView[glory.beta001/com.godot.game.GodotAppLauncher](BLAST)#689
E/CompositionEngine(  631): yyyy: Layer Name== SurfaceView[glory.beta001/com.godot.game.GodotAppLauncher](BLAST)#689
E/CompositionEngine(  631): yyyy: Layer Name== SurfaceView[glory.beta001/com.godot.game.GodotAppLauncher](BLAST)#689
I/godot   (19364): [WARMUP] 阶段完成：deferred 44 项，累计 7978 ms
E/CompositionEngine(  631): yyyy: Layer Name== SurfaceView[glory.beta001/com.godot.game.GodotAppLauncher](BLAST)#689
I/godot   (19364): [WARMUP] 结束：完成 96/96 耗时 7995 ms 最慢单项 148 ms (Warm_basic_attack_melee_god) 中止=false
E/CompositionEngine(  631): yyyy: Layer Name== SurfaceView[glory.beta001/com.godot.game.GodotAppLauncher](BLAST)#689
E/CompositionEngine(  631): yyyy: Layer Name== SurfaceView[glory.beta001/com.godot.game.GodotAppLauncher](BLAST)#689
E/CompositionEngine(  631): yyyy: Layer Name== SurfaceView[glory.beta001/com.godot.game.GodotAppLauncher](BLAST)#689
E/CompositionEngine(  631): yyyy: Layer Name== SurfaceView[glory.beta001/com.godot.game.GodotAppLauncher](BLAST)#689
E/CompositionEngine(  631): yyyy: Layer Name== SurfaceView[glory.beta001/com.godot.game.GodotAppLauncher](BLAST)#689
E/CompositionEngine(  631): yyyy: Layer Name== SurfaceView[glory.beta001/com.godot.game.GodotAppLauncher](BLAST)#689
I/godot   (19364): [PERFLOG] fps=18 proc=209.4ms phys=0.1ms video=263.5 tex=230.7 buf=7.3 static=98.4 obj=1874 res=332 node=19 orphan=0 draw=7 tween=0
I/godot   (19364): [PERFLOG] skin skel=0 bones=0 play=0/0 hidden_play=0 vis_vert=0 hid_vert=0
E/CompositionEngine(  631): yyyy: Layer Name== SurfaceView[glory.beta001/com.godot.game.GodotAppLauncher](BLAST)#689
E/CompositionEngine(  631): yyyy: Layer Name== SurfaceView[glory.beta001/com.godot.game.GodotAppLauncher](BLAST)#689
E/CompositionEngine(  631): yyyy: Layer Name== SurfaceView[glory.beta001/com.godot.game.GodotAppLauncher](BLAST)#689
E/CompositionEngine(  631): yyyy: Layer Name== SurfaceView[glory.beta001/com.godot.game.GodotAppLauncher](BLAST)#689
E/CompositionEngine(  631): yyyy: Layer Name== SurfaceView[glory.beta001/com.godot.game.GodotAppLauncher](BLAST)#689
E/CompositionEngine(  631): yyyy: Layer Name== SurfaceView[glory.beta001/com.godot.game.GodotAppLauncher](BLAST)#689
E/CompositionEngine(  631): yyyy: Layer Name== SurfaceView[glory.beta001/com.godot.game.GodotAppLauncher](BLAST)#689
E/CompositionEngine(  631): yyyy: Layer Name== SurfaceView[glory.beta001/com.godot.game.GodotAppLauncher](BLAST)#689
E/CompositionEngine(  631): yyyy: Layer Name== SurfaceView[glory.beta001/com.godot.game.GodotAppLauncher](BLAST)#689
E/CompositionEngine(  631): yyyy: Layer Name== SurfaceView[glory.beta001/com.godot.game.GodotAppLauncher](BLAST)#689
E/CompositionEngine(  631): yyyy: Layer Name== SurfaceView[glory.beta001/com.godot.game.GodotAppLauncher](BLAST)#689
E/CompositionEngine(  631): yyyy: Layer Name== SurfaceView[glory.beta001/com.godot.game.GodotAppLauncher](BLAST)#689
E/CompositionEngine(  631): yyyy: Layer Name== SurfaceView[glory.beta001/com.godot.game.GodotAppLauncher](BLAST)#689
E/CompositionEngine(  631): yyyy: Layer Name== SurfaceView[glory.beta001/com.godot.game.GodotAppLauncher](BLAST)#689
E/CompositionEngine(  631): yyyy: Layer Name== SurfaceView[glory.beta001/com.godot.game.GodotAppLauncher](BLAST)#689
E/CompositionEngine(  631): yyyy: Layer Name== SurfaceView[glory.beta001/com.godot.game.GodotAppLauncher](BLAST)#689
E/CompositionEngine(  631): yyyy: Layer Name== SurfaceView[glory.beta001/com.godot.game.GodotAppLauncher](BLAST)#689
E/CompositionEngine(  631): yyyy: Layer Name== SurfaceView[glory.beta001/com.godot.game.GodotAppLauncher](BLAST)#689
E/CompositionEngine(  631): yyyy: Layer Name== SurfaceView[glory.beta001/com.godot.game.GodotAppLauncher](BLAST)#689
E/CompositionEngine(  631): yyyy: Layer Name== SurfaceView[glory.beta001/com.godot.game.GodotAppLauncher](BLAST)#689
E/CompositionEngine(  631): yyyy: Layer Name== SurfaceView[glory.beta001/com.godot.game.GodotAppLauncher](BLAST)#689
E/CompositionEngine(  631): yyyy: Layer Name== SurfaceView[glory.beta001/com.godot.game.GodotAppLauncher](BLAST)#689
E/CompositionEngine(  631): yyyy: Layer Name== SurfaceView[glory.beta001/com.godot.game.GodotAppLauncher](BLAST)#689
E/CompositionEngine(  631): yyyy: Layer Name== SurfaceView[glory.beta001/com.godot.game.GodotAppLauncher](BLAST)#689
E/CompositionEngine(  631): yyyy: Layer Name== SurfaceView[glory.beta001/com.godot.game.GodotAppLauncher](BLAST)#689
E/CompositionEngine(  631): yyyy: Layer Name== SurfaceView[glory.beta001/com.godot.game.GodotAppLauncher](BLAST)#689
E/CompositionEngine(  631): yyyy: Layer Name== SurfaceView[glory.beta001/com.godot.game.GodotAppLauncher](BLAST)#689
E/CompositionEngine(  631): yyyy: Layer Name== SurfaceView[glory.beta001/com.godot.game.GodotAppLauncher](BLAST)#689
E/CompositionEngine(  631): yyyy: Layer Name== SurfaceView[glory.beta001/com.godot.game.GodotAppLauncher](BLAST)#689
E/CompositionEngine(  631): yyyy: Layer Name== SurfaceView[glory.beta001/com.godot.game.GodotAppLauncher](BLAST)#689
E/CompositionEngine(  631): yyyy: Layer Name== SurfaceView[glory.beta001/com.godot.game.GodotAppLauncher](BLAST)#689
I/godot   (19364): [PERFLOG] fps=18 proc=284.3ms phys=0.1ms video=263.5 tex=230.7 buf=7.3 static=98.4 obj=1874 res=332 node=19 orphan=0 draw=7 tween=0
E/CompositionEngine(  631): yyyy: Layer Name== SurfaceView[glory.beta001/com.godot.game.GodotAppLauncher](BLAST)#689
I/godot   (19364): [PERFLOG] skin skel=0 bones=0 play=0/0 hidden_play=0 vis_vert=0 hid_vert=0
V/AS.AudioDeviceBroker( 1082): requestedCommunicationDevice: null mAudioModeOwner: AudioModeInfo: mMode=MODE_NORMAL, mPid=0, mUid=0
V/AS.AudioDeviceBroker( 1082): requestedCommunicationDevice: null mAudioModeOwner: AudioModeInfo: mMode=MODE_NORMAL, mPid=0, mUid=0
E/CompositionEngine(  631): yyyy: Layer Name== SurfaceView[glory.beta001/com.godot.game.GodotAppLauncher](BLAST)#689
E/CompositionEngine(  631): yyyy: Layer Name== SurfaceView[glory.beta001/com.godot.game.GodotAppLauncher](BLAST)#689
E/CompositionEngine(  631): yyyy: Layer Name== SurfaceView[glory.beta001/com.godot.game.GodotAppLauncher](BLAST)#689
E/CompositionEngine(  631): yyyy: Layer Name== SurfaceView[glory.beta001/com.godot.game.GodotAppLauncher](BLAST)#689
E/CompositionEngine(  631): yyyy: Layer Name== SurfaceView[glory.beta001/com.godot.game.GodotAppLauncher](BLAST)#689
E/CompositionEngine(  631): yyyy: Layer Name== SurfaceView[glory.beta001/com.godot.game.GodotAppLauncher](BLAST)#689
D/WifiStaIfaceHidlImpl( 1082): getCachedScanData is not implemented by HIDL
I/Cam_ALS (  609): in runlock when enable!
I/Cam_ALS (  609): event: readEvents luxValue 32.987682 scale: 0.908687
E/CompositionEngine(  631): yyyy: Layer Name== SurfaceView[glory.beta001/com.godot.game.GodotAppLauncher](BLAST)#689
E/CompositionEngine(  631): yyyy: Layer Name== SurfaceView[glory.beta001/com.godot.game.GodotAppLauncher](BLAST)#689
E/CompositionEngine(  631): yyyy: Layer Name== SurfaceView[glory.beta001/com.godot.game.GodotAppLauncher](BLAST)#689
E/CompositionEngine(  631): yyyy: Layer Name== SurfaceView[glory.beta001/com.godot.game.GodotAppLauncher](BLAST)#689
E/CompositionEngine(  631): yyyy: Layer Name== SurfaceView[glory.beta001/com.godot.game.GodotAppLauncher](BLAST)#689
E/CompositionEngine(  631): yyyy: Layer Name== SurfaceView[glory.beta001/com.godot.game.GodotAppLauncher](BLAST)#689
E/CompositionEngine(  631): yyyy: Layer Name== SurfaceView[glory.beta001/com.godot.game.GodotAppLauncher](BLAST)#689
E/CompositionEngine(  631): yyyy: Layer Name== SurfaceView[glory.beta001/com.godot.game.GodotAppLauncher](BLAST)#689
E/CompositionEngine(  631): yyyy: Layer Name== SurfaceView[glory.beta001/com.godot.game.GodotAppLauncher](BLAST)#689
E/CompositionEngine(  631): yyyy: Layer Name== SurfaceView[glory.beta001/com.godot.game.GodotAppLauncher](BLAST)#689
E/CompositionEngine(  631): yyyy: Layer Name== SurfaceView[glory.beta001/com.godot.game.GodotAppLauncher](BLAST)#689
E/CompositionEngine(  631): yyyy: Layer Name== SurfaceView[glory.beta001/com.godot.game.GodotAppLauncher](BLAST)#689
E/CompositionEngine(  631): yyyy: Layer Name== SurfaceView[glory.beta001/com.godot.game.GodotAppLauncher](BLAST)#689
E/CompositionEngine(  631): yyyy: Layer Name== SurfaceView[glory.beta001/com.godot.game.GodotAppLauncher](BLAST)#689
E/CompositionEngine(  631): yyyy: Layer Name== SurfaceView[glory.beta001/com.godot.game.GodotAppLauncher](BLAST)#689
E/CompositionEngine(  631): yyyy: Layer Name== SurfaceView[glory.beta001/com.godot.game.GodotAppLauncher](BLAST)#689
E/CompositionEngine(  631): yyyy: Layer Name== SurfaceView[glory.beta001/com.godot.game.GodotAppLauncher](BLAST)#689
E/CompositionEngine(  631): yyyy: Layer Name== SurfaceView[glory.beta001/com.godot.game.GodotAppLauncher](BLAST)#689
E/CompositionEngine(  631): yyyy: Layer Name== SurfaceView[glory.beta001/com.godot.game.GodotAppLauncher](BLAST)#689
E/CompositionEngine(  631): yyyy: Layer Name== SurfaceView[glory.beta001/com.godot.game.GodotAppLauncher](BLAST)#689
E/CompositionEngine(  631): yyyy: Layer Name== SurfaceView[glory.beta001/com.godot.game.GodotAppLauncher](BLAST)#689
E/CompositionEngine(  631): yyyy: Layer Name== SurfaceView[glory.beta001/com.godot.game.GodotAppLauncher](BLAST)#689
E/CompositionEngine(  631): yyyy: Layer Name== SurfaceView[glory.beta001/com.godot.game.GodotAppLauncher](BLAST)#689
E/CompositionEngine(  631): yyyy: Layer Name== SurfaceView[glory.beta001/com.godot.game.GodotAppLauncher](BLAST)#689
I/godot   (19364): [PERFLOG] fps=60 proc=18.3ms phys=1.5ms video=263.5 tex=230.7 buf=7.3 static=98.4 obj=1872 res=332 node=19 orphan=0 draw=7 tween=0
E/CompositionEngine(  631): yyyy: Layer Name== SurfaceView[glory.beta001/com.godot.game.GodotAppLauncher](BLAST)#689
I/godot   (19364): [PERFLOG] skin skel=0 bones=0 play=0/0 hidden_play=0 vis_vert=0 hid_vert=0
E/CompositionEngine(  631): yyyy: Layer Name== SurfaceView[glory.beta001/com.godot.game.GodotAppLauncher](BLAST)#689
E/CompositionEngine(  631): yyyy: Layer Name== SurfaceView[glory.beta001/com.godot.game.GodotAppLauncher](BLAST)#689
E/CompositionEngine(  631): yyyy: Layer Name== SurfaceView[glory.beta001/com.godot.game.GodotAppLauncher](BLAST)#689
E/CompositionEngine(  631): yyyy: Layer Name== SurfaceView[glory.beta001/com.godot.game.GodotAppLauncher](BLAST)#689
E/CompositionEngine(  631): yyyy: Layer Name== SurfaceView[glory.beta001/com.godot.game.GodotAppLauncher](BLAST)#689
E/CompositionEngine(  631): yyyy: Layer Name== SurfaceView[glory.beta001/com.godot.game.GodotAppLauncher](BLAST)#689
E/CompositionEngine(  631): yyyy: Layer Name== SurfaceView[glory.beta001/com.godot.game.GodotAppLauncher](BLAST)#689
E/CompositionEngine(  631): yyyy: Layer Name== SurfaceView[glory.beta001/com.godot.game.GodotAppLauncher](BLAST)#689
E/CompositionEngine(  631): yyyy: Layer Name== SurfaceView[glory.beta001/com.godot.game.GodotAppLauncher](BLAST)#689
E/CompositionEngine(  631): yyyy: Layer Name== SurfaceView[glory.beta001/com.godot.game.GodotAppLauncher](BLAST)#689
E/CompositionEngine(  631): yyyy: Layer Name== SurfaceView[glory.beta001/com.godot.game.GodotAppLauncher](BLAST)#689
E/CompositionEngine(  631): yyyy: Layer Name== SurfaceView[glory.beta001/com.godot.game.GodotAppLauncher](BLAST)#689
E/CompositionEngine(  631): yyyy: Layer Name== SurfaceView[glory.beta001/com.godot.game.GodotAppLauncher](BLAST)#689
E/CompositionEngine(  631): yyyy: Layer Name== SurfaceView[glory.beta001/com.godot.game.GodotAppLauncher](BLAST)#689
E/CompositionEngine(  631): yyyy: Layer Name== SurfaceView[glory.beta001/com.godot.game.GodotAppLauncher](BLAST)#689
E/CompositionEngine(  631): yyyy: Layer Name== SurfaceView[glory.beta001/com.godot.game.GodotAppLauncher](BLAST)#689
E/CompositionEngine(  631): yyyy: Layer Name== SurfaceView[glory.beta001/com.godot.game.GodotAppLauncher](BLAST)#689
E/CompositionEngine(  631): yyyy: Layer Name== SurfaceView[glory.beta001/com.godot.game.GodotAppLauncher](BLAST)#689
E/CompositionEngine(  631): yyyy: Layer Name== SurfaceView[glory.beta001/com.godot.game.GodotAppLauncher](BLAST)#689
E/CompositionEngine(  631): yyyy: Layer Name== SurfaceView[glory.beta001/com.godot.game.GodotAppLauncher](BLAST)#689
E/CompositionEngine(  631): yyyy: Layer Name== SurfaceView[glory.beta001/com.godot.game.GodotAppLauncher](BLAST)#689
E/CompositionEngine(  631): yyyy: Layer Name== SurfaceView[glory.beta001/com.godot.game.GodotAppLauncher](BLAST)#689
E/CompositionEngine(  631): yyyy: Layer Name== SurfaceView[glory.beta001/com.godot.game.GodotAppLauncher](BLAST)#689
E/CompositionEngine(  631): yyyy: Layer Name== SurfaceView[glory.beta001/com.godot.game.GodotAppLauncher](BLAST)#689
E/CompositionEngine(  631): yyyy: Layer Name== SurfaceView[glory.beta001/com.godot.game.GodotAppLauncher](BLAST)#689
E/CompositionEngine(  631): yyyy: Layer Name== SurfaceView[glory.beta001/com.godot.game.GodotAppLauncher](BLAST)#689
E/CompositionEngine(  631): yyyy: Layer Name== SurfaceView[glory.beta001/com.godot.game.GodotAppLauncher](BLAST)#689
E/CompositionEngine(  631): yyyy: Layer Name== SurfaceView[glory.beta001/com.godot.game.GodotAppLauncher](BLAST)#689
E/CompositionEngine(  631): yyyy: Layer Name== SurfaceView[glory.beta001/com.godot.game.GodotAppLauncher](BLAST)#689
V/AS.AudioDeviceBroker( 1082): requestedCommunicationDevice: null mAudioModeOwner: AudioModeInfo: mMode=MODE_NORMAL, mPid=0, mUid=0
V/AS.AudioDeviceBroker( 1082): requestedCommunicationDevice: null mAudioModeOwner: AudioModeInfo: mMode=MODE_NORMAL, mPid=0, mUid=0
E/CompositionEngine(  631): yyyy: Layer Name== SurfaceView[glory.beta001/com.godot.game.GodotAppLauncher](BLAST)#689
I/godot   (19364): [PERFLOG] fps=60 proc=18.3ms phys=1.5ms video=263.5 tex=230.7 buf=7.3 static=98.4 obj=1872 res=332 node=19 orphan=0 draw=7 tween=0
E/CompositionEngine(  631): yyyy: Layer Name== SurfaceView[glory.beta001/com.godot.game.GodotAppLauncher](BLAST)#689
I/godot   (19364): [PERFLOG] skin skel=0 bones=0 play=0/0 hidden_play=0 vis_vert=0 hid_vert=0
E/CompositionEngine(  631): yyyy: Layer Name== SurfaceView[glory.beta001/com.godot.game.GodotAppLauncher](BLAST)#689
E/CompositionEngine(  631): yyyy: Layer Name== SurfaceView[glory.beta001/com.godot.game.GodotAppLauncher](BLAST)#689
E/CompositionEngine(  631): yyyy: Layer Name== SurfaceView[glory.beta001/com.godot.game.GodotAppLauncher](BLAST)#689
E/CompositionEngine(  631): yyyy: Layer Name== SurfaceView[glory.beta001/com.godot.game.GodotAppLauncher](BLAST)#689
E/CompositionEngine(  631): yyyy: Layer Name== SurfaceView[glory.beta001/com.godot.game.GodotAppLauncher](BLAST)#689
E/CompositionEngine(  631): yyyy: Layer Name== SurfaceView[glory.beta001/com.godot.game.GodotAppLauncher](BLAST)#689
E/CompositionEngine(  631): yyyy: Layer Name== SurfaceView[glory.beta001/com.godot.game.GodotAppLauncher](BLAST)#689
E/CompositionEngine(  631): yyyy: Layer Name== SurfaceView[glory.beta001/com.godot.game.GodotAppLauncher](BLAST)#689
E/CompositionEngine(  631): yyyy: Layer Name== SurfaceView[glory.beta001/com.godot.game.GodotAppLauncher](BLAST)#689
E/CompositionEngine(  631): yyyy: Layer Name== SurfaceView[glory.beta001/com.godot.game.GodotAppLauncher](BLAST)#689
E/CompositionEngine(  631): yyyy: Layer Name== SurfaceView[glory.beta001/com.godot.game.GodotAppLauncher](BLAST)#689
E/CompositionEngine(  631): yyyy: Layer Name== SurfaceView[glory.beta001/com.godot.game.GodotAppLauncher](BLAST)#689
E/CompositionEngine(  631): yyyy: Layer Name== SurfaceView[glory.beta001/com.godot.game.GodotAppLauncher](BLAST)#689
E/CompositionEngine(  631): yyyy: Layer Name== SurfaceView[glory.beta001/com.godot.game.GodotAppLauncher](BLAST)#689
E/CompositionEngine(  631): yyyy: Layer Name== SurfaceView[glory.beta001/com.godot.game.GodotAppLauncher](BLAST)#689
E/CompositionEngine(  631): yyyy: Layer Name== SurfaceView[glory.beta001/com.godot.game.GodotAppLauncher](BLAST)#689
E/CompositionEngine(  631): yyyy: Layer Name== SurfaceView[glory.beta001/com.godot.game.GodotAppLauncher](BLAST)#689
E/CompositionEngine(  631): yyyy: Layer Name== SurfaceView[glory.beta001/com.godot.game.GodotAppLauncher](BLAST)#689
E/CompositionEngine(  631): yyyy: Layer Name== SurfaceView[glory.beta001/com.godot.game.GodotAppLauncher](BLAST)#689
E/CompositionEngine(  631): yyyy: Layer Name== SurfaceView[glory.beta001/com.godot.game.GodotAppLauncher](BLAST)#689
E/CompositionEngine(  631): yyyy: Layer Name== SurfaceView[glory.beta001/com.godot.game.GodotAppLauncher](BLAST)#689
E/CompositionEngine(  631): yyyy: Layer Name== SurfaceView[glory.beta001/com.godot.game.GodotAppLauncher](BLAST)#689
E/CompositionEngine(  631): yyyy: Layer Name== SurfaceView[glory.beta001/com.godot.game.GodotAppLauncher](BLAST)#689
E/CompositionEngine(  631): yyyy: Layer Name== SurfaceView[glory.beta001/com.godot.game.GodotAppLauncher](BLAST)#689
E/CompositionEngine(  631): yyyy: Layer Name== SurfaceView[glory.beta001/com.godot.game.GodotAppLauncher](BLAST)#689
E/CompositionEngine(  631): yyyy: Layer Name== SurfaceView[glory.beta001/com.godot.game.GodotAppLauncher](BLAST)#689
E/CompositionEngine(  631): yyyy: Layer Name== SurfaceView[glory.beta001/com.godot.game.GodotAppLauncher](BLAST)#689
E/CompositionEngine(  631): yyyy: Layer Name== SurfaceView[glory.beta001/com.godot.game.GodotAppLauncher](BLAST)#689
E/CompositionEngine(  631): yyyy: Layer Name== SurfaceView[glory.beta001/com.godot.game.GodotAppLauncher](BLAST)#689
E/CompositionEngine(  631): yyyy: Layer Name== SurfaceView[glory.beta001/com.godot.game.GodotAppLauncher](BLAST)#689
E/CompositionEngine(  631): yyyy: Layer Name== SurfaceView[glory.beta001/com.godot.game.GodotAppLauncher](BLAST)#689
I/godot   (19364): [PERFLOG] fps=60 proc=16.6ms phys=0.1ms video=263.5 tex=230.7 buf=7.3 static=98.4 obj=1872 res=332 node=19 orphan=0 draw=7 tween=0
I/godot   (19364): [PERFLOG] skin skel=0 bones=0 play=0/0 hidden_play=0 vis_vert=0 hid_vert=0
E/CompositionEngine(  631): yyyy: Layer Name== SurfaceView[glory.beta001/com.godot.game.GodotAppLauncher](BLAST)#689
E/CompositionEngine(  631): yyyy: Layer Name== SurfaceView[glory.beta001/com.godot.game.GodotAppLauncher](BLAST)#689
E/CompositionEngine(  631): yyyy: Layer Name== SurfaceView[glory.beta001/com.godot.game.GodotAppLauncher](BLAST)#689
E/CompositionEngine(  631): yyyy: Layer Name== SurfaceView[glory.beta001/com.godot.game.GodotAppLauncher](BLAST)#689
E/CompositionEngine(  631): yyyy: Layer Name== SurfaceView[glory.beta001/com.godot.game.GodotAppLauncher](BLAST)#689
E/CompositionEngine(  631): yyyy: Layer Name== SurfaceView[glory.beta001/com.godot.game.GodotAppLauncher](BLAST)#689
I/NearbyMediums( 2145): No BLE Fast/GATT advertisements found in the latest cycle.
I/NearbyMediums( 2145): Current Tracked Scanning Clients are : {NearbyConnections.EnvironmentMonitor, NearbySharing}
E/CompositionEngine(  631): yyyy: Layer Name== SurfaceView[glory.beta001/com.godot.game.GodotAppLauncher](BLAST)#689
E/CompositionEngine(  631): yyyy: Layer Name== SurfaceView[glory.beta001/com.godot.game.GodotAppLauncher](BLAST)#689
E/CompositionEngine(  631): yyyy: Layer Name== SurfaceView[glory.beta001/com.godot.game.GodotAppLauncher](BLAST)#689
E/CompositionEngine(  631): yyyy: Layer Name== SurfaceView[glory.beta001/com.godot.game.GodotAppLauncher](BLAST)#689
E/CompositionEngine(  631): yyyy: Layer Name== SurfaceView[glory.beta001/com.godot.game.GodotAppLauncher](BLAST)#689
E/CompositionEngine(  631): yyyy: Layer Name== SurfaceView[glory.beta001/com.godot.game.GodotAppLauncher](BLAST)#689
E/CompositionEngine(  631): yyyy: Layer Name== SurfaceView[glory.beta001/com.godot.game.GodotAppLauncher](BLAST)#689
E/CompositionEngine(  631): yyyy: Layer Name== SurfaceView[glory.beta001/com.godot.game.GodotAppLauncher](BLAST)#689
E/CompositionEngine(  631): yyyy: Layer Name== SurfaceView[glory.beta001/com.godot.game.GodotAppLauncher](BLAST)#689
E/CompositionEngine(  631): yyyy: Layer Name== SurfaceView[glory.beta001/com.godot.game.GodotAppLauncher](BLAST)#689
E/CompositionEngine(  631): yyyy: Layer Name== SurfaceView[glory.beta001/com.godot.game.GodotAppLauncher](BLAST)#689
E/CompositionEngine(  631): yyyy: Layer Name== SurfaceView[glory.beta001/com.godot.game.GodotAppLauncher](BLAST)#689
E/CompositionEngine(  631): yyyy: Layer Name== SurfaceView[glory.beta001/com.godot.game.GodotAppLauncher](BLAST)#689
E/CompositionEngine(  631): yyyy: Layer Name== SurfaceView[glory.beta001/com.godot.game.GodotAppLauncher](BLAST)#689
E/CompositionEngine(  631): yyyy: Layer Name== SurfaceView[glory.beta001/com.godot.game.GodotAppLauncher](BLAST)#689
E/CompositionEngine(  631): yyyy: Layer Name== SurfaceView[glory.beta001/com.godot.game.GodotAppLauncher](BLAST)#689
E/CompositionEngine(  631): yyyy: Layer Name== SurfaceView[glory.beta001/com.godot.game.GodotAppLauncher](BLAST)#689
E/CompositionEngine(  631): yyyy: Layer Name== SurfaceView[glory.beta001/com.godot.game.GodotAppLauncher](BLAST)#689
E/CompositionEngine(  631): yyyy: Layer Name== SurfaceView[glory.beta001/com.godot.game.GodotAppLauncher](BLAST)#689
E/CompositionEngine(  631): yyyy: Layer Name== SurfaceView[glory.beta001/com.godot.game.GodotAppLauncher](BLAST)#689
E/CompositionEngine(  631): yyyy: Layer Name== SurfaceView[glory.beta001/com.godot.game.GodotAppLauncher](BLAST)#689
V/AS.AudioDeviceBroker( 1082): requestedCommunicationDevice: null mAudioModeOwner: AudioModeInfo: mMode=MODE_NORMAL, mPid=0, mUid=0
V/AS.AudioDeviceBroker( 1082): requestedCommunicationDevice: null mAudioModeOwner: AudioModeInfo: mMode=MODE_NORMAL, mPid=0, mUid=0
E/CompositionEngine(  631): yyyy: Layer Name== SurfaceView[glory.beta001/com.godot.game.GodotAppLauncher](BLAST)#689
E/CompositionEngine(  631): yyyy: Layer Name== SurfaceView[glory.beta001/com.godot.game.GodotAppLauncher](BLAST)#689
E/CompositionEngine(  631): yyyy: Layer Name== SurfaceView[glory.beta001/com.godot.game.GodotAppLauncher](BLAST)#689
I/godot   (19364): [PERFLOG] fps=60 proc=16.6ms phys=0.1ms video=263.5 tex=230.7 buf=7.3 static=98.4 obj=1872 res=332 node=19 orphan=0 draw=7 tween=0
E/CompositionEngine(  631): yyyy: Layer Name== SurfaceView[glory.beta001/com.godot.game.GodotAppLauncher](BLAST)#689
I/godot   (19364): [PERFLOG] skin skel=0 bones=0 play=0/0 hidden_play=0 vis_vert=0 hid_vert=0
V/BroadcastQueue( 1082): Enqueuing BroadcastRecord{64e89bc android.intent.action.BATTERY_CHANGED/u-1} ordered=false from uid 1000 pid 1082 for 2 receivers
V/BroadcastQueue( 1082): Enqueuing BroadcastRecord{d01d45 android.intent.action.BATTERY_CHANGED/u-1} ordered=false from uid 1000 pid 1082 for 27 receivers
D/PowerUI ( 1584): can't show warning due to - plugged: true status unknown: false
D/BatteryController( 1584): onReceive:mLevel=48,mCharging=true
E/CompositionEngine(  631): yyyy: Layer Name== SurfaceView[glory.beta001/com.godot.game.GodotAppLauncher](BLAST)#689
D/PowerHALManager( 1082): powerhalmanager sendHint!!!
D/UnisocBatteryControllerEx( 1584): fireChargingSpeedChanged: 0
D/UnisocPowerUI( 1584): onReceive health:2 --> 2
D/BoardScore( 1082): Received android.intent.action.BATTERY_CHANGED
D/BoardScore( 1082): chargePlug 2; status =2
D/BatteryServiceERP( 1082): action: android.intent.action.BATTERY_CHANGED,level:48,scale:100,status:2,isCharging:true,isSendNotification: false,isForceCharging:false
D/PowerHAL(  617): enter VendorPower::sendHint
D/PowerHAL(  617): sendHint enter sendHint if():
D/PowerHAL(  617): sendHint got hintSession:0xb400007c46c13a10 
D/PowerHAL(  617): PowerHintSession sendHint hintSession and hint=2: mTgid: 1584, mUid: 10184
D/PowerHAL(  617): enter case CPU_LOAD_RESET, and uclampMin_High=650
D/BatteryServiceERP( 1082): battProtect switch: 0
D/PowerHAL(  617): sendHint got hintSession:0xb400007c46c13a10 return ok!
E/CompositionEngine(  631): yyyy: Layer Name== SurfaceView[glory.beta001/com.godot.game.GodotAppLauncher](BLAST)#689
D/PowerHALManager( 1082): powerhalmanager sendHint!!!
D/PowerHAL(  617): enter VendorPower::sendHint
D/PowerHAL(  617): sendHint enter sendHint if():
D/PowerHAL(  617): sendHint got hintSession:0xb400007c46c13a10 
D/PowerHAL(  617): PowerHintSession sendHint hintSession and hint=0: mTgid: 1584, mUid: 10184
D/PowerHAL(  617): enter case CPU_LOAD_UP, and uclampMin_High=650
D/PowerHAL(  617): sendHint got hintSession:0xb400007c46c13a10 return ok!
I/Cam_ALS (  609): in runlock when enable!
I/Cam_ALS (  609): event: readEvents luxValue 32.987682 scale: 0.908687
E/CompositionEngine(  631): yyyy: Layer Name== SurfaceView[glory.beta001/com.godot.game.GodotAppLauncher](BLAST)#689
E/CompositionEngine(  631): yyyy: Layer Name== SurfaceView[glory.beta001/com.godot.game.GodotAppLauncher](BLAST)#689
E/CompositionEngine(  631): yyyy: Layer Name== SurfaceView[glory.beta001/com.godot.game.GodotAppLauncher](BLAST)#689
E/CompositionEngine(  631): yyyy: Layer Name== SurfaceView[glory.beta001/com.godot.game.GodotAppLauncher](BLAST)#689
E/CompositionEngine(  631): yyyy: Layer Name== SurfaceView[glory.beta001/com.godot.game.GodotAppLauncher](BLAST)#689
E/CompositionEngine(  631): yyyy: Layer Name== SurfaceView[glory.beta001/com.godot.game.GodotAppLauncher](BLAST)#689
E/CompositionEngine(  631): yyyy: Layer Name== SurfaceView[glory.beta001/com.godot.game.GodotAppLauncher](BLAST)#689
D/SSense.CameraAppRecognizer( 1082): CameraAppScene for uid:10266 pkg name:glory.beta001 sceneId:0 changed:false mCurrentCameraAppName:null
D/SSense.GalleryAppSceneRecognizer( 1082): GalleryAppScene for uid:10266 pkg name:glory.beta001 sceneId:0 changed:false mCurrentFlingAppName:null
E/CompositionEngine(  631): yyyy: Layer Name== SurfaceView[glory.beta001/com.godot.game.GodotAppLauncher](BLAST)#689
E/CompositionEngine(  631): yyyy: Layer Name== SurfaceView[glory.beta001/com.godot.game.GodotAppLauncher](BLAST)#689
E/CompositionEngine(  631): yyyy: Layer Name== SurfaceView[glory.beta001/com.godot.game.GodotAppLauncher](BLAST)#689
E/CompositionEngine(  631): yyyy: Layer Name== SurfaceView[glory.beta001/com.godot.game.GodotAppLauncher](BLAST)#689
E/CompositionEngine(  631): yyyy: Layer Name== SurfaceView[glory.beta001/com.godot.game.GodotAppLauncher](BLAST)#689
E/CompositionEngine(  631): yyyy: Layer Name== SurfaceView[glory.beta001/com.godot.game.GodotAppLauncher](BLAST)#689
E/CompositionEngine(  631): yyyy: Layer Name== SurfaceView[glory.beta001/com.godot.game.GodotAppLauncher](BLAST)#689
E/CompositionEngine(  631): yyyy: Layer Name== SurfaceView[glory.beta001/com.godot.game.GodotAppLauncher](BLAST)#689
E/CompositionEngine(  631): yyyy: Layer Name== SurfaceView[glory.beta001/com.godot.game.GodotAppLauncher](BLAST)#689
E/CompositionEngine(  631): yyyy: Layer Name== SurfaceView[glory.beta001/com.godot.game.GodotAppLauncher](BLAST)#689
E/CompositionEngine(  631): yyyy: Layer Name== SurfaceView[glory.beta001/com.godot.game.GodotAppLauncher](BLAST)#689
E/CompositionEngine(  631): yyyy: Layer Name== SurfaceView[glory.beta001/com.godot.game.GodotAppLauncher](BLAST)#689
E/CompositionEngine(  631): yyyy: Layer Name== SurfaceView[glory.beta001/com.godot.game.GodotAppLauncher](BLAST)#689
E/CompositionEngine(  631): yyyy: Layer Name== SurfaceView[glory.beta001/com.godot.game.GodotAppLauncher](BLAST)#689
E/CompositionEngine(  631): yyyy: Layer Name== SurfaceView[glory.beta001/com.godot.game.GodotAppLauncher](BLAST)#689
E/CompositionEngine(  631): yyyy: Layer Name== SurfaceView[glory.beta001/com.godot.game.GodotAppLauncher](BLAST)#689
E/CompositionEngine(  631): yyyy: Layer Name== SurfaceView[glory.beta001/com.godot.game.GodotAppLauncher](BLAST)#689
E/CompositionEngine(  631): yyyy: Layer Name== SurfaceView[glory.beta001/com.godot.game.GodotAppLauncher](BLAST)#689
E/CompositionEngine(  631): yyyy: Layer Name== SurfaceView[glory.beta001/com.godot.game.GodotAppLauncher](BLAST)#689
E/CompositionEngine(  631): yyyy: Layer Name== SurfaceView[glory.beta001/com.godot.game.GodotAppLauncher](BLAST)#689
E/CompositionEngine(  631): yyyy: Layer Name== SurfaceView[glory.beta001/com.godot.game.GodotAppLauncher](BLAST)#689
E/CompositionEngine(  631): yyyy: Layer Name== SurfaceView[glory.beta001/com.godot.game.GodotAppLauncher](BLAST)#689
I/godot   (19364): [PERFLOG] fps=60 proc=16.7ms phys=0.1ms video=263.5 tex=230.7 buf=7.3 static=98.4 obj=1872 res=332 node=19 orphan=0 draw=7 tween=0
I/godot   (19364): [PERFLOG] skin skel=0 bones=0 play=0/0 hidden_play=0 vis_vert=0 hid_vert=0
E/CompositionEngine(  631): yyyy: Layer Name== SurfaceView[glory.beta001/com.godot.game.GodotAppLauncher](BLAST)#689
E/CompositionEngine(  631): yyyy: Layer Name== SurfaceView[glory.beta001/com.godot.game.GodotAppLauncher](BLAST)#689
E/CompositionEngine(  631): yyyy: Layer Name== SurfaceView[glory.beta001/com.godot.game.GodotAppLauncher](BLAST)#689
E/CompositionEngine(  631): yyyy: Layer Name== SurfaceView[glory.beta001/com.godot.game.GodotAppLauncher](BLAST)#689
E/CompositionEngine(  631): yyyy: Layer Name== SurfaceView[glory.beta001/com.godot.game.GodotAppLauncher](BLAST)#689
D/BrightnessThermalClamper( 1082): New thermal throttling status = 0
E/CompositionEngine(  631): yyyy: Layer Name== SurfaceView[glory.beta001/com.godot.game.GodotAppLauncher](BLAST)#689
D/PowerManagerService( 1082): notifyThrottling LCD_TEMP :38000
D/PowerController.Thermal( 1082): temperature value = 43.0 , status = 0
D/ActivityManager( 1082): get tempetureValue is :43.0
E/CompositionEngine(  631): yyyy: Layer Name== SurfaceView[glory.beta001/com.godot.game.GodotAppLauncher](BLAST)#689
E/CompositionEngine(  631): yyyy: Layer Name== SurfaceView[glory.beta001/com.godot.game.GodotAppLauncher](BLAST)#689
E/CompositionEngine(  631): yyyy: Layer Name== SurfaceView[glory.beta001/com.godot.game.GodotAppLauncher](BLAST)#689
E/CompositionEngine(  631): yyyy: Layer Name== SurfaceView[glory.beta001/com.godot.game.GodotAppLauncher](BLAST)#689
E/CompositionEngine(  631): yyyy: Layer Name== SurfaceView[glory.beta001/com.godot.game.GodotAppLauncher](BLAST)#689
E/CompositionEngine(  631): yyyy: Layer Name== SurfaceView[glory.beta001/com.godot.game.GodotAppLauncher](BLAST)#689
E/CompositionEngine(  631): yyyy: Layer Name== SurfaceView[glory.beta001/com.godot.game.GodotAppLauncher](BLAST)#689
E/CompositionEngine(  631): yyyy: Layer Name== SurfaceView[glory.beta001/com.godot.game.GodotAppLauncher](BLAST)#689
E/CompositionEngine(  631): yyyy: Layer Name== SurfaceView[glory.beta001/com.godot.game.GodotAppLauncher](BLAST)#689
E/CompositionEngine(  631): yyyy: Layer Name== SurfaceView[glory.beta001/com.godot.game.GodotAppLauncher](BLAST)#689
E/CompositionEngine(  631): yyyy: Layer Name== SurfaceView[glory.beta001/com.godot.game.GodotAppLauncher](BLAST)#689
E/CompositionEngine(  631): yyyy: Layer Name== SurfaceView[glory.beta001/com.godot.game.GodotAppLauncher](BLAST)#689
E/CompositionEngine(  631): yyyy: Layer Name== SurfaceView[glory.beta001/com.godot.game.GodotAppLauncher](BLAST)#689
E/CompositionEngine(  631): yyyy: Layer Name== SurfaceView[glory.beta001/com.godot.game.GodotAppLauncher](BLAST)#689
E/CompositionEngine(  631): yyyy: Layer Name== SurfaceView[glory.beta001/com.godot.game.GodotAppLauncher](BLAST)#689
E/CompositionEngine(  631): yyyy: Layer Name== SurfaceView[glory.beta001/com.godot.game.GodotAppLauncher](BLAST)#689
E/CompositionEngine(  631): yyyy: Layer Name== SurfaceView[glory.beta001/com.godot.game.GodotAppLauncher](BLAST)#689
E/CompositionEngine(  631): yyyy: Layer Name== SurfaceView[glory.beta001/com.godot.game.GodotAppLauncher](BLAST)#689
E/CompositionEngine(  631): yyyy: Layer Name== SurfaceView[glory.beta001/com.godot.game.GodotAppLauncher](BLAST)#689
V/AS.AudioDeviceBroker( 1082): requestedCommunicationDevice: null mAudioModeOwner: AudioModeInfo: mMode=MODE_NORMAL, mPid=0, mUid=0
V/AS.AudioDeviceBroker( 1082): requestedCommunicationDevice: null mAudioModeOwner: AudioModeInfo: mMode=MODE_NORMAL, mPid=0, mUid=0
E/CompositionEngine(  631): yyyy: Layer Name== SurfaceView[glory.beta001/com.godot.game.GodotAppLauncher](BLAST)#689
E/CompositionEngine(  631): yyyy: Layer Name== SurfaceView[glory.beta001/com.godot.game.GodotAppLauncher](BLAST)#689
I/ThermalCvtGovernor(  803): board(game) calTemp: 43440 tripTemp: 35000
I/ThermalCvtGovernor(  803): board(game) setLevel: 2, setTrip: 0
I/ThermalManager(  803): received EVENT_TRIP, sensor=board(game)
I/ThermalActionCommon(  803): do,===>charge,NULL, wArg:2100000, mFileNode:/sys/class/power_supply/battery/charger.0/thermal_limit_current
E/CompositionEngine(  631): yyyy: Layer Name== SurfaceView[glory.beta001/com.godot.game.GodotAppLauncher](BLAST)#689
E/CompositionEngine(  631): yyyy: Layer Name== SurfaceView[glory.beta001/com.godot.game.GodotAppLauncher](BLAST)#689
E/CompositionEngine(  631): yyyy: Layer Name== SurfaceView[glory.beta001/com.godot.game.GodotAppLauncher](BLAST)#689
I/godot   (19364): [PERFLOG] fps=60 proc=16.7ms phys=0.1ms video=263.5 tex=230.7 buf=7.3 static=98.4 obj=1872 res=332 node=19 orphan=0 draw=7 tween=0
E/CompositionEngine(  631): yyyy: Layer Name== SurfaceView[glory.beta001/com.godot.game.GodotAppLauncher](BLAST)#689
I/godot   (19364): [PERFLOG] skin skel=0 bones=0 play=0/0 hidden_play=0 vis_vert=0 hid_vert=0
D/WifiStaIfaceHidlImpl( 1082): getCachedScanData is not implemented by HIDL
E/CompositionEngine(  631): yyyy: Layer Name== SurfaceView[glory.beta001/com.godot.game.GodotAppLauncher](BLAST)#689
E/CompositionEngine(  631): yyyy: Layer Name== SurfaceView[glory.beta001/com.godot.game.GodotAppLauncher](BLAST)#689
E/CompositionEngine(  631): yyyy: Layer Name== SurfaceView[glory.beta001/com.godot.game.GodotAppLauncher](BLAST)#689
E/CompositionEngine(  631): yyyy: Layer Name== SurfaceView[glory.beta001/com.godot.game.GodotAppLauncher](BLAST)#689
E/CompositionEngine(  631): yyyy: Layer Name== SurfaceView[glory.beta001/com.godot.game.GodotAppLauncher](BLAST)#689
E/CompositionEngine(  631): yyyy: Layer Name== SurfaceView[glory.beta001/com.godot.game.GodotAppLauncher](BLAST)#689
E/CompositionEngine(  631): yyyy: Layer Name== SurfaceView[glory.beta001/com.godot.game.GodotAppLauncher](BLAST)#689
E/CompositionEngine(  631): yyyy: Layer Name== SurfaceView[glory.beta001/com.godot.game.GodotAppLauncher](BLAST)#689
E/CompositionEngine(  631): yyyy: Layer Name== SurfaceView[glory.beta001/com.godot.game.GodotAppLauncher](BLAST)#689
E/SLOGCP  (  775): data_rate_stat: agdsp rate: total size(MB)=0.000000; per second(bytes)=0.000000, drop_cnt_=0, drop_data_size_=0, pollin event times=0.
E/CompositionEngine(  631): yyyy: Layer Name== SurfaceView[glory.beta001/com.godot.game.GodotAppLauncher](BLAST)#689
E/CompositionEngine(  631): yyyy: Layer Name== SurfaceView[glory.beta001/com.godot.game.GodotAppLauncher](BLAST)#689
E/CompositionEngine(  631): yyyy: Layer Name== SurfaceView[glory.beta001/com.godot.game.GodotAppLauncher](BLAST)#689
E/CompositionEngine(  631): yyyy: Layer Name== SurfaceView[glory.beta001/com.godot.game.GodotAppLauncher](BLAST)#689
E/CompositionEngine(  631): yyyy: Layer Name== SurfaceView[glory.beta001/com.godot.game.GodotAppLauncher](BLAST)#689
E/CompositionEngine(  631): yyyy: Layer Name== SurfaceView[glory.beta001/com.godot.game.GodotAppLauncher](BLAST)#689
E/CompositionEngine(  631): yyyy: Layer Name== SurfaceView[glory.beta001/com.godot.game.GodotAppLauncher](BLAST)#689
E/CompositionEngine(  631): yyyy: Layer Name== SurfaceView[glory.beta001/com.godot.game.GodotAppLauncher](BLAST)#689
E/CompositionEngine(  631): yyyy: Layer Name== SurfaceView[glory.beta001/com.godot.game.GodotAppLauncher](BLAST)#689
E/CompositionEngine(  631): yyyy: Layer Name== SurfaceView[glory.beta001/com.godot.game.GodotAppLauncher](BLAST)#689
E/CompositionEngine(  631): yyyy: Layer Name== SurfaceView[glory.beta001/com.godot.game.GodotAppLauncher](BLAST)#689
E/CompositionEngine(  631): yyyy: Layer Name== SurfaceView[glory.beta001/com.godot.game.GodotAppLauncher](BLAST)#689
E/CompositionEngine(  631): yyyy: Layer Name== SurfaceView[glory.beta001/com.godot.game.GodotAppLauncher](BLAST)#689
E/CompositionEngine(  631): yyyy: Layer Name== SurfaceView[glory.beta001/com.godot.game.GodotAppLauncher](BLAST)#689
E/CompositionEngine(  631): yyyy: Layer Name== SurfaceView[glory.beta001/com.godot.game.GodotAppLauncher](BLAST)#689
E/CompositionEngine(  631): yyyy: Layer Name== SurfaceView[glory.beta001/com.godot.game.GodotAppLauncher](BLAST)#689
E/CompositionEngine(  631): yyyy: Layer Name== SurfaceView[glory.beta001/com.godot.game.GodotAppLauncher](BLAST)#689
E/CompositionEngine(  631): yyyy: Layer Name== SurfaceView[glory.beta001/com.godot.game.GodotAppLauncher](BLAST)#689
E/CompositionEngine(  631): yyyy: Layer Name== SurfaceView[glory.beta001/com.godot.game.GodotAppLauncher](BLAST)#689
E/CompositionEngine(  631): yyyy: Layer Name== SurfaceView[glory.beta001/com.godot.game.GodotAppLauncher](BLAST)#689
E/CompositionEngine(  631): yyyy: Layer Name== SurfaceView[glory.beta001/com.godot.game.GodotAppLauncher](BLAST)#689
E/CompositionEngine(  631): yyyy: Layer Name== SurfaceView[glory.beta001/com.godot.game.GodotAppLauncher](BLAST)#689
I/godot   (19364): [PERFLOG] fps=60 proc=16.6ms phys=0.1ms video=263.5 tex=230.7 buf=7.3 static=98.4 obj=1872 res=332 node=19 orphan=0 draw=7 tween=0
I/godot   (19364): [PERFLOG] skin skel=0 bones=0 play=0/0 hidden_play=0 vis_vert=0 hid_vert=0
E/CompositionEngine(  631): yyyy: Layer Name== SurfaceView[glory.beta001/com.godot.game.GodotAppLauncher](BLAST)#689
E/CompositionEngine(  631): yyyy: Layer Name== SurfaceView[glory.beta001/com.godot.game.GodotAppLauncher](BLAST)#689
E/CompositionEngine(  631): yyyy: Layer Name== SurfaceView[glory.beta001/com.godot.game.GodotAppLauncher](BLAST)#689
E/CompositionEngine(  631): yyyy: Layer Name== SurfaceView[glory.beta001/com.godot.game.GodotAppLauncher](BLAST)#689
E/CompositionEngine(  631): yyyy: Layer Name== SurfaceView[glory.beta001/com.godot.game.GodotAppLauncher](BLAST)#689
E/CompositionEngine(  631): yyyy: Layer Name== SurfaceView[glory.beta001/com.godot.game.GodotAppLauncher](BLAST)#689
E/CompositionEngine(  631): yyyy: Layer Name== SurfaceView[glory.beta001/com.godot.game.GodotAppLauncher](BLAST)#689
E/CompositionEngine(  631): yyyy: Layer Name== SurfaceView[glory.beta001/com.godot.game.GodotAppLauncher](BLAST)#689
E/CompositionEngine(  631): yyyy: Layer Name== SurfaceView[glory.beta001/com.godot.game.GodotAppLauncher](BLAST)#689
E/CompositionEngine(  631): yyyy: Layer Name== SurfaceView[glory.beta001/com.godot.game.GodotAppLauncher](BLAST)#689
E/CompositionEngine(  631): yyyy: Layer Name== SurfaceView[glory.beta001/com.godot.game.GodotAppLauncher](BLAST)#689
E/CompositionEngine(  631): yyyy: Layer Name== SurfaceView[glory.beta001/com.godot.game.GodotAppLauncher](BLAST)#689
E/CompositionEngine(  631): yyyy: Layer Name== SurfaceView[glory.beta001/com.godot.game.GodotAppLauncher](BLAST)#689
E/CompositionEngine(  631): yyyy: Layer Name== SurfaceView[glory.beta001/com.godot.game.GodotAppLauncher](BLAST)#689
E/CompositionEngine(  631): yyyy: Layer Name== SurfaceView[glory.beta001/com.godot.game.GodotAppLauncher](BLAST)#689
E/CompositionEngine(  631): yyyy: Layer Name== SurfaceView[glory.beta001/com.godot.game.GodotAppLauncher](BLAST)#689
E/CompositionEngine(  631): yyyy: Layer Name== SurfaceView[glory.beta001/com.godot.game.GodotAppLauncher](BLAST)#689
E/CompositionEngine(  631): yyyy: Layer Name== SurfaceView[glory.beta001/com.godot.game.GodotAppLauncher](BLAST)#689
E/CompositionEngine(  631): yyyy: Layer Name== SurfaceView[glory.beta001/com.godot.game.GodotAppLauncher](BLAST)#689
E/CompositionEngine(  631): yyyy: Layer Name== SurfaceView[glory.beta001/com.godot.game.GodotAppLauncher](BLAST)#689
E/CompositionEngine(  631): yyyy: Layer Name== SurfaceView[glory.beta001/com.godot.game.GodotAppLauncher](BLAST)#689
E/CompositionEngine(  631): yyyy: Layer Name== SurfaceView[glory.beta001/com.godot.game.GodotAppLauncher](BLAST)#689
E/CompositionEngine(  631): yyyy: Layer Name== SurfaceView[glory.beta001/com.godot.game.GodotAppLauncher](BLAST)#689
V/AS.AudioDeviceBroker( 1082): requestedCommunicationDevice: null mAudioModeOwner: AudioModeInfo: mMode=MODE_NORMAL, mPid=0, mUid=0
V/AS.AudioDeviceBroker( 1082): requestedCommunicationDevice: null mAudioModeOwner: AudioModeInfo: mMode=MODE_NORMAL, mPid=0, mUid=0
E/CompositionEngine(  631): yyyy: Layer Name== SurfaceView[glory.beta001/com.godot.game.GodotAppLauncher](BLAST)#689
E/CompositionEngine(  631): yyyy: Layer Name== SurfaceView[glory.beta001/com.godot.game.GodotAppLauncher](BLAST)#689
E/CompositionEngine(  631): yyyy: Layer Name== SurfaceView[glory.beta001/com.godot.game.GodotAppLauncher](BLAST)#689
E/CompositionEngine(  631): yyyy: Layer Name== SurfaceView[glory.beta001/com.godot.game.GodotAppLauncher](BLAST)#689
E/CompositionEngine(  631): yyyy: Layer Name== SurfaceView[glory.beta001/com.godot.game.GodotAppLauncher](BLAST)#689
E/CompositionEngine(  631): yyyy: Layer Name== SurfaceView[glory.beta001/com.godot.game.GodotAppLauncher](BLAST)#689
I/Cam_ALS (  609): in runlock when enable!
I/Cam_ALS (  609): event: readEvents luxValue 32.987682 scale: 0.908687
E/CompositionEngine(  631): yyyy: Layer Name== SurfaceView[glory.beta001/com.godot.game.GodotAppLauncher](BLAST)#689
I/godot   (19364): [PERFLOG] fps=60 proc=16.6ms phys=0.1ms video=263.5 tex=230.7 buf=7.3 static=98.4 obj=1872 res=332 node=19 orphan=0 draw=7 tween=0
E/CompositionEngine(  631): yyyy: Layer Name== SurfaceView[glory.beta001/com.godot.game.GodotAppLauncher](BLAST)#689
I/godot   (19364): [PERFLOG] skin skel=0 bones=0 play=0/0 hidden_play=0 vis_vert=0 hid_vert=0
E/CompositionEngine(  631): yyyy: Layer Name== SurfaceView[glory.beta001/com.godot.game.GodotAppLauncher](BLAST)#689
E/CompositionEngine(  631): yyyy: Layer Name== SurfaceView[glory.beta001/com.godot.game.GodotAppLauncher](BLAST)#689
E/CompositionEngine(  631): yyyy: Layer Name== SurfaceView[glory.beta001/com.godot.game.GodotAppLauncher](BLAST)#689
E/CompositionEngine(  631): yyyy: Layer Name== SurfaceView[glory.beta001/com.godot.game.GodotAppLauncher](BLAST)#689
E/CompositionEngine(  631): yyyy: Layer Name== SurfaceView[glory.beta001/com.godot.game.GodotAppLauncher](BLAST)#689
E/CompositionEngine(  631): yyyy: Layer Name== SurfaceView[glory.beta001/com.godot.game.GodotAppLauncher](BLAST)#689
E/CompositionEngine(  631): yyyy: Layer Name== SurfaceView[glory.beta001/com.godot.game.GodotAppLauncher](BLAST)#689
E/CompositionEngine(  631): yyyy: Layer Name== SurfaceView[glory.beta001/com.godot.game.GodotAppLauncher](BLAST)#689
E/CompositionEngine(  631): yyyy: Layer Name== SurfaceView[glory.beta001/com.godot.game.GodotAppLauncher](BLAST)#689
E/CompositionEngine(  631): yyyy: Layer Name== SurfaceView[glory.beta001/com.godot.game.GodotAppLauncher](BLAST)#689
E/CompositionEngine(  631): yyyy: Layer Name== SurfaceView[glory.beta001/com.godot.game.GodotAppLauncher](BLAST)#689
E/CompositionEngine(  631): yyyy: Layer Name== SurfaceView[glory.beta001/com.godot.game.GodotAppLauncher](BLAST)#689
E/CompositionEngine(  631): yyyy: Layer Name== SurfaceView[glory.beta001/com.godot.game.GodotAppLauncher](BLAST)#689
E/CompositionEngine(  631): yyyy: Layer Name== SurfaceView[glory.beta001/com.godot.game.GodotAppLauncher](BLAST)#689
E/CompositionEngine(  631): yyyy: Layer Name== SurfaceView[glory.beta001/com.godot.game.GodotAppLauncher](BLAST)#689
E/CompositionEngine(  631): yyyy: Layer Name== SurfaceView[glory.beta001/com.godot.game.GodotAppLauncher](BLAST)#689
E/CompositionEngine(  631): yyyy: Layer Name== SurfaceView[glory.beta001/com.godot.game.GodotAppLauncher](BLAST)#689
E/CompositionEngine(  631): yyyy: Layer Name== SurfaceView[glory.beta001/com.godot.game.GodotAppLauncher](BLAST)#689
E/CompositionEngine(  631): yyyy: Layer Name== SurfaceView[glory.beta001/com.godot.game.GodotAppLauncher](BLAST)#689
E/CompositionEngine(  631): yyyy: Layer Name== SurfaceView[glory.beta001/com.godot.game.GodotAppLauncher](BLAST)#689
E/CompositionEngine(  631): yyyy: Layer Name== SurfaceView[glory.beta001/com.godot.game.GodotAppLauncher](BLAST)#689
E/CompositionEngine(  631): yyyy: Layer Name== SurfaceView[glory.beta001/com.godot.game.GodotAppLauncher](BLAST)#689
E/CompositionEngine(  631): yyyy: Layer Name== SurfaceView[glory.beta001/com.godot.game.GodotAppLauncher](BLAST)#689
E/CompositionEngine(  631): yyyy: Layer Name== SurfaceView[glory.beta001/com.godot.game.GodotAppLauncher](BLAST)#689
E/CompositionEngine(  631): yyyy: Layer Name== SurfaceView[glory.beta001/com.godot.game.GodotAppLauncher](BLAST)#689
E/CompositionEngine(  631): yyyy: Layer Name== SurfaceView[glory.beta001/com.godot.game.GodotAppLauncher](BLAST)#689
E/CompositionEngine(  631): yyyy: Layer Name== SurfaceView[glory.beta001/com.godot.game.GodotAppLauncher](BLAST)#689
E/CompositionEngine(  631): yyyy: Layer Name== SurfaceView[glory.beta001/com.godot.game.GodotAppLauncher](BLAST)#689
E/CompositionEngine(  631): yyyy: Layer Name== SurfaceView[glory.beta001/com.godot.game.GodotAppLauncher](BLAST)#689
E/CompositionEngine(  631): yyyy: Layer Name== SurfaceView[glory.beta001/com.godot.game.GodotAppLauncher](BLAST)#689
E/CompositionEngine(  631): yyyy: Layer Name== SurfaceView[glory.beta001/com.godot.game.GodotAppLauncher](BLAST)#689
I/godot   (19364): [PERFLOG] fps=60 proc=16.6ms phys=0.1ms video=263.5 tex=230.7 buf=7.3 static=98.4 obj=1872 res=332 node=19 orphan=0 draw=7 tween=0
I/godot   (19364): [PERFLOG] skin skel=0 bones=0 play=0/0 hidden_play=0 vis_vert=0 hid_vert=0
E/CompositionEngine(  631): yyyy: Layer Name== SurfaceView[glory.beta001/com.godot.game.GodotAppLauncher](BLAST)#689
E/CompositionEngine(  631): yyyy: Layer Name== SurfaceView[glory.beta001/com.godot.game.GodotAppLauncher](BLAST)#689
E/CompositionEngine(  631): yyyy: Layer Name== SurfaceView[glory.beta001/com.godot.game.GodotAppLauncher](BLAST)#689
E/CompositionEngine(  631): yyyy: Layer Name== SurfaceView[glory.beta001/com.godot.game.GodotAppLauncher](BLAST)#689
E/CompositionEngine(  631): yyyy: Layer Name== SurfaceView[glory.beta001/com.godot.game.GodotAppLauncher](BLAST)#689
E/CompositionEngine(  631): yyyy: Layer Name== SurfaceView[glory.beta001/com.godot.game.GodotAppLauncher](BLAST)#689
E/CompositionEngine(  631): yyyy: Layer Name== SurfaceView[glory.beta001/com.godot.game.GodotAppLauncher](BLAST)#689
E/CompositionEngine(  631): yyyy: Layer Name== SurfaceView[glory.beta001/com.godot.game.GodotAppLauncher](BLAST)#689
E/CompositionEngine(  631): yyyy: Layer Name== SurfaceView[glory.beta001/com.godot.game.GodotAppLauncher](BLAST)#689
E/CompositionEngine(  631): yyyy: Layer Name== SurfaceView[glory.beta001/com.godot.game.GodotAppLauncher](BLAST)#689
E/CompositionEngine(  631): yyyy: Layer Name== SurfaceView[glory.beta001/com.godot.game.GodotAppLauncher](BLAST)#689
E/CompositionEngine(  631): yyyy: Layer Name== SurfaceView[glory.beta001/com.godot.game.GodotAppLauncher](BLAST)#689
E/CompositionEngine(  631): yyyy: Layer Name== SurfaceView[glory.beta001/com.godot.game.GodotAppLauncher](BLAST)#689
E/CompositionEngine(  631): yyyy: Layer Name== SurfaceView[glory.beta001/com.godot.game.GodotAppLauncher](BLAST)#689
E/CompositionEngine(  631): yyyy: Layer Name== SurfaceView[glory.beta001/com.godot.game.GodotAppLauncher](BLAST)#689
E/CompositionEngine(  631): yyyy: Layer Name== SurfaceView[glory.beta001/com.godot.game.GodotAppLauncher](BLAST)#689
E/CompositionEngine(  631): yyyy: Layer Name== SurfaceView[glory.beta001/com.godot.game.GodotAppLauncher](BLAST)#689
E/CompositionEngine(  631): yyyy: Layer Name== SurfaceView[glory.beta001/com.godot.game.GodotAppLauncher](BLAST)#689
E/CompositionEngine(  631): yyyy: Layer Name== SurfaceView[glory.beta001/com.godot.game.GodotAppLauncher](BLAST)#689
E/CompositionEngine(  631): yyyy: Layer Name== SurfaceView[glory.beta001/com.godot.game.GodotAppLauncher](BLAST)#689
E/CompositionEngine(  631): yyyy: Layer Name== SurfaceView[glory.beta001/com.godot.game.GodotAppLauncher](BLAST)#689
E/CompositionEngine(  631): yyyy: Layer Name== SurfaceView[glory.beta001/com.godot.game.GodotAppLauncher](BLAST)#689
V/AS.AudioDeviceBroker( 1082): requestedCommunicationDevice: null mAudioModeOwner: AudioModeInfo: mMode=MODE_NORMAL, mPid=0, mUid=0
V/AS.AudioDeviceBroker( 1082): requestedCommunicationDevice: null mAudioModeOwner: AudioModeInfo: mMode=MODE_NORMAL, mPid=0, mUid=0
E/CompositionEngine(  631): yyyy: Layer Name== SurfaceView[glory.beta001/com.godot.game.GodotAppLauncher](BLAST)#689
E/CompositionEngine(  631): yyyy: Layer Name== SurfaceView[glory.beta001/com.godot.game.GodotAppLauncher](BLAST)#689
E/CompositionEngine(  631): yyyy: Layer Name== SurfaceView[glory.beta001/com.godot.game.GodotAppLauncher](BLAST)#689
E/CompositionEngine(  631): yyyy: Layer Name== SurfaceView[glory.beta001/com.godot.game.GodotAppLauncher](BLAST)#689
E/CompositionEngine(  631): yyyy: Layer Name== SurfaceView[glory.beta001/com.godot.game.GodotAppLauncher](BLAST)#689
E/CompositionEngine(  631): yyyy: Layer Name== SurfaceView[glory.beta001/com.godot.game.GodotAppLauncher](BLAST)#689
E/CompositionEngine(  631): yyyy: Layer Name== SurfaceView[glory.beta001/com.godot.game.GodotAppLauncher](BLAST)#689
E/CompositionEngine(  631): yyyy: Layer Name== SurfaceView[glory.beta001/com.godot.game.GodotAppLauncher](BLAST)#689
I/godot   (19364): [PERFLOG] fps=60 proc=16.6ms phys=0.1ms video=263.5 tex=230.7 buf=7.3 static=98.4 obj=1872 res=332 node=19 orphan=0 draw=7 tween=0
E/CompositionEngine(  631): yyyy: Layer Name== SurfaceView[glory.beta001/com.godot.game.GodotAppLauncher](BLAST)#689
I/godot   (19364): [PERFLOG] skin skel=0 bones=0 play=0/0 hidden_play=0 vis_vert=0 hid_vert=0
E/CompositionEngine(  631): yyyy: Layer Name== SurfaceView[glory.beta001/com.godot.game.GodotAppLauncher](BLAST)#689
E/CompositionEngine(  631): yyyy: Layer Name== SurfaceView[glory.beta001/com.godot.game.GodotAppLauncher](BLAST)#689
E/CompositionEngine(  631): yyyy: Layer Name== SurfaceView[glory.beta001/com.godot.game.GodotAppLauncher](BLAST)#689
E/CompositionEngine(  631): yyyy: Layer Name== SurfaceView[glory.beta001/com.godot.game.GodotAppLauncher](BLAST)#689
E/CompositionEngine(  631): yyyy: Layer Name== SurfaceView[glory.beta001/com.godot.game.GodotAppLauncher](BLAST)#689
E/CompositionEngine(  631): yyyy: Layer Name== SurfaceView[glory.beta001/com.godot.game.GodotAppLauncher](BLAST)#689
E/CompositionEngine(  631): yyyy: Layer Name== SurfaceView[glory.beta001/com.godot.game.GodotAppLauncher](BLAST)#689
E/CompositionEngine(  631): yyyy: Layer Name== SurfaceView[glory.beta001/com.godot.game.GodotAppLauncher](BLAST)#689
E/CompositionEngine(  631): yyyy: Layer Name== SurfaceView[glory.beta001/com.godot.game.GodotAppLauncher](BLAST)#689
E/CompositionEngine(  631): yyyy: Layer Name== SurfaceView[glory.beta001/com.godot.game.GodotAppLauncher](BLAST)#689
E/CompositionEngine(  631): yyyy: Layer Name== SurfaceView[glory.beta001/com.godot.game.GodotAppLauncher](BLAST)#689
E/CompositionEngine(  631): yyyy: Layer Name== SurfaceView[glory.beta001/com.godot.game.GodotAppLauncher](BLAST)#689
E/CompositionEngine(  631): yyyy: Layer Name== SurfaceView[glory.beta001/com.godot.game.GodotAppLauncher](BLAST)#689
E/CompositionEngine(  631): yyyy: Layer Name== SurfaceView[glory.beta001/com.godot.game.GodotAppLauncher](BLAST)#689
E/CompositionEngine(  631): yyyy: Layer Name== SurfaceView[glory.beta001/com.godot.game.GodotAppLauncher](BLAST)#689
E/CompositionEngine(  631): yyyy: Layer Name== SurfaceView[glory.beta001/com.godot.game.GodotAppLauncher](BLAST)#689
E/CompositionEngine(  631): yyyy: Layer Name== SurfaceView[glory.beta001/com.godot.game.GodotAppLauncher](BLAST)#689
E/CompositionEngine(  631): yyyy: Layer Name== SurfaceView[glory.beta001/com.godot.game.GodotAppLauncher](BLAST)#689
E/CompositionEngine(  631): yyyy: Layer Name== SurfaceView[glory.beta001/com.godot.game.GodotAppLauncher](BLAST)#689
E/CompositionEngine(  631): yyyy: Layer Name== SurfaceView[glory.beta001/com.godot.game.GodotAppLauncher](BLAST)#689
E/CompositionEngine(  631): yyyy: Layer Name== SurfaceView[glory.beta001/com.godot.game.GodotAppLauncher](BLAST)#689
E/CompositionEngine(  631): yyyy: Layer Name== SurfaceView[glory.beta001/com.godot.game.GodotAppLauncher](BLAST)#689
E/CompositionEngine(  631): yyyy: Layer Name== SurfaceView[glory.beta001/com.godot.game.GodotAppLauncher](BLAST)#689
E/CompositionEngine(  631): yyyy: Layer Name== SurfaceView[glory.beta001/com.godot.game.GodotAppLauncher](BLAST)#689
E/CompositionEngine(  631): yyyy: Layer Name== SurfaceView[glory.beta001/com.godot.game.GodotAppLauncher](BLAST)#689
E/CompositionEngine(  631): yyyy: Layer Name== SurfaceView[glory.beta001/com.godot.game.GodotAppLauncher](BLAST)#689
E/CompositionEngine(  631): yyyy: Layer Name== SurfaceView[glory.beta001/com.godot.game.GodotAppLauncher](BLAST)#689
E/CompositionEngine(  631): yyyy: Layer Name== SurfaceView[glory.beta001/com.godot.game.GodotAppLauncher](BLAST)#689
E/CompositionEngine(  631): yyyy: Layer Name== SurfaceView[glory.beta001/com.godot.game.GodotAppLauncher](BLAST)#689
E/CompositionEngine(  631): yyyy: Layer Name== SurfaceView[glory.beta001/com.godot.game.GodotAppLauncher](BLAST)#689
I/godot   (19364): [PERFLOG] fps=60 proc=16.6ms phys=0.1ms video=263.5 tex=230.7 buf=7.3 static=98.4 obj=1872 res=332 node=19 orphan=0 draw=7 tween=0
E/CompositionEngine(  631): yyyy: Layer Name== SurfaceView[glory.beta001/com.godot.game.GodotAppLauncher](BLAST)#689
I/godot   (19364): [PERFLOG] skin skel=0 bones=0 play=0/0 hidden_play=0 vis_vert=0 hid_vert=0
E/CompositionEngine(  631): yyyy: Layer Name== SurfaceView[glory.beta001/com.godot.game.GodotAppLauncher](BLAST)#689
E/CompositionEngine(  631): yyyy: Layer Name== SurfaceView[glory.beta001/com.godot.game.GodotAppLauncher](BLAST)#689
E/CompositionEngine(  631): yyyy: Layer Name== SurfaceView[glory.beta001/com.godot.game.GodotAppLauncher](BLAST)#689
E/CompositionEngine(  631): yyyy: Layer Name== SurfaceView[glory.beta001/com.godot.game.GodotAppLauncher](BLAST)#689
E/CompositionEngine(  631): yyyy: Layer Name== SurfaceView[glory.beta001/com.godot.game.GodotAppLauncher](BLAST)#689
E/CompositionEngine(  631): yyyy: Layer Name== SurfaceView[glory.beta001/com.godot.game.GodotAppLauncher](BLAST)#689
E/CompositionEngine(  631): yyyy: Layer Name== SurfaceView[glory.beta001/com.godot.game.GodotAppLauncher](BLAST)#689
E/CompositionEngine(  631): yyyy: Layer Name== SurfaceView[glory.beta001/com.godot.game.GodotAppLauncher](BLAST)#689
E/CompositionEngine(  631): yyyy: Layer Name== SurfaceView[glory.beta001/com.godot.game.GodotAppLauncher](BLAST)#689
E/CompositionEngine(  631): yyyy: Layer Name== SurfaceView[glory.beta001/com.godot.game.GodotAppLauncher](BLAST)#689
E/CompositionEngine(  631): yyyy: Layer Name== SurfaceView[glory.beta001/com.godot.game.GodotAppLauncher](BLAST)#689
E/CompositionEngine(  631): yyyy: Layer Name== SurfaceView[glory.beta001/com.godot.game.GodotAppLauncher](BLAST)#689
E/CompositionEngine(  631): yyyy: Layer Name== SurfaceView[glory.beta001/com.godot.game.GodotAppLauncher](BLAST)#689
E/CompositionEngine(  631): yyyy: Layer Name== SurfaceView[glory.beta001/com.godot.game.GodotAppLauncher](BLAST)#689
E/CompositionEngine(  631): yyyy: Layer Name== SurfaceView[glory.beta001/com.godot.game.GodotAppLauncher](BLAST)#689
E/CompositionEngine(  631): yyyy: Layer Name== SurfaceView[glory.beta001/com.godot.game.GodotAppLauncher](BLAST)#689
E/CompositionEngine(  631): yyyy: Layer Name== SurfaceView[glory.beta001/com.godot.game.GodotAppLauncher](BLAST)#689
E/CompositionEngine(  631): yyyy: Layer Name== SurfaceView[glory.beta001/com.godot.game.GodotAppLauncher](BLAST)#689
E/CompositionEngine(  631): yyyy: Layer Name== SurfaceView[glory.beta001/com.godot.game.GodotAppLauncher](BLAST)#689
E/CompositionEngine(  631): yyyy: Layer Name== SurfaceView[glory.beta001/com.godot.game.GodotAppLauncher](BLAST)#689
V/AS.AudioDeviceBroker( 1082): requestedCommunicationDevice: null mAudioModeOwner: AudioModeInfo: mMode=MODE_NORMAL, mPid=0, mUid=0
V/AS.AudioDeviceBroker( 1082): requestedCommunicationDevice: null mAudioModeOwner: AudioModeInfo: mMode=MODE_NORMAL, mPid=0, mUid=0
E/CompositionEngine(  631): yyyy: Layer Name== SurfaceView[glory.beta001/com.godot.game.GodotAppLauncher](BLAST)#689
E/CompositionEngine(  631): yyyy: Layer Name== SurfaceView[glory.beta001/com.godot.game.GodotAppLauncher](BLAST)#689
E/CompositionEngine(  631): yyyy: Layer Name== SurfaceView[glory.beta001/com.godot.game.GodotAppLauncher](BLAST)#689
E/CompositionEngine(  631): yyyy: Layer Name== SurfaceView[glory.beta001/com.godot.game.GodotAppLauncher](BLAST)#689
E/CompositionEngine(  631): yyyy: Layer Name== SurfaceView[glory.beta001/com.godot.game.GodotAppLauncher](BLAST)#689
I/Cam_ALS (  609): in runlock when enable!
I/Cam_ALS (  609): event: readEvents luxValue 32.987682 scale: 0.908687
E/CompositionEngine(  631): yyyy: Layer Name== SurfaceView[glory.beta001/com.godot.game.GodotAppLauncher](BLAST)#689
D/WifiStaIfaceHidlImpl( 1082): getCachedScanData is not implemented by HIDL
D/ConnectivityService( 1082): NetReassign [no changes] [c 1] [a 0] [i 2]
E/CompositionEngine(  631): yyyy: Layer Name== SurfaceView[glory.beta001/com.godot.game.GodotAppLauncher](BLAST)#689
E/CompositionEngine(  631): yyyy: Layer Name== SurfaceView[glory.beta001/com.godot.game.GodotAppLauncher](BLAST)#689
E/CompositionEngine(  631): yyyy: Layer Name== SurfaceView[glory.beta001/com.godot.game.GodotAppLauncher](BLAST)#689
V/BroadcastQueue( 1082): Enqueuing BroadcastRecord{18ca8d8 android.intent.action.BATTERY_CHANGED/u-1} ordered=false from uid 1000 pid 1082 for 2 receivers
V/BroadcastQueue( 1082): Enqueuing BroadcastRecord{365e431 android.intent.action.BATTERY_CHANGED/u-1} ordered=false from uid 1000 pid 1082 for 27 receivers
D/PowerUI ( 1584): can't show warning due to - plugged: true status unknown: false
D/BatteryController( 1584): onReceive:mLevel=49,mCharging=true
V/BroadcastQueue( 1082): Enqueuing BroadcastRecord{ccf4716 android.intent.action.BATTERY_LEVEL_CHANGED/u-1} ordered=false from uid 1000 pid 1082 for 2 receivers
D/UnisocBatteryControllerEx( 1584): fireChargingSpeedChanged: 0
D/UnisocPowerUI( 1584): onReceive health:2 --> 2
E/CompositionEngine(  631): yyyy: Layer Name== SurfaceView[glory.beta001/com.godot.game.GodotAppLauncher](BLAST)#689
D/BoardScore( 1082): Received android.intent.action.BATTERY_CHANGED
D/BoardScore( 1082): chargePlug 2; status =2
D/BatteryServiceERP( 1082): action: android.intent.action.BATTERY_CHANGED,level:49,scale:100,status:2,isCharging:true,isSendNotification: false,isForceCharging:false
D/BatteryServiceERP( 1082): battProtect switch: 0
D/PowerHALManager( 1082): powerhalmanager sendHint!!!
D/PowerHAL(  617): enter VendorPower::sendHint
D/PowerHAL(  617): sendHint enter sendHint if():
D/PowerHAL(  617): sendHint got hintSession:0xb400007c46c13a10 
D/PowerHAL(  617): PowerHintSession sendHint hintSession and hint=2: mTgid: 1584, mUid: 10184
D/PowerHAL(  617): enter case CPU_LOAD_RESET, and uclampMin_High=650
D/PowerHAL(  617): sendHint got hintSession:0xb400007c46c13a10 return ok!
D/PowerHALManager( 1082): powerhalmanager sendHint!!!
D/PowerHAL(  617): enter VendorPower::sendHint
D/PowerHAL(  617): sendHint enter sendHint if():
D/PowerHAL(  617): sendHint got hintSession:0xb400007c46c13a10 
D/PowerHAL(  617): PowerHintSession sendHint hintSession and hint=0: mTgid: 1584, mUid: 10184
D/PowerHAL(  617): enter case CPU_LOAD_UP, and uclampMin_High=650
D/PowerHAL(  617): sendHint got hintSession:0xb400007c46c13a10 return ok!
D/BatteryUsageBroadcastReceiver( 1995): onReceive:android.intent.action.BATTERY_LEVEL_CHANGED
I/godot   (19364): [PERFLOG] fps=60 proc=16.6ms phys=0.1ms video=263.5 tex=230.7 buf=7.3 static=98.4 obj=1872 res=332 node=19 orphan=0 draw=7 tween=0
E/CompositionEngine(  631): yyyy: Layer Name== SurfaceView[glory.beta001/com.godot.game.GodotAppLauncher](BLAST)#689
I/godot   (19364): [PERFLOG] skin skel=0 bones=0 play=0/0 hidden_play=0 vis_vert=0 hid_vert=0
D/BatteryUsageBroadcastReceiver( 1995): fetch data because of event: ACTION_BATTERY_LEVEL_CHANGED
E/CompositionEngine(  631): yyyy: Layer Name== SurfaceView[glory.beta001/com.godot.game.GodotAppLauncher](BLAST)#689
E/CompositionEngine(  631): yyyy: Layer Name== SurfaceView[glory.beta001/com.godot.game.GodotAppLauncher](BLAST)#689
E/CompositionEngine(  631): yyyy: Layer Name== SurfaceView[glory.beta001/com.godot.game.GodotAppLauncher](BLAST)#689
E/CompositionEngine(  631): yyyy: Layer Name== SurfaceView[glory.beta001/com.godot.game.GodotAppLauncher](BLAST)#689
E/CompositionEngine(  631): yyyy: Layer Name== SurfaceView[glory.beta001/com.godot.game.GodotAppLauncher](BLAST)#689
E/CompositionEngine(  631): yyyy: Layer Name== SurfaceView[glory.beta001/com.godot.game.GodotAppLauncher](BLAST)#689
E/CompositionEngine(  631): yyyy: Layer Name== SurfaceView[glory.beta001/com.godot.game.GodotAppLauncher](BLAST)#689
E/CompositionEngine(  631): yyyy: Layer Name== SurfaceView[glory.beta001/com.godot.game.GodotAppLauncher](BLAST)#689
E/CompositionEngine(  631): yyyy: Layer Name== SurfaceView[glory.beta001/com.godot.game.GodotAppLauncher](BLAST)#689
E/CompositionEngine(  631): yyyy: Layer Name== SurfaceView[glory.beta001/com.godot.game.GodotAppLauncher](BLAST)#689
E/CompositionEngine(  631): yyyy: Layer Name== SurfaceView[glory.beta001/com.godot.game.GodotAppLauncher](BLAST)#689
E/CompositionEngine(  631): yyyy: Layer Name== SurfaceView[glory.beta001/com.godot.game.GodotAppLauncher](BLAST)#689
E/CompositionEngine(  631): yyyy: Layer Name== SurfaceView[glory.beta001/com.godot.game.GodotAppLauncher](BLAST)#689
E/CompositionEngine(  631): yyyy: Layer Name== SurfaceView[glory.beta001/com.godot.game.GodotAppLauncher](BLAST)#689
E/CompositionEngine(  631): yyyy: Layer Name== SurfaceView[glory.beta001/com.godot.game.GodotAppLauncher](BLAST)#689
E/CompositionEngine(  631): yyyy: Layer Name== SurfaceView[glory.beta001/com.godot.game.GodotAppLauncher](BLAST)#689
E/CompositionEngine(  631): yyyy: Layer Name== SurfaceView[glory.beta001/com.godot.game.GodotAppLauncher](BLAST)#689
E/CompositionEngine(  631): yyyy: Layer Name== SurfaceView[glory.beta001/com.godot.game.GodotAppLauncher](BLAST)#689
E/CompositionEngine(  631): yyyy: Layer Name== SurfaceView[glory.beta001/com.godot.game.GodotAppLauncher](BLAST)#689
E/CompositionEngine(  631): yyyy: Layer Name== SurfaceView[glory.beta001/com.godot.game.GodotAppLauncher](BLAST)#689
E/CompositionEngine(  631): yyyy: Layer Name== SurfaceView[glory.beta001/com.godot.game.GodotAppLauncher](BLAST)#689
E/CompositionEngine(  631): yyyy: Layer Name== SurfaceView[glory.beta001/com.godot.game.GodotAppLauncher](BLAST)#689
E/CompositionEngine(  631): yyyy: Layer Name== SurfaceView[glory.beta001/com.godot.game.GodotAppLauncher](BLAST)#689
E/CompositionEngine(  631): yyyy: Layer Name== SurfaceView[glory.beta001/com.godot.game.GodotAppLauncher](BLAST)#689
E/CompositionEngine(  631): yyyy: Layer Name== SurfaceView[glory.beta001/com.godot.game.GodotAppLauncher](BLAST)#689
E/CompositionEngine(  631): yyyy: Layer Name== SurfaceView[glory.beta001/com.godot.game.GodotAppLauncher](BLAST)#689
E/CompositionEngine(  631): yyyy: Layer Name== SurfaceView[glory.beta001/com.godot.game.GodotAppLauncher](BLAST)#689
E/CompositionEngine(  631): yyyy: Layer Name== SurfaceView[glory.beta001/com.godot.game.GodotAppLauncher](BLAST)#689
D/PowerHALManager( 1082): powerhalmanager sendHint!!!
D/PowerHAL(  617): enter VendorPower::sendHint
D/PowerHAL(  617): sendHint enter sendHint if():
D/PowerHAL(  617): sendHint got hintSession:0xb400007c46c137e0 
D/PowerHAL(  617): PowerHintSession sendHint hintSession and hint=2: mTgid: 1807, mUid: 10092
D/PowerHAL(  617): enter case CPU_LOAD_RESET, and uclampMin_High=650
D/PowerHAL(  617): sendHint got hintSession:0xb400007c46c137e0 return ok!
D/MtpServer(12360): sendDevicePropertyChanged 20481
E/CompositionEngine(  631): yyyy: Layer Name== SurfaceView[glory.beta001/com.godot.game.GodotAppLauncher](BLAST)#689
E/CompositionEngine(  631): yyyy: Layer Name== SurfaceView[glory.beta001/com.godot.game.GodotAppLauncher](BLAST)#689
E/UnisocWatchdog( 1082): UnisocWatchdogImpl sendMessage:0
E/UnisocWatchdog( 1082): UNISOCWATCHDOG_MESSAGE_TIMER30 trigger
I/godot   (19364): [PERFLOG] fps=60 proc=17.3ms phys=0.1ms video=263.5 tex=230.7 buf=7.3 static=98.4 obj=1872 res=332 node=19 orphan=0 draw=7 tween=0
E/CompositionEngine(  631): yyyy: Layer Name== SurfaceView[glory.beta001/com.godot.game.GodotAppLauncher](BLAST)#689
I/godot   (19364): [PERFLOG] skin skel=0 bones=0 play=0/0 hidden_play=0 vis_vert=0 hid_vert=0
E/CompositionEngine(  631): yyyy: Layer Name== SurfaceView[glory.beta001/com.godot.game.GodotAppLauncher](BLAST)#689
E/CompositionEngine(  631): yyyy: Layer Name== SurfaceView[glory.beta001/com.godot.game.GodotAppLauncher](BLAST)#689
E/CompositionEngine(  631): yyyy: Layer Name== SurfaceView[glory.beta001/com.godot.game.GodotAppLauncher](BLAST)#689
E/CompositionEngine(  631): yyyy: Layer Name== SurfaceView[glory.beta001/com.godot.game.GodotAppLauncher](BLAST)#689
E/CompositionEngine(  631): yyyy: Layer Name== SurfaceView[glory.beta001/com.godot.game.GodotAppLauncher](BLAST)#689
E/CompositionEngine(  631): yyyy: Layer Name== SurfaceView[glory.beta001/com.godot.game.GodotAppLauncher](BLAST)#689
E/CompositionEngine(  631): yyyy: Layer Name== SurfaceView[glory.beta001/com.godot.game.GodotAppLauncher](BLAST)#689
E/CompositionEngine(  631): yyyy: Layer Name== SurfaceView[glory.beta001/com.godot.game.GodotAppLauncher](BLAST)#689
E/CompositionEngine(  631): yyyy: Layer Name== SurfaceView[glory.beta001/com.godot.game.GodotAppLauncher](BLAST)#689
E/CompositionEngine(  631): yyyy: Layer Name== SurfaceView[glory.beta001/com.godot.game.GodotAppLauncher](BLAST)#689
E/CompositionEngine(  631): yyyy: Layer Name== SurfaceView[glory.beta001/com.godot.game.GodotAppLauncher](BLAST)#689
E/CompositionEngine(  631): yyyy: Layer Name== SurfaceView[glory.beta001/com.godot.game.GodotAppLauncher](BLAST)#689
E/CompositionEngine(  631): yyyy: Layer Name== SurfaceView[glory.beta001/com.godot.game.GodotAppLauncher](BLAST)#689
E/CompositionEngine(  631): yyyy: Layer Name== SurfaceView[glory.beta001/com.godot.game.GodotAppLauncher](BLAST)#689
E/CompositionEngine(  631): yyyy: Layer Name== SurfaceView[glory.beta001/com.godot.game.GodotAppLauncher](BLAST)#689
E/CompositionEngine(  631): yyyy: Layer Name== SurfaceView[glory.beta001/com.godot.game.GodotAppLauncher](BLAST)#689
E/CompositionEngine(  631): yyyy: Layer Name== SurfaceView[glory.beta001/com.godot.game.GodotAppLauncher](BLAST)#689
E/CompositionEngine(  631): yyyy: Layer Name== SurfaceView[glory.beta001/com.godot.game.GodotAppLauncher](BLAST)#689
V/AS.AudioDeviceBroker( 1082): requestedCommunicationDevice: null mAudioModeOwner: AudioModeInfo: mMode=MODE_NORMAL, mPid=0, mUid=0
V/AS.AudioDeviceBroker( 1082): requestedCommunicationDevice: null mAudioModeOwner: AudioModeInfo: mMode=MODE_NORMAL, mPid=0, mUid=0
E/CompositionEngine(  631): yyyy: Layer Name== SurfaceView[glory.beta001/com.godot.game.GodotAppLauncher](BLAST)#689
E/CompositionEngine(  631): yyyy: Layer Name== SurfaceView[glory.beta001/com.godot.game.GodotAppLauncher](BLAST)#689
E/CompositionEngine(  631): yyyy: Layer Name== SurfaceView[glory.beta001/com.godot.game.GodotAppLauncher](BLAST)#689
E/CompositionEngine(  631): yyyy: Layer Name== SurfaceView[glory.beta001/com.godot.game.GodotAppLauncher](BLAST)#689
E/CompositionEngine(  631): yyyy: Layer Name== SurfaceView[glory.beta001/com.godot.game.GodotAppLauncher](BLAST)#689
E/CompositionEngine(  631): yyyy: Layer Name== SurfaceView[glory.beta001/com.godot.game.GodotAppLauncher](BLAST)#689
E/CompositionEngine(  631): yyyy: Layer Name== SurfaceView[glory.beta001/com.godot.game.GodotAppLauncher](BLAST)#689
E/CompositionEngine(  631): yyyy: Layer Name== SurfaceView[glory.beta001/com.godot.game.GodotAppLauncher](BLAST)#689
E/CompositionEngine(  631): yyyy: Layer Name== SurfaceView[glory.beta001/com.godot.game.GodotAppLauncher](BLAST)#689
E/CompositionEngine(  631): yyyy: Layer Name== SurfaceView[glory.beta001/com.godot.game.GodotAppLauncher](BLAST)#689
E/CompositionEngine(  631): yyyy: Layer Name== SurfaceView[glory.beta001/com.godot.game.GodotAppLauncher](BLAST)#689
E/CompositionEngine(  631): yyyy: Layer Name== SurfaceView[glory.beta001/com.godot.game.GodotAppLauncher](BLAST)#689
D/SSense.CameraAppRecognizer( 1082): CameraAppScene for uid:10266 pkg name:glory.beta001 sceneId:0 changed:false mCurrentCameraAppName:null
D/SSense.GalleryAppSceneRecognizer( 1082): GalleryAppScene for uid:10266 pkg name:glory.beta001 sceneId:0 changed:false mCurrentFlingAppName:null
I/godot   (19364): [PERFLOG] fps=60 proc=17.3ms phys=0.1ms video=263.5 tex=230.7 buf=7.3 static=98.4 obj=1872 res=332 node=19 orphan=0 draw=7 tween=0
E/CompositionEngine(  631): yyyy: Layer Name== SurfaceView[glory.beta001/com.godot.game.GodotAppLauncher](BLAST)#689
I/godot   (19364): [PERFLOG] skin skel=0 bones=0 play=0/0 hidden_play=0 vis_vert=0 hid_vert=0
E/CompositionEngine(  631): yyyy: Layer Name== SurfaceView[glory.beta001/com.godot.game.GodotAppLauncher](BLAST)#689
E/CompositionEngine(  631): yyyy: Layer Name== SurfaceView[glory.beta001/com.godot.game.GodotAppLauncher](BLAST)#689
E/CompositionEngine(  631): yyyy: Layer Name== SurfaceView[glory.beta001/com.godot.game.GodotAppLauncher](BLAST)#689
E/CompositionEngine(  631): yyyy: Layer Name== SurfaceView[glory.beta001/com.godot.game.GodotAppLauncher](BLAST)#689
E/CompositionEngine(  631): yyyy: Layer Name== SurfaceView[glory.beta001/com.godot.game.GodotAppLauncher](BLAST)#689
E/CompositionEngine(  631): yyyy: Layer Name== SurfaceView[glory.beta001/com.godot.game.GodotAppLauncher](BLAST)#689
E/CompositionEngine(  631): yyyy: Layer Name== SurfaceView[glory.beta001/com.godot.game.GodotAppLauncher](BLAST)#689
E/CompositionEngine(  631): yyyy: Layer Name== SurfaceView[glory.beta001/com.godot.game.GodotAppLauncher](BLAST)#689
E/CompositionEngine(  631): yyyy: Layer Name== SurfaceView[glory.beta001/com.godot.game.GodotAppLauncher](BLAST)#689
E/CompositionEngine(  631): yyyy: Layer Name== SurfaceView[glory.beta001/com.godot.game.GodotAppLauncher](BLAST)#689
E/CompositionEngine(  631): yyyy: Layer Name== SurfaceView[glory.beta001/com.godot.game.GodotAppLauncher](BLAST)#689
E/CompositionEngine(  631): yyyy: Layer Name== SurfaceView[glory.beta001/com.godot.game.GodotAppLauncher](BLAST)#689
E/CompositionEngine(  631): yyyy: Layer Name== SurfaceView[glory.beta001/com.godot.game.GodotAppLauncher](BLAST)#689
E/CompositionEngine(  631): yyyy: Layer Name== SurfaceView[glory.beta001/com.godot.game.GodotAppLauncher](BLAST)#689
E/CompositionEngine(  631): yyyy: Layer Name== SurfaceView[glory.beta001/com.godot.game.GodotAppLauncher](BLAST)#689
E/CompositionEngine(  631): yyyy: Layer Name== SurfaceView[glory.beta001/com.godot.game.GodotAppLauncher](BLAST)#689
E/CompositionEngine(  631): yyyy: Layer Name== SurfaceView[glory.beta001/com.godot.game.GodotAppLauncher](BLAST)#689
E/CompositionEngine(  631): yyyy: Layer Name== SurfaceView[glory.beta001/com.godot.game.GodotAppLauncher](BLAST)#689
E/CompositionEngine(  631): yyyy: Layer Name== SurfaceView[glory.beta001/com.godot.game.GodotAppLauncher](BLAST)#689
E/CompositionEngine(  631): yyyy: Layer Name== SurfaceView[glory.beta001/com.godot.game.GodotAppLauncher](BLAST)#689
E/CompositionEngine(  631): yyyy: Layer Name== SurfaceView[glory.beta001/com.godot.game.GodotAppLauncher](BLAST)#689
E/CompositionEngine(  631): yyyy: Layer Name== SurfaceView[glory.beta001/com.godot.game.GodotAppLauncher](BLAST)#689
E/CompositionEngine(  631): yyyy: Layer Name== SurfaceView[glory.beta001/com.godot.game.GodotAppLauncher](BLAST)#689
E/CompositionEngine(  631): yyyy: Layer Name== SurfaceView[glory.beta001/com.godot.game.GodotAppLauncher](BLAST)#689
E/CompositionEngine(  631): yyyy: Layer Name== SurfaceView[glory.beta001/com.godot.game.GodotAppLauncher](BLAST)#689
E/CompositionEngine(  631): yyyy: Layer Name== SurfaceView[glory.beta001/com.godot.game.GodotAppLauncher](BLAST)#689
E/CompositionEngine(  631): yyyy: Layer Name== SurfaceView[glory.beta001/com.godot.game.GodotAppLauncher](BLAST)#689
E/CompositionEngine(  631): yyyy: Layer Name== SurfaceView[glory.beta001/com.godot.game.GodotAppLauncher](BLAST)#689
E/CompositionEngine(  631): yyyy: Layer Name== SurfaceView[glory.beta001/com.godot.game.GodotAppLauncher](BLAST)#689
E/CompositionEngine(  631): yyyy: Layer Name== SurfaceView[glory.beta001/com.godot.game.GodotAppLauncher](BLAST)#689
I/godot   (19364): [PERFLOG] fps=60 proc=16.6ms phys=0.1ms video=263.5 tex=230.7 buf=7.3 static=98.4 obj=1872 res=332 node=19 orphan=0 draw=7 tween=0
E/CompositionEngine(  631): yyyy: Layer Name== SurfaceView[glory.beta001/com.godot.game.GodotAppLauncher](BLAST)#689
I/godot   (19364): [PERFLOG] skin skel=0 bones=0 play=0/0 hidden_play=0 vis_vert=0 hid_vert=0
E/CompositionEngine(  631): yyyy: Layer Name== SurfaceView[glory.beta001/com.godot.game.GodotAppLauncher](BLAST)#689
E/CompositionEngine(  631): yyyy: Layer Name== SurfaceView[glory.beta001/com.godot.game.GodotAppLauncher](BLAST)#689
E/CompositionEngine(  631): yyyy: Layer Name== SurfaceView[glory.beta001/com.godot.game.GodotAppLauncher](BLAST)#689
E/CompositionEngine(  631): yyyy: Layer Name== SurfaceView[glory.beta001/com.godot.game.GodotAppLauncher](BLAST)#689
E/CompositionEngine(  631): yyyy: Layer Name== SurfaceView[glory.beta001/com.godot.game.GodotAppLauncher](BLAST)#689
E/CompositionEngine(  631): yyyy: Layer Name== SurfaceView[glory.beta001/com.godot.game.GodotAppLauncher](BLAST)#689
E/CompositionEngine(  631): yyyy: Layer Name== SurfaceView[glory.beta001/com.godot.game.GodotAppLauncher](BLAST)#689
E/CompositionEngine(  631): yyyy: Layer Name== SurfaceView[glory.beta001/com.godot.game.GodotAppLauncher](BLAST)#689
E/CompositionEngine(  631): yyyy: Layer Name== SurfaceView[glory.beta001/com.godot.game.GodotAppLauncher](BLAST)#689
E/CompositionEngine(  631): yyyy: Layer Name== SurfaceView[glory.beta001/com.godot.game.GodotAppLauncher](BLAST)#689
E/CompositionEngine(  631): yyyy: Layer Name== SurfaceView[glory.beta001/com.godot.game.GodotAppLauncher](BLAST)#689
E/CompositionEngine(  631): yyyy: Layer Name== SurfaceView[glory.beta001/com.godot.game.GodotAppLauncher](BLAST)#689
E/CompositionEngine(  631): yyyy: Layer Name== SurfaceView[glory.beta001/com.godot.game.GodotAppLauncher](BLAST)#689
E/CompositionEngine(  631): yyyy: Layer Name== SurfaceView[glory.beta001/com.godot.game.GodotAppLauncher](BLAST)#689
E/CompositionEngine(  631): yyyy: Layer Name== SurfaceView[glory.beta001/com.godot.game.GodotAppLauncher](BLAST)#689
E/CompositionEngine(  631): yyyy: Layer Name== SurfaceView[glory.beta001/com.godot.game.GodotAppLauncher](BLAST)#689
V/AS.AudioDeviceBroker( 1082): requestedCommunicationDevice: null mAudioModeOwner: AudioModeInfo: mMode=MODE_NORMAL, mPid=0, mUid=0
V/AS.AudioDeviceBroker( 1082): requestedCommunicationDevice: null mAudioModeOwner: AudioModeInfo: mMode=MODE_NORMAL, mPid=0, mUid=0
E/CompositionEngine(  631): yyyy: Layer Name== SurfaceView[glory.beta001/com.godot.game.GodotAppLauncher](BLAST)#689
E/CompositionEngine(  631): yyyy: Layer Name== SurfaceView[glory.beta001/com.godot.game.GodotAppLauncher](BLAST)#689
E/CompositionEngine(  631): yyyy: Layer Name== SurfaceView[glory.beta001/com.godot.game.GodotAppLauncher](BLAST)#689
E/CompositionEngine(  631): yyyy: Layer Name== SurfaceView[glory.beta001/com.godot.game.GodotAppLauncher](BLAST)#689
E/CompositionEngine(  631): yyyy: Layer Name== SurfaceView[glory.beta001/com.godot.game.GodotAppLauncher](BLAST)#689
I/Cam_ALS (  609): in runlock when enable!
I/Cam_ALS (  609): event: readEvents luxValue 32.987682 scale: 0.908687
E/CompositionEngine(  631): yyyy: Layer Name== SurfaceView[glory.beta001/com.godot.game.GodotAppLauncher](BLAST)#689
E/CompositionEngine(  631): yyyy: Layer Name== SurfaceView[glory.beta001/com.godot.game.GodotAppLauncher](BLAST)#689
E/CompositionEngine(  631): yyyy: Layer Name== SurfaceView[glory.beta001/com.godot.game.GodotAppLauncher](BLAST)#689
E/CompositionEngine(  631): yyyy: Layer Name== SurfaceView[glory.beta001/com.godot.game.GodotAppLauncher](BLAST)#689
E/CompositionEngine(  631): yyyy: Layer Name== SurfaceView[glory.beta001/com.godot.game.GodotAppLauncher](BLAST)#689
E/CompositionEngine(  631): yyyy: Layer Name== SurfaceView[glory.beta001/com.godot.game.GodotAppLauncher](BLAST)#689
