render_frame,replay_frame,delta_ms,instant_fps,engine_fps,process_ms,physics_ms,video_mb,texture_mb,buffer_mb,static_mb,objects,nodes,orphans,draw_calls,tweens
1,0,122.057,8.1928934841918,1.0,71.706,0.022,428.875,154.1875,58.276065826416,133.765246391296,4245,1126,0,267,90
2,0,16.6666666666667,60.0,1.0,71.706,0.022,427.5625,154.1875,58.2709197998047,133.848280906677,4252,1127,0,268,92
3,0,0.54537499090657,1833.60076401325,1.0,71.706,0.022,427.5625,154.1875,58.2709197998047,133.849642753601,4252,1127,0,268,92
4,0,16.0476250090932,62.314516910344,1.0,71.706,0.022,427.8125,154.1875,58.2711143493652,133.869124412537,4259,1128,0,269,94
5,0,4.439,225.275963054742,1.0,71.706,0.022,427.8125,154.1875,58.2711143493652,133.870577812195,4259,1128,0,269,94
6,0,5.55555555555555,180.0,1.0,71.706,0.022,427.8125,154.1875,58.2711143493652,133.871939659119,4259,1128,0,269,94
7,0,6.93344444444444,144.228457877278,1.0,71.706,0.022,427.8125,154.1875,58.2711143493652,133.873438835144,4259,1128,0,269,94
8,0,8.162,122.518990443519,1.0,71.706,0.022,427.8125,154.1875,58.2711143493652,133.875288963318,4259,1128,0,269,94
9,0,16.6836666666667,59.9388623603924,1.0,71.706,0.022,427.8125,154.1875,58.2711143493652,133.876650810242,4259,1128,0,269,94
10,0,8.30000000000019,120.481927710841,1.0,71.706,0.022,427.8125,154.1875,58.2711143493652,133.878439903259,4259,1128,0,269,94
11,0,16.5089999999998,60.5730207765468,1.0,71.706,0.022,427.8125,154.1875,58.2711143493652,133.879801750183,4259,1128,0,269,94
12,0,9.25925925925926,108.0,1.0,71.706,0.022,427.8125,154.1875,58.2711143493652,133.881407737732,4259,1128,0,269,94
13,0,15.7147407407407,63.6345210206035,1.0,71.706,0.022,427.8125,154.1875,58.2711143493652,133.883013725281,4259,1128,0,269,94
14,0,13.3333333333333,75.0,1.0,71.706,0.022,428.0625,154.1875,58.2713088989258,133.902846336365,4265,1129,0,270,95
15,0,11.8503333333335,84.3858119321525,1.0,71.706,0.022,428.0625,154.1875,58.2713088989258,133.904452323914,4265,1129,0,270,95
16,0,12.5,80.0,1.0,71.706,0.022,428.0625,154.1875,58.2713088989258,133.904601097107,4263,1129,0,270,94
17,0,12.2009999999998,81.9604950413913,1.0,71.706,0.022,428.0625,154.1875,58.2713088989258,133.905962944031,4263,1129,0,270,94
18,0,8.786,113.817436831323,1.0,71.706,0.022,428.0625,154.1875,58.2713088989258,133.907324790955,4263,1129,0,270,94
19,0,8.26,121.065375302663,1.0,71.706,0.022,428.0625,154.1875,58.2713088989258,133.908686637878,4263,1129,0,270,94
20,0,8.11,123.304562268804,1.0,71.706,0.022,428.0625,154.1875,58.2713088989258,133.910460472107,4263,1129,0,270,94
21,0,8.33333333333333,120.0,1.0,71.706,0.022,428.0625,154.1875,58.2713088989258,133.911822319031,4263,1129,0,270,94
22,0,8.33333333333333,120.0,1.0,71.706,0.022,428.0625,154.1875,58.2713088989258,133.913184165955,4263,1129,0,270,94
23,0,8.33333333333333,120.0,1.0,71.706,0.022,428.0625,154.1875,58.2713088989258,133.915644645691,4262,1129,0,270,93
24,0,21.9883333333333,45.4786629273099,29.0,131.821,0.051,428.0625,154.1875,58.2713088989258,133.917006492615,4262,1129,0,270,93
25,0,11.1111111111111,90.0,29.0,131.821,0.051,428.0625,154.1875,58.2713088989258,133.918368339539,4262,1129,0,270,93
26,0,8.71022222222241,114.80763343198,29.0,131.821,0.051,428.0625,154.1875,58.2713088989258,133.918517112732,4260,1129,0,270,92
27,0,10.3153333333331,96.9430621081902,29.0,131.821,0.051,428.0625,154.1875,58.2713088989258,133.919878959656,4260,1129,0,270,92
28,0,4.181,239.177230327673,29.0,131.821,0.051,428.0625,154.1875,58.2713088989258,133.92124080658,4260,1129,0,270,92
29,0,4.588,217.95989537925,29.0,131.821,0.051,428.0625,154.1875,58.2713088989258,133.923243522644,4260,1129,0,270,92
30,0,6.018,166.168162180126,29.0,131.821,0.051,428.0625,154.1875,58.2713088989258,133.924605369568,4260,1129,0,270,92
31,0,8.282,120.743781695243,29.0,131.821,0.051,428.0625,154.1875,58.2713088989258,133.925234794617,4259,1129,0,270,91
32,0,9.25925925925926,108.0,29.0,131.821,0.051,428.0625,154.1875,58.2713088989258,133.92529964447,4257,1129,0,270,89
33,0,7.42674074074074,134.648567239505,29.0,131.821,0.051,428.0625,154.1875,58.2713088989258,133.926661491394,4257,1129,0,270,89
34,0,8.342,119.875329657157,29.0,131.821,0.051,428.0625,154.1875,58.2713088989258,133.926810264587,4255,1129,0,270,88
35,0,8.361,119.602918311207,29.0,131.821,0.051,428.0625,154.1875,58.2713088989258,133.928172111511,4255,1129,0,270,88
36,0,8.277,120.816721034191,29.0,131.821,0.051,428.0625,154.1875,58.2713088989258,133.929533958435,4255,1129,0,270,88
37,0,8.33333333333333,120.0,29.0,131.821,0.051,428.0625,154.1875,58.2713088989258,133.928774833679,4251,1129,0,270,86
38,0,8.18466666666667,122.179685590942,29.0,131.821,0.051,428.0625,154.1875,58.2713088989258,133.920340538025,4233,1129,0,270,80
39,0,8.43166666666686,118.600513935558,29.0,131.821,0.051,428.0625,154.1875,58.2713088989258,133.921702384949,4233,1129,0,270,80
40,0,8.33333333333333,120.0,29.0,131.821,0.051,428.0625,154.1875,58.2713088989258,133.923064231873,4233,1129,0,270,80
41,0,8.33333333333333,120.0,29.0,131.821,0.051,428.0625,154.1875,58.2713088989258,133.924426078796,4233,1129,0,270,80
42,0,8.33333333333333,120.0,29.0,131.821,0.051,428.0625,154.1875,58.2713088989258,133.922781944275,4228,1129,0,270,77
43,0,8.33333333333333,120.0,29.0,131.821,0.051,428.0625,154.1875,58.2713088989258,133.92510509491,4228,1129,0,270,77
44,0,8.33333333333333,120.0,29.0,131.821,0.051,428.0625,154.1875,58.2713088989258,133.926466941834,4228,1129,0,270,77
45,0,8.33333333333333,120.0,29.0,131.821,0.051,428.0625,154.1875,58.2713088989258,133.926615715027,4226,1129,0,270,76
46,0,8.12333333333314,123.102174805091,29.0,131.821,0.051,428.0625,154.1875,58.2713088989258,133.927977561951,4226,1129,0,270,76
47,0,7.57575757575758,132.0,29.0,131.821,0.051,428.0625,154.1875,58.2713088989258,133.929339408875,4226,1129,0,270,76
48,0,7.57575757575758,132.0,29.0,131.821,0.051,428.0625,154.1875,58.2713088989258,133.930701255798,4226,1129,0,270,76
49,0,7.57575757575758,132.0,29.0,131.821,0.051,428.0625,154.1875,58.2713088989258,133.932063102722,4226,1129,0,270,76
50,0,7.57575757575758,132.0,29.0,131.821,0.051,428.0625,154.1875,58.2713088989258,133.926512718201,4213,1129,0,270,72
51,0,7.57575757575758,132.0,29.0,131.821,0.051,428.0625,154.1875,58.2713088989258,133.927874565125,4213,1129,0,270,72
52,0,7.57575757575758,132.0,29.0,131.821,0.051,428.0625,154.1875,58.2713088989258,133.929236412048,4213,1129,0,270,72
53,0,7.57575757575758,132.0,29.0,131.821,0.051,428.0625,154.1875,58.2713088989258,133.930598258972,4213,1129,0,270,72
54,0,7.57575757575758,132.0,29.0,131.821,0.051,428.0625,154.1875,58.2713088989258,133.929686546326,4209,1129,0,270,70
55,0,7.57575757575758,132.0,29.0,131.821,0.051,428.0625,154.1875,58.2713088989258,133.93104839325,4209,1129,0,270,70
56,0,8.11684848484849,123.200525655576,29.0,131.821,0.051,428.0625,154.1875,58.2713088989258,133.932410240173,4209,1129,0,270,70
57,0,7.57575757575758,132.0,29.0,131.821,0.051,428.0625,154.1875,58.2713088989258,133.933772087097,4209,1129,0,270,70
58,0,7.80824242424243,128.069794156913,29.0,131.821,0.051,428.0625,154.1875,58.2713088989258,133.935133934021,4209,1129,0,270,70
59,0,8.33333333333333,120.0,29.0,131.821,0.051,428.0625,154.1875,58.2713088989258,133.936495780945,4209,1129,0,270,70
60,0,8.33333333333333,120.0,29.0,131.821,0.051,428.0625,154.1875,58.2713088989258,133.937857627869,4209,1129,0,270,70
61,0,8.33333333333333,120.0,29.0,131.821,0.051,428.0625,154.1875,58.2713088989258,133.936945915222,4205,1129,0,270,68
62,0,8.33333333333333,120.0,29.0,131.821,0.051,428.0625,154.1875,58.2713088989258,133.938307762146,4205,1129,0,270,68
63,0,8.33333333333333,120.0,29.0,131.821,0.051,428.0625,154.1875,58.2713088989258,133.93966960907,4205,1129,0,270,68
64,0,8.33333333333333,120.0,29.0,131.821,0.051,428.0625,154.1875,58.2713088989258,133.942450523376,4205,1129,0,270,68
65,0,8.33333333333333,120.0,29.0,131.821,0.051,428.0625,154.1875,58.2713088989258,133.9438123703,4205,1129,0,270,68
66,0,8.33333333333333,120.0,29.0,131.821,0.051,428.0625,154.1875,58.2713088989258,133.945174217224,4205,1129,0,270,68
67,0,8.33333333333333,120.0,29.0,131.821,0.051,428.0625,154.1875,58.2713088989258,133.944262504578,4201,1129,0,270,66
68,0,8.33333333333333,120.0,29.0,131.821,0.051,428.0625,154.1875,58.2713088989258,133.948508262634,4206,1129,0,270,68
69,0,8.33333333333333,120.0,29.0,131.821,0.051,428.0625,154.1875,58.2713088989258,133.949870109558,4206,1129,0,270,68
70,0,8.33333333333333,120.0,29.0,131.821,0.051,428.0625,154.1875,58.2713088989258,133.951231956482,4206,1129,0,270,68
71,0,8.33333333333333,120.0,29.0,131.821,0.051,428.0625,154.1875,58.2713088989258,133.952593803406,4206,1129,0,270,68
72,0,8.33333333333333,120.0,29.0,131.821,0.051,428.0625,154.1875,58.2713088989258,133.95395565033,4206,1129,0,270,68
73,0,8.33333333333333,120.0,29.0,131.821,0.051,428.0625,154.1875,58.2713088989258,133.953043937683,4202,1129,0,270,66
74,0,8.33333333333333,120.0,29.0,131.821,0.051,428.0625,154.1875,58.2713088989258,133.954405784607,4202,1129,0,270,66
75,0,8.33333333333333,120.0,29.0,131.821,0.051,428.0625,154.1875,58.2713088989258,133.955767631531,4202,1129,0,270,66
76,0,8.33333333333333,120.0,29.0,131.821,0.051,428.0625,154.1875,58.2713088989258,133.957129478455,4202,1129,0,270,66
77,0,8.33333333333333,120.0,29.0,131.821,0.051,428.0625,154.1875,58.2713088989258,133.958491325378,4202,1129,0,270,66
78,0,8.33333333333333,120.0,29.0,131.821,0.051,428.0625,154.1875,58.2713088989258,133.959853172302,4202,1129,0,270,66
79,0,8.33333333333333,120.0,29.0,131.821,0.051,428.0625,154.1875,58.2713088989258,133.961215019226,4202,1129,0,270,66
80,0,8.33333333333333,120.0,29.0,131.821,0.051,428.0625,154.1875,58.2713088989258,133.96257686615,4202,1129,0,270,66
81,0,8.33333333333333,120.0,29.0,131.821,0.051,428.0625,154.1875,58.2713088989258,133.969706535339,4212,1129,0,270,70
82,0,8.33333333333333,120.0,29.0,131.821,0.051,428.0625,154.1875,58.2713088989258,133.971068382263,4212,1129,0,270,70
83,0,8.33333333333333,120.0,29.0,131.821,0.051,428.0625,154.1875,58.2713088989258,133.972430229187,4212,1129,0,270,70
84,0,8.33333333333333,120.0,29.0,131.821,0.051,428.0625,154.1875,58.2713088989258,133.973792076111,4212,1129,0,270,70
85,0,33.5273333333335,29.8264102920998,29.0,131.821,0.051,428.0625,154.1875,58.2713088989258,133.972880363464,4208,1129,0,270,68
86,0,11.1111111111111,90.0,29.0,131.821,0.051,428.0625,154.1875,58.2713088989258,133.974242210388,4208,1129,0,270,68
87,0,8.67022222222203,115.337297518969,29.0,131.821,0.051,428.0625,154.1875,58.2713088989258,133.975604057312,4208,1129,0,270,68
88,0,4.093,244.319569997557,29.0,131.821,0.051,428.0625,154.1875,58.2713088989258,133.976965904236,4208,1129,0,269,68
89,0,4.643,215.377988369589,29.0,131.821,0.051,428.0625,154.1875,58.2713088989258,133.97832775116,4208,1129,0,269,68
90,0,5.211,191.901746305891,29.0,131.821,0.051,428.0625,154.1875,58.2713088989258,133.979689598084,4208,1129,0,269,68
91,0,6.66666666666667,150.0,29.0,131.821,0.051,428.0625,154.1875,58.2713088989258,133.981051445007,4208,1129,0,269,68
92,0,9.60500000000019,104.11244143675,29.0,131.821,0.051,428.0625,154.1875,58.2713088989258,133.982413291931,4208,1129,0,269,68
93,0,7.14285714285714,140.0,29.0,131.821,0.051,430.875,154.1875,58.274471282959,134.693672180176,4390,1155,0,307,116
94,0,9.52380952380953,105.0,29.0,131.821,0.051,430.875,154.1875,58.274471282959,134.69510269165,4390,1155,0,307,116
95,0,7.40740740740741,135.0,29.0,131.821,0.051,430.875,154.1875,58.274471282959,134.69571685791,4386,1155,0,307,112
96,0,9.25925925925926,108.0,29.0,131.821,0.051,430.875,154.1875,58.274471282959,134.697078704834,4386,1155,0,307,112
97,0,7.57575757575758,132.0,29.0,131.821,0.051,430.875,154.1875,58.274471282959,134.698440551758,4386,1155,0,307,112
98,0,7.40740740740741,135.0,29.0,131.821,0.051,430.875,154.1875,58.274471282959,134.699802398682,4386,1155,0,307,112
99,0,7.40740740740741,135.0,29.0,131.821,0.051,430.875,154.1875,58.274471282959,134.701164245605,4386,1155,0,307,112
100,0,7.40740740740741,135.0,29.0,131.821,0.051,430.875,154.1875,58.274471282959,134.702526092529,4386,1155,0,307,112
101,0,7.40740740740741,135.0,29.0,131.821,0.051,430.875,154.1875,58.274471282959,134.703887939453,4386,1155,0,307,112
102,0,7.40740740740741,135.0,29.0,131.821,0.051,430.875,154.1875,58.274471282959,134.705249786377,4386,1155,0,307,112
103,0,7.57575757575758,132.0,29.0,131.821,0.051,430.875,154.1875,58.274471282959,134.706611633301,4386,1155,0,307,112
104,0,7.40740740740741,135.0,29.0,131.821,0.051,430.875,154.1875,58.274471282959,134.705997467041,4383,1155,0,307,110
105,0,7.57575757575758,132.0,29.0,131.821,0.051,430.875,154.1875,58.274471282959,134.707359313965,4383,1155,0,307,110
106,0,7.57575757575758,132.0,29.0,131.821,0.051,430.875,154.1875,58.274471282959,134.705455780029,4377,1155,0,307,108
107,0,8.5858585858586,116.470588235294,29.0,131.821,0.051,430.875,154.1875,58.274471282959,134.706817626953,4377,1155,0,307,108
108,0,7.57575757575758,132.0,29.0,131.821,0.051,430.875,154.1875,58.274471282959,134.708179473877,4377,1155,0,307,108
109,0,7.57575757575758,132.0,29.0,131.821,0.051,430.875,154.1875,58.274471282959,134.684741973877,4362,1153,0,306,106
110,0,7.57575757575758,132.0,29.0,131.821,0.051,430.625,154.1875,58.2742767333984,134.685146331787,4362,1153,0,306,106
111,0,7.57575757575758,132.0,29.0,131.821,0.051,430.625,154.1875,58.2742767333984,134.686508178711,4362,1153,0,306,106
112,0,7.57575757575758,132.0,29.0,131.821,0.051,430.625,154.1875,58.2742767333984,134.687870025635,4362,1153,0,306,106
113,0,7.57575757575758,132.0,29.0,131.821,0.051,430.625,154.1875,58.2742767333984,134.685966491699,4356,1153,0,306,104
114,0,7.57575757575758,132.0,29.0,131.821,0.051,430.625,154.1875,58.2742767333984,134.687328338623,4356,1153,0,306,104
115,0,8.02969696969678,124.537700958566,29.0,131.821,0.051,430.625,154.1875,58.2742767333984,134.688690185547,4356,1153,0,306,104
116,0,7.57575757575758,132.0,29.0,131.821,0.051,430.625,154.1875,58.2742767333984,134.690052032471,4356,1153,0,306,104
117,0,7.57575757575758,132.0,29.0,131.821,0.051,430.625,154.1875,58.2742767333984,134.686172485352,4347,1153,0,306,100
118,0,7.73048484848485,129.357992363958,29.0,131.821,0.051,430.625,154.1875,58.2742767333984,134.687534332275,4347,1153,0,306,100
119,0,8.198,121.980970968529,29.0,131.821,0.051,430.625,154.1875,58.2742767333984,134.688896179199,4347,1153,0,306,100
120,0,8.983,111.321384838027,29.0,131.821,0.051,430.625,154.1875,58.2742767333984,134.686992645264,4341,1153,0,306,98
121,0,8.33333333333333,120.0,29.0,131.821,0.051,430.625,154.1875,58.2742767333984,134.688354492188,4341,1153,0,306,98
122,0,8.33333333333333,120.0,29.0,131.821,0.051,430.625,154.1875,58.2742767333984,134.668045043945,4332,1151,0,305,98
123,0,8.33333333333333,120.0,29.0,131.821,0.051,430.375,154.1875,58.2740821838379,134.668449401855,4332,1151,0,305,98
124,0,8.33333333333333,120.0,29.0,131.821,0.051,430.375,154.1875,58.2740821838379,134.66654586792,4326,1151,0,305,96
125,0,8.33333333333333,120.0,29.0,131.821,0.051,430.375,154.1875,58.2740821838379,134.667907714844,4326,1151,0,305,96
126,0,8.33333333333333,120.0,29.0,131.821,0.051,430.375,154.1875,58.2740821838379,134.669269561768,4326,1151,0,305,96
127,0,9.81,101.936799184506,29.0,131.821,0.051,430.375,154.1875,58.2740821838379,134.667366027832,4320,1151,0,305,94
128,0,8.33333333333333,120.0,29.0,131.821,0.051,430.375,154.1875,58.2740821838379,134.668727874756,4320,1151,0,305,94
129,0,8.33333333333333,120.0,29.0,131.821,0.051,430.375,154.1875,58.2740821838379,134.67008972168,4320,1151,0,305,94
130,0,8.33333333333333,120.0,29.0,131.821,0.051,430.375,154.1875,58.2740821838379,134.666210174561,4311,1151,0,305,90
131,0,8.33333333333333,120.0,29.0,131.821,0.051,430.375,154.1875,58.2740821838379,134.667572021484,4311,1151,0,305,90
132,0,8.33333333333333,120.0,29.0,131.821,0.051,430.375,154.1875,58.2740821838379,134.668933868408,4311,1151,0,305,90
133,0,8.33333333333333,120.0,29.0,131.821,0.051,430.375,154.1875,58.2740821838379,134.670295715332,4311,1151,0,305,90
134,0,8.33333333333333,120.0,29.0,131.821,0.051,430.375,154.1875,58.2740821838379,134.668392181396,4305,1151,0,305,88
135,0,8.33333333333333,120.0,29.0,131.821,0.051,430.375,154.1875,58.2740821838379,134.648139953613,4296,1149,0,304,88
136,0,8.33333333333333,120.0,29.0,131.821,0.051,430.125,154.1875,58.2738876342773,134.648544311523,4296,1149,0,304,88
137,0,8.33333333333333,120.0,29.0,131.821,0.051,430.125,154.1875,58.2738876342773,134.646640777588,4290,1149,0,304,86
138,0,8.33333333333333,120.0,29.0,131.821,0.051,430.125,154.1875,58.2738876342773,134.648002624512,4290,1149,0,304,86
139,0,8.35133333333333,119.741358665283,29.0,131.821,0.051,430.125,154.1875,58.2738876342773,134.649364471436,4290,1149,0,304,86
140,0,8.33333333333333,120.0,29.0,131.821,0.051,430.125,154.1875,58.2738876342773,134.650726318359,4290,1149,0,304,86
141,0,8.33333333333333,120.0,29.0,131.821,0.051,430.125,154.1875,58.2738876342773,134.646739959717,4281,1149,0,304,82
142,0,8.33333333333333,120.0,118.0,35.187,0.069,430.125,154.1875,58.2738876342773,134.651306152344,4281,1149,0,304,82
143,0,8.33333333333333,120.0,118.0,35.187,0.069,430.125,154.1875,58.2738876342773,134.652667999268,4281,1149,0,304,82
144,0,8.33333333333333,120.0,118.0,35.187,0.069,430.125,154.1875,58.2738876342773,134.654029846191,4281,1149,0,305,82
145,0,20.5323333333333,48.7036706333101,118.0,35.187,0.069,430.125,154.1875,58.2738876342773,134.655391693115,4281,1149,0,305,82
146,0,9.09090909090909,110.0,118.0,35.187,0.069,430.125,154.1875,58.2738876342773,134.634166717529,4272,1147,0,304,82
147,0,8.33333333333333,120.0,118.0,35.187,0.069,429.875,154.1875,58.2736930847168,134.634571075439,4272,1147,0,304,82
148,0,8.33333333333333,120.0,118.0,35.187,0.069,429.875,154.1875,58.2736930847168,134.635932922363,4272,1147,0,304,82
149,0,8.33333333333333,120.0,118.0,35.187,0.069,429.875,154.1875,58.2736930847168,134.637294769287,4272,1147,0,304,82
150,0,8.33333333333333,120.0,118.0,35.187,0.069,429.875,154.1875,58.2736930847168,134.638656616211,4272,1147,0,304,82
151,0,8.33333333333333,120.0,118.0,35.187,0.069,429.875,154.1875,58.2736930847168,134.616397857666,4236,1147,0,304,58
152,0,8.33333333333333,120.0,118.0,35.187,0.069,429.875,154.1875,58.2736930847168,134.61775970459,4236,1147,0,304,58
153,0,8.33333333333333,120.0,118.0,35.187,0.069,429.875,154.1875,58.2736930847168,134.615139007568,4230,1147,0,304,54
154,0,8.33333333333333,120.0,118.0,35.187,0.069,429.875,154.1875,58.2736930847168,134.616500854492,4230,1147,0,304,54
155,0,8.33333333333333,120.0,118.0,35.187,0.069,429.875,154.1875,58.2736930847168,134.617862701416,4230,1147,0,304,54
156,0,8.33333333333333,120.0,118.0,35.187,0.069,429.875,154.1875,58.2736930847168,134.61922454834,4230,1147,0,304,54
157,0,8.33333333333333,120.0,118.0,35.187,0.069,429.875,154.1875,58.2736930847168,134.620586395264,4230,1147,0,304,54
158,0,8.33333333333333,120.0,118.0,35.187,0.069,429.875,154.1875,58.2736930847168,134.621948242188,4230,1147,0,304,54
159,0,8.33333333333333,120.0,118.0,35.187,0.069,429.875,154.1875,58.2736930847168,134.623310089111,4230,1147,0,304,54
160,0,8.33333333333333,120.0,118.0,35.187,0.069,429.875,154.1875,58.2736930847168,134.624671936035,4230,1147,0,304,54
161,0,8.33333333333333,120.0,118.0,35.187,0.069,429.875,154.1875,58.2736930847168,134.626033782959,4230,1147,0,304,54
162,0,8.33333333333333,120.0,118.0,35.187,0.069,429.875,154.1875,58.2736930847168,134.627395629883,4230,1147,0,304,54
163,0,8.33333333333333,120.0,118.0,35.187,0.069,429.875,154.1875,58.2736930847168,134.628757476807,4230,1147,0,304,54
164,0,8.33333333333333,120.0,118.0,35.187,0.069,429.875,154.1875,58.2736930847168,134.63011932373,4230,1147,0,304,54
165,0,8.33333333333333,120.0,118.0,35.187,0.069,429.875,154.1875,58.2736930847168,134.629055023193,4226,1147,0,304,52
166,0,8.33333333333333,120.0,118.0,35.187,0.069,429.875,154.1875,58.2736930847168,134.630416870117,4226,1147,0,304,52
167,0,8.33333333333333,120.0,118.0,35.187,0.069,429.875,154.1875,58.2736930847168,134.631778717041,4226,1147,0,304,52
168,0,8.33333333333333,120.0,118.0,35.187,0.069,429.875,154.1875,58.2736930847168,134.633140563965,4226,1147,0,304,52
169,0,8.33333333333333,120.0,118.0,35.187,0.069,429.875,154.1875,58.2736930847168,134.634502410889,4226,1147,0,304,52
170,0,8.33333333333333,120.0,118.0,35.187,0.069,429.875,154.1875,58.2736930847168,134.635864257813,4226,1147,0,304,52
171,0,8.33333333333333,120.0,118.0,35.187,0.069,429.875,154.1875,58.2736930847168,134.637226104736,4226,1147,0,304,52
172,0,8.33333333333333,120.0,118.0,35.187,0.069,429.875,154.1875,58.2736930847168,134.63858795166,4226,1147,0,304,52
173,0,8.33333333333333,120.0,118.0,35.187,0.069,429.875,154.1875,58.2736930847168,134.599418640137,4212,1143,0,302,52
174,0,8.33333333333333,120.0,118.0,35.187,0.069,429.375,154.1875,58.273365020752,134.599544525146,4212,1143,0,302,52
175,0,8.33333333333333,120.0,118.0,35.187,0.069,429.375,154.1875,58.273365020752,134.60090637207,4212,1143,0,302,52
176,0,8.33333333333333,120.0,118.0,35.187,0.069,429.375,154.1875,58.273365020752,134.602268218994,4212,1143,0,302,52
177,0,8.33333333333333,120.0,118.0,35.187,0.069,429.375,154.1875,58.273365020752,134.603630065918,4212,1143,0,302,52
178,0,8.33333333333333,120.0,118.0,35.187,0.069,429.375,154.1875,58.273365020752,134.604991912842,4212,1143,0,302,52
179,0,8.33333333333333,120.0,118.0,35.187,0.069,429.375,154.1875,58.273365020752,134.606353759766,4212,1143,0,302,52
180,0,8.33333333333333,120.0,118.0,35.187,0.069,429.375,154.1875,58.273365020752,134.607715606689,4212,1143,0,302,52
181,0,8.33333333333333,120.0,118.0,35.187,0.069,429.375,154.1875,58.273365020752,134.609077453613,4212,1143,0,302,52
182,0,8.33333333333333,120.0,118.0,35.187,0.069,429.375,154.1875,58.273365020752,134.610439300537,4212,1143,0,302,52
183,0,8.33333333333333,120.0,118.0,35.187,0.069,429.375,154.1875,58.273365020752,134.611801147461,4212,1143,0,302,52
184,0,8.33333333333333,120.0,118.0,35.187,0.069,429.375,154.1875,58.273365020752,134.613162994385,4212,1143,0,302,52
185,0,8.33333333333333,120.0,118.0,35.187,0.069,429.375,154.1875,58.273365020752,134.614524841309,4212,1143,0,302,52
186,0,8.33333333333333,120.0,118.0,35.187,0.069,429.375,154.1875,58.273365020752,134.60013961792,4188,1143,0,302,36
187,0,8.33333333333333,120.0,118.0,35.187,0.069,429.375,154.1875,58.273365020752,134.601501464844,4188,1143,0,302,36
188,0,8.33333333333333,120.0,118.0,35.187,0.069,429.375,154.1875,58.273365020752,134.602863311768,4188,1143,0,302,36
189,0,8.33333333333333,120.0,118.0,35.187,0.069,429.375,154.1875,58.273365020752,134.604225158691,4188,1143,0,302,36
190,0,8.33333333333333,120.0,118.0,35.187,0.069,429.375,154.1875,58.273365020752,134.605587005615,4188,1143,0,302,36
191,0,8.33333333333333,120.0,118.0,35.187,0.069,429.375,154.1875,58.273365020752,134.606948852539,4188,1143,0,302,36
192,0,8.33333333333333,120.0,118.0,35.187,0.069,429.375,154.1875,58.273365020752,134.608310699463,4188,1143,0,302,36
193,0,8.33333333333333,120.0,118.0,35.187,0.069,429.375,154.1875,58.273365020752,134.606147766113,4182,1143,0,302,34
194,0,8.33333333333333,120.0,118.0,35.187,0.069,429.375,154.1875,58.273365020752,134.607509613037,4182,1143,0,302,34
195,0,8.33333333333333,120.0,118.0,35.187,0.069,429.375,154.1875,58.273365020752,134.608871459961,4182,1143,0,302,34
196,0,8.33333333333333,120.0,118.0,35.187,0.069,429.375,154.1875,58.273365020752,134.610233306885,4182,1143,0,302,34
197,0,8.33333333333333,120.0,118.0,35.187,0.069,429.375,154.1875,58.273365020752,134.611595153809,4182,1143,0,302,34
198,0,8.33333333333333,120.0,118.0,35.187,0.069,429.375,154.1875,58.273365020752,134.612957000732,4182,1143,0,302,34
199,0,8.33333333333333,120.0,118.0,35.187,0.069,429.375,154.1875,58.273365020752,134.614318847656,4182,1143,0,302,34
200,0,8.33333333333333,120.0,118.0,35.187,0.069,429.375,154.1875,58.273365020752,134.61568069458,4182,1143,0,302,34
201,0,8.33333333333333,120.0,118.0,35.187,0.069,429.375,154.1875,58.273365020752,134.617042541504,4182,1143,0,302,34
202,0,8.33333333333333,120.0,118.0,35.187,0.069,429.375,154.1875,58.273365020752,134.618404388428,4182,1143,0,302,34
203,0,8.33333333333333,120.0,118.0,35.187,0.069,429.375,154.1875,58.273365020752,134.619766235352,4182,1143,0,302,34
204,0,14.9940909090909,66.6929396428896,118.0,35.187,0.069,429.375,154.1875,58.273365020752,134.621128082275,4182,1143,0,302,34
205,0,9.09090909090909,110.0,118.0,35.187,0.069,429.375,154.1875,58.273365020752,134.622489929199,4182,1143,0,302,34
206,0,8.33333333333333,120.0,118.0,35.187,0.069,429.375,154.1875,58.273365020752,134.623851776123,4182,1143,0,302,34
207,0,8.33333333333333,120.0,118.0,35.187,0.069,429.375,154.1875,58.273365020752,134.560890197754,4068,1143,0,302,0
208,0,8.33333333333333,120.0,118.0,35.187,0.069,429.375,154.1875,58.273365020752,134.562252044678,4068,1143,0,302,0
209,0,4.79975757575758,208.34385575029,118.0,35.187,0.069,429.375,154.1875,58.273365020752,134.563613891602,4068,1143,0,302,0
210,0,6.226,160.61676839062,118.0,35.187,0.069,429.375,154.1875,58.273365020752,134.564975738525,4068,1143,0,302,0
211,0,8.33333333333333,120.0,118.0,35.187,0.069,429.375,154.1875,58.273365020752,134.566337585449,4068,1143,0,302,0
212,0,8.23166666666667,121.482081392995,118.0,35.187,0.069,429.375,154.1875,58.273365020752,134.572505950928,4068,1143,0,302,0
213,0,8.33333333333333,120.0,118.0,35.187,0.069,429.375,154.1875,58.273365020752,133.936820983887,3800,1079,0,240,0
214,0,8.33333333333333,120.0,118.0,35.187,0.069,424.375,154.1875,58.262264251709,133.890796661377,3800,1079,0,240,0
215,0,8.33333333333333,120.0,118.0,35.187,0.069,424.375,154.1875,58.262264251709,133.892158508301,3800,1079,0,240,0
216,0,8.33333333333333,120.0,118.0,35.187,0.069,424.375,154.1875,58.262264251709,133.893520355225,3800,1079,0,240,0
217,0,8.30166666666667,120.457739409757,118.0,35.187,0.069,424.375,154.1875,58.262264251709,133.894882202148,3800,1079,0,240,0
218,0,8.33333333333333,120.0,118.0,35.187,0.069,424.375,154.1875,58.262264251709,133.896244049072,3800,1079,0,240,0
219,0,8.33333333333333,120.0,118.0,35.187,0.069,424.375,154.1875,58.262264251709,133.895408630371,3798,1079,0,240,0
220,0,8.33333333333333,120.0,118.0,35.187,0.069,425.6875,154.1875,58.2669792175293,134.026134490967,3798,1079,0,240,0
221,0,8.33333333333333,120.0,118.0,35.187,0.069,425.6875,154.1875,58.2669792175293,134.027496337891,3798,1079,0,240,0
222,0,8.33333333333333,120.0,118.0,35.187,0.069,425.6875,154.1875,58.2669792175293,134.028858184814,3798,1079,0,240,0
223,0,8.33333333333333,120.0,118.0,35.187,0.069,425.6875,154.1875,58.2669792175293,134.030220031738,3798,1079,0,240,0
224,0,8.33333333333333,120.0,118.0,35.187,0.069,425.6875,154.1875,58.2669792175293,134.031581878662,3798,1079,0,240,0
225,0,8.33333333333333,120.0,118.0,35.187,0.069,425.6875,154.1875,58.2669792175293,134.032943725586,3798,1079,0,240,0
226,0,8.33333333333333,120.0,118.0,35.187,0.069,425.6875,154.1875,58.2669792175293,134.03430557251,3798,1079,0,240,0
227,0,8.33333333333333,120.0,118.0,35.187,0.069,425.6875,154.1875,58.2669792175293,134.035667419434,3798,1079,0,240,0
228,0,8.33333333333333,120.0,118.0,35.187,0.069,425.6875,154.1875,58.2669792175293,134.037029266357,3798,1079,0,240,0
229,0,8.33333333333333,120.0,118.0,35.187,0.069,425.6875,154.1875,58.2669792175293,134.038391113281,3798,1079,0,240,0
230,0,8.33333333333333,120.0,118.0,35.187,0.069,425.6875,154.1875,58.2669792175293,134.039752960205,3798,1079,0,240,0
231,0,8.33333333333333,120.0,118.0,35.187,0.069,425.6875,154.1875,58.2669792175293,134.041114807129,3798,1079,0,240,0
232,1,8.33333333333333,120.0,118.0,35.187,0.069,425.6875,154.1875,58.2669792175293,134.042476654053,3798,1079,0,240,0
233,1,8.33333333333333,120.0,118.0,35.187,0.069,425.6875,154.1875,58.2669792175293,134.043838500977,3798,1079,0,240,0
234,1,8.33333333333333,120.0,118.0,35.187,0.069,425.6875,154.1875,58.2669792175293,134.0452003479,3798,1079,0,240,0
235,1,8.33333333333333,120.0,118.0,35.187,0.069,425.6875,154.1875,58.2669792175293,134.046562194824,3798,1079,0,240,0
236,1,8.33333333333333,120.0,118.0,35.187,0.069,425.6875,154.1875,58.2669792175293,134.047924041748,3798,1079,0,240,0
237,1,8.33333333333333,120.0,118.0,35.187,0.069,425.6875,154.1875,58.2669792175293,134.049285888672,3798,1079,0,240,0
238,1,8.33333333333333,120.0,118.0,35.187,0.069,425.6875,154.1875,58.2669792175293,134.050647735596,3798,1079,0,240,0
239,1,8.33333333333333,120.0,118.0,35.187,0.069,425.6875,154.1875,58.2669792175293,134.05200958252,3798,1079,0,240,0
240,1,8.33333333333333,120.0,118.0,35.187,0.069,425.6875,154.1875,58.2669792175293,134.053371429443,3798,1079,0,240,0
241,1,8.33333333333333,120.0,118.0,35.187,0.069,425.6875,154.1875,58.2669792175293,134.054733276367,3798,1079,0,240,0
242,1,8.33333333333333,120.0,118.0,35.187,0.069,425.6875,154.1875,58.2669792175293,134.056095123291,3798,1079,0,240,0
243,1,8.33333333333333,120.0,118.0,35.187,0.069,425.6875,154.1875,58.2669792175293,134.057456970215,3798,1079,0,240,0
244,2,9.09090909090909,110.0,118.0,35.187,0.069,426.1875,154.1875,58.2693901062012,134.451414108276,3825,1084,0,245,3
245,2,15.3574242424244,65.1150859815105,118.0,35.187,0.069,426.1875,154.1875,58.2693901062012,134.462366104126,3825,1084,0,246,3
246,2,8.67866666666649,115.225072975882,118.0,35.187,0.069,426.6875,154.1875,58.271800994873,134.50408744812,3840,1087,0,248,5
247,2,8.33333333333333,120.0,118.0,35.187,0.069,426.6875,154.1875,58.271800994873,134.505449295044,3840,1087,0,248,5
248,2,8.33333333333333,120.0,118.0,35.187,0.069,426.6875,154.1875,58.271800994873,134.506811141968,3840,1087,0,248,5
249,2,8.33333333333333,120.0,118.0,35.187,0.069,426.6875,154.1875,58.271800994873,134.508172988892,3840,1087,0,248,5
250,2,8.33333333333333,120.0,118.0,35.187,0.069,426.6875,154.1875,58.271800994873,134.507108688354,3836,1087,0,248,3
251,2,9.09090909090909,110.0,118.0,35.187,0.069,427.4375,154.1875,58.2723751068115,135.173663139343,3866,1092,0,252,7
252,2,9.09090909090909,110.0,118.0,35.187,0.069,427.4375,154.1875,58.2723751068115,135.175124168396,3866,1092,0,252,7
253,2,9.09090909090909,110.0,118.0,35.187,0.069,427.4375,154.1875,58.2723751068115,135.17648601532,3866,1092,0,252,7
254,3,9.09090909090909,110.0,118.0,35.187,0.069,427.9375,154.1875,58.2747859954834,135.250151634216,3892,1097,0,251,10
255,3,9.09090909090909,110.0,118.0,35.187,0.069,427.9375,154.1875,58.2747859954834,135.25151348114,3892,1097,0,251,10
256,3,9.09090909090909,110.0,118.0,35.187,0.069,427.9375,154.1875,58.2747859954834,135.252249717712,3893,1097,0,251,10
257,3,9.00621212121212,111.034471156273,118.0,35.187,0.069,428.4375,154.1875,58.2771968841553,135.293971061707,3908,1100,0,253,12
258,3,8.399,119.061793070604,118.0,35.187,0.069,428.4375,154.1875,58.2771968841553,135.287035942078,3906,1098,0,251,12
259,3,8.33333333333333,120.0,117.0,29.9,0.059,428.4375,154.1875,58.2771968841553,135.279425621033,3897,1097,0,250,9
260,3,8.33333333333333,120.0,117.0,29.9,0.059,428.4375,154.1875,58.2771968841553,135.27910900116,3894,1097,0,250,8
261,3,8.33333333333333,120.0,117.0,29.9,0.059,428.6875,154.1875,58.2773456573486,135.317904472351,3916,1102,0,254,11
262,3,8.33333333333333,120.0,117.0,29.9,0.059,428.6875,154.1875,58.2773456573486,135.316962242126,3912,1102,0,254,9
263,3,34.3436666666667,29.1174500878376,117.0,29.9,0.059,428.6875,154.1875,58.2773456573486,135.31832408905,3912,1102,0,254,9
264,4,29.129,34.3300490919702,117.0,29.9,0.059,435.0625,156.875,58.2929668426514,137.630111694336,4166,1162,0,265,43
265,4,8.978,111.383381599465,117.0,29.9,0.059,434.8125,156.875,58.292818069458,137.61824798584,4163,1159,0,262,43
266,4,17.3053333333333,57.7856537483627,117.0,29.9,0.059,434.8125,156.875,58.292818069458,137.616481781006,4154,1159,0,265,39
267,4,8.524,117.31581417175,117.0,29.9,0.059,434.8125,156.875,58.292818069458,137.619956970215,4154,1159,0,267,39
268,4,8.536,117.150890346767,117.0,29.9,0.059,434.8125,156.875,58.292818069458,137.621608734131,4151,1159,0,268,37
269,4,8.733,114.508187335394,117.0,29.9,0.059,434.8125,156.875,58.292818069458,137.606296539307,4142,1157,0,268,36
270,4,8.266,120.977498185338,117.0,29.9,0.059,434.5625,156.875,58.2926692962646,137.607040405273,4142,1157,0,268,36
271,5,9.52380952380952,105.0,117.0,29.9,0.059,435.0625,156.875,58.2931346893311,137.626426696777,4163,1159,0,271,40
272,5,9.08619047619048,110.057124888633,117.0,29.9,0.059,434.5625,156.875,58.2907238006592,137.627017974854,4161,1159,0,272,39
273,5,8.718,114.705207616426,117.0,29.9,0.059,434.5625,156.875,58.2907238006592,137.630493164063,4161,1159,0,273,39
274,5,8.918,112.13276519399,117.0,29.9,0.059,434.5625,156.875,58.2907238006592,137.590686798096,4147,1155,0,272,39
275,5,8.422,118.736642127761,117.0,29.9,0.059,434.0625,156.875,58.2883129119873,137.59009552002,4147,1155,0,272,39
276,5,8.514,117.453605825699,117.0,29.9,0.059,434.0625,156.875,58.2883129119873,137.58606338501,4133,1155,0,273,32
277,5,8.33333333333333,120.0,117.0,29.9,0.059,434.0625,156.875,58.2883129119873,137.58678817749,4132,1155,0,273,32
278,5,8.33333333333333,120.0,117.0,29.9,0.059,434.0625,156.875,58.2883129119873,137.588874816895,4130,1155,0,274,31
279,5,8.33333333333333,120.0,117.0,29.9,0.059,434.0625,156.875,58.2883129119873,137.608741760254,4143,1156,0,274,34
280,5,8.33333333333333,120.0,117.0,29.9,0.059,434.3125,156.875,58.2885837554932,137.614246368408,4142,1156,0,275,33
281,5,8.33333333333333,120.0,117.0,29.9,0.059,434.3125,156.875,58.2885837554932,137.610733032227,4146,1156,0,275,32
282,5,8.33333333333333,120.0,117.0,29.9,0.059,434.3125,156.875,58.2885837554932,137.577091217041,4134,1153,0,273,31
283,6,8.33333333333333,120.0,117.0,29.9,0.059,433.8125,156.875,58.2861728668213,137.575416564941,4132,1153,0,268,30
284,6,8.33333333333333,120.0,117.0,29.9,0.059,433.8125,156.875,58.2861728668213,137.581031799316,4144,1153,0,274,33
285,6,8.33333333333333,120.0,117.0,29.9,0.059,433.8125,156.875,58.2861728668213,137.527778625488,4121,1148,0,272,32
286,6,8.33333333333333,120.0,117.0,29.9,0.059,433.3125,156.875,58.2837619781494,137.527187347412,4121,1148,0,272,32
287,6,8.33333333333333,120.0,117.0,29.9,0.059,433.3125,156.875,58.2837619781494,137.528549194336,4121,1148,0,272,32
288,6,8.33333333333333,120.0,117.0,29.9,0.059,433.3125,156.875,58.2837619781494,137.544834136963,4128,1149,0,272,33
289,6,8.34266666666666,119.865750359597,117.0,29.9,0.059,433.8125,156.875,58.2841968536377,137.865790367126,4143,1150,0,274,38
290,6,9.09090909090909,110.0,117.0,29.9,0.059,433.8125,156.875,58.2841968536377,137.864443778992,4138,1150,0,274,36
291,6,9.09090909090909,110.0,117.0,29.9,0.059,433.8125,156.875,58.2841968536377,137.849089622498,4135,1149,0,273,36
292,6,9.09090909090909,110.0,117.0,29.9,0.059,433.5625,156.875,58.2839260101318,137.847189903259,4131,1149,0,272,35
293,6,9.09090909090909,110.0,117.0,29.9,0.059,433.5625,156.875,58.2839260101318,137.845675468445,4126,1149,0,272,34
294,7,9.09090909090909,110.0,117.0,29.9,0.059,433.5625,156.875,58.2839260101318,137.848105430603,4126,1149,0,275,34
295,7,9.09090909090909,110.0,117.0,29.9,0.059,433.5625,156.875,58.2839260101318,137.845099449158,4111,1148,0,274,31
296,7,9.09090909090909,110.0,117.0,29.9,0.059,433.5625,156.875,58.2839260101318,137.843585014343,4106,1148,0,274,30
297,7,9.09090909090909,110.0,117.0,29.9,0.059,433.5625,156.875,58.2839260101318,137.838938713074,4105,1147,0,273,31
298,7,9.09090909090909,110.0,117.0,29.9,0.059,433.5625,156.875,58.2840023040771,137.844241142273,4105,1147,0,273,31
299,7,9.09090909090909,110.0,117.0,29.9,0.059,433.8125,157.125,58.2840023040771,138.213358879089,4107,1146,0,272,31
300,7,9.09090909090909,110.0,117.0,29.9,0.059,433.5625,157.125,58.2837314605713,138.205706596375,4093,1146,0,272,28
301,7,9.09090909090909,110.0,117.0,29.9,0.059,433.5625,157.125,58.2837314605713,138.207068443298,4093,1146,0,272,28
302,7,9.09090909090909,110.0,117.0,29.9,0.059,433.5625,157.125,58.2837314605713,138.208430290222,4093,1146,0,271,28
303,7,9.09090909090909,110.0,117.0,29.9,0.059,433.5625,157.125,58.2837314605713,138.229170799255,4104,1148,0,271,31
304,7,9.09090909090909,110.0,117.0,29.9,0.059,433.8125,157.125,58.2839260101318,138.217555046082,4100,1146,0,270,31
305,8,15.6910303030303,63.7306780171648,117.0,29.9,0.059,436.0625,158.125,58.2888507843018,138.755977630615,4197,1160,0,286,44
306,8,10.0,100.0,117.0,29.9,0.059,436.0625,158.125,58.2888507843018,138.753746032715,4192,1160,0,286,39
307,8,10.0,100.0,117.0,29.9,0.059,436.0625,158.125,58.2888507843018,138.741275787354,4194,1159,0,285,41
308,8,10.0,100.0,117.0,29.9,0.059,436.8125,158.125,58.2934017181396,138.820095062256,4220,1165,0,289,44
309,8,10.0,100.0,117.0,29.9,0.059,436.8125,158.125,58.2934017181396,138.82145690918,4220,1165,0,289,44
310,8,10.4166666666667,96.0,117.0,29.9,0.059,436.8125,158.125,58.2934017181396,138.822818756104,4220,1165,0,289,44
311,8,10.4166666666667,96.0,117.0,29.9,0.059,436.8125,158.125,58.2934017181396,138.823497772217,4217,1165,0,288,42
312,8,10.4166666666667,96.0,117.0,29.9,0.059,439.0625,159.125,58.294319152832,138.939918518066,4266,1174,0,290,49
313,8,32.091,31.161384811941,117.0,29.9,0.059,439.0625,159.125,58.294319152832,138.937725067139,4261,1174,0,290,46
314,9,16.6666666666667,60.0,117.0,29.9,0.059,441.625,159.125,58.2928466796875,139.150253295898,4376,1193,0,297,64
315,9,16.6666666666667,60.0,117.0,29.9,0.059,442.125,159.125,58.2932052612305,139.458891868591,4373,1192,0,300,66
316,9,16.6413333333333,60.0913388350293,117.0,29.9,0.059,441.875,159.125,58.2930107116699,139.455721855164,4373,1190,0,297,66
317,9,8.799,113.649278327083,117.0,29.9,0.059,441.875,159.125,58.2930107116699,139.446417808533,4343,1189,0,299,56
318,9,8.447,118.385225523855,117.0,29.9,0.059,441.875,159.125,58.2930107116699,139.445464134216,4339,1189,0,299,55
319,9,8.611,116.130530716525,117.0,29.9,0.059,441.875,159.125,58.2930107116699,139.44820690155,4338,1189,0,300,54
320,9,8.555,116.890707188778,117.0,29.9,0.059,441.875,159.125,58.2930107116699,139.450469017029,4336,1189,0,301,53
321,10,55.6336666666667,17.9747275330885,117.0,29.9,0.059,442.625,159.125,58.2936706542969,139.514174461365,4332,1188,0,293,54
322,10,21.9483333333335,45.5615460551291,117.0,29.9,0.059,445.1875,159.125,58.2964267730713,140.430653572083,4459,1204,0,316,76
323,10,3.62366666666651,275.963572808402,117.0,29.9,0.059,445.1875,159.125,58.2964267730713,140.401497840881,4435,1202,0,313,68
324,10,9.512,105.130361648444,117.0,29.9,0.059,444.9375,159.125,58.2962322235107,140.395752906799,4424,1202,0,313,63
325,10,10.21,97.9431929480901,117.0,29.9,0.059,444.9375,159.125,58.2962322235107,140.399582862854,4428,1202,0,315,64
326,11,8.33333333333333,120.0,117.0,29.9,0.059,445.6875,159.125,58.2969989776611,140.501564979553,4449,1203,0,318,70
327,11,8.33333333333333,120.0,117.0,29.9,0.059,445.4375,159.125,58.2968044281006,140.50487613678,4454,1203,0,317,72
328,11,8.33333333333333,120.0,117.0,29.9,0.059,445.6875,159.125,58.2969989776611,140.52118396759,4452,1205,0,317,70
329,11,10.0156666666667,99.8435783938496,117.0,29.9,0.059,445.6875,159.125,58.2969989776611,140.508648872375,4442,1202,0,316,69
330,11,10.542,94.8586605957124,117.0,29.9,0.059,445.6875,159.125,58.2969989776611,140.439881324768,4417,1196,0,311,68
331,11,10.195,98.0872976949485,117.0,29.9,0.059,444.6875,159.125,58.2921772003174,140.421849250793,4408,1196,0,311,65
332,11,10.002,99.9800039992001,117.0,29.9,0.059,444.6875,159.125,58.2921772003174,140.417359352112,4406,1196,0,310,64
333,11,9.786,102.186797465767,117.0,29.9,0.059,444.6875,159.125,58.2921772003174,140.413662910461,4397,1196,0,310,61
334,11,10.707,93.3968431867003,117.0,29.9,0.059,444.6875,159.125,58.2921772003174,140.322678565979,4367,1188,0,306,61
335,11,10.161,98.4155102844208,117.0,29.9,0.059,443.6875,159.125,58.2873554229736,140.3188829422,4365,1188,0,305,61
336,12,10.092,99.0883868410622,117.0,29.9,0.059,443.6875,159.125,58.2873554229736,140.264119148254,4344,1177,0,303,58
337,12,9.72222222222222,102.857142857143,117.0,29.9,0.059,442.1875,159.125,58.2863483428955,140.260300636292,4340,1177,0,302,57
338,12,17.1687777777778,58.2452643364247,117.0,29.9,0.059,445.375,159.125,58.2889461517334,141.148855209351,4480,1199,0,312,77
339,12,11.1111111111111,90.0,117.0,29.9,0.059,445.375,159.125,58.2889461517334,141.147371292114,4475,1199,0,311,76
340,12,11.1111111111111,90.0,117.0,29.9,0.059,445.375,159.125,58.2889461517334,140.985013961792,4440,1189,0,300,75
341,12,11.1111111111111,90.0,117.0,29.9,0.059,443.5,159.125,58.2870197296143,140.978090286255,4412,1190,0,300,64
342,12,11.1111111111111,90.0,117.0,29.9,0.059,445.4375,159.125,58.2889499664307,141.392223358154,4438,1193,0,310,70
343,12,11.1111111111111,90.0,117.0,29.9,0.059,444.9375,159.125,58.2885608673096,141.388244628906,4432,1193,0,309,67
344,12,11.1111111111111,90.0,117.0,29.9,0.059,444.9375,159.125,58.2885608673096,141.377628326416,4420,1191,0,309,62
345,13,11.6666666666667,85.7142857142857,117.0,29.9,0.059,446.1875,159.125,58.2936382293701,141.570556640625,4473,1201,0,314,68
346,13,11.6666666666667,85.7142857142857,117.0,29.9,0.059,446.1875,159.125,58.2936382293701,141.370356559753,4466,1197,0,312,69
347,13,11.6666666666667,85.7142857142857,117.0,29.9,0.059,445.375,159.125,58.2927322387695,141.177641868591,4438,1197,0,313,61
348,13,11.6666666666667,85.7142857142857,117.0,29.9,0.059,447.125,159.125,58.2980461120605,141.602854728699,4493,1206,0,320,71
349,13,11.6666666666667,85.7142857142857,90.0,63.905,0.053,447.125,159.125,58.2980461120605,141.602766990662,4491,1206,0,320,69
350,13,11.6666666666667,85.7142857142857,90.0,63.905,0.053,447.125,159.125,58.2980461120605,141.606337547302,4496,1206,0,319,70
351,13,11.3136666666667,88.3886744645118,90.0,63.905,0.053,447.625,159.125,58.2983436584473,141.681979179382,4534,1216,0,331,73
352,13,11.1111111111111,90.0,90.0,63.905,0.053,447.625,159.125,58.2983436584473,141.683341026306,4534,1216,0,329,73
353,13,24.5045555555556,40.8087385112065,90.0,63.905,0.053,447.625,159.125,58.2983436584473,141.680850028992,4524,1217,0,329,69
354,14,16.6666666666667,60.0,90.0,63.905,0.053,447.625,159.125,58.2983436584473,141.724619865417,4536,1216,0,329,72
355,14,16.6666666666667,60.0,90.0,63.905,0.053,447.625,159.125,58.2983436584473,141.723708152771,4532,1216,0,327,71
356,14,13.9033333333333,71.925197794294,90.0,63.905,0.053,447.625,159.125,58.2983436584473,141.709494590759,4531,1213,0,321,71
357,14,9.218,108.483402039488,90.0,63.905,0.053,447.625,159.125,58.2983436584473,141.687602043152,4506,1210,0,319,62
358,14,9.03,110.741971207087,90.0,63.905,0.053,447.625,159.125,58.2983436584473,141.663409233093,4485,1208,0,318,58
359,14,9.179,108.944329447652,90.0,63.905,0.053,447.375,159.125,58.2981948852539,141.454501152039,4424,1194,0,305,58
360,14,8.851,112.981584001808,90.0,63.905,0.053,444.625,159.125,58.2900619506836,141.432295799255,4400,1194,0,295,50
361,15,10.667,93.7470704040499,90.0,63.905,0.053,444.625,159.125,58.2900619506836,141.40861415863,4378,1190,0,289,48
362,15,9.137,109.445113275692,90.0,63.905,0.053,444.125,159.125,58.2897644042969,141.405386924744,4371,1190,0,290,46
363,15,9.424,106.112054329372,90.0,63.905,0.053,444.125,159.125,58.2897644042969,141.406321525574,4377,1190,0,290,47
364,15,9.101,109.878035380727,90.0,63.905,0.053,444.125,159.125,58.2897644042969,141.407683372498,4377,1190,0,290,47
365,15,8.971,111.470293166871,90.0,63.905,0.053,444.125,159.125,58.2897644042969,141.409045219421,4377,1190,0,290,47
366,15,9.144,109.361329833771,90.0,63.905,0.053,444.125,159.125,58.2897644042969,141.416052818298,4383,1191,0,290,48
367,15,9.72222222222222,102.857142857143,90.0,63.905,0.053,444.125,159.125,58.2897644042969,141.412722587585,4382,1190,0,291,48
368,15,9.98577777777793,100.142424781911,90.0,63.905,0.053,444.125,159.125,58.2897644042969,141.411108970642,4376,1190,0,293,45
369,15,9.72222222222222,102.857142857143,90.0,63.905,0.053,444.125,159.125,58.2897644042969,141.412470817566,4376,1190,0,293,45
370,15,9.39277777777762,106.464777902646,90.0,63.905,0.053,444.125,159.125,58.2897644042969,141.413107872009,4375,1190,0,289,44
371,16,9.72222222222222,102.857142857143,90.0,63.905,0.053,444.125,159.125,58.2897644042969,141.43653011322,4377,1191,0,289,43
372,16,9.72222222222222,102.857142857143,90.0,63.905,0.053,444.125,159.125,58.2897644042969,141.433772087097,4378,1190,0,289,43
373,16,9.52380952380952,105.0,90.0,63.905,0.053,444.125,159.125,58.2897644042969,141.431609153748,4376,1190,0,289,42
374,16,9.50174603174603,105.243814837707,90.0,63.905,0.053,444.125,159.125,58.2897644042969,141.432971000671,4376,1190,0,289,42
375,16,9.368,106.746370623399,90.0,63.905,0.053,444.125,159.125,58.2897644042969,141.353384971619,4356,1172,0,289,42
376,16,9.485,105.429625724829,90.0,63.905,0.053,441.6875,159.125,58.2881278991699,141.292048454285,4332,1168,0,285,43
377,16,9.52380952380952,105.0,90.0,63.905,0.053,440.6875,159.125,58.287425994873,141.21196269989,4314,1161,0,283,43
378,16,9.27319047619048,107.837750401824,90.0,63.905,0.053,439.6875,159.125,58.2826042175293,141.213606834412,4302,1161,0,283,38
379,16,9.435,105.988341282459,90.0,63.905,0.053,439.6875,159.125,58.2826042175293,141.21729183197,4306,1161,0,285,39
380,16,8.89,112.485939257593,90.0,63.905,0.053,439.6875,159.125,58.2826042175293,141.252982139587,4323,1164,0,285,39
381,16,9.52380952380952,105.0,90.0,63.905,0.053,440.0625,159.125,58.2830238342285,141.138895988464,4278,1150,0,279,33
382,17,10.249523809524,97.5655082698369,90.0,63.905,0.053,444.75,164.3125,58.2787055969238,141.288027763367,4331,1158,0,282,42
383,17,9.72222222222222,102.857142857143,90.0,63.905,0.053,445.4375,164.3125,58.2802505493164,141.355608940125,4352,1166,0,289,44
384,17,9.72222222222222,102.857142857143,90.0,63.905,0.053,445.1875,164.3125,58.2800559997559,141.356036186218,4352,1166,0,289,44
385,17,9.72222222222222,102.857142857143,90.0,63.905,0.053,445.1875,164.3125,58.2800559997559,141.357398033142,4352,1166,0,289,44
386,17,9.72222222222222,102.857142857143,90.0,63.905,0.053,445.1875,164.3125,58.2800559997559,141.357516288757,4350,1166,0,289,43
387,17,11.1111111111111,90.0,90.0,63.905,0.053,445.1875,164.3125,58.2800559997559,141.367243766785,4356,1166,0,288,44
388,17,9.72222222222222,102.857142857143,90.0,63.905,0.053,445.25,164.3125,58.2802085876465,141.368956565857,4353,1166,0,289,42
389,17,9.72222222222222,102.857142857143,90.0,63.905,0.053,445.25,164.3125,58.2802085876465,141.368639945984,4350,1166,0,289,41
390,17,10.5165555555554,95.0881678623137,90.0,63.905,0.053,447.6875,166.0,58.2807922363281,141.422892570496,4376,1167,0,287,47
391,17,9.72222222222222,102.857142857143,90.0,63.905,0.053,447.6875,166.0,58.2807922363281,141.294463157654,4301,1156,0,272,42
392,18,11.1847777777778,89.4072300646712,90.0,63.905,0.053,446.9375,166.0,58.2824592590332,141.389971733093,4320,1163,0,273,40
393,18,10.0,100.0,90.0,63.905,0.053,446.9375,166.0,58.2824592590332,141.386378288269,4317,1163,0,274,37
394,18,10.0,100.0,90.0,63.905,0.053,446.9375,166.0,58.2824592590332,141.386546134949,4318,1163,0,276,37
395,18,10.0,100.0,90.0,63.905,0.053,447.4375,166.0,58.2848701477051,141.428267478943,4333,1166,0,278,39
396,18,10.0,100.0,90.0,63.905,0.053,447.4375,166.0,58.2848701477051,141.427329063416,4330,1166,0,278,38
397,18,10.0,100.0,90.0,63.905,0.053,447.4375,166.0,58.2848701477051,141.431208610535,4339,1166,0,279,40
398,18,10.0,100.0,90.0,63.905,0.053,447.4375,166.0,58.2848701477051,141.412577629089,4309,1165,0,278,36
399,18,10.0,100.0,90.0,63.905,0.053,447.6875,166.0,58.2850189208984,141.447596549988,4325,1170,0,282,35
400,18,10.0,100.0,90.0,63.905,0.053,447.6875,166.0,58.2850189208984,141.44410610199,4317,1170,0,282,31
401,18,10.0,100.0,90.0,63.905,0.053,447.6875,166.0,58.2850189208984,141.445467948914,4317,1170,0,282,31
402,19,33.028,30.2773404384159,90.0,63.905,0.053,447.6875,166.0,58.2850189208984,141.448786735535,4322,1170,0,281,32
403,19,16.6666666666667,60.0,90.0,63.905,0.053,447.6875,166.0,58.2850189208984,141.449152946472,4323,1170,0,282,33
404,19,16.6666666666667,60.0,90.0,63.905,0.053,447.6875,166.0,58.2850189208984,141.438265800476,4320,1167,0,279,33
405,19,12.0913333333333,82.7038650272923,90.0,63.905,0.053,447.6875,166.0,58.2850189208984,141.4288854599,4302,1167,0,280,25
406,19,9.007,111.02475852115,90.0,63.905,0.053,447.6875,166.0,58.2850189208984,141.437796592712,4314,1167,0,281,30
407,19,9.006,111.037086386853,90.0,63.905,0.053,447.6875,166.0,58.2850189208984,141.471674919128,4335,1170,0,281,33
408,20,11.1111111111111,90.0,90.0,63.905,0.053,447.8125,166.0,58.2853240966797,141.468752861023,4334,1163,0,279,36
409,20,9.18388888888889,108.886334764987,90.0,63.905,0.053,447.4375,166.0,58.284294128418,141.443072319031,4311,1161,0,278,31
410,20,8.804,113.584734211722,90.0,63.905,0.053,447.1875,166.0,58.2841453552246,141.433272361755,4311,1161,0,278,31
411,20,9.52380952380952,105.0,90.0,63.905,0.053,447.1875,166.0,58.2841453552246,141.439314842224,4319,1161,0,282,33
412,20,9.40319047619048,106.346883276699,90.0,63.905,0.053,447.1875,166.0,58.2841453552246,141.440676689148,4319,1161,0,282,33
413,20,8.943,111.819300011182,90.0,63.905,0.053,447.1875,166.0,58.2841453552246,141.442038536072,4319,1161,0,282,33
414,20,9.208,108.601216333623,90.0,63.905,0.053,447.1875,166.0,58.2841453552246,141.443400382996,4319,1161,0,282,33
415,20,9.262,107.968041459728,90.0,63.905,0.053,447.1875,166.0,58.2841453552246,141.431056022644,4303,1160,0,279,25
416,20,9.668,103.434009102193,90.0,63.905,0.053,447.1875,166.0,58.2841453552246,141.428984642029,4296,1160,0,279,23
417,20,9.095,109.950522264981,90.0,63.905,0.053,447.1875,166.0,58.2841453552246,141.418147087097,4293,1157,0,276,23
418,20,8.581,116.536534203473,90.0,63.905,0.053,447.1875,166.0,58.2841453552246,141.411726951599,4279,1157,0,276,19
419,21,9.25925925925926,108.0,90.0,63.905,0.053,447.1875,166.0,58.2841453552246,141.424906730652,4282,1157,0,276,20
420,21,9.25925925925926,108.0,90.0,63.905,0.053,447.1875,166.0,58.2841453552246,141.359908103943,4258,1151,0,273,20
421,21,9.25925925925926,108.0,90.0,63.905,0.053,446.4375,166.0,58.283561706543,141.352583885193,4249,1151,0,273,14
422,21,8.99522222222222,111.170127351557,90.0,63.905,0.053,446.4375,166.0,58.283561706543,141.353945732117,4249,1151,0,273,14
423,21,9.25925925925926,108.0,90.0,63.905,0.053,446.4375,166.0,58.283561706543,141.289969444275,4222,1145,0,270,14
424,21,9.15374074074074,109.244955513026,90.0,63.905,0.053,445.6875,166.0,58.2829780578613,141.254958152771,4212,1142,0,266,14
425,21,8.718,114.705207616426,90.0,63.905,0.053,445.1875,166.0,58.2805671691895,141.239573478699,4193,1141,0,266,13
426,21,9.25925925925926,108.0,90.0,63.905,0.053,445.1875,166.0,58.2805671691895,141.236701011658,4185,1141,0,264,9
427,21,9.22774074074074,108.368887693709,90.0,63.905,0.053,445.1875,166.0,58.2805671691895,141.236384391785,4182,1141,0,264,8
428,21,8.972,111.457868925546,90.0,63.905,0.053,445.1875,166.0,58.2805671691895,141.193381309509,4168,1137,0,262,8
429,21,8.59,116.414435389988,90.0,63.905,0.053,444.6875,166.0,58.2781562805176,141.192790031433,4168,1137,0,262,8
430,22,9.93033333333347,100.701554160651,90.0,63.905,0.053,445.4375,166.0,58.28076171875,141.336409568787,4222,1145,0,265,18
431,22,9.25925925925926,108.0,90.0,63.905,0.053,445.4375,166.0,58.28076171875,141.315844535828,4210,1142,0,265,18
432,22,9.25925925925926,108.0,90.0,63.905,0.053,447.9375,166.0,58.2824249267578,141.539389610291,4339,1164,0,275,38
433,22,9.25925925925926,108.0,90.0,63.905,0.053,448.4375,166.0,58.2848358154297,141.581110954285,4354,1167,0,277,40
434,22,9.25925925925926,108.0,90.0,63.905,0.053,448.4375,166.0,58.2848358154297,141.582472801209,4354,1167,0,277,40
435,22,9.25925925925926,108.0,90.0,63.905,0.053,448.4375,166.0,58.2848358154297,141.583834648132,4354,1167,0,277,40
436,22,9.25925925925926,108.0,90.0,63.905,0.053,448.4375,166.0,58.2848358154297,141.590567588806,4358,1168,0,277,40
437,22,9.25925925925926,108.0,90.0,63.905,0.053,450.4375,166.0,58.2867050170898,141.800272941589,4445,1182,0,295,53
438,22,9.25925925925926,108.0,90.0,63.905,0.053,450.9375,166.0,58.2870483398438,141.843417167664,4462,1186,0,297,55
439,22,9.25925925925926,108.0,90.0,63.905,0.053,450.9375,166.0,58.2870483398438,141.835741996765,4455,1185,0,297,55
440,22,9.52380952380952,105.0,90.0,63.905,0.053,450.9375,166.0,58.2870483398438,141.829253196716,4453,1183,0,295,55
441,23,9.52380952380952,105.0,90.0,63.905,0.053,450.9375,166.0,58.2870483398438,141.84721660614,4462,1183,0,294,57
442,23,9.52380952380952,105.0,90.0,63.905,0.053,450.9375,166.0,58.2870483398438,141.851046562195,4466,1183,0,295,57
443,23,9.52380952380952,105.0,90.0,63.905,0.053,450.9375,166.0,58.2870483398438,141.848784446716,4460,1183,0,295,54
444,23,9.52380952380952,105.0,90.0,63.905,0.053,451.6875,166.0,58.287540435791,141.887068748474,4483,1184,0,298,60
445,23,9.52380952380952,105.0,96.0,37.974,0.027,451.6875,166.0,58.287540435791,141.877158164978,4471,1183,0,295,56
446,23,9.52380952380953,105.0,96.0,37.974,0.027,451.6875,166.0,58.287540435791,141.875044822693,4477,1184,0,299,57
447,23,9.52380952380952,105.0,96.0,37.974,0.027,451.6875,166.0,58.287540435791,141.872233390808,4474,1183,0,299,56
448,23,9.52380952380952,105.0,96.0,37.974,0.027,451.6875,166.0,58.287540435791,141.871367454529,4462,1183,0,301,51
449,23,9.52380952380952,105.0,96.0,37.974,0.027,451.6875,166.0,58.287540435791,141.872729301453,4462,1183,0,301,51
450,23,9.52380952380952,105.0,96.0,37.974,0.027,451.6875,166.0,58.287540435791,141.855784416199,4454,1181,0,300,50
451,24,9.52380952380952,105.0,96.0,37.974,0.027,451.4375,166.0,58.2873916625977,141.871512413025,4463,1182,0,299,51
452,24,35.7142857142857,28.0,96.0,37.974,0.027,451.4375,166.0,58.2873916625977,141.852370262146,4455,1179,0,298,51
453,24,16.6666666666667,60.0,96.0,37.974,0.027,451.1875,166.0,58.2872428894043,141.857363700867,4459,1180,0,298,51
454,24,12.5,80.0,96.0,37.974,0.027,451.1875,166.0,58.2872428894043,141.854777336121,4464,1179,0,300,53
455,24,11.7426666666665,85.1595321903042,96.0,37.974,0.027,451.1875,166.0,58.2872428894043,141.851683616638,4456,1179,0,298,50
456,24,9.417,106.190931294467,96.0,37.974,0.027,451.1875,166.0,58.2872428894043,141.614386558533,4389,1163,0,283,49
457,24,9.212,108.554059921841,96.0,37.974,0.027,447.9375,166.0,58.2844467163086,141.588400840759,4365,1163,0,283,41
458,25,11.553,86.5576040855189,96.0,37.974,0.027,448.6875,166.0,58.287052154541,141.702086448669,4406,1168,0,282,49
459,25,9.119,109.661147055598,96.0,37.974,0.027,448.1875,166.0,58.2846412658691,141.702620506287,4409,1168,0,283,50
460,25,9.247,108.143181572402,96.0,37.974,0.027,448.1875,166.0,58.2846412658691,141.660700798035,4395,1164,0,277,50
461,25,9.121,109.637101195044,96.0,37.974,0.027,448.1875,166.0,58.2846412658691,141.697112083435,4404,1167,0,279,50
462,25,9.006,111.037086386853,96.0,37.974,0.027,448.1875,166.0,58.2846412658691,141.696436882019,4404,1167,0,279,50
463,25,9.99,100.1001001001,96.0,37.974,0.027,448.1875,166.0,58.2846412658691,141.697100639343,4412,1167,0,280,52
464,25,9.523,105.008925758689,96.0,37.974,0.027,448.4375,166.0,58.2847900390625,141.733107566834,4428,1172,0,285,53
465,25,9.125,109.58904109589,96.0,37.974,0.027,448.4375,166.0,58.2847900390625,141.734469413757,4428,1172,0,285,53
466,25,9.432,106.022052586938,96.0,37.974,0.027,448.6875,166.0,58.284984588623,141.75802898407,4436,1174,0,286,54
467,25,8.994,111.185234600845,96.0,37.974,0.027,448.6875,166.0,58.284984588623,141.758666038513,4435,1174,0,286,53
468,26,9.52380952380952,105.0,96.0,37.974,0.027,448.6875,166.0,58.284984588623,141.781561851501,4452,1175,0,288,57
469,26,9.52380952380952,105.0,96.0,37.974,0.027,448.6875,166.0,58.284984588623,141.77926158905,4450,1174,0,288,56
470,26,9.63738095238109,103.762630629739,96.0,37.974,0.027,448.6875,166.0,58.284984588623,141.766283988953,4440,1173,0,288,54
471,26,9.52380952380952,105.0,96.0,37.974,0.027,448.6875,166.0,58.284984588623,141.756304740906,4441,1171,0,288,55
472,26,9.52380952380952,105.0,96.0,37.974,0.027,448.6875,166.0,58.284984588623,141.748694419861,4432,1170,0,287,52
473,26,9.11438095238082,109.716721873336,96.0,37.974,0.027,448.6875,166.0,58.284984588623,141.752047538757,4432,1171,0,287,50
474,26,9.52380952380952,105.0,96.0,37.974,0.027,448.6875,166.0,58.284984588623,141.746615409851,4433,1170,0,289,50
475,26,9.52380952380952,105.0,96.0,37.974,0.027,448.6875,166.0,58.284984588623,141.731780052185,4414,1168,0,288,46
476,26,9.18338095238095,108.892357312122,96.0,37.974,0.027,448.4375,166.0,58.2847900390625,141.702452659607,4400,1165,0,285,44
477,26,8.916,112.157918349035,96.0,37.974,0.027,448.1875,166.0,58.284595489502,141.698531150818,4401,1166,0,284,43
478,26,9.133,109.493047191503,96.0,37.974,0.027,447.9375,166.0,58.2844467163086,141.663619041443,4384,1160,0,278,37
479,27,58.8913333333335,16.980427227549,96.0,37.974,0.027,448.1875,166.0,58.2867774963379,141.754347801209,4414,1164,0,279,42
480,27,18.0123333333332,55.5175157762278,96.0,37.974,0.027,448.9375,166.0,58.2893371582031,141.826361656189,4458,1171,0,286,50
481,27,17.7083333333333,56.4705882352941,96.0,37.974,0.027,448.9375,166.0,58.2893371582031,141.797011375427,4443,1166,0,283,45
482,28,2.49466666666667,400.855157669695,96.0,37.974,0.027,448.9375,166.0,58.2893371582031,141.72393321991,4392,1157,0,276,43
483,28,16.6666666666667,60.0,96.0,37.974,0.027,447.4375,166.0,58.2883377075195,141.720023155212,4389,1157,0,276,42
484,28,8.33333333333333,120.0,96.0,37.974,0.027,447.4375,166.0,58.2883377075195,141.684306144714,4381,1154,0,274,41
485,28,10.0,100.0,96.0,37.974,0.027,446.9375,166.0,58.2859268188477,141.683714866638,4381,1154,0,272,41
486,28,10.4833333333333,95.389507154213,96.0,37.974,0.027,446.9375,166.0,58.2859268188477,141.640318870544,4364,1150,0,270,40
487,28,9.988,100.120144173008,96.0,37.974,0.027,448.4375,166.0,58.2849502563477,141.778407096863,4453,1159,0,267,56
488,28,9.75,102.564102564103,96.0,37.974,0.027,448.4375,166.0,58.2849502563477,141.741732597351,4429,1158,0,271,55
489,28,9.507,105.185652676975,96.0,37.974,0.027,448.4375,166.0,58.2849502563477,141.747298240662,4418,1158,0,271,49
490,28,8.825,113.314447592068,96.0,37.974,0.027,448.4375,166.0,58.2849502563477,141.748660087585,4418,1158,0,271,49
491,28,9.052,110.472823685373,96.0,37.974,0.027,448.4375,166.0,58.2849502563477,141.732447624207,4411,1156,0,270,49
492,28,8.655,115.540150202195,96.0,37.974,0.027,448.1875,166.0,58.2848014831543,141.733191490173,4411,1156,0,270,49
493,29,10.5243333333335,95.0178950368975,96.0,37.974,0.027,452.4375,167.625,58.2875595092773,141.954504966736,4556,1187,0,286,69
494,29,18.5069999999999,54.0336089047391,96.0,37.974,0.027,452.4375,167.625,58.2875595092773,141.938094139099,4534,1186,0,286,63
495,29,11.1111111111111,90.0,96.0,37.974,0.027,452.4375,167.625,58.2875595092773,141.893389701843,4519,1182,0,286,64
496,29,11.1111111111111,90.0,96.0,37.974,0.027,451.9375,167.625,58.2871704101563,141.89852809906,4523,1183,0,286,64
497,29,11.1111111111111,90.0,96.0,37.974,0.027,451.9375,167.625,58.2871704101563,141.900511741638,4515,1183,0,287,60
498,29,11.1111111111111,90.0,96.0,37.974,0.027,451.9375,167.625,58.2871704101563,141.890330314636,4503,1183,0,289,56
499,29,11.1111111111111,90.0,96.0,37.974,0.027,451.9375,167.625,58.2871704101563,141.901858329773,4510,1182,0,289,57
500,29,11.1111111111111,90.0,96.0,37.974,0.027,452.5625,168.0,58.2874412536621,141.899615287781,4505,1181,0,287,55
501,30,11.1111111111111,90.0,96.0,37.974,0.027,454.6875,169.625,58.2878303527832,141.996134757996,4546,1188,0,293,62
502,30,11.1111111111111,90.0,96.0,37.974,0.027,454.6875,169.625,58.2878303527832,141.989527702332,4545,1187,0,301,62
503,30,11.6666666666667,85.7142857142857,96.0,37.974,0.027,454.6875,169.625,58.2878303527832,141.984129905701,4533,1187,0,301,58
504,30,11.1111111111111,90.0,96.0,37.974,0.027,454.6875,169.625,58.2878303527832,141.95187664032,4523,1184,0,299,58
505,30,11.1111111111111,90.0,96.0,37.974,0.027,454.1875,169.625,58.2854194641113,141.957720756531,4528,1184,0,300,59
506,30,11.1111111111111,90.0,96.0,37.974,0.027,454.1875,169.625,58.2854194641113,141.940505027771,4526,1182,0,303,60
507,30,11.1111111111111,90.0,96.0,37.974,0.027,453.9375,169.625,58.2832794189453,141.935408592224,4519,1181,0,305,59
508,30,11.1111111111111,90.0,96.0,37.974,0.027,454.4375,169.625,58.2836685180664,141.982325553894,4533,1185,0,308,61
509,30,11.1111111111111,90.0,96.0,37.974,0.027,454.4375,169.625,58.2836685180664,141.984316825867,4533,1185,0,310,61
510,31,11.1111111111111,90.0,96.0,37.974,0.027,454.9375,169.625,58.2860794067383,142.063319206238,4563,1190,0,312,63
511,31,10.3163333333334,96.9336650618758,96.0,37.974,0.027,454.9375,169.625,58.2860794067383,142.04843044281,4549,1189,0,313,59
512,31,9.046,110.54609772275,96.0,37.974,0.027,454.9375,169.625,58.2860794067383,142.049792289734,4549,1189,0,311,59
513,31,9.477,105.518624037143,96.0,37.974,0.027,455.4375,169.625,58.2884902954102,142.089835166931,4561,1192,0,313,60
514,31,9.693,103.167234086454,96.0,37.974,0.027,455.4375,169.625,58.2884902954102,142.106886863709,4569,1193,0,313,61
515,31,10.133,98.6874568242376,96.0,37.974,0.027,455.6875,169.625,58.288761138916,142.112048149109,4577,1193,0,313,63
516,31,9.112,109.745390693591,96.0,37.974,0.027,455.6875,169.625,58.288761138916,142.108439445496,4567,1193,0,314,59
517,31,9.804,101.999184006528,96.0,37.974,0.027,455.9375,169.625,58.2889099121094,142.143744468689,4584,1198,0,318,59
518,31,9.057,110.411836148835,96.0,37.974,0.027,455.9375,169.625,58.2889099121094,142.161337852478,4597,1201,0,318,59
519,31,9.46,105.708245243129,96.0,37.974,0.027,455.9375,169.625,58.2889099121094,142.129473686218,4588,1195,0,316,59
520,31,9.72222222222222,102.857142857143,96.0,37.974,0.027,455.5625,169.625,58.2878799438477,142.126448631287,4587,1194,0,315,59
521,32,9.72222222222222,102.857142857143,96.0,37.974,0.027,455.5625,169.625,58.2878799438477,142.130072593689,4602,1193,0,316,66
522,32,9.72222222222222,102.857142857143,96.0,37.974,0.027,455.3125,169.625,58.2876091003418,142.162810325623,4617,1196,0,316,67
523,32,10.0,100.0,96.0,37.974,0.027,457.6875,171.5,58.2880744934082,142.14311504364,4612,1194,0,314,67
524,32,10.0,100.0,96.0,37.974,0.027,455.8125,169.875,58.2878036499023,142.134428977966,4597,1194,0,314,64
525,32,10.0,100.0,96.0,37.974,0.027,455.8125,169.875,58.2878036499023,142.120795249939,4591,1191,0,311,63
526,32,10.0,100.0,96.0,37.974,0.027,455.8125,169.875,58.2878036499023,142.110911369324,4578,1190,0,310,59
527,32,10.0,100.0,96.0,37.974,0.027,455.8125,169.875,58.2878036499023,142.096213340759,4568,1187,0,303,56
528,32,10.0,100.0,96.0,37.974,0.027,455.8125,169.875,58.2878036499023,142.071688652039,4549,1186,0,302,54
529,32,10.0,100.0,96.0,37.974,0.027,455.5625,169.875,58.2875328063965,142.0697889328,4545,1186,0,300,53
530,32,10.0,100.0,96.0,37.974,0.027,455.5625,169.875,58.2875328063965,142.047823905945,4528,1184,0,298,51
531,33,10.6446666666667,93.9437590029436,96.0,37.974,0.027,455.875,169.875,58.2959098815918,142.135527610779,4546,1177,0,299,58
532,33,10.088,99.1276764472641,96.0,37.974,0.027,455.8125,169.875,58.2954216003418,142.130919456482,4544,1177,0,299,58
533,33,10.636,94.0203083866115,96.0,37.974,0.027,455.8125,169.875,58.2954216003418,142.130282402039,4545,1177,0,299,58
534,33,9.85933333333347,101.426736087631,89.0,74.489,0.052,455.8125,169.875,58.2954216003418,142.131644248962,4545,1177,0,299,58
535,33,10.0,100.0,89.0,74.489,0.052,455.8125,169.875,58.2954216003418,142.119158744812,4528,1176,0,295,57
536,33,10.0,100.0,89.0,74.489,0.052,455.8125,169.875,58.2954216003418,142.119307518005,4526,1176,0,295,56
537,33,10.4926666666665,95.3046572209174,89.0,74.489,0.052,455.8125,169.875,58.2954216003418,142.088080406189,4513,1175,0,298,50
538,33,10.0,100.0,89.0,74.489,0.052,455.5625,169.875,58.2951507568359,142.043158531189,4491,1171,0,296,49
539,33,9.50733333333346,105.181964799101,89.0,74.489,0.052,455.0625,169.875,58.2947616577148,142.041712760925,4489,1171,0,296,48
540,33,10.0,100.0,89.0,74.489,0.052,455.0625,169.875,58.2947616577148,142.043074607849,4489,1171,0,294,48
541,34,11.8586666666665,84.326512255454,89.0,74.489,0.052,455.3125,169.875,58.2950172424316,142.092684745789,4506,1175,0,296,51
542,34,30.381,32.9153089101741,89.0,74.489,0.052,455.3125,169.875,58.2950172424316,142.088767051697,4502,1175,0,294,47
543,34,16.6666666666667,60.0,89.0,74.489,0.052,455.3125,169.875,58.2950172424316,141.992709159851,4467,1167,0,289,46
544,34,16.6666666666667,60.0,89.0,74.489,0.052,453.6875,169.5,58.2919464111328,141.941431999207,4447,1163,0,283,44
545,34,12.6353333333333,79.1431435656624,89.0,74.489,0.052,453.1875,169.5,58.2895355224609,141.93351650238,4434,1163,0,281,41
546,34,9.79,102.145045965271,89.0,74.489,0.052,453.1875,169.5,58.2895355224609,141.826449394226,4394,1155,0,274,41
547,35,11.779,84.8968503268529,89.0,74.489,0.052,451.9375,169.5,58.2906913757324,140.831148147583,4351,1127,0,270,43
548,35,9.657,103.551827689759,89.0,74.489,0.052,448.0625,169.125,57.0470428466797,140.826066970825,4348,1128,0,271,41
549,35,11.9047619047619,84.0,89.0,74.489,0.052,452.5625,173.125,57.0475082397461,140.88006401062,4369,1134,0,273,43
550,35,12.5,80.0,89.0,74.489,0.052,453.0625,173.125,57.049919128418,140.892015457153,4369,1134,0,274,45
551,35,11.1111111111111,90.0,89.0,74.489,0.052,452.8125,173.125,57.0497245788574,140.882822036743,4352,1134,0,273,39
552,35,10.340126984127,96.7106111496589,89.0,74.489,0.052,452.8125,173.125,57.0497245788574,140.87152671814,4347,1133,0,275,39
553,35,11.9047619047619,84.0,89.0,74.489,0.052,453.0625,173.125,57.0498733520508,140.9088306427,4371,1138,0,281,42
554,35,12.8049047619049,78.0950751758061,89.0,74.489,0.052,453.0625,173.125,57.0498733520508,140.908979415894,4369,1138,0,281,41
555,35,11.9047619047619,84.0,89.0,74.489,0.052,453.0625,173.125,57.0498733520508,140.923986434937,4374,1139,0,279,40
556,36,12.6789047619046,78.8711658285048,89.0,74.489,0.052,454.625,173.125,57.0612754821777,141.092191696167,4487,1140,0,314,64
557,36,11.9047619047619,84.0,89.0,74.489,0.052,454.5625,173.125,57.0607872009277,141.08881187439,4493,1140,0,314,65
558,36,11.9047619047619,84.0,89.0,74.489,0.052,454.5625,173.125,57.0607872009277,141.055242538452,4481,1136,0,311,65
559,36,11.9047619047619,84.0,89.0,74.489,0.052,454.8125,173.125,57.0630035400391,141.076036453247,4482,1135,0,312,64
560,36,11.9047619047619,84.0,89.0,74.489,0.052,454.8125,173.125,57.0630035400391,141.068227767944,4466,1135,0,312,58
561,36,11.9047619047619,84.0,89.0,74.489,0.052,454.8125,173.125,57.0630035400391,141.06728553772,4462,1135,0,312,56
562,36,11.9047619047619,84.0,89.0,74.489,0.052,455.8125,173.125,57.0636901855469,141.185831069946,4520,1146,0,319,65
563,36,11.9047619047619,84.0,89.0,74.489,0.052,456.0625,173.125,57.0639610290527,141.171117782593,4507,1144,0,319,63
564,37,11.9047619047619,84.0,89.0,74.489,0.052,456.5625,173.125,57.0727386474609,141.183706283569,4507,1136,0,317,65
565,37,11.9047619047619,84.0,89.0,74.489,0.052,456.0625,173.125,57.0715789794922,141.129968643188,4490,1125,0,317,64
566,37,11.9047619047619,84.0,89.0,74.489,0.052,454.4375,173.125,57.0672073364258,141.127462387085,4491,1125,0,317,63
567,37,11.8617142857143,84.3048463243087,89.0,74.489,0.052,454.4375,173.125,57.0672073364258,141.127611160278,4489,1125,0,317,62
568,37,11.1736666666668,89.4961367500959,89.0,74.489,0.052,454.4375,173.125,57.0672073364258,141.119150161743,4484,1123,0,315,61
569,37,11.6666666666667,85.7142857142857,89.0,74.489,0.052,454.4375,173.125,57.0672073364258,141.12490272522,4479,1123,0,314,57
570,37,11.6666666666667,85.7142857142857,89.0,74.489,0.052,454.6875,173.125,57.0674781799316,141.127279281616,4472,1123,0,315,54
571,37,11.6666666666667,85.7142857142857,89.0,74.489,0.052,454.6875,173.125,57.0674781799316,141.111925125122,4469,1122,0,314,54
572,38,11.6666666666667,85.7142857142857,89.0,74.489,0.052,454.4375,173.125,57.0672073364258,141.139940261841,4481,1124,0,314,56
573,38,11.6666666666667,85.7142857142857,89.0,74.489,0.052,454.6875,173.125,57.0674018859863,141.074895858765,4457,1117,0,309,54
574,38,11.6666666666667,85.7142857142857,89.0,74.489,0.052,453.6875,173.125,57.0645713806152,139.879384040833,4393,1083,0,306,53
575,38,11.6666666666667,85.7142857142857,89.0,74.489,0.052,448.875,172.75,55.7185173034668,139.819169044495,4374,1079,0,304,52
576,38,11.3029999999999,88.4720870565346,89.0,74.489,0.052,448.375,172.75,55.7161064147949,139.811001777649,4369,1079,0,302,51
577,38,10.632,94.0556809631302,89.0,74.489,0.052,448.375,172.75,55.7161064147949,139.812035560608,4370,1079,0,300,52
578,38,10.079,99.2161920825479,89.0,74.489,0.052,448.375,172.75,55.7161064147949,139.811215400696,4366,1079,0,300,50
579,38,10.101,99.000099000099,89.0,74.489,0.052,448.375,172.75,55.7161064147949,139.794182777405,4360,1078,0,299,49
580,38,9.575,104.43864229765,89.0,74.489,0.052,448.125,172.75,55.7158355712891,139.792283058167,4356,1078,0,299,48
581,38,11.1111111111111,90.0,89.0,74.489,0.052,448.125,172.75,55.7158355712891,138.502185821533,4300,1048,0,296,47
582,39,15.5912222222222,64.1386535158672,89.0,74.489,0.052,446.9375,172.375,54.1201133728027,138.594779968262,4413,1056,0,297,67
583,39,39.298,25.4465876126011,89.0,74.489,0.052,446.625,172.375,54.1163482666016,138.590549468994,4416,1055,0,297,71
584,39,16.6666666666667,60.0,89.0,74.489,0.052,446.625,172.375,54.1163482666016,138.530223846436,4391,1049,0,296,71
585,39,25.0,40.0,89.0,74.489,0.052,445.875,172.375,54.1137428283691,138.520133972168,4379,1049,0,298,67
586,40,22.2222222222222,45.0,89.0,74.489,0.052,446.6875,172.375,54.1224632263184,138.52522277832,4377,1039,0,296,72
587,40,16.9297777777778,59.0675207392629,89.0,74.489,0.052,445.875,172.375,54.1194152832031,138.504329681396,4369,1037,0,297,72
588,40,10.041,99.5916741360422,89.0,74.489,0.052,445.5,172.375,54.1158561706543,138.509426116943,4366,1037,0,300,71
589,40,10.054,99.4629003381739,89.0,74.489,0.052,445.5,172.375,54.1158561706543,138.508087158203,4362,1037,0,300,68
590,40,11.367,87.9739597079265,89.0,74.489,0.052,445.75,172.375,54.1160507202148,138.492023468018,4361,1037,0,301,70
591,40,10.568,94.6252838758516,89.0,74.489,0.052,445.5,172.375,54.1158561706543,138.473316192627,4347,1034,0,300,68
592,40,9.951,100.492412822832,89.0,74.489,0.052,445.25,172.375,54.1156616210938,138.470882415771,4342,1034,0,300,66
593,40,10.603,94.3129303027445,89.0,74.489,0.052,445.25,172.375,54.1156616210938,138.460498809814,4331,1033,0,300,63
594,41,11.1111111111111,90.0,89.0,74.489,0.052,448.0,174.0,54.1172370910645,137.342356681824,4362,1029,0,319,72
595,41,11.1111111111111,90.0,89.0,74.489,0.052,443.9375,173.625,52.6099662780762,137.179717063904,4303,1018,0,310,71
596,41,11.1111111111111,90.0,89.0,74.489,0.052,441.5625,173.625,52.6049728393555,137.172278404236,4303,1018,0,307,71
597,41,11.1111111111111,90.0,89.0,74.489,0.052,443.5625,173.625,52.6064071655273,137.304133415222,4378,1027,0,306,84
598,41,11.1111111111111,90.0,89.0,74.489,0.052,443.5625,173.625,52.6064071655273,137.309313774109,4377,1029,0,306,81
599,41,11.1111111111111,90.0,89.0,74.489,0.052,443.5625,173.625,52.6064071655273,137.309882164001,4374,1029,0,308,79
600,41,11.1111111111111,90.0,89.0,74.489,0.052,443.5625,173.625,52.6064071655273,137.322302818298,4381,1028,0,305,80
601,41,10.6060606060606,94.2857142857143,89.0,74.489,0.052,444.4375,174.0,52.6068725585938,136.158750534058,4321,996,0,300,79
602,41,25.370494949495,39.4158648457864,89.0,74.489,0.052,439.875,173.625,51.2509994506836,136.143480300903,4318,996,0,299,78
603,42,39.9363333333333,25.0398551027051,89.0,74.489,0.052,440.875,173.625,51.2558212280273,136.274465560913,4366,1007,0,304,82
604,42,11.419,87.5733426744899,89.0,74.489,0.052,442.125,173.625,51.260913848877,136.343454360962,4388,1010,0,304,86
605,42,18.4533333333333,54.1907514450867,89.0,74.489,0.052,442.125,173.625,51.260913848877,136.327909469604,4357,1010,0,304,77
606,42,10.669,93.7294966726029,89.0,74.489,0.052,442.625,173.625,51.2612113952637,136.394407272339,4388,1020,0,311,79
607,43,10.711,93.3619643357296,89.0,74.489,0.052,442.625,173.625,51.2612113952637,136.398176193237,4384,1018,0,273,78
608,43,9.801,102.030405060708,89.0,74.489,0.052,442.625,173.625,51.2612113952637,136.366415023804,4317,1020,0,269,61
609,43,10.391,96.237128284092,89.0,74.489,0.052,442.625,173.625,51.2612113952637,136.364824295044,4317,1020,0,269,60
610,43,9.632,103.820598006645,89.0,74.489,0.052,442.5,173.625,51.2578468322754,136.375383377075,4314,1021,0,269,59
611,43,10.101,99.000099000099,89.0,74.489,0.052,442.75,173.625,51.2581176757813,136.381620407104,4314,1021,0,270,59
612,43,10.106,98.9511181476351,78.0,39.243,0.062,442.75,173.625,51.2581176757813,136.373804092407,4313,1019,0,271,58
613,43,11.1111111111111,90.0,78.0,39.243,0.062,442.75,173.625,51.2581176757813,136.356748580933,4318,1016,0,270,59
614,43,10.3348888888889,96.7596275829445,78.0,39.243,0.062,442.75,173.625,51.2581176757813,136.317316055298,4280,1013,0,270,48
615,43,10.092,99.0883868410622,78.0,39.243,0.062,442.5,173.625,51.2579231262207,136.338819503784,4301,1016,0,270,52
616,43,9.787,102.176356391131,78.0,39.243,0.062,442.5,173.625,51.2579231262207,136.306509017944,4292,1010,0,266,52
617,44,53.7206666666667,18.6148099427905,78.0,39.243,0.062,442.5625,173.625,51.2640228271484,136.331636428833,4312,1003,0,262,59
618,44,30.174,33.1411148671041,78.0,39.243,0.062,442.375,173.625,51.2570877075195,136.234613418579,4291,995,0,256,61
619,44,18.7193333333333,53.4207058655935,78.0,39.243,0.062,439.5,172.0,51.2560539245605,136.146081924438,4252,982,0,246,55
620,45,11.375,87.9120879120879,78.0,39.243,0.062,439.0,172.0,51.2557792663574,136.125841140747,4226,980,0,244,49
621,45,10.174,98.2897582071948,78.0,39.243,0.062,439.0,172.0,51.2557792663574,136.124578475952,4228,980,0,244,49
622,45,10.165,98.3767830791933,78.0,39.243,0.062,439.0,172.0,51.2557792663574,136.118173599243,4220,980,0,242,46
623,45,9.708,103.007828594973,78.0,39.243,0.062,439.0,172.0,51.2557792663574,136.097089767456,4210,978,0,241,45
624,45,9.982,100.180324584252,78.0,39.243,0.062,438.75,172.0,51.2555847167969,136.06866645813,4187,974,0,238,44
625,45,9.981,100.190361687206,78.0,39.243,0.062,438.75,172.0,51.2555847167969,136.045438766479,4170,973,0,233,40
626,45,9.849,101.533150573662,78.0,39.243,0.062,438.5,172.0,51.255313873291,136.002332687378,4142,970,0,231,33
627,45,9.67,103.412616339193,78.0,39.243,0.062,438.0,172.0,51.2529029846191,135.968126296997,4132,967,0,229,33
628,45,9.555,104.65724751439,78.0,39.243,0.062,437.5,172.0,51.2504920959473,135.967535018921,4132,967,0,229,33
629,45,9.846,101.564086938858,78.0,39.243,0.062,437.5,172.0,51.2504920959473,134.977635383606,4067,934,0,222,33
630,46,21.6033333333333,46.2891529085018,78.0,39.243,0.062,434.875,173.3125,49.7142143249512,134.959778785706,4067,933,0,219,35
631,46,11.1111111111111,90.0,78.0,39.243,0.062,434.375,173.3125,49.7118034362793,134.900856971741,4037,929,0,220,35
632,46,8.64122222222235,115.72437026655,78.0,39.243,0.062,433.75,172.9375,49.7115325927734,134.898526191711,4033,929,0,220,34
633,46,11.1111111111111,90.0,78.0,39.243,0.062,433.75,172.9375,49.7115325927734,134.899888038635,4033,929,0,220,34
634,46,11.1111111111111,90.0,78.0,39.243,0.062,433.75,172.9375,49.7115325927734,134.819405555725,4011,911,0,220,33
635,46,11.1111111111111,90.0,78.0,39.243,0.062,431.3125,172.9375,49.7098960876465,134.817719459534,4019,911,0,222,36
636,46,11.1111111111111,90.0,78.0,39.243,0.062,431.5625,172.9375,49.710090637207,134.84096622467,4026,913,0,222,37
637,46,11.1111111111111,90.0,78.0,39.243,0.062,431.5625,172.9375,49.710090637207,134.833291053772,4019,912,0,222,37
638,47,11.1111111111111,90.0,78.0,39.243,0.062,431.5625,172.9375,49.710090637207,134.825554847717,4012,911,0,216,37
639,47,11.1111111111111,90.0,78.0,39.243,0.062,431.5625,172.9375,49.710090637207,134.819935798645,4000,911,0,216,32
640,47,11.1111111111111,90.0,78.0,39.243,0.062,431.5625,172.9375,49.710090637207,134.787480354309,3989,908,0,215,33
641,47,11.1111111111111,90.0,78.0,39.243,0.062,431.3125,172.9375,49.7098960876465,134.783368110657,3981,908,0,215,30
642,47,11.1111111111111,90.0,78.0,39.243,0.062,431.3125,172.9375,49.7098960876465,134.783204078674,3978,908,0,215,29
643,47,25.8835555555554,38.6345684947974,78.0,39.243,0.062,431.3125,172.9375,49.7098960876465,134.781022071838,3980,908,0,217,30
644,47,16.6666666666667,60.0,78.0,39.243,0.062,431.3125,172.9375,49.7098960876465,134.780560493469,3977,908,0,217,28
645,48,16.6666666666667,60.0,78.0,39.243,0.062,431.3125,172.9375,49.7098960876465,134.799973487854,3978,908,0,217,28
646,48,12.6423333333333,79.0993223824716,78.0,39.243,0.062,431.3125,172.9375,49.7098960876465,134.800801277161,3986,908,0,219,31
647,48,9.351,106.940434178163,78.0,39.243,0.062,431.1875,172.9375,49.7065315246582,134.79979801178,3984,908,0,219,31
648,48,10.366,96.4692263168049,78.0,39.243,0.062,431.1875,172.9375,49.7065315246582,134.794400215149,3972,908,0,219,27
649,48,9.608,104.079933388843,78.0,39.243,0.062,431.1875,172.9375,49.7065315246582,134.795762062073,3972,908,0,215,27
650,48,9.607,104.090767148954,78.0,39.243,0.062,431.1875,172.9375,49.7065315246582,134.797123908997,3972,908,0,215,27
651,48,9.884,101.173613921489,78.0,39.243,0.062,431.1875,172.9375,49.7065315246582,134.795128822327,3966,908,0,215,25
652,48,9.223,108.42459069717,78.0,39.243,0.062,431.1875,172.9375,49.7065315246582,134.79873752594,3970,908,0,215,27
653,48,9.67,103.412616339193,78.0,39.243,0.062,431.1875,172.9375,49.7065315246582,134.793339729309,3958,908,0,215,23
654,49,10.206,97.981579463061,78.0,39.243,0.062,431.1875,172.9375,49.7065315246582,134.817063331604,3961,908,0,215,24
655,49,11.1111111111111,90.0,78.0,39.243,0.062,432.875,172.9375,49.708854675293,135.026139259338,4049,931,0,225,35
656,49,10.0,100.0,78.0,39.243,0.062,432.875,172.9375,49.708854675293,135.025822639465,4046,931,0,225,34
657,49,9.49488888888889,105.319821190348,78.0,39.243,0.062,432.875,172.9375,49.708854675293,135.004658699036,4031,926,0,225,34
658,49,10.0,100.0,78.0,39.243,0.062,432.875,172.9375,49.708854675293,135.000134468079,4026,926,0,223,33
659,49,10.0,100.0,78.0,39.243,0.062,432.875,172.9375,49.708854675293,135.009724617004,4022,927,0,223,30
660,49,21.4003333333333,46.7282441083472,78.0,39.243,0.062,433.0625,172.9375,49.7090644836426,135.014370918274,4020,927,0,222,29
661,49,10.4166666666667,96.0,78.0,39.243,0.062,433.0625,172.9375,49.7090644836426,134.999855995178,4011,924,0,219,26
662,49,11.1111111111111,90.0,78.0,39.243,0.062,433.0625,172.9375,49.7090644836426,134.974057197571,3994,922,0,216,23
663,50,11.1111111111111,90.0,78.0,39.243,0.062,433.8125,172.9375,49.711669921875,135.123009681702,4051,934,0,220,30
664,50,11.1111111111111,90.0,78.0,39.243,0.062,433.9375,172.9375,49.711727142334,135.125950813293,4052,934,0,221,30
665,50,11.1111111111111,90.0,78.0,39.243,0.062,434.4375,172.9375,49.7141380310059,135.165696144104,4064,937,0,223,30
666,50,11.1111111111111,90.0,78.0,39.243,0.062,434.4375,172.9375,49.7141380310059,135.141667366028,4054,934,0,221,30
667,50,11.1111111111111,90.0,78.0,39.243,0.062,434.1875,172.9375,49.7139434814453,135.1375207901,4047,934,0,221,28
668,50,11.6666666666667,85.7142857142857,78.0,39.243,0.062,434.4375,173.1875,49.7139434814453,135.527226448059,4072,935,0,229,32
669,50,11.6666666666667,85.7142857142857,78.0,39.243,0.062,435.1875,173.1875,49.7144355773926,135.608155250549,4111,944,0,234,37
670,50,11.6666666666667,85.7142857142857,78.0,39.243,0.062,435.4375,173.1875,49.7146301269531,135.627724647522,4113,946,0,235,34
671,50,12.4946666666667,80.0341479031052,78.0,39.243,0.062,435.4375,173.1875,49.7146301269531,135.620282173157,4104,945,0,234,30
672,51,16.945,59.0144585423429,78.0,39.243,0.062,435.4375,173.1875,49.7146301269531,135.655446052551,4115,946,0,232,32
673,51,14.931,66.9747505190543,78.0,39.243,0.062,435.4375,173.1875,49.7146301269531,135.646985054016,4112,945,0,233,31
674,51,10.6543333333335,93.8585239182794,78.0,39.243,0.062,435.4375,173.1875,49.7146301269531,135.632500648499,4103,942,0,230,28
675,51,12.5,80.0,78.0,39.243,0.062,435.4375,173.1875,49.7146301269531,135.622387886047,4089,941,0,229,23
676,51,12.5,80.0,78.0,39.243,0.062,435.4375,173.1875,49.7146301269531,135.621270179749,4097,942,0,231,25
677,51,12.5,80.0,78.0,39.243,0.062,435.4375,173.1875,49.7146301269531,135.617524147034,4087,942,0,232,20
678,51,12.5,80.0,78.0,39.243,0.062,435.4375,173.1875,49.7146301269531,135.654896736145,4107,945,0,232,21
679,51,12.5,80.0,78.0,39.243,0.062,435.8125,173.1875,49.7150497436523,135.589848518372,4081,934,0,227,20
680,52,12.5,80.0,78.0,39.243,0.062,434.9375,173.1875,49.7137222290039,135.625687599182,4091,934,0,227,24
681,52,11.4833333333332,87.0827285921636,78.0,39.243,0.062,434.9375,173.1875,49.7137222290039,135.622151374817,4097,934,0,227,25
682,52,9.553,104.679158379567,78.0,39.243,0.062,434.9375,173.1875,49.7137222290039,135.621834754944,4094,934,0,227,24
683,52,9.721,102.870075095155,78.0,39.243,0.062,434.9375,173.1875,49.7137222290039,135.620015144348,4090,934,0,227,23
684,52,9.58,104.384133611691,78.0,39.243,0.062,434.9375,173.1875,49.7137222290039,135.609318733215,4094,933,0,226,25
685,52,10.924,91.5415598681802,78.0,39.243,0.062,434.9375,173.1875,49.7137222290039,135.606339454651,4111,930,0,229,32
686,52,9.686,103.241792277514,78.0,39.243,0.062,434.9375,173.1875,49.7137222290039,135.603764533997,4104,930,0,229,31
687,52,9.533,104.89877268436,78.0,39.243,0.062,434.9375,173.1875,49.7137222290039,135.60512638092,4104,930,0,229,31
688,52,9.628,103.86373078521,78.0,39.243,0.062,434.9375,173.1875,49.7137222290039,135.57287311554,4094,927,0,227,31
689,53,10.0,100.0,78.0,39.243,0.062,434.4375,173.1875,49.711311340332,135.593140602112,4101,927,0,226,33
690,53,10.0,100.0,78.0,39.243,0.062,434.4375,173.1875,49.711311340332,135.594746589661,4101,927,0,226,33
691,53,10.0,100.0,78.0,39.243,0.062,434.4375,173.1875,49.711311340332,135.551526069641,4093,923,0,224,34
692,53,10.0,100.0,78.0,39.243,0.062,433.9375,173.1875,49.7089004516602,135.537095069885,4076,922,0,224,33
693,53,9.877,101.24531740407,78.0,39.243,0.062,433.9375,173.1875,49.7089004516602,135.538456916809,4076,922,0,224,33
694,53,9.633,103.809820409011,82.0,61.992,0.039,433.9375,173.1875,49.7089004516602,135.53918170929,4075,922,0,224,33
695,53,9.508,105.1745898191,82.0,61.992,0.039,433.9375,173.1875,49.7089004516602,135.53856754303,4072,922,0,224,31
696,53,9.687,103.231134510168,82.0,61.992,0.039,433.9375,173.1875,49.7089004516602,135.533806800842,4069,922,0,226,29
697,53,10.0,100.0,82.0,61.992,0.039,433.9375,173.1875,49.7089004516602,135.513669013977,4060,920,0,225,29
698,53,10.0,100.0,82.0,61.992,0.039,433.6875,173.1875,49.7087059020996,135.514096260071,4060,920,0,225,29
699,54,10.0,100.0,82.0,61.992,0.039,434.1875,173.1875,49.7111167907715,135.479428291321,4050,916,0,219,35
700,54,10.0,100.0,82.0,61.992,0.039,432.1875,173.1875,49.7096824645996,135.469193458557,4050,916,0,219,33
701,54,10.0,100.0,82.0,61.992,0.039,432.4375,173.1875,49.7097625732422,135.517949104309,4072,925,0,227,36
702,54,10.0,100.0,82.0,61.992,0.039,432.9375,173.1875,49.7121734619141,135.53823184967,4078,926,0,228,38
703,54,10.0,100.0,82.0,61.992,0.039,432.6875,173.1875,49.7119789123535,135.527623176575,4084,926,0,234,39
704,54,10.0,100.0,82.0,61.992,0.039,432.6875,173.1875,49.7119789123535,135.528985023499,4084,926,0,234,39
705,54,29.1716666666667,34.2798377421014,82.0,61.992,0.039,432.6875,173.1875,49.7119789123535,135.512349128723,4084,925,0,235,41
706,54,16.6666666666667,60.0,82.0,61.992,0.039,432.6875,173.1875,49.7119331359863,135.518975257874,4092,927,0,237,42
707,55,11.8826666666667,84.1561938958707,82.0,61.992,0.039,432.4375,173.1875,49.7117385864258,135.501294136047,4078,924,0,234,38
708,55,10.304,97.0496894409938,82.0,61.992,0.039,432.9375,173.1875,49.7122039794922,135.533989906311,4078,929,0,236,30
709,55,9.707,103.018440300814,82.0,61.992,0.039,432.9375,173.1875,49.7122039794922,135.541443824768,4084,930,0,236,31
710,55,10.363,96.4971533339766,82.0,61.992,0.039,432.9375,173.1875,49.7122039794922,135.457253456116,4048,922,0,233,31
711,55,9.545,104.766893661603,82.0,61.992,0.039,431.9375,173.1875,49.71142578125,135.447094917297,4046,920,0,231,31
712,55,9.469,105.607772732073,82.0,61.992,0.039,431.9375,173.1875,49.71142578125,135.455735206604,4037,919,0,230,28
713,55,9.637,103.766732385597,82.0,61.992,0.039,431.9375,173.1875,49.71142578125,135.445149421692,4030,918,0,231,25
714,55,9.521,105.030984140321,82.0,61.992,0.039,431.9375,173.1875,49.71142578125,135.450398445129,4032,919,0,231,25
715,55,9.37,106.723585912487,82.0,61.992,0.039,431.9375,173.1875,49.71142578125,135.467957496643,4040,920,0,232,26
716,55,10.0,100.0,82.0,61.992,0.039,432.1875,173.1875,49.7116966247559,135.474194526672,4040,920,0,233,26
717,56,10.0,100.0,82.0,61.992,0.039,433.1875,173.1875,49.7165184020996,135.597207069397,4089,929,0,237,32
718,56,10.0,100.0,82.0,61.992,0.039,433.1875,173.1875,49.7165184020996,135.585003852844,4092,929,0,239,33
719,56,10.0,100.0,82.0,61.992,0.039,433.1875,173.1875,49.7165184020996,135.574437141418,4091,928,0,238,34
720,56,9.72222222222222,102.857142857143,82.0,61.992,0.039,433.9375,173.1875,49.72119140625,135.653244972229,4120,933,0,242,38
721,56,9.72222222222222,102.857142857143,82.0,61.992,0.039,433.9375,173.1875,49.72119140625,135.651600837708,4115,933,0,238,36
722,56,9.72222222222222,102.857142857143,82.0,61.992,0.039,433.9375,173.1875,49.72119140625,135.651749610901,4113,933,0,238,35
723,56,9.72222222222222,102.857142857143,82.0,61.992,0.039,433.9375,173.1875,49.72119140625,135.665314674377,4115,934,0,238,34
724,56,9.72222222222222,102.857142857143,82.0,61.992,0.039,434.6875,173.1875,49.7218055725098,135.729065895081,4157,941,0,248,41
725,56,9.72222222222222,102.857142857143,82.0,61.992,0.039,434.6875,173.1875,49.7218055725098,135.723546028137,4149,940,0,248,38
726,56,9.95733333333333,100.428494911623,82.0,61.992,0.039,434.6875,173.1875,49.7218055725098,135.704957008362,4140,939,0,247,36
727,57,10.0,100.0,82.0,61.992,0.039,434.4375,173.1875,49.7215347290039,135.702935218811,4136,939,0,247,35
728,57,10.0,100.0,82.0,61.992,0.039,434.4375,173.1875,49.7215347290039,135.704297065735,4136,939,0,245,35
729,57,10.0,100.0,82.0,61.992,0.039,434.4375,173.1875,49.7215347290039,135.708451271057,4141,940,0,245,35
730,57,10.0,100.0,82.0,61.992,0.039,434.4375,173.1875,49.7215347290039,135.706883430481,4140,939,0,245,35
731,57,10.0,100.0,82.0,61.992,0.039,434.4375,173.1875,49.7215347290039,135.678101539612,4129,935,0,240,34
732,57,10.0,100.0,82.0,61.992,0.039,434.1875,173.1875,49.7193946838379,135.673413276672,4120,934,0,236,31
733,57,10.0,100.0,82.0,61.992,0.039,434.1875,173.1875,49.7193946838379,135.688660621643,4128,937,0,236,30
734,57,10.0,100.0,82.0,61.992,0.039,434.1875,173.1875,49.7193946838379,135.641373634338,4113,930,0,233,28
735,57,10.0,100.0,82.0,61.992,0.039,433.6875,173.1875,49.7190437316895,135.591851234436,4094,925,0,230,27
736,57,9.958,100.421771440048,82.0,61.992,0.039,433.1875,173.1875,49.7166328430176,135.610508918762,4105,927,0,230,29
737,58,10.0,100.0,82.0,61.992,0.039,433.4375,173.1875,49.7168273925781,135.591145515442,4094,923,0,229,29
738,58,10.0,100.0,82.0,61.992,0.039,432.9375,173.1875,49.7164077758789,135.590924263,4094,923,0,229,29
739,58,9.732,102.75380189067,82.0,61.992,0.039,432.9375,173.1875,49.7164077758789,135.58926486969,4097,923,0,231,30
740,58,9.72222222222222,102.857142857143,82.0,61.992,0.039,432.9375,173.1875,49.7164077758789,135.586228370667,4096,922,0,230,30
741,58,9.72222222222222,102.857142857143,82.0,61.992,0.039,432.9375,173.1875,49.7164077758789,135.58531665802,4092,922,0,222,29
742,58,9.72222222222222,102.857142857143,82.0,61.992,0.039,432.9375,173.1875,49.7164077758789,135.569962501526,4089,921,0,221,29
743,58,9.72222222222222,102.857142857143,82.0,61.992,0.039,432.6875,173.1875,49.716136932373,135.546666145325,4066,918,0,216,24
744,58,9.72222222222222,102.857142857143,82.0,61.992,0.039,432.6875,173.1875,49.716136932373,135.539528846741,4051,918,0,216,20
745,58,10.0,100.0,82.0,61.992,0.039,432.6875,173.1875,49.716136932373,135.536133766174,4055,918,0,218,21
746,58,9.72222222222222,102.857142857143,82.0,61.992,0.039,432.6875,173.1875,49.716136932373,135.535573005676,4051,918,0,218,19
747,59,9.74366666666667,102.630768704458,82.0,61.992,0.039,432.6875,173.1875,49.716136932373,135.535038948059,4044,917,0,218,18
748,59,9.72222222222222,102.857142857143,82.0,61.992,0.039,432.6875,173.1875,49.716136932373,135.539284706116,4049,917,0,218,20
749,59,9.72222222222222,102.857142857143,82.0,61.992,0.039,432.6875,173.1875,49.716136932373,135.540020942688,4050,917,0,218,20
750,59,9.83855555555555,101.640936451828,82.0,61.992,0.039,434.6875,173.1875,49.7175712585449,135.68175983429,4138,926,0,213,36
751,59,9.723,102.848914943947,82.0,61.992,0.039,434.6875,173.1875,49.7175712585449,135.595231056213,4089,919,0,209,32
752,59,10.0,100.0,82.0,61.992,0.039,433.6875,173.1875,49.7127494812012,135.592709541321,4089,919,0,207,32
753,59,27.295,36.6367466568969,82.0,61.992,0.039,433.6875,173.1875,49.7127494812012,135.561261177063,4068,916,0,206,29
754,59,16.6666666666667,60.0,82.0,61.992,0.039,433.4375,173.1875,49.7125549316406,135.472157478333,4035,908,0,202,28
755,60,10.9096666666667,91.6618289590272,82.0,61.992,0.039,432.4375,173.1875,49.7077331542969,135.464051246643,4026,908,0,202,25
756,60,11.053,90.4731747037004,82.0,61.992,0.039,433.8125,173.1875,49.7095413208008,135.618565559387,4104,929,0,215,37
757,60,9.281,107.747010020472,82.0,61.992,0.039,433.5625,173.1875,49.7093467712402,135.618992805481,4104,929,0,215,37
758,60,9.316,107.342206955775,82.0,61.992,0.039,433.5625,173.1875,49.7093467712402,135.60223865509,4089,924,0,217,37
759,60,9.463,105.674733171299,82.0,61.992,0.039,433.5625,173.1875,49.7093467712402,135.603600502014,4089,924,0,217,37
760,60,10.215,97.8952520802741,82.0,61.992,0.039,433.5625,173.1875,49.7093467712402,135.611546516418,4095,925,0,217,38
761,60,10.128,98.7361769352291,82.0,61.992,0.039,433.5625,173.1875,49.7093467712402,135.612393379211,4093,925,0,216,37
762,60,9.458,105.730598435187,82.0,61.992,0.039,433.5625,173.1875,49.7093467712402,135.595143318176,4081,922,0,214,36
763,60,9.196,108.742931709439,82.0,61.992,0.039,433.5625,173.1875,49.7093467712402,135.586152076721,4070,921,0,213,31
764,60,9.341,107.054919173536,82.0,61.992,0.039,433.5625,173.1875,49.7093467712402,135.590245246887,4067,921,0,215,30
765,61,10.4166666666667,96.0,82.0,61.992,0.039,438.8125,177.9375,49.7097358703613,135.694767951965,4107,927,0,217,38
766,61,10.4166666666667,96.0,82.0,61.992,0.039,438.5625,177.9375,49.7095413208008,135.695771217346,4107,927,0,216,38
767,61,10.4166666666667,96.0,82.0,61.992,0.039,438.5625,177.9375,49.7095413208008,135.695454597473,4104,927,0,216,37
768,61,11.9136666666668,83.9372149632066,82.0,61.992,0.039,438.5625,177.9375,49.7095413208008,135.696816444397,4104,927,0,216,37
769,61,10.4166666666667,96.0,82.0,61.992,0.039,438.5625,177.9375,49.7095413208008,135.696431159973,4103,926,0,216,37
770,61,10.4166666666667,96.0,82.0,61.992,0.039,438.5625,177.9375,49.7095413208008,135.701680183411,4105,927,0,216,37
771,61,10.4166666666667,96.0,82.0,61.992,0.039,438.5625,177.9375,49.7095413208008,135.703618049622,4105,927,0,215,37
772,61,10.4166666666667,96.0,82.0,61.992,0.039,438.8125,177.9375,49.7097358703613,135.723782539368,4108,929,0,216,34
773,61,10.4166666666667,96.0,82.0,61.992,0.039,438.8125,177.9375,49.7097358703613,135.721192359924,4107,928,0,215,34
774,62,10.4166666666667,96.0,82.0,61.992,0.039,439.625,177.9375,49.7103080749512,135.824398994446,4163,939,0,218,41
775,62,10.4166666666667,96.0,82.0,61.992,0.039,439.625,177.9375,49.7103080749512,135.830388069153,4167,940,0,218,40
776,62,10.4166666666667,96.0,82.0,61.992,0.039,439.625,177.9375,49.7103080749512,135.828022956848,4166,940,0,219,38
777,62,10.3136666666665,96.9587279014911,82.0,61.992,0.039,439.625,177.9375,49.7103080749512,135.829384803772,4166,940,0,219,38
778,62,10.0,100.0,82.0,61.992,0.039,439.625,177.9375,49.7103080749512,135.830746650696,4166,940,0,219,38
779,62,10.0,100.0,82.0,61.992,0.039,439.625,177.9375,49.7103080749512,135.828156471252,4165,939,0,218,38
780,62,10.0,100.0,82.0,61.992,0.039,439.875,177.9375,49.7105026245117,135.848004341125,4177,941,0,222,41
781,62,10.0,100.0,82.0,61.992,0.039,439.875,177.9375,49.7105026245117,135.845936775208,4170,941,0,224,37
782,62,10.0,100.0,82.0,61.992,0.039,440.125,177.9375,49.7106971740723,135.86949634552,4178,943,0,225,38
783,62,10.0,100.0,82.0,61.992,0.039,440.125,177.9375,49.7106971740723,135.89028263092,4197,946,0,225,41
784,63,10.4166666666667,96.0,82.0,61.992,0.039,440.5625,177.9375,49.7178268432617,135.841794013977,4190,929,0,219,44
785,63,10.4166666666667,96.0,82.0,61.992,0.039,439.875,177.9375,49.7130317687988,135.847741127014,4203,929,0,223,47
786,63,10.4166666666667,96.0,82.0,61.992,0.039,439.875,177.9375,49.7130317687988,135.851986885071,4208,929,0,221,49
787,63,10.4166666666667,96.0,82.0,61.992,0.039,439.875,177.9375,49.7130317687988,135.845265388489,4211,929,0,225,50
788,63,10.4166666666667,96.0,94.0,34.221,0.034,439.875,177.9375,49.7130317687988,135.843544960022,4214,929,0,227,51
789,63,10.3576666666667,96.5468413091752,94.0,34.221,0.034,439.875,177.9375,49.7130317687988,135.840508460999,4213,928,0,226,51
790,63,10.0,100.0,94.0,34.221,0.034,439.875,177.9375,49.7130317687988,135.835591316223,4202,928,0,226,46
791,63,10.065,99.3541977148534,94.0,34.221,0.034,439.875,177.9375,49.7130317687988,135.839341163635,4221,925,0,224,54
792,63,10.27,97.3709834469328,94.0,34.221,0.034,439.875,177.9375,49.7130317687988,135.832669258118,4207,925,0,222,50
793,63,10.011,99.8901208670462,94.0,34.221,0.034,439.875,177.9375,49.7130317687988,135.83340549469,4208,925,0,222,50
794,64,10.4166666666667,96.0,94.0,34.221,0.034,440.375,177.9375,49.7199554443359,135.862164497375,4225,916,0,224,58
795,64,10.4166666666667,96.0,94.0,34.221,0.034,440.25,177.9375,49.7165908813477,135.8621301651,4227,916,0,224,58
796,64,10.4166666666667,96.0,94.0,34.221,0.034,440.25,177.9375,49.7165908813477,135.863492012024,4227,916,0,224,58
797,64,10.4166666666667,96.0,94.0,34.221,0.034,440.25,177.9375,49.7165908813477,135.851738929749,4211,915,0,224,58
798,64,10.4166666666667,96.0,94.0,34.221,0.034,440.25,177.9375,49.7165908813477,135.849884986877,4214,915,0,226,59
799,64,10.4166666666667,96.0,94.0,34.221,0.034,440.25,177.9375,49.7165908813477,135.840703010559,4214,915,0,226,59
800,64,34.5676666666667,28.9287677309239,94.0,34.221,0.034,440.25,177.9375,49.7165908813477,135.848450660706,4207,915,0,226,55
801,65,16.6666666666667,60.0,94.0,34.221,0.034,440.75,177.9375,49.723575592041,135.836258888245,4205,912,0,227,59
802,65,16.6666666666667,60.0,94.0,34.221,0.034,440.75,177.9375,49.7211227416992,135.659738540649,4208,893,0,233,62
803,65,16.6666666666667,60.0,94.0,34.221,0.034,436.6875,177.9375,46.4924507141113,135.627973556519,4191,891,0,232,60
804,65,11.6206666666667,86.053582697493,94.0,34.221,0.034,436.4375,177.9375,46.4922561645508,135.626188278198,4195,891,0,234,61
805,65,10.648,93.9143501126972,94.0,34.221,0.034,436.4375,177.9375,46.4922561645508,135.632158279419,4198,892,0,234,60
806,65,10.866,92.0301859009755,94.0,34.221,0.034,436.4375,177.9375,46.4922561645508,135.609323501587,4183,890,0,234,57
807,65,10.182,98.2125319190729,94.0,34.221,0.034,436.1875,177.9375,46.4920616149902,135.617521286011,4189,889,0,232,58
808,65,10.338,96.7305088024763,94.0,34.221,0.034,436.4375,177.9375,46.4923324584961,135.61602973938,4182,888,0,230,56
809,66,12.5,80.0,94.0,34.221,0.034,436.9375,177.9375,46.494743347168,134.255749702454,4150,862,0,228,58
810,66,10.928,91.5080527086384,94.0,34.221,0.034,432.625,177.5625,45.1554679870605,134.235321998596,4144,862,0,228,56
811,66,23.4023333333333,42.7307818308716,94.0,34.221,0.034,432.625,177.5625,45.1554679870605,134.220128059387,4127,862,0,233,46
812,66,16.6666666666667,60.0,94.0,34.221,0.034,433.125,177.5625,45.1578788757324,134.15242099762,4094,855,0,230,46
813,66,16.6666666666667,60.0,94.0,34.221,0.034,431.875,177.5625,45.1569061279297,134.158059120178,4113,856,0,233,50
814,66,16.1203333333333,62.0334567109861,94.0,34.221,0.034,432.375,177.5625,45.1573257446289,134.176175117493,4118,859,0,238,50
815,67,10.197,98.0680592331078,94.0,34.221,0.034,432.125,177.5625,45.1571311950684,134.150517463684,4099,858,0,239,44
816,67,9.964,100.361300682457,94.0,34.221,0.034,431.875,177.5625,45.1568603515625,134.141308784485,4091,857,0,237,43
817,67,10.715,93.3271115258983,94.0,34.221,0.034,432.125,177.5625,45.1569404602051,134.192399024963,4115,867,0,244,45
818,67,10.071,99.2950054612253,94.0,34.221,0.034,432.0,177.5625,45.1535758972168,134.191918373108,4111,867,0,245,44
819,67,10.223,97.8186442335909,94.0,34.221,0.034,432.0,177.5625,45.1535758972168,134.184994697571,4096,867,0,245,39
820,67,9.954,100.462125778581,94.0,34.221,0.034,432.0,177.5625,45.1535758972168,134.194966316223,4102,866,0,241,40
821,67,10.458,95.6205775482884,94.0,34.221,0.034,432.25,177.5625,45.1538467407227,134.197583198547,4096,866,0,241,37
822,67,10.134,98.6777185711466,94.0,34.221,0.034,432.25,177.5625,45.1538467407227,134.197800636292,4094,866,0,241,35
823,67,10.099,99.0197049212793,94.0,34.221,0.034,432.25,177.5625,45.1538467407227,134.180748939514,4087,865,0,240,34
824,67,9.886,101.153145862836,94.0,34.221,0.034,432.0,177.5625,45.1535758972168,134.204407691956,4100,868,0,238,35
825,68,10.0,100.0,94.0,34.221,0.034,432.25,177.5625,45.1537704467773,134.154599189758,4082,860,0,235,33
826,68,10.0,100.0,94.0,34.221,0.034,431.625,177.5625,45.1524696350098,134.154133796692,4084,860,0,234,33
827,68,10.0,100.0,94.0,34.221,0.034,431.625,177.5625,45.1524696350098,134.122372627258,4073,857,0,229,32
828,68,10.0,100.0,94.0,34.221,0.034,433.25,177.5625,45.150390625,134.250771522522,4146,866,0,226,44
829,68,10.0,100.0,94.0,34.221,0.034,433.25,177.5625,45.150390625,134.248002052307,4140,866,0,224,42
830,68,10.0,100.0,94.0,34.221,0.034,433.25,177.5625,45.150390625,134.243611335754,4130,866,0,224,40
831,68,10.0,100.0,94.0,34.221,0.034,433.25,177.5625,45.150390625,134.227314949036,4135,865,0,224,42
832,68,10.0,100.0,94.0,34.221,0.034,433.0,177.5625,45.1501197814941,134.217267036438,4130,864,0,226,41
833,68,10.0,100.0,94.0,34.221,0.034,433.0,177.5625,45.1501197814941,134.208565711975,4123,861,0,225,40
834,68,10.0,100.0,94.0,34.221,0.034,433.0,177.5625,45.1501197814941,134.202374458313,4110,861,0,225,36
835,69,10.0,100.0,94.0,34.221,0.034,433.5,177.5625,45.1570434570313,134.220753669739,4122,854,0,221,39
836,69,10.0,100.0,94.0,34.221,0.034,433.375,177.5625,45.153678894043,134.22761631012,4128,855,0,221,40
837,69,10.0,100.0,94.0,34.221,0.034,433.375,177.5625,45.153678894043,134.226185798645,4127,854,0,221,40
838,69,10.0,100.0,94.0,34.221,0.034,433.375,177.5625,45.153678894043,134.225274085999,4123,854,0,221,39
839,69,10.0,100.0,94.0,34.221,0.034,433.375,177.5625,45.153678894043,134.225232124329,4118,854,0,219,38
840,69,10.0,100.0,94.0,34.221,0.034,433.375,177.5625,45.153678894043,134.224640846252,4115,854,0,219,37
841,69,10.0,100.0,94.0,34.221,0.034,433.375,177.5625,45.153678894043,134.155686378479,4081,848,0,216,38
842,69,17.3473333333333,57.6457476653472,94.0,34.221,0.034,432.625,177.5625,45.1510734558105,134.152779579163,4083,847,0,216,39
843,69,11.1111111111111,90.0,94.0,34.221,0.034,432.75,177.5625,45.1479034423828,134.178906440735,4088,849,0,219,40
844,70,11.2308888888889,89.0401472130434,94.0,34.221,0.034,433.0,177.5625,45.1480979919434,134.251481056213,4126,855,0,218,46
845,70,11.1111111111111,90.0,94.0,34.221,0.034,433.0,177.5625,45.1480979919434,134.174599647522,4097,845,0,214,43
846,70,11.1111111111111,90.0,94.0,34.221,0.034,432.25,177.5625,45.1456069946289,134.169140815735,4097,844,0,213,43
847,70,11.1111111111111,90.0,94.0,34.221,0.034,432.25,177.5625,45.1456069946289,134.168229103088,4093,844,0,213,42
848,70,11.1111111111111,90.0,94.0,34.221,0.034,432.25,177.5625,45.1456069946289,134.171795845032,4093,844,0,214,42
849,70,11.1111111111111,90.0,94.0,34.221,0.034,432.25,177.5625,45.1456069946289,134.173157691956,4093,844,0,214,42
850,70,11.1111111111111,90.0,94.0,34.221,0.034,432.25,177.5625,45.1456069946289,134.169030189514,4090,843,0,213,41
851,70,11.1111111111111,90.0,94.0,34.221,0.034,432.5,177.5625,45.1458015441895,134.189583778381,4093,845,0,214,40
852,70,11.6666666666667,85.7142857142857,94.0,34.221,0.034,432.5,177.5625,45.1458015441895,134.183522224426,4085,845,0,212,38
853,71,19.4415555555556,51.4362133802736,94.0,34.221,0.034,437.4375,181.75,45.1465072631836,133.024852752686,4042,816,0,210,40
854,71,58.5753333333333,17.0720325962009,94.0,34.221,0.034,433.5,181.375,43.7244911193848,133.067943572998,4067,827,0,218,42
855,71,17.7080000000001,56.4716512310817,94.0,34.221,0.034,433.5,181.375,43.7244911193848,133.039920806885,4042,823,0,210,40
856,71,3.73699999999989,267.594327000275,94.0,34.221,0.034,433.5,181.375,43.7244911193848,132.903968811035,3971,814,0,202,31
857,72,12.009,83.2708801732034,94.0,34.221,0.034,432.0,181.375,43.7235069274902,132.973064422607,3999,818,0,203,37
858,72,10.586,94.4643869261289,94.0,34.221,0.034,432.0,181.375,43.7235069274902,132.969264984131,4007,817,0,204,40
859,72,7.00133333333344,142.829937154826,94.0,34.221,0.034,432.0,181.375,43.7235069274902,132.974891662598,4009,818,0,204,40
860,72,8.33333333333333,120.0,94.0,34.221,0.034,432.0,181.375,43.7235069274902,132.976829528809,4009,818,0,205,40
861,72,8.33333333333333,120.0,94.0,34.221,0.034,432.0,181.375,43.7235069274902,132.978191375732,4009,818,0,205,40
862,72,8.33333333333333,120.0,94.0,34.221,0.034,432.0,181.375,43.7235069274902,132.977333068848,4007,818,0,205,40
863,72,9.73133333333323,102.760841268755,94.0,34.221,0.034,432.0,181.375,43.7235069274902,132.978694915771,4007,818,0,203,40
864,72,10.544,94.8406676783005,94.0,34.221,0.034,432.0,181.375,43.7235069274902,132.977771759033,4007,819,0,205,38
865,72,10.701,93.4492103541725,94.0,34.221,0.034,432.25,181.375,43.7237014770508,133.000423431396,4019,820,0,207,42
866,72,10.181,98.2221785679206,94.0,34.221,0.034,432.5,181.375,43.7238960266113,133.025196075439,4029,822,0,208,44
867,72,10.41,96.0614793467819,94.0,34.221,0.034,432.5,181.375,43.7238960266113,133.003700256348,4020,820,0,207,43
868,73,11.855,84.3525938422607,94.0,34.221,0.034,432.5,181.375,43.7304306030273,133.001243591309,4020,810,0,206,45
869,73,10.918,91.5918666422422,94.0,34.221,0.034,432.375,181.375,43.7270660400391,133.000621795654,4038,810,0,207,48
870,73,10.112,98.8924050632911,94.0,34.221,0.034,432.25,181.375,43.7237014770508,132.995891571045,4027,810,0,208,44
871,73,10.64,93.984962406015,83.0,50.158,0.056,432.25,181.375,43.7237014770508,132.997253417969,4027,810,0,208,44
872,73,10.632,94.0556809631302,83.0,50.158,0.056,432.25,181.375,43.7237014770508,132.970142364502,4020,807,0,206,45
873,73,10.4166666666667,96.0,83.0,50.158,0.056,432.0,181.375,43.7235069274902,132.968296051025,4016,807,0,206,44
874,73,10.6060606060606,94.2857142857143,83.0,50.158,0.056,432.0,181.375,43.7235069274902,132.968822479248,4010,808,0,206,39
875,73,10.6060606060606,94.2857142857143,83.0,50.158,0.056,432.0,181.375,43.7235069274902,132.945339202881,3995,806,0,206,35
876,73,10.6060606060606,94.2857142857143,83.0,50.158,0.056,431.75,181.375,43.7233123779297,132.9450340271,3994,806,0,206,34
877,74,10.3741515151516,96.3934253841853,83.0,50.158,0.056,431.75,181.375,43.7233123779297,132.941047668457,3991,805,0,201,33
878,74,10.6060606060606,94.2857142857143,83.0,50.158,0.056,431.75,181.375,43.7233123779297,132.885189056396,3972,795,0,202,33
879,74,13.7029393939393,72.9770431913529,83.0,50.158,0.056,432.1875,182.375,43.7230110168457,132.911327362061,3985,798,0,203,34
880,74,11.1111111111111,90.0,83.0,50.158,0.056,432.4375,182.375,43.7232055664063,132.904178619385,3979,797,0,202,35
881,74,11.1111111111111,90.0,83.0,50.158,0.056,432.1875,182.375,43.7230110168457,132.904331207275,3979,797,0,202,35
882,74,11.1111111111111,90.0,83.0,50.158,0.056,432.1875,182.375,43.7230110168457,132.901741027832,3978,796,0,201,35
883,74,11.1111111111111,90.0,83.0,50.158,0.056,432.1875,182.375,43.7230110168457,132.89864730835,3970,796,0,201,32
884,74,25.0735555555556,39.88265636217,83.0,50.158,0.056,432.1875,182.375,43.7230110168457,132.946975708008,4009,801,0,201,39
885,75,16.328,61.2444879960804,83.0,50.158,0.056,433.9375,183.375,43.7256927490234,132.990859985352,4030,799,0,203,45
886,75,13.3333333333333,75.0,83.0,50.158,0.056,434.0625,183.375,43.7270736694336,131.712286949158,3995,769,0,202,50
887,75,14.2857142857143,70.0,83.0,50.158,0.056,429.5,183.0,42.1189842224121,131.687014579773,3974,769,0,202,44
888,75,12.2259523809525,81.7932189526566,83.0,50.158,0.056,429.75,183.0,42.1191329956055,131.723948478699,3996,774,0,206,47
889,75,14.2857142857143,70.0,83.0,50.158,0.056,429.75,183.0,42.1191329956055,131.711897850037,3991,771,0,203,46
890,75,13.8888888888889,72.0,83.0,50.158,0.056,429.75,183.0,42.1191329956055,131.712485313416,3986,771,0,204,43
891,75,13.8888888888889,72.0,83.0,50.158,0.056,430.0,183.0,42.1194038391113,131.688189506531,3961,769,0,202,38
892,76,13.8888888888889,72.0,83.0,50.158,0.056,433.1875,183.0,42.1256675720215,131.931319236755,4122,794,0,209,63
893,76,13.8888888888889,72.0,83.0,50.158,0.056,433.1875,183.0,42.1256675720215,131.924143791199,4110,793,0,209,59
894,76,13.3633968253967,74.8312732956887,83.0,50.158,0.056,434.1875,183.0,42.1304893493652,131.966963768005,4103,796,0,213,59
895,76,10.465,95.5566172957477,83.0,50.158,0.056,433.9375,183.0,42.1302947998047,131.959662437439,4094,796,0,216,56
896,76,10.123,98.7849451743554,83.0,50.158,0.056,433.9375,183.0,42.1302947998047,131.963995933533,4098,797,0,216,55
897,76,10.955,91.2825193975354,83.0,50.158,0.056,434.1875,183.0,42.1305656433105,131.978350639343,4094,797,0,219,53
898,76,10.408,96.0799385088393,83.0,50.158,0.056,434.4375,183.0,42.1307144165039,131.998503684998,4107,800,0,222,55
899,76,10.127,98.7459267305224,83.0,50.158,0.056,434.1875,183.0,42.1305656433105,131.997492790222,4099,800,0,224,51
900,77,10.943,91.3826190258613,83.0,50.158,0.056,434.1875,183.0,42.1305656433105,131.981917381287,4096,799,0,219,51
901,77,10.542,94.8586605957124,83.0,50.158,0.056,433.9375,183.0,42.1302947998047,131.957388877869,4086,797,0,221,51
902,77,10.288,97.2006220839813,83.0,50.158,0.056,433.6875,183.0,42.1301002502441,131.954504966736,4083,796,0,225,50
903,77,10.397,96.1815908435126,83.0,50.158,0.056,433.5625,183.0,42.1267356872559,131.955721855164,4083,796,0,225,50
904,77,10.372,96.4134207481682,83.0,50.158,0.056,433.5625,183.0,42.1267356872559,131.97181224823,4089,797,0,225,50
905,77,10.289,97.1911750413063,83.0,50.158,0.056,433.8125,183.0,42.1270065307617,131.965231895447,4082,795,0,224,49
906,77,9.82,101.83299389002,83.0,50.158,0.056,433.8125,183.0,42.1270065307617,131.959734916687,4073,794,0,222,46
907,77,10.041,99.5916741360422,83.0,50.158,0.056,433.8125,183.0,42.1270065307617,131.95548915863,4059,794,0,223,40
908,77,10.433,95.8497076583917,83.0,50.158,0.056,433.8125,183.0,42.1270065307617,131.954874992371,4056,794,0,223,38
909,77,9.985,100.150225338007,83.0,50.158,0.056,433.8125,183.0,42.1270065307617,131.939421653748,4053,793,0,222,38
910,78,10.0,100.0,83.0,50.158,0.056,433.5625,183.0,42.1267356872559,131.911864280701,4041,790,0,221,37
911,78,10.0,100.0,83.0,50.158,0.056,433.0625,183.0,42.124324798584,131.887595176697,4040,788,0,222,39
912,78,10.0,100.0,83.0,50.158,0.056,432.8125,183.0,42.1241760253906,131.858923912048,4031,785,0,220,39
913,78,10.0,100.0,83.0,50.158,0.056,432.5625,183.0,42.1220359802246,131.840716362,4021,783,0,218,38
914,78,10.0,100.0,83.0,50.158,0.056,432.3125,183.0,42.1218414306641,131.828940391541,4005,783,0,214,35
915,78,10.0,100.0,83.0,50.158,0.056,432.3125,183.0,42.1218414306641,131.827902793884,4002,783,0,213,34
916,78,10.0,100.0,83.0,50.158,0.056,432.3125,183.0,42.1218414306641,131.824946403503,4003,783,0,214,34
917,78,10.0,100.0,83.0,50.158,0.056,432.3125,183.0,42.1218414306641,131.801218986511,3994,782,0,215,33
918,78,10.0,100.0,83.0,50.158,0.056,432.0625,183.0,42.1215705871582,131.797396659851,3986,782,0,215,30
919,78,10.0,100.0,83.0,50.158,0.056,432.0625,183.0,42.1215705871582,131.798758506775,3986,782,0,215,30
920,79,10.0,100.0,83.0,50.158,0.056,432.0625,183.0,42.1215705871582,131.818614006042,3990,782,0,213,32
921,79,10.0,100.0,83.0,50.158,0.056,432.3125,183.0,42.1218414306641,131.824851036072,3990,782,0,212,32
922,79,10.0,100.0,83.0,50.158,0.056,432.3125,183.0,42.1218414306641,131.818156242371,3978,782,0,211,29
923,79,10.0,100.0,83.0,50.158,0.056,432.3125,183.0,42.1218414306641,131.816641807556,3973,782,0,208,28
924,79,10.0,100.0,83.0,50.158,0.056,432.3125,183.0,42.1218414306641,131.747874259949,3948,776,0,203,27
925,79,10.0,100.0,83.0,50.158,0.056,431.3125,183.0,42.1170196533203,131.734801292419,3929,776,0,203,22
926,79,10.0,100.0,83.0,50.158,0.056,431.3125,183.0,42.1170196533203,131.719347953796,3926,775,0,202,22
927,79,10.0,100.0,83.0,50.158,0.056,431.0625,183.0,42.1167488098145,131.624144554138,3890,767,0,198,20
928,79,10.0,100.0,83.0,50.158,0.056,430.0625,183.0,42.1119270324707,131.637267112732,3898,768,0,197,21
929,79,13.3353333333333,74.9887516872469,83.0,50.158,0.056,430.3125,183.0,42.1121978759766,131.639353752136,3891,768,0,197,20
930,80,10.4166666666667,96.0,83.0,50.158,0.056,430.3125,183.0,42.1121978759766,131.637900352478,3886,768,0,195,19
931,80,10.6223333333333,94.1412746728591,83.0,50.158,0.056,430.5625,183.0,42.1122779846191,131.692553520203,3917,778,0,203,23
932,80,10.4166666666667,96.0,83.0,50.158,0.056,430.5625,183.0,42.1122779846191,131.674620628357,3902,778,0,201,19
933,80,10.1496666666668,98.5254031331069,83.0,50.158,0.056,430.5625,183.0,42.1122779846191,131.659167289734,3899,777,0,200,19
934,80,10.4166666666667,96.0,83.0,50.158,0.056,430.3125,183.0,42.1120071411133,131.654994010925,3891,777,0,200,17
935,80,10.4166666666667,96.0,83.0,50.158,0.056,430.3125,183.0,42.1120071411133,131.678584098816,3905,779,0,199,19
936,80,10.4166666666667,96.0,83.0,50.158,0.056,430.5625,183.0,42.1122779846191,131.684306144714,3903,779,0,199,18
937,80,10.4166666666667,96.0,83.0,50.158,0.056,430.5625,183.0,42.1122779846191,131.697268486023,3905,780,0,199,19
938,80,10.5379999999999,94.8946669197199,83.0,50.158,0.056,431.8125,184.0,42.1124725341797,131.675364494324,3898,776,0,195,19
939,81,12.822,77.9909530494463,83.0,50.158,0.056,431.6875,183.375,42.1148071289063,131.64392375946,3881,774,0,189,22
940,81,10.4166666666667,96.0,83.0,50.158,0.056,429.6875,183.375,42.1133728027344,131.641955375671,3884,775,0,189,22
941,81,10.6060606060606,94.2857142857143,83.0,50.158,0.056,429.6875,183.375,42.1133728027344,131.627078056335,3881,774,0,189,22
942,81,10.6060606060606,94.2857142857143,83.0,50.158,0.056,429.9375,183.375,42.1155128479004,131.665537834167,3892,777,0,189,23
943,81,10.6060606060606,94.2857142857143,83.0,50.158,0.056,429.9375,183.375,42.1155128479004,131.666899681091,3892,777,0,189,23
944,81,9.40515151515161,106.324709218029,83.0,50.158,0.056,429.9375,183.375,42.1155128479004,131.66436290741,3887,777,0,189,22
945,81,10.6060606060606,94.2857142857143,83.0,50.158,0.056,429.9375,183.375,42.1155128479004,131.663676261902,3893,777,0,190,23
946,81,10.6060606060606,94.2857142857143,83.0,50.158,0.056,430.1875,183.375,42.1156616210938,131.701640129089,3913,782,0,195,26
947,81,10.6060606060606,94.2857142857143,83.0,50.158,0.056,430.1875,183.375,42.1156616210938,131.701788902283,3911,782,0,195,25
948,81,10.6060606060606,94.2857142857143,83.0,50.158,0.056,430.1875,183.375,42.1156616210938,131.684390068054,3905,781,0,194,23
949,82,10.6060606060606,94.2857142857143,83.0,50.158,0.056,430.4375,183.375,42.115779876709,131.763369560242,3935,787,0,194,28
950,82,10.6060606060606,94.2857142857143,83.0,50.158,0.056,430.4375,183.375,42.115779876709,131.763941764832,3939,787,0,193,28
951,82,10.6060606060606,94.2857142857143,83.0,50.158,0.056,430.4375,183.375,42.115779876709,131.763606071472,3935,787,0,194,27
952,82,10.6060606060606,94.2857142857143,83.0,50.158,0.056,430.4375,183.375,42.115779876709,131.764967918396,3935,787,0,194,27
953,82,10.6060606060606,94.2857142857143,83.0,50.158,0.056,430.4375,183.375,42.115779876709,131.758479118347,3933,785,0,192,27
954,82,10.6060606060606,94.2857142857143,83.0,50.158,0.056,430.4375,183.375,42.115779876709,131.750868797302,3924,784,0,191,24
955,82,10.6060606060606,94.2857142857143,83.0,50.158,0.056,430.4375,183.375,42.115779876709,131.731295585632,3918,783,0,189,22
956,82,10.6060606060606,94.2857142857143,83.0,50.158,0.056,429.6875,182.375,42.1158981323242,131.776972770691,3935,787,0,192,26
957,82,10.4166666666667,96.0,83.0,50.158,0.056,429.6875,182.375,42.1158981323242,131.797862052917,3954,790,0,190,29
958,83,10.4166666666667,96.0,83.0,50.158,0.056,429.6875,182.375,42.1158981323242,131.781397819519,3955,784,0,184,32
959,83,10.4166666666667,96.0,83.0,50.158,0.056,429.4375,182.375,42.1158180236816,131.757597923279,3944,782,0,185,29
960,83,10.4166666666667,96.0,83.0,50.158,0.056,429.1875,182.375,42.1156692504883,131.74614238739,3933,781,0,184,24
961,83,10.4166666666667,96.0,83.0,50.158,0.056,429.1875,182.375,42.1156692504883,131.745230674744,3929,781,0,184,23
962,83,10.4166666666667,96.0,91.0,26.897,0.037,429.1875,182.375,42.1156692504883,131.665720939636,3909,763,0,184,23
963,83,10.2272727272727,97.7777777777777,91.0,26.897,0.037,426.75,182.375,42.1140327453613,131.664256095886,3909,763,0,182,23
964,83,10.4166666666667,96.0,91.0,26.897,0.037,426.75,182.375,42.1140327453613,131.660834312439,3909,763,0,184,23
965,83,10.4166666666667,96.0,91.0,26.897,0.037,426.75,182.375,42.1140327453613,131.65415096283,3902,762,0,183,19
966,83,10.4166666666667,96.0,91.0,26.897,0.037,426.75,182.375,42.1140327453613,131.6068983078,3872,756,0,179,16
967,83,10.4166666666667,96.0,91.0,26.897,0.037,426.5,182.375,42.1138381958008,131.596682548523,3853,756,0,179,10
968,84,10.4166666666667,96.0,91.0,26.897,0.037,426.5,182.375,42.1138381958008,131.607649803162,3856,756,0,179,11
969,84,10.4166666666667,96.0,91.0,26.897,0.037,426.5,182.375,42.1138381958008,131.608244895935,3873,756,0,183,17
970,84,10.4166666666667,96.0,91.0,26.897,0.037,426.5,182.375,42.1138381958008,131.609606742859,3873,756,0,183,17
971,84,10.4166666666667,96.0,91.0,26.897,0.037,426.5,182.375,42.1138381958008,131.610968589783,3873,756,0,183,17
972,84,10.4166666666667,96.0,91.0,26.897,0.037,426.5,182.375,42.1138381958008,131.578715324402,3863,753,0,181,17
973,84,10.4166666666667,96.0,91.0,26.897,0.037,426.0,182.375,42.1114273071289,131.578261375427,3863,753,0,181,17
974,84,10.4166666666667,96.0,91.0,26.897,0.037,426.0,182.375,42.1114273071289,131.564455986023,3843,752,0,181,15
975,84,9.70633333333325,103.025515986127,91.0,26.897,0.037,426.0,182.375,42.1114273071289,131.570948600769,3852,752,0,181,19
976,84,9.464,105.663567202029,91.0,26.897,0.037,426.0,182.375,42.1114273071289,131.527670860291,3838,748,0,179,19
977,84,10.6060606060606,94.2857142857143,91.0,26.897,0.037,425.5,182.375,42.109016418457,131.527079582214,3838,748,0,179,19
978,85,10.6060606060606,94.2857142857143,91.0,26.897,0.037,425.5,182.375,42.109016418457,131.546950340271,3843,748,0,179,21
979,85,11.7008787878789,85.4636662876907,91.0,26.897,0.037,425.5,182.375,42.109016418457,131.546008110046,3841,748,0,179,20
980,85,10.6060606060606,94.2857142857143,91.0,26.897,0.037,425.5,182.375,42.109016418457,131.550253868103,3846,748,0,179,22
981,85,10.6060606060606,94.2857142857143,91.0,26.897,0.037,425.5,182.375,42.109016418457,131.551615715027,3846,748,0,179,22
982,85,10.6060606060606,94.2857142857143,91.0,26.897,0.037,425.5,182.375,42.109016418457,131.552977561951,3846,748,0,179,22
983,85,10.6060606060606,94.2857142857143,91.0,26.897,0.037,425.5,182.375,42.109016418457,131.554339408875,3846,748,0,179,22
984,85,10.4166666666667,96.0,91.0,26.897,0.037,425.5,182.375,42.109016418457,131.550658226013,3838,748,0,179,17
985,85,10.4166666666667,96.0,91.0,26.897,0.037,425.5,182.375,42.109016418457,131.508997917175,3820,744,0,175,17
986,85,10.4166666666667,96.0,91.0,26.897,0.037,425.0,182.375,42.1086273193359,131.49720287323,3809,743,0,175,16
987,86,10.4166666666667,96.0,91.0,26.897,0.037,425.0,182.375,42.1086273193359,131.521414756775,3815,743,0,174,18
988,86,10.4166666666667,96.0,91.0,26.897,0.037,425.0,182.375,42.1086273193359,131.515997886658,3812,743,0,176,15
989,86,10.4166666666667,96.0,91.0,26.897,0.037,426.25,183.375,42.1088981628418,131.545859336853,3822,746,0,177,15
990,86,10.4166666666667,96.0,91.0,26.897,0.037,428.5,183.375,42.1105270385742,131.666518211365,3901,752,0,177,33
991,86,10.4166666666667,96.0,91.0,26.897,0.037,428.0,183.375,42.1101379394531,131.663989067078,3898,752,0,177,32
992,86,10.4166666666667,96.0,91.0,26.897,0.037,428.0,183.375,42.1101379394531,131.665350914001,3898,752,0,175,32
993,86,10.4166666666667,96.0,91.0,26.897,0.037,428.0,183.375,42.1101379394531,131.665034294128,3895,752,0,175,31
994,86,10.4166666666667,96.0,91.0,26.897,0.037,428.0,183.375,42.1101379394531,131.665305137634,3893,752,0,175,30
995,86,10.4166666666667,96.0,91.0,26.897,0.037,428.0,183.375,42.1101379394531,131.671076774597,3893,752,0,177,30
996,87,10.4166666666667,96.0,91.0,26.897,0.037,429.0,183.375,42.1149597167969,131.816531181335,3952,763,0,182,37
997,87,10.4627575757575,95.5770974104407,91.0,26.897,0.037,430.25,184.375,42.1152305603027,131.808024406433,3945,761,0,183,37
998,87,10.6060606060606,94.2857142857143,91.0,26.897,0.037,431.0,184.375,42.1172904968262,131.935145378113,4006,782,0,199,43
999,87,10.6060606060606,94.2857142857143,91.0,26.897,0.037,432.0,184.375,42.1221122741699,132.017226219177,4036,788,0,203,47
1000,87,10.6060606060606,94.2857142857143,91.0,26.897,0.037,432.0,184.375,42.1221122741699,132.018492698669,4033,787,0,205,47
1001,87,10.6060606060606,94.2857142857143,91.0,26.897,0.037,432.0,184.375,42.1221122741699,132.019854545593,4033,787,0,205,47
1002,87,10.6060606060606,94.2857142857143,91.0,26.897,0.037,432.25,184.375,42.1222610473633,132.068472862244,4065,794,0,209,51
1003,87,10.6060606060606,94.2857142857143,91.0,26.897,0.037,432.5,184.375,42.1224098205566,132.101061820984,4086,799,0,217,53
1004,87,10.6060606060606,94.2857142857143,91.0,26.897,0.037,432.5,184.375,42.1224098205566,132.10991191864,4090,798,0,215,53
1005,87,10.6060606060606,94.2857142857143,91.0,26.897,0.037,432.75,184.375,42.1226806640625,132.106116294861,4080,795,0,215,50
1006,88,10.6060606060606,94.2857142857143,91.0,26.897,0.037,432.75,184.375,42.1226806640625,132.128123283386,4078,794,0,212,49
1007,88,10.6060606060606,94.2857142857143,91.0,26.897,0.037,432.75,184.375,42.1226806640625,132.13706111908,4086,796,0,212,49
1008,88,10.6060606060606,94.2857142857143,91.0,26.897,0.037,432.75,184.375,42.1226806640625,132.131724357605,4084,794,0,212,49
1009,88,10.6060606060606,94.2857142857143,91.0,26.897,0.037,432.75,184.375,42.1226806640625,132.123381614685,4074,793,0,211,45
1010,88,10.6060606060606,94.2857142857143,91.0,26.897,0.037,432.75,184.375,42.1226806640625,132.105479240417,4071,790,0,213,44
1011,88,10.6060606060606,94.2857142857143,91.0,26.897,0.037,432.75,184.375,42.1226806640625,132.094382286072,4056,789,0,210,39
1012,88,10.6060606060606,94.2857142857143,91.0,26.897,0.037,432.75,184.375,42.1226806640625,132.097517967224,4071,791,0,213,40
1013,88,10.6060606060606,94.2857142857143,91.0,26.897,0.037,433.0,184.375,42.1229515075684,132.091387748718,4057,789,0,215,39
1014,88,10.6060606060606,94.2857142857143,91.0,26.897,0.037,432.75,184.375,42.1227569580078,132.072264671326,4047,787,0,214,37
1015,89,10.6060606060606,94.2857142857143,91.0,26.897,0.037,432.5,184.375,42.1226081848145,132.06479549408,4042,784,0,212,37
1016,89,10.6060606060606,94.2857142857143,91.0,26.897,0.037,432.25,184.375,42.1224594116211,132.046450614929,4035,783,0,207,36
1017,89,10.6060606060606,94.2857142857143,91.0,26.897,0.037,432.0,184.375,42.1221885681152,132.048098564148,4038,784,0,206,35
1018,89,10.6060606060606,94.2857142857143,91.0,26.897,0.037,432.0,184.375,42.1221885681152,132.048338890076,4034,784,0,208,34
1019,89,10.6060606060606,94.2857142857143,91.0,26.897,0.037,432.0,184.375,42.1221885681152,132.027606010437,4024,782,0,207,34
1020,89,10.6060606060606,94.2857142857143,91.0,26.897,0.037,431.75,184.375,42.1219940185547,132.038809776306,4029,782,0,206,34
1021,89,10.6060606060606,94.2857142857143,91.0,26.897,0.037,432.0,184.375,42.1222648620605,132.042773246765,4025,782,0,207,33
1022,89,10.6060606060606,94.2857142857143,91.0,26.897,0.037,432.25,184.375,42.122444152832,132.069766044617,4040,785,0,207,34
1023,89,10.6060606060606,94.2857142857143,91.0,26.897,0.037,432.25,184.375,42.122444152832,132.069045066834,4034,785,0,209,32
1024,89,10.6060606060606,94.2857142857143,91.0,26.897,0.037,432.25,184.375,42.122444152832,132.093356132507,4069,790,0,208,38
1025,90,37.8290303030303,26.4347246543059,91.0,26.897,0.037,432.0,184.375,42.1221733093262,132.032092094421,4055,775,0,199,41
1026,90,16.6666666666667,60.0,91.0,26.897,0.037,431.0,184.375,42.1179733276367,131.94637966156,4038,767,0,201,44
1027,90,16.6666666666667,60.0,91.0,26.897,0.037,430.25,184.375,42.1133308410645,131.957549095154,4040,768,0,201,43
1028,90,15.0733333333333,66.3423264042459,91.0,26.897,0.037,430.25,184.375,42.1133308410645,131.892703056335,4021,760,0,197,43
1029,90,9.858,101.440454453236,91.0,26.897,0.037,429.75,184.375,42.1109199523926,131.853365898132,3998,756,0,193,39
1030,91,10.367,96.4599209028649,91.0,26.897,0.037,429.5,184.375,42.1106491088867,131.856524467468,3985,756,0,193,36
1031,91,9.616,103.993344425957,91.0,26.897,0.037,429.5,184.375,42.1106491088867,131.864562034607,3986,756,0,191,37
1032,91,10.286,97.2195216799533,91.0,26.897,0.037,430.25,184.375,42.1112785339355,131.899920463562,4000,758,0,194,40
1033,91,9.533,104.89877268436,91.0,26.897,0.037,430.25,184.375,42.1112785339355,131.901282310486,4000,758,0,194,40
1034,91,10.515,95.1022349025202,91.0,26.897,0.037,430.5,184.375,42.111457824707,131.907195091248,3991,759,0,195,41
1035,91,10.057,99.4332305856617,91.0,26.897,0.037,430.5,184.375,42.111457824707,131.908556938171,3991,759,0,195,41
1036,91,10.044,99.5619275189168,91.0,26.897,0.037,430.5,184.375,42.111457824707,131.896780967712,3975,758,0,194,41
1037,91,9.656,103.562551781276,91.0,26.897,0.037,430.5,184.375,42.111457824707,131.869017601013,3959,756,0,193,38
1038,91,10.066,99.3443274389032,91.0,26.897,0.037,430.25,184.375,42.1111869812012,131.867117881775,3955,756,0,193,37
1039,91,9.631,103.831377842384,91.0,26.897,0.037,430.25,184.375,42.1111869812012,131.884123802185,3963,757,0,193,38
1040,92,19.3753333333333,51.6120152771565,91.0,26.897,0.037,441.1875,193.0625,42.1132888793945,132.075945854187,4036,772,0,213,49
1041,92,12.164,82.2097994080895,91.0,26.897,0.037,441.4375,193.0625,42.1133689880371,132.110743522644,4067,781,0,224,54
1042,92,13.291,75.2388834549695,91.0,26.897,0.037,443.3125,193.0625,42.1151885986328,132.61255645752,4140,792,0,235,65
1043,92,11.1111111111111,90.0,91.0,26.897,0.037,443.3125,193.0625,42.1151885986328,132.612705230713,4138,792,0,235,64
1044,92,11.6666666666667,85.7142857142857,91.0,26.897,0.037,443.3125,193.0625,42.1151885986328,132.620651245117,4144,793,0,235,65
1045,92,11.6666666666667,85.7142857142857,91.0,26.897,0.037,443.3125,193.0625,42.1151885986328,132.635753631592,4148,794,0,234,64
1046,92,11.6666666666667,85.7142857142857,91.0,26.897,0.037,443.5625,193.0625,42.1154594421387,132.637397766113,4148,794,0,237,63
1047,92,11.6666666666667,85.7142857142857,91.0,26.897,0.037,444.0625,193.0625,42.1158180236816,132.683349609375,4171,796,0,237,69
1048,93,10.1932222222223,98.1044048877786,91.0,26.897,0.037,446.4375,193.0625,42.1181030273438,132.875789642334,4243,805,0,247,80
1049,93,11.6666666666667,85.7142857142857,91.0,26.897,0.037,445.1875,192.0625,42.1178321838379,132.87202835083,4238,805,0,248,77
1050,93,11.6666666666667,85.7142857142857,91.0,26.897,0.037,445.1875,192.0625,42.1178321838379,132.855361938477,4233,804,0,247,76
1051,93,11.1111111111111,90.0,91.0,26.897,0.037,444.9375,192.0625,42.117561340332,132.846702575684,4217,804,0,243,71
1052,93,11.1111111111111,90.0,90.0,41.647,0.027,444.9375,192.0625,42.117561340332,132.849033355713,4215,805,0,243,69
1053,93,11.1111111111111,90.0,90.0,41.647,0.027,444.9375,192.0625,42.117561340332,132.847465515137,4214,804,0,239,69
1054,93,11.1111111111111,90.0,90.0,41.647,0.027,444.9375,192.0625,42.117561340332,132.817005157471,4195,802,0,240,65
1055,93,11.1111111111111,90.0,90.0,41.647,0.027,444.6875,192.0625,42.1173667907715,132.81604385376,4193,802,0,240,64
1056,93,11.1111111111111,90.0,90.0,41.647,0.027,446.8125,192.0625,42.119457244873,133.018253326416,4258,813,0,251,72
1057,94,11.1111111111111,90.0,90.0,41.647,0.027,446.8125,192.0625,42.119457244873,133.022914886475,4266,812,0,249,74
1058,94,11.1111111111111,90.0,90.0,41.647,0.027,446.8125,192.0625,42.1193809509277,133.034721374512,4261,813,0,251,72
1059,94,11.1111111111111,90.0,90.0,41.647,0.027,446.8125,192.0625,42.1193809509277,133.036083221436,4261,813,0,251,72
1060,94,11.1111111111111,90.0,90.0,41.647,0.027,446.8125,192.0625,42.1193809509277,133.029296875,4247,813,0,251,67
1061,94,11.1111111111111,90.0,90.0,41.647,0.027,446.8125,192.0625,42.1193809509277,133.029270172119,4245,813,0,251,66
1062,94,11.1111111111111,90.0,90.0,41.647,0.027,446.8125,192.0625,42.1193809509277,133.032772064209,4250,813,0,250,67
1063,94,10.7149999999999,93.3271115258989,90.0,41.647,0.027,446.8125,192.0625,42.1193809509277,132.871593475342,4216,803,0,241,66
1064,94,10.635,94.0291490362012,90.0,41.647,0.027,444.9375,192.0625,42.1174545288086,132.827281951904,4181,802,0,240,55
1065,94,11.1111111111111,90.0,90.0,41.647,0.027,444.6875,191.0625,42.1179618835449,132.910919189453,4218,809,0,244,63
1066,95,11.1111111111111,90.0,90.0,41.647,0.027,444.6875,191.0625,42.1179618835449,132.901802062988,4216,803,0,242,65
1067,95,23.6671111111111,42.2527276483071,90.0,41.647,0.027,444.4375,191.0625,42.1178817749023,132.924953460693,4222,802,0,239,67
1068,95,12.5,80.0,90.0,41.647,0.027,444.6875,191.0625,42.1180763244629,132.779350280762,4192,793,0,230,67
1069,95,12.5,80.0,90.0,41.647,0.027,442.8125,191.0625,42.1161499023438,132.749839782715,4155,793,0,230,53
1070,95,12.5,80.0,90.0,41.647,0.027,442.8125,191.0625,42.1161499023438,132.743663787842,4157,792,0,229,53
1071,95,12.5,80.0,90.0,41.647,0.027,442.8125,191.0625,42.1161499023438,132.738891601563,4146,792,0,229,49
1072,95,12.5,80.0,90.0,41.647,0.027,442.8125,191.0625,42.1161499023438,132.726013183594,4140,789,0,226,47
1073,96,12.5,80.0,90.0,41.647,0.027,442.8125,191.0625,42.1161499023438,132.68888092041,4109,786,0,225,44
1074,96,12.5,80.0,90.0,41.647,0.027,442.5625,191.0625,42.1159553527832,132.679153442383,4112,786,0,229,44
1075,96,9.98166666666666,100.18367006178,90.0,41.647,0.027,442.5625,191.0625,42.1159553527832,132.391390800476,4081,776,0,219,43
1076,96,9.881,101.20433154539,90.0,41.647,0.027,440.6875,191.0625,42.1140289306641,132.190451622009,4050,776,0,219,32
1077,96,9.59,104.275286757039,90.0,41.647,0.027,440.6875,191.0625,42.1140289306641,132.191813468933,4050,776,0,219,32
1078,96,9.915,100.857286938981,90.0,41.647,0.027,440.6875,191.0625,42.1140289306641,132.193175315857,4050,776,0,219,32
1079,96,9.917,100.836946657255,90.0,41.647,0.027,440.6875,191.0625,42.1140289306641,132.178515434265,4029,775,0,219,29
1080,96,9.693,103.167234086454,90.0,41.647,0.027,440.6875,191.0625,42.1140289306641,132.179877281189,4029,775,0,219,29
1081,96,9.599,104.17751849151,90.0,41.647,0.027,440.6875,191.0625,42.1140289306641,132.180602073669,4028,775,0,219,29
1082,96,9.708,103.007828594973,90.0,41.647,0.027,440.6875,191.0625,42.1140289306641,132.181963920593,4028,775,0,219,29
1083,97,11.1111111111111,90.0,90.0,41.647,0.027,440.6875,191.0625,42.1140289306641,132.200186729431,4039,775,0,215,32
1084,97,10.1348888888889,98.6690639594799,90.0,41.647,0.027,440.6875,191.0625,42.1140289306641,132.197466850281,4032,775,0,215,29
1085,97,9.783,102.218133496882,90.0,41.647,0.027,440.6875,191.0625,42.1140289306641,132.193068504334,4022,775,0,215,26
1086,97,9.841,101.615689462453,90.0,41.647,0.027,440.6875,191.0625,42.1140289306641,132.191500663757,4018,775,0,215,22
1087,97,10.0,100.0,90.0,41.647,0.027,440.6875,191.0625,42.1140289306641,132.192862510681,4018,775,0,215,22
1088,97,9.933,100.67451927917,90.0,41.647,0.027,440.6875,191.0625,42.1140289306641,132.187914848328,4008,775,0,215,16
1089,97,9.962,100.381449508131,90.0,41.647,0.027,440.6875,191.0625,42.1140289306641,132.189276695251,4008,775,0,215,16
1090,97,9.667,103.444708803145,90.0,41.647,0.027,440.6875,191.0625,42.1140289306641,132.189425468445,4006,775,0,215,15
1091,97,9.791,102.134613420488,90.0,41.647,0.027,440.6875,191.0625,42.1140289306641,132.190787315369,4006,775,0,215,15
1092,97,9.669,103.423311614438,90.0,41.647,0.027,440.6875,191.0625,42.1140289306641,132.192149162292,4006,775,0,215,15
1093,98,9.704,103.050288540808,90.0,41.647,0.027,440.6875,191.0625,42.1140289306641,132.193388938904,4006,775,0,215,15
1094,98,9.621,103.939299449122,90.0,41.647,0.027,440.6875,191.0625,42.1140289306641,132.129370689392,3976,770,0,211,15
1095,98,9.72222222222222,102.857142857143,90.0,41.647,0.027,440.6875,191.0625,42.1155815124512,132.278082847595,4047,793,0,228,23
1096,98,9.72222222222222,102.857142857143,90.0,41.647,0.027,440.6875,191.0625,42.1155815124512,132.278719902039,4046,793,0,228,22
1097,98,9.72222222222222,102.857142857143,90.0,41.647,0.027,440.6875,191.0625,42.1155815124512,132.280081748962,4046,793,0,228,22
1098,98,9.72222222222222,102.857142857143,90.0,41.647,0.027,440.6875,191.0625,42.1155815124512,132.276938438416,4043,792,0,228,22
1099,98,9.72222222222222,102.857142857143,90.0,41.647,0.027,440.6875,191.0625,42.1155815124512,132.2914686203,4055,794,0,226,24
1100,98,9.72222222222222,102.857142857143,90.0,41.647,0.027,440.6875,191.0625,42.1155815124512,132.290122032166,4048,794,0,228,21
1101,98,9.72222222222222,102.857142857143,90.0,41.647,0.027,440.6875,191.0625,42.1155815124512,132.283633232117,4046,792,0,226,21
1102,98,9.72222222222222,102.857142857143,90.0,41.647,0.027,440.6875,191.0625,42.1155815124512,132.208407402039,4008,785,0,210,19
1103,99,10.0,100.0,90.0,41.647,0.027,440.1875,191.0625,42.1172904968262,132.138033866882,3985,780,0,203,21
1104,99,10.0,100.0,90.0,41.647,0.027,438.1875,191.0625,42.1158561706543,132.125227928162,3975,781,0,202,17
1105,99,10.0,100.0,90.0,41.647,0.027,438.1875,191.0625,42.1158561706543,132.126063346863,3972,781,0,204,16
1106,99,10.0,100.0,90.0,41.647,0.027,438.6875,191.0625,42.1182670593262,132.167784690857,3987,784,0,206,18
1107,99,10.0,100.0,90.0,41.647,0.027,438.6875,191.0625,42.1182670593262,132.169146537781,3987,784,0,206,18
1108,99,10.0,100.0,90.0,41.647,0.027,438.6875,191.0625,42.1182670593262,132.16944026947,3991,783,0,205,20
1109,99,10.0,100.0,90.0,41.647,0.027,438.6875,191.0625,42.1182670593262,132.176898002625,3998,784,0,204,21
1110,99,10.0,100.0,90.0,41.647,0.027,438.6875,191.0625,42.1182670593262,132.172778129578,3995,784,0,208,20
1111,99,10.0,100.0,90.0,41.647,0.027,438.9375,191.0625,42.1184158325195,132.146018028259,3987,784,0,208,23
1112,99,10.0,100.0,90.0,41.647,0.027,437.9375,191.0625,42.1177139282227,132.144244194031,3986,784,0,206,22
1113,100,10.0,100.0,90.0,41.647,0.027,438.1875,191.0625,42.1244430541992,132.123225212097,3981,773,0,205,23
1114,100,10.0,100.0,90.0,41.647,0.027,438.0625,191.0625,42.1210784912109,132.141936302185,4008,774,0,204,32
1115,100,36.4835555555555,27.4096091998831,90.0,41.647,0.027,438.0625,191.0625,42.1210784912109,132.144434928894,4010,774,0,206,33
1116,100,16.6666666666667,60.0,90.0,41.647,0.027,438.0625,191.0625,42.1210784912109,132.14466381073,4023,772,0,202,37
1117,100,16.6666666666667,60.0,90.0,41.647,0.027,438.0625,191.0625,42.1210784912109,132.130354881287,4008,771,0,205,32
1118,100,14.3603333333333,69.6362665676284,90.0,41.647,0.027,438.0625,191.0625,42.1210784912109,132.169310569763,4043,777,0,205,37
1119,101,11.479,87.1156024043906,90.0,41.647,0.027,438.3125,191.0625,42.1213340759277,132.122809410095,4028,765,0,197,38
1120,101,10.778,92.781592132121,90.0,41.647,0.027,437.5625,191.0625,42.1192741394043,132.092497825623,4014,762,0,197,36
1121,101,10.099,99.0197049212793,90.0,41.647,0.027,437.3125,191.0625,42.1191253662109,132.090968132019,4010,762,0,197,35
1122,101,10.091,99.0982063224656,90.0,41.647,0.027,437.3125,191.0625,42.1191253662109,132.092329978943,4010,762,0,197,35
1123,101,10.025,99.7506234413965,90.0,41.647,0.027,437.3125,191.0625,42.1191253662109,132.089293479919,4009,761,0,196,35
1124,101,11.046,90.5305087814593,90.0,41.647,0.027,437.3125,191.0625,42.1191253662109,132.083983421326,4004,760,0,195,34
1125,101,10.172,98.3090837593394,90.0,41.647,0.027,437.3125,191.0625,42.1191253662109,132.069781303406,3995,757,0,192,32
1126,101,10.276,97.3141300116777,90.0,41.647,0.027,437.3125,191.0625,42.1191253662109,132.055006980896,3985,754,0,189,31
1127,101,9.998,100.0200040008,90.0,41.647,0.027,437.3125,191.0625,42.1191253662109,132.049548149109,3973,754,0,189,28
1128,102,11.1111111111111,90.0,90.0,41.647,0.027,437.3125,191.0625,42.1191253662109,131.862194061279,3950,734,0,180,28
1129,102,11.1111111111111,90.0,90.0,41.647,0.027,435.5625,191.0625,42.0091171264648,131.850383758545,3939,734,0,180,25
1130,102,10.4517777777778,95.6775030297876,90.0,41.647,0.027,435.5625,191.0625,42.0091171264648,131.849159240723,3940,734,0,180,25
1131,102,9.872,101.29659643436,90.0,41.647,0.027,435.5625,191.0625,42.0091171264648,131.850521087646,3940,734,0,180,25
1132,102,10.287,97.2100709633518,90.0,41.647,0.027,435.5625,191.0625,42.0091171264648,131.805152893066,3914,730,0,178,25
1133,102,10.148,98.5415845486795,90.0,41.647,0.027,435.0625,191.0625,42.006706237793,131.80456161499,3914,730,0,178,25
1134,102,33.0006666666667,30.302418132967,90.0,41.647,0.027,435.0625,191.0625,42.006706237793,131.788494110107,3897,729,0,180,24
1135,102,16.6666666666667,60.0,90.0,41.647,0.027,435.0625,191.0625,42.006706237793,131.745216369629,3883,725,0,176,24
1136,103,14.1206666666667,70.8181861101931,90.0,41.647,0.027,434.5625,191.0625,42.0042953491211,131.75993347168,3883,725,0,169,24
1137,103,9.729,102.785486689279,90.0,41.647,0.027,434.5625,191.0625,42.0042953491211,131.761295318604,3883,725,0,169,24
1138,103,9.744,102.627257799672,90.0,41.647,0.027,434.5625,191.0625,42.0042953491211,131.762657165527,3883,725,0,169,24
1139,103,9.806,101.978380583316,90.0,41.647,0.027,434.5625,191.0625,42.0042953491211,131.764019012451,3883,725,0,169,24
1140,103,9.738,102.690490860546,88.0,41.307,0.044,434.5625,191.0625,42.0042953491211,131.765380859375,3883,725,0,169,24
1141,103,10.112,98.8924050632912,88.0,41.307,0.044,434.5625,191.0625,42.0042953491211,131.763675689697,3878,725,0,169,21
1142,103,9.987,100.130169219986,88.0,41.307,0.044,434.5625,191.0625,42.0042953491211,131.765037536621,3878,725,0,169,21
1143,103,9.818,101.853738032186,88.0,41.307,0.044,434.5625,191.0625,42.0042953491211,131.758495330811,3866,725,0,169,13
1144,103,10.057,99.4332305856617,88.0,41.307,0.044,434.5625,191.0625,42.0042953491211,131.750820159912,3859,724,0,169,13
1145,104,10.421,95.9600806064677,88.0,41.307,0.044,434.5625,191.0625,42.0042953491211,131.727207183838,3853,722,0,170,14
1146,104,11.1111111111111,90.0,88.0,41.307,0.044,435.5625,192.0625,42.0043716430664,131.755798339844,3863,725,0,171,14
1147,104,11.1111111111111,90.0,88.0,41.307,0.044,435.4375,192.0625,42.0010070800781,131.669910430908,3827,717,0,167,14
1148,104,11.1111111111111,90.0,88.0,41.307,0.044,436.4375,192.0625,42.0016632080078,131.806411743164,3912,726,0,168,28
1149,104,10.5926666666667,94.4049342312291,88.0,41.307,0.044,436.4375,192.0625,42.0016632080078,131.805728912354,3909,726,0,168,27
1150,104,9.807,101.967982053635,88.0,41.307,0.044,436.4375,192.0625,42.0016632080078,131.785575866699,3900,724,0,165,27
1151,104,10.182,98.2125319190729,88.0,41.307,0.044,436.1875,192.0625,42.0014686584473,131.7825050354,3902,724,0,167,27
1152,104,9.722,102.85949393129,88.0,41.307,0.044,436.1875,192.0625,42.0014686584473,131.780212402344,3896,724,0,167,24
1153,104,9.636,103.777501037775,88.0,41.307,0.044,436.1875,192.0625,42.0014686584473,131.802059173584,3902,725,0,169,23
1154,105,10.4166666666667,96.0,88.0,41.307,0.044,439.4375,193.0625,42.0113830566406,132.072784423828,4004,744,0,179,36
1155,105,10.4166666666667,96.0,88.0,41.307,0.044,439.4375,193.0625,42.0113830566406,132.074146270752,4004,744,0,179,36
1156,105,11.5526666666667,86.5601015638519,88.0,41.307,0.044,439.4375,193.0625,42.0113830566406,132.075508117676,4004,744,0,179,36
1157,105,30.0633333333333,33.2631112096686,88.0,41.307,0.044,441.4375,193.0625,42.0210266113281,132.235069274902,4067,756,0,189,45
1158,105,12.5,80.0,88.0,41.307,0.044,441.6875,193.0625,42.0211753845215,132.229381561279,4068,757,0,191,48
1159,105,13.8888888888889,72.0,88.0,41.307,0.044,441.6875,193.0625,42.0210838317871,132.313076019287,4114,768,0,199,52
1160,105,10.2144444444445,97.9005765256166,88.0,41.307,0.044,441.9375,193.0625,42.021354675293,132.315673828125,4108,768,0,200,49
1161,105,13.8888888888889,72.0,88.0,41.307,0.044,441.9375,193.0625,42.021354675293,132.320796966553,4107,768,0,202,48
1162,106,13.3333333333333,75.0,88.0,41.307,0.044,441.9375,193.0625,42.021354675293,132.325695037842,4115,765,0,197,50
1163,106,13.3333333333333,75.0,88.0,41.307,0.044,441.9375,193.0625,42.021354675293,132.31909942627,4101,765,0,197,45
1164,106,13.3333333333333,75.0,88.0,41.307,0.044,441.9375,193.0625,42.021354675293,132.305206298828,4097,761,0,193,45
1165,106,11.5034444444444,86.9304845891575,88.0,41.307,0.044,441.9375,193.0625,42.021354675293,132.304397583008,4090,760,0,194,41
1166,106,10.223,97.8186442335909,88.0,41.307,0.044,442.1875,193.0625,42.0216255187988,132.291278839111,4074,760,0,195,34
1167,106,10.248,97.5800156128025,88.0,41.307,0.044,442.1875,193.0625,42.0216255187988,132.303184509277,4074,760,0,195,34
1168,106,10.241,97.6467141880676,88.0,41.307,0.044,442.1875,193.0625,42.0216255187988,132.286972045898,4067,758,0,194,34
1169,106,10.102,98.9902989507028,88.0,41.307,0.044,441.9375,193.0625,42.0214767456055,132.287090301514,4068,758,0,194,34
1170,107,11.958,83.6260244187991,88.0,41.307,0.044,444.375,193.0625,42.0231132507324,132.338802337646,4168,771,0,199,54
1171,107,10.719,93.292284728053,88.0,41.307,0.044,443.625,193.0625,42.0225448608398,132.334720611572,4167,771,0,202,54
1172,107,10.214,97.904836498923,88.0,41.307,0.044,443.625,193.0625,42.0225448608398,132.334892272949,4169,771,0,202,54
1173,107,10.043,99.5718410833416,88.0,41.307,0.044,443.625,193.0625,42.0225448608398,132.351943969727,4177,772,0,202,55
1174,107,10.27,97.3709834469328,88.0,41.307,0.044,443.875,193.0625,42.0228157043457,132.360294342041,4177,772,0,204,55
1175,107,10.756,92.9713648196356,88.0,41.307,0.044,443.875,193.0625,42.0228157043457,132.362808227539,4175,772,0,203,54
1176,107,10.6060606060606,94.2857142857143,88.0,41.307,0.044,443.875,193.0625,42.0228157043457,132.36222076416,4176,772,0,208,54
1177,107,10.1339393939394,98.6783087135937,88.0,41.307,0.044,443.875,193.0625,42.0228157043457,132.363513946533,4172,772,0,207,52
1178,107,10.028,99.7207818109294,88.0,41.307,0.044,443.875,193.0625,42.0228157043457,132.349243164063,4159,771,0,209,48
1179,108,10.6060606060606,94.2857142857143,88.0,41.307,0.044,443.625,193.0625,42.0225448608398,132.397357940674,4170,771,0,210,52
1180,108,10.6060606060606,94.2857142857143,88.0,41.307,0.044,443.625,193.0625,42.0225448608398,132.368370056152,4158,768,0,210,51
1181,108,11.1868787878789,89.3904384736442,88.0,41.307,0.044,443.125,193.0625,42.020133972168,132.379238128662,4172,769,0,215,54
1182,108,10.4319999999999,95.8588957055221,88.0,41.307,0.044,443.375,193.0625,42.0204048156738,132.241180419922,4128,756,0,208,54
1183,108,10.212,97.9240109674892,88.0,41.307,0.044,441.375,193.0625,42.0107612609863,132.231941223145,4125,756,0,208,54
1184,108,10.03,99.7008973080758,88.0,41.307,0.044,441.375,193.0625,42.0107612609863,132.230419158936,4119,756,0,208,51
1185,108,9.846,101.564086938858,88.0,41.307,0.044,441.375,193.0625,42.0107612609863,132.231781005859,4119,756,0,208,51
1186,108,10.326,96.8429207824908,88.0,41.307,0.044,441.375,193.0625,42.0107612609863,132.082668304443,4072,743,0,202,51
1187,108,9.991,100.090081072966,88.0,41.307,0.044,439.625,193.0625,42.0032577514648,132.074977874756,4068,743,0,202,50
1188,108,9.881,101.20433154539,88.0,41.307,0.044,439.625,193.0625,42.0032577514648,132.07442855835,4065,743,0,202,50
1189,109,10.0,100.0,88.0,41.307,0.044,439.625,193.0625,42.0032577514648,132.091381072998,4073,744,0,200,51
1190,109,10.0,100.0,88.0,41.307,0.044,441.375,193.0625,42.0061721801758,132.316520690918,4176,775,0,220,64
1191,109,10.0,100.0,88.0,41.307,0.044,441.625,193.0625,42.0063667297363,132.30196762085,4171,773,0,220,64
1192,109,10.0,100.0,88.0,41.307,0.044,440.375,192.0625,42.0060958862305,132.283889770508,4159,769,0,219,64
1193,109,10.0,100.0,88.0,41.307,0.044,440.375,192.0625,42.0060958862305,132.285251617432,4159,769,0,219,64
1194,109,10.0,100.0,88.0,41.307,0.044,440.375,192.0625,42.0060958862305,132.280090332031,4163,770,0,217,65
1195,109,10.0,100.0,88.0,41.307,0.044,440.125,192.0625,42.0058250427246,132.274978637695,4151,770,0,219,60
1196,109,10.0,100.0,88.0,41.307,0.044,440.125,192.0625,42.0058250427246,132.250370025635,4135,766,0,215,60
1197,109,10.0,100.0,88.0,41.307,0.044,440.125,192.0625,42.0058250427246,132.230400085449,4116,763,0,212,56
1198,109,10.0,100.0,88.0,41.307,0.044,440.125,192.0625,42.0058250427246,132.221103668213,4108,762,0,210,53
1199,110,10.0,100.0,88.0,41.307,0.044,440.125,192.0625,42.0058250427246,132.223930358887,4118,764,0,211,55
1200,110,10.0,100.0,88.0,41.307,0.044,440.125,192.0625,42.0058250427246,132.218017578125,4103,764,0,211,52
1201,110,10.0,100.0,88.0,41.307,0.044,440.125,192.0625,42.0058250427246,132.206539154053,4102,764,0,215,52
1202,110,26.6643333333333,37.5032815371345,88.0,41.307,0.044,440.125,192.0625,42.0058250427246,132.189079284668,4106,765,0,212,52
1203,110,13.3333333333333,75.0,88.0,41.307,0.044,439.875,192.0625,42.0055541992188,132.175567626953,4090,763,0,211,49
1204,110,9.28433333333339,107.708325853588,88.0,41.307,0.044,439.875,192.0625,42.0055541992188,132.169506072998,4077,763,0,211,46
1205,110,13.3333333333333,75.0,88.0,41.307,0.044,439.875,192.0625,42.0055541992188,132.168670654297,4074,763,0,210,43
1206,110,12.5,80.0,88.0,41.307,0.044,439.875,192.0625,42.0055541992188,132.174179077148,4079,764,0,209,42
1207,111,12.5,80.0,88.0,41.307,0.044,439.875,192.0625,42.0055541992188,132.179931640625,4072,763,0,210,41
1208,111,11.6666666666667,85.7142857142858,88.0,41.307,0.044,439.875,192.0625,42.0055541992188,132.155853271484,4063,761,0,206,40
1209,111,12.5,80.0,88.0,41.307,0.044,438.625,191.0625,42.0052833557129,132.1438331604,4048,760,0,205,38
1210,111,12.5,80.0,88.0,41.307,0.044,438.625,191.0625,42.0052833557129,132.148345947266,4044,762,0,203,35
1211,111,10.5809999999999,94.5090256119464,88.0,41.307,0.044,438.625,191.0625,42.0052833557129,132.149181365967,4041,762,0,205,34
1212,111,10.2,98.0392156862745,88.0,41.307,0.044,438.625,191.0625,42.0052833557129,132.150543212891,4041,762,0,205,34
1213,111,10.382,96.3205548063957,88.0,41.307,0.044,438.625,191.0625,42.0052833557129,132.151905059814,4041,762,0,203,34
1214,111,9.909,100.918357049147,88.0,41.307,0.044,438.625,191.0625,42.0052833557129,132.181804656982,4066,767,0,200,36
1215,111,10.123,98.7849451743554,88.0,41.307,0.044,438.625,191.0625,42.0052833557129,132.101097106934,4028,754,0,191,32
1216,112,11.1111111111111,90.0,88.0,41.307,0.044,438.125,191.0625,42.00341796875,132.144065856934,4037,758,0,190,32
1217,112,11.1111111111111,90.0,88.0,41.307,0.044,438.875,191.0625,42.0038261413574,132.212554931641,4065,769,0,199,37
1218,112,10.0167777777778,99.8325032445563,88.0,41.307,0.044,438.625,191.0625,42.0036315917969,132.205722808838,4059,768,0,198,35
1219,112,9.906,100.948919846558,88.0,41.307,0.044,438.625,191.0625,42.0036315917969,132.198051452637,4043,768,0,198,30
1220,112,10.391,96.237128284092,88.0,41.307,0.044,438.625,191.0625,42.0036315917969,132.195014953613,4042,767,0,197,30
1221,112,10.713,93.3445346774946,88.0,41.307,0.044,438.625,191.0625,42.0036315917969,132.209339141846,4059,768,0,197,36
1222,112,11.057,90.4404449669892,88.0,41.307,0.044,440.375,191.0625,42.0053520202637,132.365867614746,4115,774,0,204,44
1223,112,10.166,98.3671060397403,88.0,41.307,0.044,440.375,191.0625,42.0053520202637,132.348209381104,4100,771,0,201,41
1224,112,10.206,97.981579463061,88.0,41.307,0.044,440.375,191.0625,42.0053520202637,132.331520080566,4080,769,0,199,36
1225,113,10.247,97.5895384014834,88.0,41.307,0.044,440.375,191.0625,42.0053520202637,132.323951721191,4073,768,0,198,34
1226,113,9.963,100.371374084111,88.0,41.307,0.044,440.375,191.0625,42.0053520202637,132.327781677246,4073,769,0,194,32
1227,113,10.6060606060606,94.2857142857143,88.0,41.307,0.044,442.25,192.6875,42.0056228637695,132.353176116943,4075,772,0,196,29
1228,113,10.6060606060606,94.2857142857143,88.0,41.307,0.044,444.25,192.6875,42.0070571899414,132.480690002441,4147,780,0,197,45
1229,113,10.6060606060606,94.2857142857143,88.0,41.307,0.044,445.0,192.6875,42.0075492858887,132.529350280762,4168,783,0,200,50
1230,113,10.6060606060606,94.2857142857143,90.0,41.793,0.038,445.0,192.6875,42.0075492858887,132.517597198486,4152,782,0,200,50
1231,113,10.6060606060606,94.2857142857143,90.0,41.793,0.038,445.25,192.6875,42.0077438354492,132.535453796387,4167,783,0,202,54
1232,113,10.6060606060606,94.2857142857143,90.0,41.793,0.038,445.25,192.6875,42.0077438354492,132.534027099609,4161,783,0,203,52
1233,113,11.9473030303031,83.7008986432841,90.0,41.793,0.038,445.25,192.6875,42.0077438354492,132.557815551758,4170,784,0,205,53
1234,113,10.6060606060606,94.2857142857143,90.0,41.793,0.038,445.875,193.0625,42.0080146789551,132.564552307129,4170,784,0,204,53
1235,114,10.6060606060606,94.2857142857143,90.0,41.793,0.038,446.375,193.0625,42.010425567627,132.626285552979,4192,789,0,206,55
1236,114,10.6060606060606,94.2857142857143,90.0,41.793,0.038,446.375,193.0625,42.010425567627,132.629787445068,4197,789,0,205,56
1237,114,10.6060606060606,94.2857142857143,90.0,41.793,0.038,446.375,193.0625,42.010425567627,132.632335662842,4198,789,0,206,57
1238,114,10.6060606060606,94.2857142857143,90.0,41.793,0.038,446.875,193.0625,42.0128364562988,132.678466796875,4213,792,0,210,59
1239,114,10.6060606060606,94.2857142857143,90.0,41.793,0.038,446.875,193.0625,42.0128364562988,132.598957061768,4193,774,0,210,59
1240,114,10.6060606060606,94.2857142857143,90.0,41.793,0.038,444.4375,193.0625,42.0111999511719,132.597492218018,4193,774,0,210,59
1241,114,10.6060606060606,94.2857142857143,90.0,41.793,0.038,444.4375,193.0625,42.0111999511719,132.611461639404,4206,775,0,211,60
1242,114,10.6060606060606,94.2857142857143,90.0,41.793,0.038,444.9375,193.0625,42.0116195678711,132.524417877197,4200,772,0,207,62
1243,114,10.6060606060606,94.2857142857143,90.0,41.793,0.038,443.4375,193.0625,42.0100784301758,132.525436401367,4188,775,0,205,54
1244,115,10.6060606060606,94.2857142857142,90.0,41.793,0.038,443.6875,193.0625,42.0102729797363,132.534164428711,4185,770,0,204,55
1245,115,10.6060606060606,94.2857142857143,90.0,41.793,0.038,443.4375,193.0625,42.0101928710938,132.529308319092,4176,770,0,200,49
1246,115,10.6060606060606,94.2857142857143,90.0,41.793,0.038,443.4375,193.0625,42.0101928710938,132.522735595703,4170,769,0,199,47
1247,115,22.6948787878787,44.0628041835631,90.0,41.793,0.038,443.4375,193.0625,42.0101928710938,132.472923278809,4147,764,0,196,47
1248,115,11.6666666666667,85.7142857142857,90.0,41.793,0.038,442.9375,193.0625,42.009880065918,132.470310211182,4145,762,0,196,47
1249,115,11.0930000000001,90.1469395114032,90.0,41.793,0.038,442.9375,193.0625,42.009880065918,132.461608886719,4134,761,0,195,43
1250,115,11.6666666666667,85.7142857142857,90.0,41.793,0.038,442.9375,193.0625,42.009880065918,132.459777832031,4135,760,0,194,44
1251,115,11.6666666666667,85.7142857142857,90.0,41.793,0.038,442.9375,193.0625,42.009880065918,132.463375091553,4135,759,0,191,42
1252,116,10.0,99.9999999999999,90.0,41.793,0.038,443.1875,193.0625,42.0100746154785,132.461429595947,4124,757,0,192,41
1253,116,11.6666666666667,85.7142857142857,90.0,41.793,0.038,441.3125,191.4375,42.0098037719727,132.404682159424,4106,752,0,189,41
1254,116,11.6666666666667,85.7142857142857,90.0,41.793,0.038,440.5625,191.4375,42.0091896057129,132.398059844971,4105,752,0,191,41
1255,116,10.0,100.0,90.0,41.793,0.038,440.5625,191.4375,42.0091896057129,132.398696899414,4104,752,0,191,40
1256,116,11.6666666666667,85.7142857142857,90.0,41.793,0.038,440.5625,191.4375,42.0091896057129,132.400058746338,4104,752,0,191,40
1257,116,11.1111111111111,90.0,90.0,41.793,0.038,440.5625,191.4375,42.0091896057129,132.400695800781,4103,752,0,191,39
1258,116,10.5555555555556,94.7368421052631,90.0,41.793,0.038,440.5625,191.4375,42.0091896057129,132.387851715088,4085,751,0,191,38
1259,116,11.1111111111111,90.0,90.0,41.793,0.038,440.5625,191.4375,42.0091896057129,132.389213562012,4085,751,0,191,38
1260,116,11.1111111111111,90.0,90.0,41.793,0.038,440.5625,191.4375,42.0091896057129,132.390575408936,4085,751,0,191,38
1261,117,11.1111111111111,90.0,90.0,41.793,0.038,442.0,191.4375,42.0211410522461,132.362354278564,4081,740,0,185,41
1262,117,11.1111111111111,90.0,90.0,41.793,0.038,439.4375,191.4375,42.0156707763672,132.346893310547,4079,740,0,185,40
1263,117,11.1111111111111,90.0,90.0,41.793,0.038,439.4375,191.4375,42.0156707763672,132.347522735596,4078,740,0,185,39
1264,117,11.1111111111111,90.0,90.0,41.793,0.038,440.4375,191.4375,42.0204925537109,132.426414489746,4103,746,0,189,40
1265,117,11.1111111111111,90.0,90.0,41.793,0.038,440.4375,191.4375,42.0204925537109,132.423511505127,4104,746,0,191,40
1266,117,11.1111111111111,90.0,90.0,41.793,0.038,440.4375,191.4375,42.0204925537109,132.35033416748,4081,740,0,187,40
1267,117,11.1111111111111,90.0,90.0,41.793,0.038,439.3125,191.0625,42.017765045166,132.3776512146,4090,745,0,191,37
1268,117,11.1111111111111,90.0,90.0,41.793,0.038,439.3125,191.0625,42.017765045166,132.379405975342,4090,745,0,189,37
1269,117,11.1111111111111,90.0,90.0,41.793,0.038,439.3125,191.0625,42.017765045166,132.236701965332,4028,733,0,181,34
1270,118,11.1111111111111,90.0,90.0,41.793,0.038,437.5625,191.0625,42.0145492553711,132.27286529541,4045,736,0,182,37
1271,118,11.1111111111111,90.0,90.0,41.793,0.038,437.5625,191.0625,42.0145492553711,132.268886566162,4050,736,0,182,38
1272,118,11.1111111111111,90.0,90.0,41.793,0.038,437.5625,191.0625,42.0145492553711,132.267974853516,4046,736,0,182,37
1273,118,11.1111111111111,90.0,90.0,41.793,0.038,437.5625,191.0625,42.0145492553711,132.261039733887,4044,734,0,180,37
1274,118,11.1111111111111,90.0,90.0,41.793,0.038,437.5625,191.0625,42.0145492553711,132.253429412842,4035,733,0,179,34
1275,118,11.1111111111111,90.0,90.0,41.793,0.038,437.5625,191.0625,42.0145492553711,132.242839813232,4041,733,0,179,36
1276,118,11.1111111111111,90.0,90.0,41.793,0.038,437.5625,191.0625,42.0145492553711,132.249794006348,4032,733,0,179,32
1277,118,11.1111111111111,90.0,90.0,41.793,0.038,437.8125,191.0625,42.0147438049316,132.274566650391,4042,735,0,180,34
1278,118,11.1111111111111,90.0,90.0,41.793,0.038,437.8125,191.0625,42.0147438049316,132.275928497314,4042,735,0,180,34
1279,119,11.1111111111111,90.0,90.0,41.793,0.038,438.25,191.0625,42.0218734741211,131.012358665466,3971,692,0,175,36
1280,119,13.823,72.3431961224048,90.0,41.793,0.038,433.625,190.6875,40.3977584838867,130.959963798523,3966,689,0,180,38
1281,119,11.6666666666667,85.7142857142857,90.0,41.793,0.038,433.375,190.6875,40.3975639343262,130.957530021667,3961,689,0,180,36
1282,119,11.6666666666667,85.7142857142857,90.0,41.793,0.038,433.375,190.6875,40.3975639343262,130.958891868591,3961,689,0,180,36
1283,119,11.6666666666667,85.7142857142857,90.0,41.793,0.038,433.375,190.6875,40.3975639343262,130.960253715515,3961,689,0,180,36
1284,119,11.6666666666667,85.7142857142857,90.0,41.793,0.038,433.375,190.6875,40.3975639343262,130.961615562439,3961,689,0,178,36
1285,119,11.6666666666667,85.7142857142857,90.0,41.793,0.038,433.375,190.6875,40.3975639343262,130.959475517273,3955,689,0,178,33
1286,119,11.177,89.4694461841278,90.0,41.793,0.038,433.375,190.6875,40.3975639343262,130.959624290466,3953,689,0,178,32
1287,119,11.6666666666667,85.7142857142857,90.0,41.793,0.038,433.375,190.6875,40.3975639343262,130.959063529968,3949,689,0,178,30
1288,120,11.6666666666667,85.7142857142857,90.0,41.793,0.038,433.375,190.6875,40.3975639343262,130.960299491882,3957,689,0,180,33
1289,120,10.0,100.0,90.0,41.793,0.038,434.125,190.6875,40.3996238708496,131.083422660828,4015,709,0,196,39
1290,120,11.6666666666667,85.7142857142857,90.0,41.793,0.038,434.125,190.6875,40.3996238708496,131.078024864197,4003,709,0,196,35
1291,120,20.9876666666666,47.6470307958643,90.0,41.793,0.038,434.125,190.6875,40.3996238708496,131.012133598328,3983,703,0,191,35
1292,120,11.903,84.0124338402084,90.0,41.793,0.038,433.125,190.6875,40.3948020935059,131.020220756531,3990,705,0,191,35
1293,120,12.5,80.0,90.0,41.793,0.038,433.125,190.6875,40.3948020935059,130.934107780457,3966,697,0,189,37
1294,120,13.8888888888889,72.0,90.0,41.793,0.038,432.125,190.6875,40.3899803161621,130.903479576111,3947,692,0,184,33
1295,121,12.3871111111111,80.7290732302391,90.0,41.793,0.038,432.625,190.6875,40.3904304504395,130.954539299011,3954,695,0,185,32
1296,121,13.8888888888889,72.0,90.0,41.793,0.038,432.625,190.6875,40.3904304504395,129.985723495483,3908,667,0,180,33
1297,121,13.8888888888889,72.0,90.0,41.793,0.038,428.4375,190.3125,38.8017692565918,129.972421646118,3903,667,0,182,32
1298,121,13.3333333333333,75.0,90.0,41.793,0.038,428.4375,190.3125,38.8017692565918,129.963384628296,3888,667,0,182,27
1299,121,13.3333333333333,75.0,90.0,41.793,0.038,428.4375,190.3125,38.8017692565918,129.960794448853,3887,666,0,181,27
1300,121,27.4495555555555,36.4304623430455,90.0,41.793,0.038,428.4375,190.3125,38.8017692565918,129.952035903931,3890,666,0,184,28
1301,121,14.2857142857143,70.0,90.0,41.793,0.038,428.6875,190.3125,38.8019638061523,129.954187393188,3887,666,0,186,29
1302,122,14.5833333333333,68.5714285714286,90.0,41.793,0.038,430.9375,190.3125,38.8034324645996,130.162382125854,4006,686,0,194,45
1303,122,5.90361904761909,169.387623410982,90.0,41.793,0.038,430.9375,190.3125,38.8034324645996,130.146677017212,3995,686,0,194,41
1304,122,14.5833333333333,68.5714285714286,90.0,41.793,0.038,430.9375,190.3125,38.8034324645996,130.138784408569,3998,686,0,193,43
1305,122,14.2857142857143,70.0,90.0,41.793,0.038,432.6875,190.3125,38.8046722412109,130.285257339478,4087,696,0,194,59
1306,122,14.2857142857143,70.0,90.0,41.793,0.038,434.4375,190.3125,38.8063926696777,130.446992874146,4141,704,0,203,66
1307,122,14.2857142857143,70.0,90.0,41.793,0.038,434.4375,190.3125,38.8063926696777,130.439661026001,4131,703,0,202,62
1308,122,11.0135238095238,90.7974611300396,90.0,41.793,0.038,434.4375,190.3125,38.8063926696777,130.441423416138,4135,703,0,200,62
1309,123,14.8793333333334,67.2073121555623,90.0,41.793,0.038,439.25,194.3125,38.8069648742676,130.561349868774,4230,719,0,206,76
1310,123,14.2857142857143,70.0,90.0,41.793,0.038,439.25,194.3125,38.8069648742676,130.485330581665,4211,706,0,203,77
1311,123,14.2857142857143,70.0,90.0,41.793,0.038,439.125,194.3125,38.8020324707031,130.5260181427,4230,707,0,204,82
1312,123,13.436238095238,74.4255938985192,90.0,41.793,0.038,439.125,194.3125,38.8020324707031,130.522832870483,4222,707,0,204,80
1313,123,12.448,80.3341902313625,83.0,36.55,0.048,439.125,194.3125,38.8020324707031,130.535223007202,4227,707,0,207,81
1314,123,11.833,84.5094228006423,83.0,36.55,0.048,439.125,194.3125,38.8020324707031,130.533716201782,4226,707,0,213,81
1315,123,11.049,90.5059281382931,83.0,36.55,0.048,439.125,194.3125,38.8020324707031,130.518480300903,4222,703,0,209,81
1316,123,11.951,83.6750062756255,83.0,36.55,0.048,439.125,194.3125,38.8020324707031,130.497480392456,4207,699,0,205,79
1317,124,12.985,77.0119368502118,83.0,36.55,0.048,439.625,194.3125,38.804443359375,130.577383041382,4223,704,0,203,79
1318,124,11.151,89.6780557797507,83.0,36.55,0.048,439.625,194.3125,38.804443359375,130.572011947632,4210,704,0,204,75
1319,124,11.899,84.0406756870325,83.0,36.55,0.048,440.125,194.3125,38.8068542480469,130.613744735718,4225,707,0,206,77
1320,124,11.497,86.9792119683396,83.0,36.55,0.048,440.125,194.3125,38.8068542480469,130.609292984009,4220,707,0,204,76
1321,124,10.756,92.9713648196356,83.0,36.55,0.048,440.125,194.3125,38.8068542480469,130.604578018188,4210,707,0,205,77
1322,124,11.337,88.2067566375584,83.0,36.55,0.048,440.375,194.3125,38.8070030212402,130.644872665405,4231,711,0,211,80
1323,124,11.456,87.2905027932961,83.0,36.55,0.048,440.375,194.3125,38.8070030212402,130.498987197876,4182,702,0,203,76
1324,124,11.6666666666667,85.7142857142857,83.0,36.55,0.048,438.875,194.3125,38.8054618835449,130.47580909729,4165,703,0,202,69
1325,124,10.9463333333333,91.3547915588173,83.0,36.55,0.048,438.625,194.3125,38.8052673339844,130.445753097534,4156,697,0,198,68
1326,125,11.501,86.9489609599165,83.0,36.55,0.048,438.375,194.3125,38.8051872253418,130.441598892212,4153,696,0,197,67
1327,125,11.1111111111111,90.0,83.0,36.55,0.048,438.375,194.3125,38.8051872253418,130.407480239868,4136,692,0,194,65
1328,125,10.8048888888889,92.5506972152523,83.0,36.55,0.048,438.125,194.3125,38.8049926757813,130.396230697632,4123,691,0,193,59
1329,125,11.1111111111111,90.0,83.0,36.55,0.048,438.125,194.3125,38.8049926757813,130.395914077759,4120,691,0,193,58
1330,125,12.4892222222223,80.0690373032745,83.0,36.55,0.048,438.125,194.3125,38.8049926757813,130.369218826294,4108,688,0,191,58
1331,125,11.6666666666667,85.7142857142857,83.0,36.55,0.048,437.875,194.3125,38.8047981262207,130.365190505981,4100,688,0,191,55
1332,125,11.6666666666667,85.7142857142857,83.0,36.55,0.048,437.875,194.3125,38.8047981262207,130.353525161743,4096,685,0,186,54
1333,125,11.6666666666667,85.7142857142857,83.0,36.55,0.048,437.875,194.3125,38.8047981262207,130.328218460083,4073,683,0,185,50
1334,126,11.6666666666667,85.7142857142857,83.0,36.55,0.048,438.625,194.3125,38.8140449523926,130.291528701782,4064,680,0,182,55
1335,126,11.6666666666667,85.7142857142857,83.0,36.55,0.048,436.5,194.3125,38.8092460632324,130.281980514526,4067,680,0,184,56
1336,126,11.6666666666667,85.7142857142857,83.0,36.55,0.048,436.5,194.3125,38.8092460632324,130.276033401489,4063,679,0,184,56
1337,126,11.1111111111111,90.0,83.0,36.55,0.048,437.0,194.3125,38.8116569519043,130.317766189575,4078,682,0,186,58
1338,126,11.1111111111111,90.0,83.0,36.55,0.048,437.0,194.3125,38.8116569519043,130.318403244019,4077,682,0,186,57
1339,126,11.1111111111111,90.0,83.0,36.55,0.048,437.0,194.3125,38.8116569519043,130.305688858032,4059,681,0,182,56
1340,126,11.1111111111111,90.0,83.0,36.55,0.048,437.0,194.3125,38.8116569519043,130.299348831177,4058,681,0,186,55
1341,126,11.1111111111111,90.0,83.0,36.55,0.048,437.25,194.3125,38.8118057250977,130.339468002319,4082,686,0,190,59
1342,126,11.1111111111111,90.0,83.0,36.55,0.048,437.25,194.3125,38.8118057250977,130.333711624146,4071,686,0,190,52
1343,127,11.1111111111111,90.0,83.0,36.55,0.048,437.6875,194.3125,38.8189353942871,130.319265365601,4073,673,0,188,58
1344,127,11.1111111111111,90.0,83.0,36.55,0.048,436.875,194.3125,38.8127593994141,130.319608688354,4077,673,0,188,59
1345,127,11.1111111111111,90.0,83.0,36.55,0.048,436.875,194.3125,38.8127593994141,130.277578353882,4063,669,0,186,59
1346,127,11.1111111111111,90.0,83.0,36.55,0.048,436.375,194.3125,38.8103485107422,130.275743484497,4061,669,0,186,58
1347,127,11.1111111111111,90.0,83.0,36.55,0.048,436.375,194.3125,38.8103485107422,130.274248123169,4058,669,0,186,58
1348,127,11.1111111111111,90.0,83.0,36.55,0.048,436.375,194.3125,38.8103485107422,130.267305374146,4056,667,0,184,58
1349,127,11.1111111111111,90.0,83.0,36.55,0.048,436.375,194.3125,38.8103485107422,130.258600234985,4045,666,0,182,54
1350,127,11.1111111111111,90.0,83.0,36.55,0.048,436.375,194.3125,38.8103485107422,130.176057815552,4002,660,0,177,52
1351,127,11.1111111111111,90.0,83.0,36.55,0.048,435.125,194.3125,38.809497833252,130.156770706177,3995,658,0,176,52
1352,128,11.1111111111111,90.0,83.0,36.55,0.048,435.125,194.3125,38.8095436096191,130.197973251343,4012,661,0,175,55
1353,128,11.1111111111111,90.0,83.0,36.55,0.048,436.375,195.3125,38.809814453125,130.195039749146,4010,661,0,177,55
1354,128,11.1111111111111,90.0,83.0,36.55,0.048,436.125,195.3125,38.8096656799316,130.195783615112,4010,661,0,177,55
1355,128,11.1111111111111,90.0,83.0,36.55,0.048,436.125,195.3125,38.8096656799316,130.197145462036,4010,661,0,177,55
1356,128,11.1111111111111,90.0,83.0,36.55,0.048,436.125,195.3125,38.8096656799316,130.19850730896,4010,661,0,176,55
1357,128,11.1111111111111,90.0,83.0,36.55,0.048,436.125,195.3125,38.8096656799316,130.199869155884,4010,661,0,174,55
1358,128,11.1111111111111,90.0,83.0,36.55,0.048,436.125,195.3125,38.8096656799316,130.193403244019,3996,661,0,173,50
1359,128,11.1111111111111,90.0,83.0,36.55,0.048,436.375,195.3125,38.8098602294922,130.233350753784,4010,664,0,174,52
1360,128,11.1111111111111,90.0,83.0,36.55,0.048,437.625,196.3125,38.810131072998,130.240087509155,4010,664,0,175,52
1361,129,11.1111111111111,90.0,83.0,36.55,0.048,438.625,196.3125,38.8149528503418,129.050179481506,3986,643,0,176,51
1362,129,11.1111111111111,90.0,83.0,36.55,0.048,434.5625,195.9375,37.1800346374512,129.029049873352,3983,643,0,178,50
1363,129,11.1111111111111,90.0,83.0,36.55,0.048,434.5625,195.9375,37.1800346374512,129.030411720276,3983,643,0,178,50
1364,129,11.1111111111111,90.0,83.0,36.55,0.048,435.5625,195.9375,37.1848564147949,129.112515449524,4013,649,0,181,54
1365,129,11.1111111111111,90.0,83.0,36.55,0.048,435.5625,195.9375,37.1848564147949,129.066731452942,3979,646,0,178,46
1366,129,11.1111111111111,90.0,83.0,36.55,0.048,435.0625,195.9375,37.182445526123,129.076046943665,3977,647,0,178,45
1367,129,44.0506666666667,22.7011320297839,83.0,36.55,0.048,435.5625,195.9375,37.1828651428223,129.111710548401,3999,652,0,187,46
1368,130,16.6666666666667,60.0,83.0,36.55,0.048,435.8125,195.9375,37.1831207275391,129.111878395081,4001,649,0,187,51
1369,130,16.6666666666667,60.0,83.0,36.55,0.048,435.3125,195.9375,37.1807098388672,129.106942176819,3974,650,0,187,39
1370,130,16.6666666666667,60.0,83.0,36.55,0.048,435.5625,195.9375,37.180980682373,129.082779884338,3962,646,0,185,39
1371,130,17.219,58.0753818456356,83.0,36.55,0.048,435.3125,195.9375,37.1807861328125,129.053547859192,3935,645,0,184,30
1372,130,16.6666666666667,60.0,83.0,36.55,0.048,435.3125,195.9375,37.1807861328125,129.085083961487,3946,647,0,184,32
1373,130,16.6666666666667,60.0,83.0,36.55,0.048,435.5625,195.9375,37.180980682373,129.024777412415,3927,641,0,182,32
1374,131,16.0873333333333,62.1607061456218,83.0,36.55,0.048,433.6875,194.9375,37.1769256591797,129.014016151428,3920,641,0,182,30
1375,131,10.49,95.3288846520496,83.0,36.55,0.048,433.5625,194.9375,37.1735610961914,129.010472297668,3920,641,0,184,30
1376,131,10.137,98.6485153398441,83.0,36.55,0.048,433.5625,194.9375,37.1735610961914,129.006585121155,3911,641,0,184,25
1377,131,10.336,96.7492260061919,83.0,36.55,0.048,433.5625,194.9375,37.1735610961914,129.007946968079,3911,641,0,184,25
1378,131,10.9,91.743119266055,83.0,36.55,0.048,433.5625,194.9375,37.1735610961914,129.009308815002,3911,641,0,181,25
1379,131,10.146,98.5610092647349,83.0,36.55,0.048,433.5625,194.9375,37.1735610961914,128.992177009583,3905,640,0,180,24
1380,131,10.837,92.2764602749839,83.0,36.55,0.048,433.3125,194.9375,37.1732902526855,128.967511177063,3894,638,0,179,23
1381,131,10.429,95.8864704190239,83.0,36.55,0.048,433.0625,194.9375,37.173095703125,128.96528339386,3889,638,0,179,20
1382,132,11.1111111111111,90.0,83.0,36.55,0.048,433.5625,194.9375,37.1735458374023,129.000416755676,3898,641,0,182,21
1383,132,10.6298888888889,94.0743605556659,83.0,36.55,0.048,433.5625,194.9375,37.1735458374023,128.992379188538,3887,641,0,180,17
1384,132,10.247,97.5895384014834,83.0,36.55,0.048,433.5625,194.9375,37.1735458374023,128.993741035461,3887,641,0,180,17
1385,132,10.452,95.6754688097972,83.0,36.55,0.048,433.5625,194.9375,37.1735458374023,128.96785068512,3873,639,0,177,16
1386,132,10.6,94.3396226415094,83.0,36.55,0.048,433.3125,194.9375,37.1733512878418,128.877896308899,3852,632,0,174,17
1387,132,10.051,99.4925878022087,83.0,36.55,0.048,431.0625,193.9375,37.1682586669922,128.869782447815,3844,632,0,173,14
1388,132,10.572,94.5894816496406,83.0,36.55,0.048,431.0625,193.9375,37.1682586669922,128.871144294739,3844,632,0,172,14
1389,132,10.398,96.1723408347759,83.0,36.55,0.048,431.0625,193.9375,37.1682586669922,128.774510383606,3804,624,0,168,12
1390,132,10.19,98.135426889107,83.0,36.55,0.048,430.0625,193.9375,37.1634368896484,128.770714759827,3802,624,0,168,12
1391,132,9.985,100.150225338007,83.0,36.55,0.048,430.0625,193.9375,37.1634368896484,128.774960517883,3807,624,0,168,14
1392,133,10.104,98.9707046714173,83.0,36.55,0.048,430.0625,193.9375,37.1634368896484,128.768948554993,3803,623,0,166,14
1393,133,10.376,96.3762528912876,83.0,36.55,0.048,430.0625,193.9375,37.1634368896484,128.76863193512,3800,623,0,166,13
1394,133,9.988,100.120144173008,83.0,36.55,0.048,430.0625,193.9375,37.1634368896484,128.769993782043,3800,623,0,166,13
1395,133,10.0,100.0,83.0,36.55,0.048,430.0625,193.9375,37.1634368896484,128.768933296204,3804,623,0,168,14
1396,133,10.0,100.0,83.0,36.55,0.048,430.0625,193.9375,37.1634368896484,128.770295143127,3804,623,0,168,14
1397,133,10.0,100.0,84.0,55.884,0.074,430.0625,193.9375,37.1634368896484,128.771656990051,3804,623,0,166,14
1398,133,10.0,100.0,84.0,55.884,0.074,430.0625,193.9375,37.1634368896484,128.763932228088,3797,622,0,166,14
1399,133,10.0,100.0,84.0,55.884,0.074,430.0625,193.9375,37.1634368896484,128.763020515442,3793,622,0,166,13
1400,133,10.0,100.0,84.0,55.884,0.074,430.0625,193.9375,37.1634368896484,128.73509311676,3779,619,0,165,13
1401,133,10.0,100.0,84.0,55.884,0.074,429.8125,193.9375,37.1632423400879,128.73192691803,3773,619,0,165,10
1402,134,10.0,100.0,84.0,55.884,0.074,429.8125,193.9375,37.1632423400879,128.732014656067,3771,619,0,161,9
1403,134,10.0,100.0,84.0,55.884,0.074,429.8125,193.9375,37.1632423400879,128.731698036194,3768,619,0,161,8
1404,134,10.0,100.0,84.0,55.884,0.074,429.8125,193.9375,37.1632423400879,128.733059883118,3768,619,0,161,8
1405,134,10.0,100.0,84.0,55.884,0.074,429.8125,193.9375,37.1632423400879,128.723153114319,3767,619,0,161,7
1406,134,10.0,100.0,84.0,55.884,0.074,429.8125,193.9375,37.1632423400879,128.724514961243,3767,619,0,161,7
1407,134,10.0,100.0,84.0,55.884,0.074,429.8125,193.9375,37.1632423400879,128.725876808167,3767,619,0,159,7
1408,134,10.0,100.0,84.0,55.884,0.074,429.8125,193.9375,37.1632423400879,128.726601600647,3766,619,0,157,7
1409,134,10.1166666666667,98.8467874794069,84.0,55.884,0.074,429.8125,193.9375,37.1632423400879,128.618493080139,3724,611,0,150,6
1410,134,10.4166666666667,96.0,84.0,55.884,0.074,428.0625,193.9375,37.1619873046875,128.611397743225,3721,611,0,150,5
1411,134,10.4166666666667,96.0,84.0,55.884,0.074,428.0625,193.9375,37.1619873046875,128.612759590149,3721,611,0,150,5
1412,135,10.4166666666667,96.0,84.0,55.884,0.074,428.5625,193.9375,37.1643981933594,128.554360389709,3702,607,0,144,8
1413,135,10.4166666666667,96.0,84.0,55.884,0.074,426.5625,193.9375,37.1629638671875,128.517109870911,3692,599,0,144,8
1414,135,10.4166666666667,96.0,84.0,55.884,0.074,426.0,193.9375,37.1625862121582,128.517819404602,3692,599,0,144,8
1415,135,10.4166666666667,96.0,84.0,55.884,0.074,426.5,193.9375,37.1649971008301,128.559552192688,3707,602,0,146,10
1416,135,10.4166666666667,96.0,84.0,55.884,0.074,426.5,193.9375,37.1649971008301,128.558693885803,3705,602,0,146,10
1417,135,10.4166666666667,96.0,84.0,55.884,0.074,426.5,193.9375,37.1649971008301,128.560055732727,3705,602,0,146,10
1418,135,26.6233333333333,37.5610366846125,84.0,55.884,0.074,426.75,193.9375,37.1651458740234,128.598961830139,3727,607,0,150,13
1419,135,11.1111111111111,90.0,84.0,55.884,0.074,426.75,193.9375,37.1651458740234,128.601994514465,3730,607,0,148,14
1420,136,12.5,80.0,84.0,55.884,0.074,427.0,193.9375,37.171875,128.580853462219,3723,597,0,148,15
1421,136,10.9795555555556,91.0783678756476,84.0,55.884,0.074,426.875,193.9375,37.1685104370117,128.583554267883,3732,597,0,148,17
1422,136,12.5,80.0,84.0,55.884,0.074,426.875,193.9375,37.1685104370117,128.574933052063,3727,595,0,146,16
1423,136,12.5,80.0,84.0,55.884,0.074,426.875,193.9375,37.1685104370117,128.567318916321,3718,594,0,145,13
1424,136,12.5,80.0,84.0,55.884,0.074,426.875,193.9375,37.1685104370117,128.567002296448,3715,594,0,145,12
1425,136,12.5,80.0,84.0,55.884,0.074,426.875,193.9375,37.1685104370117,128.568364143372,3715,594,0,145,12
1426,136,12.5,80.0,84.0,55.884,0.074,426.875,193.9375,37.1685104370117,128.568634986877,3713,594,0,143,11
1427,136,12.5,80.0,84.0,55.884,0.074,426.875,193.9375,37.1685104370117,128.550148963928,3702,592,0,142,10
1428,137,12.5,80.0,84.0,55.884,0.074,426.625,193.9375,37.1683616638184,128.550709724426,3702,592,0,143,10
1429,137,12.5,80.0,84.0,55.884,0.074,428.5,195.5625,37.1686325073242,128.580613136292,3712,595,0,144,10
1430,137,12.5,80.0,84.0,55.884,0.074,428.5,195.5625,37.1686325073242,128.581974983215,3712,595,0,144,10
1431,137,11.049,90.505928138293,84.0,55.884,0.074,428.5,195.5625,37.1686325073242,128.583336830139,3712,595,0,142,10
1432,137,10.304,97.0496894409938,84.0,55.884,0.074,428.5,195.5625,37.1686325073242,128.583020210266,3709,595,0,142,9
1433,137,10.251,97.551458394303,84.0,55.884,0.074,428.5,195.5625,37.1686325073242,128.583420753479,3707,595,0,142,8
1434,137,10.549,94.7957152336714,84.0,55.884,0.074,428.5,195.5625,37.1686325073242,128.583691596985,3705,595,0,142,7
1435,137,10.607,94.2773640049024,84.0,55.884,0.074,428.5,195.5625,37.1686325073242,128.603070259094,3714,596,0,141,8
1436,137,11.1111111111111,90.0,84.0,55.884,0.074,429.125,195.9375,37.1689033508301,128.609807014465,3714,596,0,142,8
1437,138,11.1111111111111,90.0,84.0,55.884,0.074,433.0625,195.9375,37.1757507324219,128.894066810608,3900,627,0,153,38
1438,138,11.1111111111111,90.0,84.0,55.884,0.074,432.5625,195.9375,37.17333984375,128.135811805725,3838,592,0,150,37
1439,138,26.391,37.8917055056648,84.0,55.884,0.074,413.5625,194.5625,22.0771827697754,127.735806465149,3836,592,0,152,37
1440,138,16.6666666666667,60.0,84.0,55.884,0.074,414.5625,194.5625,22.0820045471191,127.789685249329,3859,595,0,155,42
1441,138,16.6666666666667,60.0,84.0,55.884,0.074,414.3125,194.5625,22.0798645019531,127.796082496643,3859,595,0,159,42
1442,138,16.6666666666667,60.0,84.0,55.884,0.074,415.3125,194.5625,22.0805511474609,127.920266151428,3920,609,0,171,50
1443,139,12.8676666666667,77.7141672926975,84.0,55.884,0.074,415.3125,194.5625,22.0805511474609,127.955395698547,3922,609,0,173,50
1444,139,11.068,90.3505601734731,84.0,55.884,0.074,415.3125,194.5625,22.0805511474609,127.921673774719,3904,606,0,173,46
1445,139,10.373,96.4041260965969,84.0,55.884,0.074,415.0625,194.5625,22.0803565979004,127.924214363098,3904,606,0,174,46
1446,139,10.522,95.0389659760502,84.0,55.884,0.074,415.0625,194.5625,22.0803565979004,127.941266059875,3912,607,0,174,47
1447,139,11.139,89.7746655893707,84.0,55.884,0.074,415.3125,194.5625,22.0806274414063,127.936100959778,3916,605,0,178,49
1448,139,10.321,96.8898362561767,84.0,55.884,0.074,415.3125,194.5625,22.0806274414063,127.922741889954,3905,602,0,176,46
1449,139,10.161,98.4155102844208,84.0,55.884,0.074,415.3125,194.5625,22.0806274414063,127.909733772278,3883,601,0,176,36
1450,139,10.346,96.6557123526,84.0,55.884,0.074,415.3125,194.5625,22.0806274414063,127.906991004944,3876,601,0,176,33
1451,139,10.38,96.3391136801541,84.0,55.884,0.074,415.3125,194.5625,22.0806274414063,127.927865028381,3887,603,0,176,35
1452,140,10.714,93.3358222885944,84.0,55.884,0.074,415.5625,194.5625,22.0808219909668,127.913212776184,3882,601,0,176,35
1453,140,11.043,90.5551027800417,84.0,55.884,0.074,413.6875,192.9375,22.0805511474609,127.894715309143,3897,600,0,179,41
1454,140,10.894,91.7936478795667,84.0,55.884,0.074,413.4375,192.9375,22.0802803039551,127.8572473526,3879,596,0,176,40
1455,140,10.451,95.6846234810066,84.0,55.884,0.074,412.8125,192.9375,22.0766181945801,127.854374885559,3874,596,0,175,39
1456,140,10.287,97.2100709633518,84.0,55.884,0.074,412.8125,192.9375,22.0766181945801,127.852860450745,3869,596,0,173,38
1457,140,10.527,94.9938254013489,84.0,55.884,0.074,412.8125,192.9375,22.0766181945801,127.854222297668,3869,596,0,173,38
1458,140,10.6,94.3396226415094,84.0,55.884,0.074,412.8125,192.9375,22.0766181945801,127.851128578186,3861,596,0,172,35
1459,140,20.7723333333333,48.1409567212799,84.0,55.884,0.074,412.8125,192.9375,22.0766181945801,127.832806587219,3853,595,0,171,34
1460,141,16.6666666666667,60.0,84.0,55.884,0.074,412.5625,192.9375,22.0763473510742,127.857533454895,3866,595,0,169,39
1461,141,16.6666666666667,60.0,84.0,55.884,0.074,412.5625,192.9375,22.0763473510742,127.848393440247,3855,595,0,168,36
1462,141,16.5603333333333,60.3852579456935,84.0,55.884,0.074,412.5625,192.9375,22.0763473510742,127.84446811676,3846,595,0,165,33
1463,141,10.485,95.3743443013829,84.0,55.884,0.074,412.5625,192.9375,22.0763473510742,127.830174446106,3824,595,0,162,28
1464,141,10.65,93.8967136150235,84.0,55.884,0.074,412.5625,192.9375,22.0763473510742,127.790246009827,3810,592,0,162,27
1465,141,10.286,97.2195216799533,84.0,55.884,0.074,412.0625,192.9375,22.0739364624023,127.731911659241,3788,588,0,158,22
1466,141,10.577,94.5447669471495,84.0,55.884,0.074,410.9375,192.5625,22.0712547302246,127.727650642395,3784,588,0,157,21
1467,141,10.515,95.1022349025202,84.0,55.884,0.074,410.9375,192.5625,22.0712547302246,127.680237770081,3756,584,0,154,19
1468,142,11.1111111111111,90.0,84.0,55.884,0.074,410.6875,192.5625,22.0710601806641,127.671986579895,3755,583,0,153,21
1469,142,10.8988888888889,91.7524722193903,84.0,55.884,0.074,410.1875,192.5625,22.0686492919922,127.626107215881,3740,579,0,151,21
1470,142,10.002,99.9800039992002,84.0,55.884,0.074,409.6875,192.5625,22.0662384033203,127.625515937805,3740,579,0,149,21
1471,142,10.191,98.1257972721028,84.0,55.884,0.074,409.6875,192.5625,22.0662384033203,127.616578102112,3723,579,0,149,15
1472,142,10.247,97.5895384014834,84.0,55.884,0.074,409.6875,192.5625,22.0662384033203,127.617939949036,3723,579,0,149,15
1473,142,10.141,98.6096045754856,84.0,55.884,0.074,409.6875,192.5625,22.0662384033203,127.577103614807,3706,575,0,147,15
1474,142,10.4166666666667,96.0,84.0,55.884,0.074,409.1875,192.5625,22.0658493041992,127.566075325012,3706,575,0,146,15
1475,142,10.4166666666667,96.0,84.0,55.884,0.074,409.4375,192.5625,22.0660438537598,127.601391792297,3716,577,0,147,17
1476,142,10.4166666666667,96.0,84.0,55.884,0.074,409.4375,192.5625,22.0660438537598,127.59308719635,3710,576,0,146,17
1477,142,10.4166666666667,96.0,84.0,55.884,0.074,409.4375,192.5625,22.0660438537598,127.5916223526,3713,576,0,147,18
1478,143,10.4166666666667,96.0,84.0,55.884,0.074,409.4375,192.5625,22.0660438537598,127.576741218567,3694,575,0,147,15
1479,143,10.4166666666667,96.0,84.0,55.884,0.074,409.4375,192.5625,22.0660438537598,127.546902656555,3679,572,0,146,14
1480,143,10.4166666666667,96.0,84.0,55.884,0.074,409.1875,192.5625,22.0658493041992,127.529843330383,3666,570,0,144,12
1481,143,10.4166666666667,96.0,84.0,55.884,0.074,409.1875,192.5625,22.0658493041992,127.52952671051,3663,570,0,144,11
1482,143,10.4166666666667,96.0,84.0,55.884,0.074,409.1875,192.5625,22.0658493041992,127.527649879456,3666,570,0,146,12
1483,143,10.4166666666667,96.0,86.0,37.415,0.041,409.1875,192.5625,22.0658493041992,127.529011726379,3666,570,0,146,12
1484,143,10.4166666666667,96.0,86.0,37.415,0.041,409.1875,192.5625,22.0658493041992,127.52855014801,3663,570,0,146,10
1485,143,10.4166666666667,96.0,86.0,37.415,0.041,409.1875,192.5625,22.0658493041992,127.528698921204,3661,570,0,146,9
1486,143,10.146,98.5610092647348,86.0,37.415,0.041,409.1875,192.5625,22.0658493041992,127.530060768127,3661,570,0,146,9
1487,144,10.4166666666667,96.0,86.0,37.415,0.041,409.1875,192.5625,22.0658493041992,127.531300544739,3661,570,0,146,9
1488,144,10.4166666666667,96.0,86.0,37.415,0.041,409.1875,192.5625,22.0658493041992,127.535546302795,3666,570,0,146,11
1489,144,10.4166666666667,96.0,86.0,37.415,0.041,409.1875,192.5625,22.0658493041992,127.536908149719,3666,570,0,146,11
1490,144,10.288,97.2006220839813,86.0,37.415,0.041,409.1875,192.5625,22.0658493041992,127.538269996643,3666,570,0,146,11
1491,144,10.4166666666667,96.0,86.0,37.415,0.041,409.1875,192.5625,22.0658493041992,127.539631843567,3666,570,0,142,11
1492,144,10.4166666666667,96.0,86.0,37.415,0.041,409.1875,192.5625,22.0658493041992,127.538773536682,3664,570,0,142,11
1493,144,10.2216666666667,97.8314038806457,86.0,37.415,0.041,409.1875,192.5625,22.0658493041992,127.536141395569,3657,570,0,142,9
1494,144,10.359,96.5344145187759,86.0,37.415,0.041,409.1875,192.5625,22.0658493041992,127.537987709045,3666,570,0,144,12
1495,144,10.367,96.4599209028649,86.0,37.415,0.041,409.1875,192.5625,22.0658493041992,127.539349555969,3666,570,0,144,12
1496,144,10.36,96.5250965250965,86.0,37.415,0.041,409.1875,192.5625,22.0658493041992,127.540711402893,3666,570,0,144,12
1497,145,10.236,97.6944118796405,86.0,37.415,0.041,409.1875,192.5625,22.0658493041992,127.542012214661,3666,570,0,138,12
1498,145,9.992,100.080064051241,86.0,37.415,0.041,409.1875,192.5625,22.0658493041992,127.541100502014,3662,570,0,138,11
1499,145,9.89,101.112234580384,86.0,37.415,0.041,409.1875,192.5625,22.0658493041992,127.539105415344,3656,570,0,138,9
1500,145,10.083,99.1768322919766,86.0,37.415,0.041,409.1875,192.5625,22.0658493041992,127.540467262268,3656,570,0,138,9
1501,145,10.273,97.3425484279178,86.0,37.415,0.041,409.1875,192.5625,22.0658493041992,127.541829109192,3656,570,0,138,9
1502,145,10.0,100.0,86.0,37.415,0.041,409.1875,192.5625,22.0658493041992,127.462254524231,3636,552,0,138,9
1503,145,10.0,100.0,86.0,37.415,0.041,406.75,192.5625,22.0642127990723,127.458813667297,3633,552,0,138,7
1504,145,10.0,100.0,86.0,37.415,0.041,406.75,192.5625,22.0642127990723,127.460175514221,3633,552,0,138,7
1505,145,16.2833333333333,61.4124872057318,86.0,37.415,0.041,406.75,192.5625,22.0642127990723,127.440037727356,3624,550,0,137,7
1506,146,11.913,83.9419121967598,86.0,37.415,0.041,406.5,192.5625,22.0640182495117,127.44046497345,3624,550,0,135,7
1507,146,11.199,89.2936869363336,86.0,37.415,0.041,406.5,192.5625,22.0640182495117,127.438172340393,3618,550,0,135,4
1508,146,11.581,86.3483291598308,86.0,37.415,0.041,406.5,192.5625,22.0640182495117,127.41698551178,3609,548,0,134,4
1509,146,11.1111111111111,90.0,86.0,37.415,0.041,406.25,192.5625,22.0638236999512,127.406868934631,3609,548,0,134,4
1510,146,11.1111111111111,90.0,86.0,37.415,0.041,406.25,192.5625,22.0638236999512,127.408230781555,3609,548,0,134,4
1511,146,11.1307777777778,89.8409814628108,86.0,37.415,0.041,406.25,192.5625,22.0638236999512,127.409592628479,3609,548,0,132,4
1512,146,11.1111111111111,90.0,86.0,37.415,0.041,406.25,192.5625,22.0638236999512,127.409276008606,3606,548,0,132,3
1513,146,11.1111111111111,90.0,86.0,37.415,0.041,406.25,192.5625,22.0638236999512,127.41063785553,3606,548,0,132,3
1514,146,11.6666666666667,85.7142857142857,86.0,37.415,0.041,406.25,192.5625,22.0638236999512,127.411999702454,3606,548,0,132,3
1515,147,13.3681111111111,74.8048839277552,86.0,37.415,0.041,406.25,192.5625,22.0638236999512,127.417435646057,3605,547,0,131,4
1516,147,11.6666666666667,85.7142857142857,86.0,37.415,0.041,406.25,192.5625,22.0638236999512,127.418797492981,3605,547,0,131,4
1517,147,11.6666666666667,85.7142857142857,86.0,37.415,0.041,406.25,192.5625,22.0638236999512,127.420159339905,3605,547,0,131,4
1518,147,11.6666666666667,85.7142857142857,86.0,37.415,0.041,406.25,192.5625,22.0638236999512,127.421521186829,3605,547,0,131,4
1519,147,11.6666666666667,85.7142857142857,86.0,37.415,0.041,406.25,192.5625,22.0638236999512,127.422883033752,3605,547,0,131,4
1520,147,11.6666666666667,85.7142857142857,86.0,37.415,0.041,406.25,192.5625,22.0638236999512,127.424244880676,3605,547,0,131,4
1521,147,11.6666666666667,85.7142857142857,86.0,37.415,0.041,406.25,192.5625,22.0638236999512,127.4256067276,3605,547,0,131,4
1522,147,11.6666666666667,85.7142857142857,86.0,37.415,0.041,406.25,192.5625,22.0638236999512,127.426968574524,3605,547,0,129,4
1523,147,11.6666666666667,85.7142857142857,86.0,37.415,0.041,406.25,192.5625,22.0638236999512,127.426651954651,3602,547,0,129,3
1524,148,11.6666666666667,85.7142857142857,86.0,37.415,0.041,406.25,192.5625,22.0638236999512,127.43989276886,3605,547,0,129,4
1525,148,11.6666666666667,85.7142857142857,86.0,37.415,0.041,406.625,192.5625,22.0648536682129,127.502411842346,3634,557,0,137,7
1526,148,11.6666666666667,85.7142857142857,86.0,37.415,0.041,406.625,192.5625,22.0648536682129,127.50377368927,3634,557,0,137,7
1527,148,11.6666666666667,85.7142857142857,86.0,37.415,0.041,406.625,192.5625,22.0648536682129,127.505135536194,3634,557,0,135,7
1528,148,11.5423333333334,86.6375949403643,86.0,37.415,0.041,406.625,192.5625,22.0648536682129,127.511403083801,3637,558,0,135,7
1529,148,11.6666666666667,85.7142857142857,86.0,37.415,0.041,406.625,192.5625,22.0648536682129,127.512249946594,3635,558,0,136,6
1530,148,11.1111111111111,90.0,86.0,37.415,0.041,406.625,192.5625,22.0648536682129,127.513611793518,3635,558,0,136,6
1531,148,11.1111111111111,90.0,86.0,37.415,0.041,406.625,192.5625,22.0648536682129,127.507115364075,3633,556,0,134,6
1532,149,11.1111111111111,90.0,86.0,37.415,0.041,407.375,192.5625,22.0674591064453,127.611802101135,3675,564,0,137,11
1533,149,11.1111111111111,90.0,86.0,37.415,0.041,407.375,192.5625,22.0674591064453,127.612061500549,3672,564,0,138,10
1534,149,11.6666666666667,85.7142857142857,86.0,37.415,0.041,409.25,194.1875,22.0677299499512,127.641457557678,3682,567,0,139,10
1535,149,11.6666666666667,85.7142857142857,86.0,37.415,0.041,409.75,194.1875,22.070140838623,127.683190345764,3697,570,0,141,12
1536,149,11.1111111111111,90.0,86.0,37.415,0.041,409.75,194.1875,22.070140838623,127.690266609192,3703,571,0,141,13
1537,149,11.1111111111111,90.0,86.0,37.415,0.041,409.75,194.1875,22.070140838623,127.688698768616,3702,570,0,141,13
1538,149,11.1111111111111,90.0,86.0,37.415,0.041,410.0,194.1875,22.0702896118164,127.720749855042,3721,575,0,147,15
1539,149,11.1111111111111,90.0,86.0,37.415,0.041,410.25,194.1875,22.070484161377,127.744309425354,3729,577,0,148,16
1540,149,11.1111111111111,90.0,86.0,37.415,0.041,410.25,194.1875,22.070484161377,127.763688087463,3738,578,0,148,17
1541,150,11.1111111111111,90.0,86.0,37.415,0.041,411.625,194.5625,22.0733604431152,127.874863624573,3784,586,0,151,23
1542,150,11.1111111111111,90.0,86.0,37.415,0.041,411.625,194.5625,22.0733604431152,127.871438026428,3781,586,0,152,21
1543,150,11.1111111111111,90.0,86.0,37.415,0.041,411.625,194.5625,22.0733604431152,127.872799873352,3781,586,0,152,21
1544,150,11.1111111111111,90.0,86.0,37.415,0.041,412.125,194.5625,22.0757713317871,127.903824806213,3797,587,0,154,24
1545,150,11.1111111111111,90.0,86.0,37.415,0.041,412.125,194.5625,22.0757713317871,127.892258644104,3787,585,0,152,21
1546,150,11.1111111111111,90.0,86.0,37.415,0.041,412.125,194.5625,22.0757713317871,127.895760536194,3786,586,0,152,20
1547,150,11.1111111111111,90.0,86.0,37.415,0.041,412.125,194.5625,22.0757713317871,127.909222602844,3787,587,0,153,17
1548,150,11.1111111111111,90.0,86.0,37.415,0.041,412.875,194.5625,22.0763854980469,127.976414680481,3819,594,0,159,22
1549,150,12.1777777777778,82.1167883211677,86.0,37.415,0.041,412.875,194.5625,22.0763854980469,127.996457099915,3836,597,0,159,24
1550,151,12.391,80.7037365830039,86.0,37.415,0.041,412.875,194.5625,22.0763854980469,127.976849555969,3829,588,0,155,27
1551,151,11.6666666666667,85.7142857142857,86.0,37.415,0.041,412.25,194.5625,22.0752067565918,127.966378211975,3831,588,0,159,27
1552,151,11.6666666666667,85.7142857142857,86.0,37.415,0.041,412.25,194.5625,22.0752067565918,127.967740058899,3831,588,0,159,27
1553,151,11.6666666666667,85.7142857142857,86.0,37.415,0.041,412.25,194.5625,22.0752067565918,127.969101905823,3831,588,0,159,27
1554,151,11.6666666666667,85.7142857142857,86.0,37.415,0.041,412.25,194.5625,22.0752067565918,127.977849006653,3837,587,0,157,28
1555,151,11.6666666666667,85.7142857142857,86.0,37.415,0.041,412.5,194.5625,22.0754776000977,127.970711708069,3827,585,0,156,25
1556,151,11.6666666666667,85.7142857142857,86.0,37.415,0.041,412.5,194.5625,22.0754776000977,127.968091011047,3820,585,0,156,22
1557,151,11.6666666666667,85.7142857142857,86.0,37.415,0.041,412.5,194.5625,22.0754776000977,127.955079078674,3813,582,0,151,20
1558,151,11.1111111111111,90.0,86.0,37.415,0.041,412.5,194.5625,22.0754776000977,127.966858863831,3808,584,0,151,18
1559,152,11.1111111111111,90.0,86.0,37.415,0.041,412.75,194.5625,22.0756721496582,127.963948249817,3814,582,0,153,22
1560,152,11.1111111111111,90.0,86.0,37.415,0.041,410.875,192.9375,22.0754013061523,127.928235054016,3806,579,0,151,22
1561,152,11.1111111111111,90.0,86.0,37.415,0.041,410.375,192.9375,22.0749816894531,127.925740242004,3802,579,0,151,21
1562,152,11.1111111111111,90.0,86.0,37.415,0.041,410.375,192.9375,22.0749816894531,127.893475532532,3792,576,0,149,21
1563,152,11.1111111111111,90.0,86.0,37.415,0.041,409.875,192.9375,22.0725708007813,127.891922950745,3790,576,0,149,20
1564,152,11.1111111111111,90.0,86.0,37.415,0.041,409.875,192.9375,22.0725708007813,127.875985145569,3767,575,0,149,16
1565,152,11.1111111111111,90.0,86.0,37.415,0.041,409.875,192.9375,22.0725708007813,127.813126564026,3753,569,0,148,19
1566,152,11.1111111111111,90.0,86.0,37.415,0.041,409.125,192.9375,22.0699653625488,127.81098651886,3752,569,0,148,19
1567,152,11.1111111111111,90.0,86.0,37.415,0.041,409.125,192.9375,22.0699653625488,127.79457950592,3747,568,0,147,18
1568,153,11.1111111111111,90.0,86.0,37.415,0.041,409.875,192.9375,22.0745162963867,127.904759407043,3789,577,0,151,22
1569,153,11.1111111111111,90.0,86.0,37.415,0.041,409.875,192.9375,22.0745162963867,127.900498390198,3790,577,0,153,21
1570,153,11.1111111111111,90.0,86.0,37.415,0.041,409.875,192.9375,22.0745162963867,127.879689216614,3780,575,0,152,20
1571,153,11.1111111111111,90.0,86.0,37.415,0.041,410.625,192.9375,22.0791435241699,127.959645271301,3808,581,0,156,23
1572,153,11.1111111111111,90.0,89.0,32.184,0.034,410.625,192.9375,22.0791435241699,127.927380561829,3798,578,0,154,23
1573,153,11.0693333333334,90.3396771862198,89.0,32.184,0.034,410.125,192.9375,22.076732635498,127.914811134338,3786,577,0,153,20
1574,153,11.1111111111111,90.0,89.0,32.184,0.034,410.375,192.9375,22.0768814086914,127.928978919983,3803,581,0,158,22
1575,153,10.3578888888889,96.5447699552676,89.0,32.184,0.034,409.75,192.5625,22.0766105651855,127.861733436584,3776,575,0,155,21
1576,153,10.831,92.3275782476226,89.0,32.184,0.034,409.0,192.5625,22.0740051269531,127.857804298401,3772,575,0,155,19
1577,154,11.1111111111111,90.0,89.0,32.184,0.034,409.0,192.5625,22.0740051269531,127.860196113586,3771,574,0,155,20
1578,154,11.0318888888889,90.6463081773042,89.0,32.184,0.034,409.0,192.5625,22.0740051269531,127.859017372131,3769,574,0,155,18
1579,154,10.074,99.2654357752631,89.0,32.184,0.034,409.0,192.5625,22.0740051269531,127.838940620422,3760,572,0,154,18
1580,154,10.559,94.7059380623165,89.0,32.184,0.034,408.75,192.5625,22.0738105773926,127.839367866516,3760,572,0,154,18
1581,154,10.667,93.7470704040499,89.0,32.184,0.034,408.75,192.5625,22.0738105773926,127.832425117493,3758,570,0,152,18
1582,154,10.395,96.2000962000962,89.0,32.184,0.034,408.75,192.5625,22.0738105773926,127.817151069641,3754,569,0,149,17
1583,154,10.6060606060606,94.2857142857143,89.0,32.184,0.034,408.75,192.5625,22.0738105773926,127.821370124817,3749,569,0,151,15
1584,154,10.2119393939394,97.9245921292367,89.0,32.184,0.034,408.75,192.5625,22.0738105773926,127.822731971741,3749,569,0,151,15
1585,154,10.33,96.8054211035818,89.0,32.184,0.034,408.75,192.5625,22.0738105773926,127.815052986145,3742,568,0,151,15
1586,155,10.344,96.6744006187162,89.0,32.184,0.034,408.75,192.5625,22.0738105773926,127.798657417297,3735,566,0,150,15
1587,155,10.177,98.2607841210573,89.0,32.184,0.034,408.5,192.5625,22.0736618041992,127.761826515198,3717,562,0,149,15
1588,155,10.143,98.5901607019619,89.0,32.184,0.034,408.25,192.5625,22.0734672546387,127.758690834045,3713,562,0,147,13
1589,155,9.961,100.391526955125,89.0,32.184,0.034,408.25,192.5625,22.0734672546387,127.760052680969,3713,562,0,147,13
1590,155,10.276,97.3141300116777,89.0,32.184,0.034,408.25,192.5625,22.0734672546387,127.759736061096,3710,562,0,147,12
1591,155,10.075,99.2555831265509,89.0,32.184,0.034,408.25,192.5625,22.0734672546387,127.76109790802,3710,562,0,147,12
1592,155,10.087,99.1375037176564,89.0,32.184,0.034,408.25,192.5625,22.0734672546387,127.762459754944,3710,562,0,147,12
1593,155,10.4166666666667,96.0,89.0,32.184,0.034,408.25,192.5625,22.0734672546387,127.760540962219,3712,562,0,149,12
1594,155,10.4166666666667,96.0,89.0,32.184,0.034,408.25,192.5625,22.0734672546387,127.761902809143,3712,562,0,149,12
1595,155,11.972,83.5282325425994,89.0,32.184,0.034,408.25,192.5625,22.0734672546387,127.761342048645,3708,562,0,149,10
1596,156,10.6060606060606,94.2857142857143,89.0,32.184,0.034,408.25,192.5625,22.0734672546387,127.762642860413,3708,562,0,145,10
1597,156,10.6060606060606,94.2857142857143,89.0,32.184,0.034,408.25,192.5625,22.0734672546387,127.757550239563,3705,562,0,147,9
1598,156,10.6060606060606,94.2857142857143,89.0,32.184,0.034,408.25,192.5625,22.0734672546387,127.758912086487,3705,562,0,147,9
1599,156,10.9581515151515,91.2562669549999,89.0,32.184,0.034,408.25,192.5625,22.0734672546387,127.760273933411,3705,562,0,147,9
1600,156,10.6060606060606,94.2857142857143,89.0,32.184,0.034,408.25,192.5625,22.0734672546387,127.730935096741,3685,556,0,143,9
1601,156,10.6060606060606,94.2857142857143,89.0,32.184,0.034,407.25,192.5625,22.0686454772949,127.726490974426,3681,556,0,143,7
1602,156,10.6060606060606,94.2857142857143,89.0,32.184,0.034,407.25,192.5625,22.0686454772949,127.727215766907,3680,556,0,143,7
1603,156,10.6060606060606,94.2857142857143,89.0,32.184,0.034,407.25,192.5625,22.0686454772949,127.635792732239,3650,548,0,139,7
1604,156,10.6060606060606,94.2857142857143,89.0,32.184,0.034,406.25,192.5625,22.0638236999512,127.633271217346,3650,548,0,139,7
1605,157,10.6060606060606,94.2857142857143,89.0,32.184,0.034,406.25,192.5625,22.0638236999512,127.632328987122,3648,548,0,136,7
1606,157,10.6060606060606,94.2857142857143,89.0,32.184,0.034,406.25,192.5625,22.0638236999512,127.632012367249,3645,548,0,136,6
1607,157,10.6060606060606,94.2857142857143,89.0,32.184,0.034,406.25,192.5625,22.0638236999512,127.633374214172,3645,548,0,136,6
1608,157,10.6060606060606,94.2857142857143,89.0,32.184,0.034,406.25,192.5625,22.0638236999512,127.634736061096,3645,548,0,136,6
1609,157,10.6060606060606,94.2857142857143,89.0,32.184,0.034,406.25,192.5625,22.0638236999512,127.63609790802,3645,548,0,136,6
1610,157,10.6060606060606,94.2857142857142,89.0,32.184,0.034,406.25,192.5625,22.0638236999512,127.637459754944,3645,548,0,136,6
1611,157,10.6060606060606,94.2857142857143,89.0,32.184,0.034,406.25,192.5625,22.0638236999512,127.638821601868,3645,548,0,136,6
1612,157,10.6060606060606,94.2857142857143,89.0,32.184,0.034,406.25,192.5625,22.0638236999512,127.631073951721,3638,547,0,136,6
1613,157,10.6060606060606,94.2857142857143,89.0,32.184,0.034,406.25,192.5625,22.0638236999512,127.632435798645,3638,547,0,136,6
1614,157,10.4166666666667,96.0,89.0,32.184,0.034,406.25,192.5625,22.0638236999512,127.633797645569,3638,547,0,136,6
1615,158,10.4166666666667,96.0,89.0,32.184,0.034,406.25,192.5625,22.0638236999512,127.647198677063,3641,547,0,134,7
1616,158,10.4166666666667,96.0,89.0,32.184,0.034,406.25,192.5625,22.0638236999512,127.648560523987,3641,547,0,134,7
1617,158,10.4166666666667,96.0,89.0,32.184,0.034,406.25,192.5625,22.0638236999512,127.637700080872,3638,547,0,134,6
1618,158,10.4166666666667,96.0,89.0,32.184,0.034,406.25,192.5625,22.0638236999512,127.639061927795,3638,547,0,134,6
1619,158,10.4166666666667,96.0,89.0,32.184,0.034,406.25,192.5625,22.0638236999512,127.640423774719,3638,547,0,134,6
1620,158,10.4166666666667,96.0,89.0,32.184,0.034,406.25,192.5625,22.0638236999512,127.641785621643,3638,547,0,134,6
1621,158,10.4166666666667,96.0,89.0,32.184,0.034,406.25,192.5625,22.0638236999512,127.643147468567,3638,547,0,132,6
1622,158,10.4166666666667,96.0,89.0,32.184,0.034,406.25,192.5625,22.0638236999512,127.642830848694,3635,547,0,132,5
1623,158,10.4166666666667,96.0,89.0,32.184,0.034,406.25,192.5625,22.0638236999512,127.644192695618,3635,547,0,132,5
1624,159,10.4166666666667,96.0,89.0,32.184,0.034,406.25,192.5625,22.0638236999512,127.645493507385,3635,547,0,132,5
1625,159,10.4166666666667,96.0,89.0,32.184,0.034,406.25,192.5625,22.0638236999512,127.646855354309,3635,547,0,132,5
1626,159,10.4166666666667,96.0,89.0,32.184,0.034,406.625,192.5625,22.0648536682129,127.709435462952,3664,557,0,140,8
1627,159,10.4166666666667,96.0,89.0,32.184,0.034,406.625,192.5625,22.0648536682129,127.710797309875,3664,557,0,140,8
1628,159,10.4166666666667,96.0,89.0,32.184,0.034,406.625,192.5625,22.0648536682129,127.712159156799,3664,557,0,140,8
1629,159,10.4166666666667,96.0,89.0,32.184,0.034,406.625,192.5625,22.0648536682129,127.713521003723,3664,557,0,140,8
1630,159,10.4166666666667,96.0,89.0,32.184,0.034,406.625,192.5625,22.0648536682129,127.721467018127,3670,558,0,138,9
1631,159,10.4166666666667,96.0,89.0,32.184,0.034,406.625,192.5625,22.0648536682129,127.720635414124,3665,558,0,139,7
1632,159,10.4166666666667,96.0,89.0,32.184,0.034,406.625,192.5625,22.0648536682129,127.721997261047,3665,558,0,137,7
1633,159,10.4166666666667,96.0,89.0,32.184,0.034,406.625,192.5625,22.0648536682129,127.713227272034,3659,556,0,135,6
1634,160,10.4166666666667,96.0,89.0,32.184,0.034,407.375,192.5625,22.0674591064453,127.823700904846,3698,563,0,138,11
1635,160,10.4166666666667,96.0,89.0,32.184,0.034,407.375,192.5625,22.0674591064453,127.829476356506,3701,564,0,138,11
1636,160,10.4166666666667,96.0,89.0,32.184,0.034,407.375,192.5625,22.0674591064453,127.831414222717,3701,564,0,139,11
1637,160,10.4166666666667,96.0,89.0,32.184,0.034,407.875,192.5625,22.0698699951172,127.870297431946,3719,567,0,143,14
1638,160,10.4166666666667,96.0,89.0,32.184,0.034,407.875,192.5625,22.0698699951172,127.87165927887,3719,567,0,143,14
1639,160,10.4166666666667,96.0,89.0,32.184,0.034,407.875,192.5625,22.0698699951172,127.873021125793,3719,567,0,143,14
1640,160,10.4166666666667,96.0,89.0,32.184,0.034,407.875,192.5625,22.0698699951172,127.875378608704,3722,567,0,142,14
1641,160,10.4166666666667,96.0,89.0,32.184,0.034,408.375,192.5625,22.0702133178711,127.936764717102,3752,574,0,148,19
1642,160,10.4166666666667,96.0,89.0,32.184,0.034,408.375,192.5625,22.0702133178711,127.936913490295,3750,574,0,148,18
1643,161,24.7384848484849,40.4228474833714,89.0,32.184,0.034,408.625,192.5625,22.0704078674316,127.984311103821,3773,578,0,149,22
1644,161,14.373,69.5748973770264,89.0,32.184,0.034,410.5,194.1875,22.0706787109375,128.008793830872,3783,580,0,148,21
1645,161,10.3203333333333,96.8960950873684,89.0,32.184,0.034,410.5,194.1875,22.0706787109375,128.004990577698,3774,580,0,148,18
1646,161,12.5,80.0,89.0,32.184,0.034,410.5,194.1875,22.0706787109375,127.998494148254,3772,578,0,146,18
1647,161,12.5,80.0,89.0,32.184,0.034,410.5,194.1875,22.0706787109375,127.996525764465,3769,578,0,145,16
1648,161,12.5,80.0,89.0,32.184,0.034,410.75,194.1875,22.070873260498,128.012684822083,3768,579,0,146,13
1649,161,12.5,80.0,89.0,32.184,0.034,410.75,194.1875,22.070873260498,128.010560035706,3762,579,0,146,11
1650,161,12.5,80.0,89.0,32.184,0.034,410.75,194.1875,22.070873260498,128.045834541321,3789,582,0,145,15
1651,162,12.5,80.0,89.0,32.184,0.034,411.875,194.5625,22.0735549926758,128.060715675354,3798,579,0,144,17
1652,162,12.5,80.0,89.0,32.184,0.034,411.25,194.5625,22.0723762512207,128.055012702942,3804,579,0,148,19
1653,162,12.5,80.0,89.0,32.184,0.034,411.75,194.5625,22.0747871398926,128.096745491028,3819,582,0,150,21
1654,162,12.5,80.0,89.0,32.184,0.034,411.75,194.5625,22.0747871398926,128.098107337952,3819,582,0,150,21
1655,162,10.7113333333334,93.3590589406854,89.0,32.184,0.034,411.75,194.5625,22.0747871398926,128.095070838928,3818,581,0,149,21
1656,162,10.694,93.5103796521414,89.0,32.184,0.034,411.75,194.5625,22.0747871398926,128.091095924377,3817,581,0,151,20
1657,162,10.347,96.6463709287716,89.0,32.184,0.034,412.0,194.5625,22.0749359130859,128.14444065094,3845,587,0,153,23
1658,162,10.594,94.3930526713234,89.0,32.184,0.034,412.25,194.5625,22.0752067565918,128.137516975403,3840,584,0,151,22
1659,163,11.1111111111111,90.0,89.0,32.184,0.034,412.25,194.5625,22.0752067565918,128.169877052307,3838,584,0,154,23
1660,163,11.1111111111111,90.0,89.0,32.184,0.034,412.25,194.5625,22.0752067565918,128.171238899231,3838,584,0,154,23
1661,163,11.1111111111111,90.0,89.0,32.184,0.034,412.25,194.5625,22.0752067565918,128.171975135803,3839,584,0,154,23
1662,163,10.7536666666667,92.9915377700629,89.0,32.184,0.034,412.25,194.5625,22.0752067565918,128.139710426331,3829,581,0,152,23
1663,163,10.156,98.4639621898385,89.0,32.184,0.034,411.75,194.5625,22.0727958679199,128.139119148254,3829,581,0,152,23
1664,163,10.022,99.7804829375374,92.0,36.337,0.029,411.75,194.5625,22.0727958679199,128.13121509552,3825,579,0,150,22
1665,163,10.398,96.1723408347759,92.0,36.337,0.029,411.75,194.5625,22.0727958679199,128.127102851868,3810,578,0,149,20
1666,163,10.596,94.3752359380898,92.0,36.337,0.029,412.0,194.5625,22.0730667114258,128.087178230286,3791,574,0,148,18
1667,163,10.136,98.6582478295186,92.0,36.337,0.029,411.5,194.5625,22.0706558227539,128.06508731842,3782,572,0,147,18
1668,163,10.536,94.9126803340926,92.0,36.337,0.029,411.25,194.5625,22.0704612731934,128.084389686584,3792,574,0,147,20
1669,164,10.6060606060606,94.2857142857143,92.0,36.337,0.029,411.75,194.5625,22.0708503723145,128.108273506165,3801,575,0,148,21
1670,164,10.6060606060606,94.2857142857143,92.0,36.337,0.029,409.875,192.9375,22.0705795288086,128.069539070129,3796,572,0,148,22
1671,164,10.6060606060606,94.2857142857143,92.0,36.337,0.029,409.375,192.9375,22.0701599121094,128.045605659485,3783,570,0,147,21
1672,164,10.6060606060606,94.2857142857143,92.0,36.337,0.029,409.125,192.9375,22.0699653625488,128.046032905579,3783,570,0,147,21
1673,164,10.6060606060606,94.2857142857143,92.0,36.337,0.029,409.125,192.9375,22.0699653625488,128.047394752502,3783,570,0,147,21
1674,164,10.6060606060606,94.2857142857143,92.0,36.337,0.029,409.125,192.9375,22.0699653625488,128.046780586243,3780,570,0,146,19
1675,164,10.6060606060606,94.2857142857143,92.0,36.337,0.029,409.125,192.9375,22.0699653625488,128.015419960022,3760,567,0,145,17
1676,164,10.6060606060606,94.2857142857143,92.0,36.337,0.029,409.125,192.9375,22.0699653625488,128.039258003235,3770,569,0,146,19
1677,164,10.6060606060606,94.2857142857143,92.0,36.337,0.029,409.125,192.9375,22.0699653625488,128.039658546448,3768,569,0,146,18
1678,165,10.6060606060606,94.2857142857143,92.0,36.337,0.029,409.125,192.9375,22.0699653625488,128.013672828674,3760,567,0,145,16
1679,165,10.013393939394,99.8662397637103,92.0,36.337,0.029,408.875,192.9375,22.069694519043,128.011040687561,3755,567,0,145,14
1680,165,10.429,95.8864704190239,92.0,36.337,0.029,408.875,192.9375,22.069694519043,127.98912525177,3745,565,0,142,13
1681,165,10.467,95.5383586509984,92.0,36.337,0.029,408.625,192.9375,22.0694999694824,127.988820075989,3744,565,0,142,12
1682,165,10.115,98.8630746416214,92.0,36.337,0.029,408.625,192.9375,22.0694999694824,127.953663825989,3729,562,0,140,10
1683,165,9.985,100.150225338007,92.0,36.337,0.029,408.125,192.9375,22.0670890808105,127.953072547913,3729,562,0,140,10
1684,165,10.6060606060606,94.2857142857143,92.0,36.337,0.029,408.125,192.9375,22.0670890808105,127.951195716858,3732,562,0,142,11
1685,165,10.2679393939394,97.3905241971184,92.0,36.337,0.029,408.125,192.9375,22.0670890808105,127.949772834778,3727,562,0,142,8
1686,165,10.0,100.0,92.0,36.337,0.029,408.125,192.9375,22.0670890808105,127.905270576477,3711,558,0,140,7
1687,165,9.997,100.030009002701,92.0,36.337,0.029,407.625,192.9375,22.0646781921387,127.885499000549,3707,557,0,139,7
1688,166,17.9563333333333,55.6906569641166,92.0,36.337,0.029,407.25,192.5625,22.0646018981934,127.916184425354,3716,559,0,140,9
1689,166,12.172,82.1557673348669,92.0,36.337,0.029,407.25,192.5625,22.0646018981934,127.916771888733,3723,559,0,142,12
1690,166,11.1111111111111,90.0,92.0,36.337,0.029,407.25,192.5625,22.0646018981934,127.918133735657,3723,559,0,142,12
1691,166,11.1111111111111,90.0,92.0,36.337,0.029,407.25,192.5625,22.0646018981934,127.919495582581,3723,559,0,142,12
1692,166,13.0237777777778,76.7826368863788,92.0,36.337,0.029,407.25,192.5625,22.0646018981934,127.910782814026,3740,559,0,148,17
1693,166,12.5,80.0,92.0,36.337,0.029,407.25,192.5625,22.0646018981934,127.922688484192,3740,559,0,148,17
1694,166,12.5,80.0,92.0,36.337,0.029,407.5,192.5625,22.0647964477539,127.950345039368,3755,561,0,149,21
1695,166,12.5,80.0,92.0,36.337,0.029,407.5,192.5625,22.0647964477539,127.942666053772,3748,560,0,149,21
1696,167,12.1212121212121,82.5,92.0,36.337,0.029,407.5,192.5625,22.0647964477539,127.943173408508,3747,560,0,145,20
1697,167,9.61945454545447,103.9559982611,92.0,36.337,0.029,407.5,192.5625,22.0647964477539,127.913403511047,3732,557,0,144,19
1698,167,12.1212121212121,82.5,92.0,36.337,0.029,407.25,192.5625,22.0646018981934,127.907612800598,3721,557,0,144,15
1699,167,12.1212121212121,82.5,92.0,36.337,0.029,407.25,192.5625,22.0646018981934,127.908974647522,3721,557,0,144,15
1700,167,12.1212121212121,82.5,92.0,36.337,0.029,407.25,192.5625,22.0646018981934,127.910336494446,3721,557,0,144,15
1701,167,12.1212121212121,82.5,92.0,36.337,0.029,407.25,192.5625,22.0646018981934,127.91169834137,3721,557,0,142,15
1702,167,12.1212121212121,82.5,92.0,36.337,0.029,407.25,192.5625,22.0646018981934,127.90636920929,3710,557,0,142,9
1703,167,12.1212121212121,82.5,92.0,36.337,0.029,407.25,192.5625,22.0646018981934,127.886231422424,3701,555,0,139,9
1704,168,12.1212121212121,82.5,92.0,36.337,0.029,409.6875,192.5625,22.0662078857422,128.37798500061,3838,578,0,144,33
1705,168,12.1212121212121,82.5,92.0,36.337,0.029,409.6875,192.5625,22.0662078857422,128.382696151733,3840,578,0,145,34
1706,168,12.1212121212121,82.5,92.0,36.337,0.029,409.6875,192.5625,22.0662078857422,128.386308670044,3837,578,0,147,32
1707,168,12.1212121212121,82.5,92.0,36.337,0.029,409.6875,192.5625,22.0662078857422,128.366231918335,3828,576,0,146,32
1708,168,12.1212121212121,82.5,92.0,36.337,0.029,409.4375,192.5625,22.0660133361816,128.368772506714,3828,576,0,147,32
1709,168,11.9047619047619,84.0,92.0,36.337,0.029,409.4375,192.5625,22.0660133361816,128.371610641479,3827,576,0,150,32
1710,168,11.9047619047619,84.0,92.0,36.337,0.029,409.4375,192.5625,22.0660133361816,128.37558555603,3836,576,0,153,35
1711,168,11.9047619047619,84.0,92.0,36.337,0.029,409.4375,192.5625,22.0660133361816,128.376947402954,3836,576,0,153,35
1712,169,11.9047619047619,84.0,92.0,36.337,0.029,409.6875,192.5625,22.0662078857422,128.4039478302,3845,577,0,156,37
1713,169,11.9047619047619,84.0,92.0,36.337,0.029,410.0625,192.5625,22.0672378540039,128.457689285278,3867,586,0,162,39
1714,169,11.9047619047619,84.0,92.0,36.337,0.029,410.0625,192.5625,22.0672378540039,128.463712692261,3864,586,0,165,38
1715,169,11.4490952380953,87.3431462664959,92.0,36.337,0.029,410.0625,192.5625,22.0672378540039,128.465074539185,3864,586,0,165,38
1716,169,10.154,98.4833563127831,92.0,36.337,0.029,410.0625,192.5625,22.0672378540039,128.473020553589,3870,587,0,165,39
1717,169,10.292,97.1628449280995,92.0,36.337,0.029,410.0625,192.5625,22.0672378540039,128.4749584198,3870,587,0,166,39
1718,169,10.4,96.1538461538462,92.0,36.337,0.029,410.0625,192.5625,22.0672378540039,128.477479934692,3865,587,0,168,36
1719,169,11.6666666666667,85.7142857142857,92.0,36.337,0.029,410.3125,192.5625,22.0674018859863,128.815741539001,3873,586,0,167,38
1720,169,11.6666666666667,85.7142857142857,92.0,36.337,0.029,410.3125,192.5625,22.0674018859863,128.786467552185,3854,583,0,165,35
1721,170,12.9429999999999,77.2618403770382,92.0,36.337,0.029,411.1875,192.5625,22.0816459655762,128.776980400085,3891,566,0,173,46
1722,170,11.6666666666667,85.7142857142857,92.0,36.337,0.029,410.5625,192.5625,22.0741157531738,128.775568962097,3887,566,0,174,43
1723,170,11.6666666666667,85.7142857142857,92.0,36.337,0.029,410.5625,192.5625,22.0741157531738,128.744215965271,3877,564,0,173,42
1724,170,11.6463333333334,85.8639342854684,92.0,36.337,0.029,410.5625,192.5625,22.0741157531738,128.764964103699,3884,565,0,173,43
1725,170,10.929,91.4996797511209,92.0,36.337,0.029,410.5625,192.5625,22.0741157531738,128.764132499695,3881,565,0,170,42
1726,170,10.994,90.9587047480444,92.0,36.337,0.029,410.5625,192.5625,22.0741157531738,128.758044242859,3867,565,0,168,39
1727,170,11.074,90.3016073686112,92.0,36.337,0.029,410.8125,192.5625,22.0742950439453,128.774577140808,3873,567,0,169,39
1728,170,11.185,89.4054537326777,92.0,36.337,0.029,410.8125,192.5625,22.0742950439453,128.773062705994,3868,567,0,168,38
1729,170,10.835,92.2934933087217,92.0,36.337,0.029,410.8125,192.5625,22.0742950439453,128.771548271179,3863,567,0,167,37
1730,171,11.6666666666667,85.7142857142857,92.0,36.337,0.029,411.5625,192.5625,22.0769004821777,128.879050254822,3910,575,0,168,44
1731,171,22.8796666666667,43.7069304622736,92.0,36.337,0.029,411.5625,192.5625,22.0769004821777,128.868525505066,3897,574,0,167,42
1732,171,12.5,80.0,92.0,36.337,0.029,412.5625,192.5625,22.0796699523926,128.938326835632,3918,579,0,169,47
1733,171,12.5,80.0,92.0,36.337,0.029,412.8125,192.5625,22.0798492431641,128.957404136658,3922,581,0,168,47
1734,171,12.5,80.0,92.0,36.337,0.029,412.8125,192.5625,22.0798492431641,128.953543663025,3912,581,0,169,44
1735,171,12.5,80.0,92.0,36.337,0.029,413.0625,192.5625,22.0799980163574,128.990790367126,3932,586,0,173,46
1736,171,12.5,80.0,92.0,36.337,0.029,413.3125,192.5625,22.080192565918,129.034987449646,3961,591,0,172,51
1737,172,12.5,80.0,92.0,36.337,0.029,413.3125,192.5625,22.080192565918,126.402997016907,3829,523,0,162,48
1738,172,12.5,80.0,92.0,36.337,0.029,405.0625,191.8125,18.9551124572754,126.393597602844,3826,525,0,162,46
1739,172,12.5,80.0,92.0,36.337,0.029,405.0625,191.8125,18.9551124572754,126.387887001038,3814,525,0,162,43
1740,172,12.962962962963,77.1428571428571,92.0,36.337,0.029,405.0625,191.8125,18.9551124572754,126.385956764221,3812,525,0,162,43
1741,172,12.962962962963,77.1428571428571,92.0,36.337,0.029,407.1875,191.8125,18.957202911377,126.861116409302,3884,533,0,170,54
1742,172,12.5,80.0,92.0,36.337,0.029,407.1875,191.8125,18.957202911377,126.851228713989,3871,532,0,169,50
1743,172,12.5,80.0,92.0,36.337,0.029,407.1875,191.8125,18.957202911377,126.834409713745,3858,529,0,166,45
1744,172,12.5,80.0,92.0,36.337,0.029,407.1875,191.8125,18.957202911377,126.827737808228,3844,529,0,164,41
1745,173,12.5,80.0,92.0,36.337,0.029,407.6875,191.8125,18.9575614929199,126.851167678833,3855,531,0,175,43
1746,173,12.5,80.0,92.0,36.337,0.029,409.8125,191.8125,18.9596519470215,127.038557052612,3933,540,0,187,58
1747,173,12.5,80.0,92.0,36.337,0.029,409.5625,191.8125,18.9595031738281,127.01784324646,3924,538,0,186,58
1748,173,12.5,80.0,92.0,36.337,0.029,409.3125,191.8125,18.9593086242676,127.017057418823,3922,538,0,186,57
1749,173,10.9137407407407,91.6276118111386,85.0,38.534,0.028,409.3125,191.8125,18.9593086242676,127.008184432983,3911,537,0,186,59
1750,173,10.348,96.6370313103981,85.0,38.534,0.028,409.3125,191.8125,18.9593086242676,127.008157730103,3909,537,0,186,58
1751,173,10.667,93.7470704040499,85.0,38.534,0.028,409.3125,191.8125,18.9593086242676,127.008794784546,3908,537,0,184,57
1752,173,10.694,93.5103796521414,85.0,38.534,0.028,409.3125,191.8125,18.9593086242676,127.009805679321,3907,537,0,184,57
1753,173,10.563,94.6700747893591,85.0,38.534,0.028,409.3125,191.8125,18.9593086242676,127.00977897644,3905,537,0,184,56
1754,174,11.6666666666667,85.7142857142857,85.0,38.534,0.028,411.9375,191.8125,18.963809967041,127.293161392212,4010,553,0,197,72
1755,174,11.1111111111111,90.0,85.0,38.534,0.028,411.9375,191.8125,18.963809967041,127.293729782104,4010,553,0,197,72
1756,174,11.1111111111111,90.0,85.0,38.534,0.028,411.6875,191.8125,18.9570808410645,127.293588638306,4008,553,0,197,71
1757,174,11.1111111111111,90.0,85.0,38.534,0.028,412.1875,191.8125,18.9594917297363,127.301694869995,4013,553,0,197,73
1758,174,11.1111111111111,90.0,85.0,38.534,0.028,411.6875,191.8125,18.9570808410645,127.298753738403,4009,553,0,193,71
1759,174,11.1111111111111,90.0,85.0,38.534,0.028,411.6875,191.8125,18.9570808410645,127.294179916382,3999,553,0,193,68
1760,174,11.1111111111111,90.0,85.0,38.534,0.028,411.6875,191.8125,18.9570808410645,127.292352676392,3994,553,0,193,65
1761,174,11.1111111111111,90.0,85.0,38.534,0.028,411.9375,191.8125,18.9572296142578,127.106653213501,3965,542,0,184,69
1762,174,11.1111111111111,90.0,85.0,38.534,0.028,409.3125,191.8125,18.9526977539063,127.076864242554,3931,542,0,182,57
1763,175,10.4784444444445,95.4340126821198,85.0,38.534,0.028,409.3125,191.8125,18.9526977539063,127.075891494751,3927,542,0,182,56
1764,175,11.1111111111111,90.0,85.0,38.534,0.028,409.3125,191.8125,18.9526977539063,127.076063156128,3929,542,0,182,56
1765,175,10.8118888888889,92.490776614221,85.0,38.534,0.028,409.3125,191.8125,18.9526977539063,127.075448989868,3926,542,0,182,54
1766,175,10.507,95.1746454744456,85.0,38.534,0.028,409.3125,191.8125,18.9526977539063,127.043745040894,3907,540,0,177,52
1767,175,10.575,94.5626477541371,85.0,38.534,0.028,409.0625,191.8125,18.9525032043457,126.799245834351,3854,512,0,167,50
1768,175,11.1111111111111,90.0,85.0,38.534,0.028,404.75,191.8125,18.9489402770996,126.763017654419,3821,510,0,164,39
1769,175,11.1111111111111,90.0,85.0,38.534,0.028,404.75,191.8125,18.9489402770996,126.744180679321,3801,508,0,163,34
1770,175,10.5537777777778,94.7528004716584,85.0,38.534,0.028,404.75,191.8125,18.9489402770996,126.741888046265,3795,508,0,161,31
1771,175,10.473,95.4836245583882,85.0,38.534,0.028,404.75,191.8125,18.9489402770996,126.742525100708,3794,508,0,161,30
1772,176,10.556,94.732853353543,85.0,38.534,0.028,404.75,191.8125,18.9489402770996,126.718687057495,3782,506,0,160,29
1773,176,10.362,96.5064659332175,85.0,38.534,0.028,404.5,191.8125,18.9487457275391,126.716093063354,3785,506,0,162,30
1774,176,14.1313333333333,70.7647308581403,85.0,38.534,0.028,404.5,191.8125,18.9487457275391,126.692567825317,3774,503,0,161,30
1775,176,11.172,89.5094880057286,85.0,38.534,0.028,404.25,191.8125,18.9485969543457,126.404149055481,3743,493,0,151,29
1776,176,11.79,84.8176420695505,85.0,38.534,0.028,402.375,191.8125,18.9466705322266,126.203209877014,3712,493,0,151,18
1777,176,11.202,89.2697732547759,85.0,38.534,0.028,402.375,191.8125,18.9466705322266,126.204571723938,3712,493,0,151,18
1778,176,11.574,86.400552963539,85.0,38.534,0.028,402.375,191.8125,18.9466705322266,126.202557563782,3715,493,0,153,19
1779,176,11.328,88.2768361581921,85.0,38.534,0.028,402.375,191.8125,18.9466705322266,126.203194618225,3714,493,0,153,18
1780,176,11.1111111111111,90.0,85.0,38.534,0.028,402.375,191.8125,18.9466705322266,126.204556465149,3714,493,0,141,18
1781,177,12.3608888888889,80.9003307924637,85.0,38.534,0.028,402.625,191.8125,18.9468650817871,126.232625007629,3705,496,0,142,14
1782,177,11.301,88.487744447394,85.0,38.534,0.028,402.625,191.8125,18.9468650817871,126.233986854553,3705,496,0,142,14
1783,177,11.1111111111111,90.0,85.0,38.534,0.028,402.625,191.8125,18.9468650817871,126.233525276184,3702,496,0,142,11
1784,177,11.6666666666667,85.7142857142857,85.0,38.534,0.028,402.625,191.8125,18.9468650817871,126.234887123108,3702,496,0,142,11
1785,177,11.8912222222221,84.095644779997,85.0,38.534,0.028,402.625,191.8125,18.9468650817871,126.044616699219,3683,491,0,139,11
1786,177,11.6666666666667,85.7142857142857,85.0,38.534,0.028,401.875,191.8125,18.9442901611328,125.705342292786,3673,489,0,138,10
1787,177,11.6666666666667,85.7142857142857,85.0,38.534,0.028,401.625,191.8125,18.9441261291504,125.520976066589,3671,489,0,138,9
1788,177,11.6666666666667,85.7142857142857,85.0,38.534,0.028,401.875,191.8125,18.9443206787109,125.545748710632,3681,491,0,139,11
1789,178,12.2790000000001,81.4398566658517,85.0,38.534,0.028,402.5625,191.8125,18.9516448974609,125.523047447205,3680,480,0,135,16
1790,178,11.6666666666667,85.7142857142857,85.0,38.534,0.028,401.75,191.8125,18.9454689025879,125.52072429657,3678,480,0,133,15
1791,178,11.6666666666667,85.7142857142857,85.0,38.534,0.028,401.75,191.8125,18.9454689025879,125.521121025085,3683,480,0,135,15
1792,178,11.6666666666667,85.7142857142857,85.0,38.534,0.028,401.75,191.8125,18.9454689025879,125.457098960876,3653,475,0,131,15
1793,178,11.6666666666667,85.7142857142857,85.0,38.534,0.028,400.75,191.8125,18.944766998291,125.451617240906,3649,475,0,131,15
1794,178,11.6666666666667,85.7142857142857,85.0,38.534,0.028,400.75,191.8125,18.944766998291,125.45297908783,3649,475,0,131,15
1795,178,11.6666666666667,85.7142857142857,85.0,38.534,0.028,400.75,191.8125,18.944766998291,125.453249931335,3647,475,0,131,14
1796,178,11.6666666666667,85.7142857142857,85.0,38.534,0.028,401.0,191.8125,18.9449615478516,125.477290153503,3656,477,0,132,15
1797,178,11.6666666666667,85.7142857142857,85.0,38.534,0.028,401.0,191.8125,18.9449615478516,125.477438926697,3654,477,0,132,14
1798,179,11.6666666666667,85.7142857142857,85.0,38.534,0.028,401.0,191.8125,18.9449615478516,125.403521537781,3616,471,0,128,13
1799,179,11.6666666666667,85.7142857142857,85.0,38.534,0.028,400.375,191.8125,18.9452896118164,125.464743614197,3649,481,0,136,17
1800,179,11.3886666666667,87.8065913481237,85.0,38.534,0.028,400.375,191.8125,18.9452896118164,125.466105461121,3649,481,0,136,17
1801,179,11.281,88.6446237035724,85.0,38.534,0.028,400.375,191.8125,18.9452896118164,125.467520713806,3649,481,0,134,17
1802,179,11.1111111111111,90.0,85.0,38.534,0.028,400.375,191.8125,18.9452896118164,125.47546672821,3655,482,0,134,18
1803,179,11.1111111111111,90.0,85.0,38.534,0.028,400.375,191.8125,18.9452896118164,125.475222587585,3651,482,0,135,16
1804,179,11.1111111111111,90.0,85.0,38.534,0.028,400.375,191.8125,18.9452896118164,125.475852012634,3650,482,0,135,15
1805,179,11.1111111111111,90.0,85.0,38.534,0.028,400.375,191.8125,18.9452896118164,125.471026420593,3651,480,0,133,16
1806,179,11.1111111111111,90.0,85.0,38.534,0.028,400.375,191.8125,18.9452896118164,125.398722648621,3614,474,0,122,14
1807,180,11.1111111111111,90.0,85.0,38.534,0.028,399.375,191.8125,18.9445877075195,125.397532463074,3611,475,0,122,13
1808,180,11.1111111111111,90.0,85.0,38.534,0.028,399.375,191.8125,18.9445877075195,124.214307785034,3553,445,0,122,14
1809,180,11.1111111111111,90.0,85.0,38.534,0.028,393.4375,189.1875,17.647087097168,123.791860580444,3548,445,0,122,13
1810,180,11.1111111111111,90.0,85.0,38.534,0.028,393.4375,189.1875,17.647087097168,123.793222427368,3548,445,0,122,13
1811,180,11.1111111111111,90.0,85.0,38.534,0.028,393.4375,189.1875,17.647087097168,123.78867149353,3547,444,0,121,13
1812,180,11.1111111111111,90.0,85.0,38.534,0.028,393.4375,189.1875,17.647087097168,123.793920516968,3549,445,0,121,13
1813,180,11.1111111111111,90.0,85.0,38.534,0.028,393.4375,189.1875,17.647087097168,123.796766281128,3551,445,0,122,13
1814,180,11.1111111111111,90.0,85.0,38.534,0.028,393.4375,189.1875,17.647087097168,123.776628494263,3542,443,0,121,13
1815,180,11.1111111111111,90.0,85.0,38.534,0.028,393.1875,189.1875,17.6468925476074,123.777055740356,3542,443,0,121,13
1816,181,11.1111111111111,90.0,85.0,38.534,0.028,393.4375,189.1875,17.647087097168,123.814855575562,3558,445,0,119,16
1817,181,11.1111111111111,90.0,85.0,38.534,0.028,393.4375,189.1875,17.647087097168,123.818357467651,3557,446,0,119,15
1818,181,24.4318888888889,40.9301141040625,85.0,38.534,0.028,393.4375,189.1875,17.647087097168,123.818319320679,3554,446,0,120,13
1819,181,16.6666666666667,60.0,85.0,38.534,0.028,393.4375,189.1875,17.647087097168,123.79824256897,3545,444,0,119,13
1820,181,30.8016666666667,32.4657756614902,85.0,38.534,0.028,393.1875,189.1875,17.6468925476074,123.817037582397,3570,447,0,118,16
1821,182,19.8503333333333,50.3769877919766,85.0,38.534,0.028,393.4375,189.1875,17.647087097168,123.783121109009,3555,441,0,117,16
1822,182,10.65,93.8967136150235,85.0,38.534,0.028,392.8125,189.1875,17.6458625793457,123.768156051636,3547,439,0,116,13
1823,182,10.153,98.4930562395351,85.0,38.534,0.028,392.6875,189.1875,17.6424980163574,123.74444770813,3532,437,0,115,11
1824,182,10.344,96.6744006187162,85.0,38.534,0.028,392.4375,189.1875,17.6423034667969,123.744874954224,3532,437,0,115,11
1825,182,10.0,100.0,85.0,38.534,0.028,392.4375,189.1875,17.6423034667969,123.746236801147,3532,437,0,115,11
1826,182,10.423,95.9416674661806,85.0,38.534,0.028,392.4375,189.1875,17.6423034667969,123.735399246216,3529,434,0,112,11
1827,182,10.396,96.1908426317815,85.0,38.534,0.028,392.4375,189.1875,17.6423034667969,123.723718643188,3513,433,0,111,6
1828,182,10.373,96.4041260965969,85.0,38.534,0.028,392.4375,189.1875,17.6423034667969,123.721593856812,3507,433,0,111,4
1829,182,10.158,98.4445757038787,85.0,38.534,0.028,392.4375,189.1875,17.6423034667969,123.722955703735,3507,433,0,111,4
1830,183,19.4283333333333,51.4712190100369,85.0,38.534,0.028,406.25,201.1875,17.6494522094727,123.923246383667,3618,454,0,118,20
1831,183,11.9047619047619,84.0,85.0,38.534,0.028,406.25,201.1875,17.6494522094727,123.920179367065,3619,453,0,118,22
1832,183,11.6666666666667,85.7142857142857,83.0,40.897,0.047,406.75,201.1875,17.6518630981445,123.942979812622,3613,455,0,118,23
1833,183,11.6666666666667,85.7142857142857,83.0,40.897,0.047,406.75,201.1875,17.6518630981445,123.943620681763,3613,455,0,118,23
1834,183,11.6666666666667,85.7142857142857,83.0,40.897,0.047,406.75,201.1875,17.6518630981445,123.944982528687,3613,455,0,118,23
1835,183,11.6666666666667,85.7142857142857,83.0,40.897,0.047,406.75,201.1875,17.6518630981445,123.94513130188,3611,455,0,120,22
1836,183,11.6666666666667,85.7142857142857,83.0,40.897,0.047,407.0,201.1875,17.6520118713379,123.983961105347,3637,460,0,127,26
1837,183,11.6666666666667,85.7142857142857,83.0,40.897,0.047,407.0,201.1875,17.6520118713379,123.988206863403,3642,460,0,127,28
1838,184,10.026238095238,99.7383056836595,83.0,40.897,0.047,408.0,201.1875,17.6568336486816,124.133096694946,3690,469,0,129,34
1839,184,11.6666666666667,85.7142857142857,83.0,40.897,0.047,408.0,201.1875,17.6568336486816,124.132444381714,3689,469,0,129,33
1840,184,11.6666666666667,85.7142857142857,83.0,40.897,0.047,408.0,201.1875,17.6568336486816,124.133806228638,3689,469,0,129,33
1841,184,11.4760000000001,87.1383757406754,83.0,40.897,0.047,409.0,201.1875,17.6616554260254,124.21681022644,3717,475,0,134,36
1842,184,11.1111111111111,90.0,83.0,40.897,0.047,409.0,201.1875,17.6616554260254,124.211980819702,3715,473,0,133,36
1843,184,11.1111111111111,90.0,83.0,40.897,0.047,409.0,201.1875,17.6616554260254,124.206769943237,3710,472,0,132,35
1844,184,11.1111111111111,90.0,83.0,40.897,0.047,409.25,201.1875,17.6618041992188,124.239763259888,3722,477,0,136,33
1845,184,11.1111111111111,90.0,83.0,40.897,0.047,409.25,201.1875,17.6618041992188,124.238698959351,3718,477,0,136,31
1846,184,11.1111111111111,90.0,83.0,40.897,0.047,409.25,201.1875,17.6618041992188,124.218561172485,3709,475,0,135,31
1847,185,11.1111111111111,90.0,83.0,40.897,0.047,409.0,201.1875,17.6616096496582,124.228322982788,3714,475,0,136,32
1848,185,11.1111111111111,90.0,83.0,40.897,0.047,409.25,201.1875,17.6618041992188,124.227476119995,3714,474,0,136,33
1849,185,11.1111111111111,90.0,83.0,40.897,0.047,409.0,201.1875,17.6616554260254,124.226541519165,3711,474,0,136,32
1850,185,11.1111111111111,90.0,83.0,40.897,0.047,409.0,201.1875,17.6616554260254,124.217622756958,3706,472,0,132,30
1851,185,11.1111111111111,90.0,83.0,40.897,0.047,409.0,201.1875,17.6616554260254,124.186296463013,3684,469,0,130,26
1852,185,11.1111111111111,90.0,83.0,40.897,0.047,408.75,201.1875,17.6614608764648,124.183595657349,3679,469,0,130,23
1853,185,11.1111111111111,90.0,83.0,40.897,0.047,408.75,201.1875,17.6614608764648,124.182775497437,3675,469,0,130,21
1854,185,11.1111111111111,90.0,83.0,40.897,0.047,408.75,201.1875,17.6614608764648,124.18413734436,3675,469,0,130,21
1855,185,11.1111111111111,90.0,83.0,40.897,0.047,408.75,201.1875,17.6614608764648,124.184537887573,3673,469,0,130,20
1856,186,11.1111111111111,90.0,83.0,40.897,0.047,409.0,201.1875,17.6681900024414,124.186307907104,3678,467,0,131,23
1857,186,11.1111111111111,90.0,83.0,40.897,0.047,408.625,201.1875,17.6646766662598,124.183156967163,3682,467,0,133,24
1858,186,11.1111111111111,90.0,83.0,40.897,0.047,408.625,201.1875,17.6646766662598,124.184518814087,3682,467,0,133,24
1859,186,22.5437777777778,44.3581377468037,83.0,40.897,0.047,408.625,201.1875,17.6646766662598,124.142721176147,3666,463,0,131,24
1860,186,11.6666666666667,85.7142857142857,83.0,40.897,0.047,408.125,201.1875,17.6622657775879,124.142129898071,3666,463,0,131,24
1861,186,12.5,80.0,83.0,40.897,0.047,408.125,201.1875,17.6622657775879,124.094747543335,3651,459,0,131,23
1862,186,12.5,80.0,83.0,40.897,0.047,407.875,201.1875,17.6600494384766,124.115427017212,3664,460,0,132,27
1863,186,12.5,80.0,83.0,40.897,0.047,407.875,201.1875,17.6600494384766,124.113603591919,3660,460,0,132,25
1864,187,12.5,80.0,83.0,40.897,0.047,407.875,201.1875,17.6600494384766,124.116895675659,3665,460,0,132,27
1865,187,12.5,80.0,83.0,40.897,0.047,407.875,201.1875,17.6600494384766,124.114454269409,3669,460,0,134,28
1866,187,12.5,80.0,83.0,40.897,0.047,407.875,201.1875,17.6600494384766,124.115816116333,3669,460,0,134,28
1867,187,12.5,80.0,83.0,40.897,0.047,407.875,201.1875,17.6600494384766,124.04990196228,3649,454,0,129,28
1868,187,12.5,80.0,83.0,40.897,0.047,406.875,201.1875,17.6552276611328,124.034914016724,3645,454,0,129,26
1869,187,12.5,80.0,83.0,40.897,0.047,406.875,201.1875,17.6552276611328,124.045728683472,3643,454,0,129,25
1870,187,12.5,80.0,83.0,40.897,0.047,406.875,201.1875,17.6552276611328,123.944940567017,3605,445,0,124,24
1871,187,12.5,80.0,83.0,40.897,0.047,405.875,201.1875,17.6504058837891,123.938268661499,3598,445,0,124,23
1872,188,12.5,80.0,83.0,40.897,0.047,406.125,201.1875,17.6505851745605,123.978681564331,3613,448,0,126,25
1873,188,12.5,80.0,83.0,40.897,0.047,406.375,201.1875,17.6507797241211,123.993364334106,3617,448,0,127,27
1874,188,12.166,82.1962847279304,83.0,40.897,0.047,406.375,201.1875,17.6507797241211,123.99472618103,3617,448,0,126,27
1875,188,11.71,85.397096498719,83.0,40.897,0.047,408.125,201.1875,17.6525001525879,124.163999557495,3678,457,0,134,36
1876,188,11.352,88.0902043692741,83.0,40.897,0.047,408.125,201.1875,17.6525001525879,124.158159255981,3666,457,0,134,32
1877,188,11.8,84.7457627118644,83.0,40.897,0.047,408.125,201.1875,17.6525001525879,124.150434494019,3659,456,0,134,32
1878,188,12.067,82.8706389326262,83.0,40.897,0.047,408.125,201.1875,17.6525001525879,124.149412155151,3663,456,0,134,33
1879,188,11.139,89.7746655893707,83.0,40.897,0.047,408.125,201.1875,17.6525001525879,124.148500442505,3659,456,0,134,32
1880,189,10.931,91.4829384319824,83.0,40.897,0.047,408.125,201.1875,17.6525001525879,124.147314071655,3655,456,0,134,30
1881,189,11.649,85.8442784788394,83.0,40.897,0.047,408.125,201.1875,17.6525001525879,124.148675918579,3655,456,0,134,30
1882,189,12.1212121212121,82.5,83.0,40.897,0.047,409.25,201.1875,17.6540222167969,124.259450912476,3706,469,0,145,38
1883,189,11.4617878787879,87.2464235575919,83.0,40.897,0.047,409.25,201.1875,17.6540222167969,124.260812759399,3706,469,0,144,38
1884,189,11.026,90.6947215672048,83.0,40.897,0.047,409.25,201.1875,17.6540222167969,124.224737167358,3689,466,0,141,37
1885,189,11.207,89.2299455697332,83.0,40.897,0.047,408.75,201.1875,17.6498565673828,124.225717544556,3685,467,0,141,36
1886,189,11.6666666666667,85.7142857142857,83.0,40.897,0.047,408.75,201.1875,17.6498565673828,124.224618911743,3680,467,0,142,33
1887,189,11.0683333333333,90.3478391808463,83.0,40.897,0.047,408.75,201.1875,17.6498565673828,124.224767684937,3678,467,0,142,32
1888,189,10.99,90.9918107370337,83.0,40.897,0.047,408.75,201.1875,17.6498565673828,124.218271255493,3676,465,0,138,32
1889,190,11.1111111111111,90.0,83.0,40.897,0.047,409.0,201.1875,17.6500511169434,124.248697280884,3680,467,0,138,30
1890,190,11.1111111111111,90.0,83.0,40.897,0.047,409.0,201.1875,17.6500511169434,124.253847122192,3684,468,0,138,30
1891,190,11.1111111111111,90.0,83.0,40.897,0.047,409.0,201.1875,17.6500511169434,124.255784988403,3684,468,0,139,30
1892,190,11.1111111111111,90.0,83.0,40.897,0.047,409.0,201.1875,17.6500511169434,124.235048294067,3674,466,0,138,30
1893,190,11.1111111111111,90.0,83.0,40.897,0.047,408.75,201.1875,17.6498565673828,124.235475540161,3674,466,0,138,30
1894,190,11.1111111111111,90.0,83.0,40.897,0.047,408.75,201.1875,17.6498565673828,124.232885360718,3673,465,0,137,30
1895,190,11.1111111111111,90.0,83.0,40.897,0.047,408.75,201.1875,17.6498565673828,124.238134384155,3675,466,0,137,30
1896,190,11.1111111111111,90.0,83.0,40.897,0.047,409.0,201.1875,17.6500511169434,124.260438919067,3688,468,0,141,33
1897,190,11.1111111111111,90.0,83.0,40.897,0.047,409.0,201.1875,17.6500511169434,124.135587692261,3669,460,0,131,35
1898,191,11.1111111111111,90.0,83.0,40.897,0.047,407.625,201.1875,17.6453399658203,124.153596878052,3657,463,0,130,28
1899,191,11.1111111111111,90.0,83.0,40.897,0.047,407.625,201.1875,17.6453399658203,124.147489547729,3652,462,0,129,26
1900,191,11.1111111111111,90.0,83.0,40.897,0.047,407.625,201.1875,17.6453399658203,124.142126083374,3654,463,0,129,26
1901,191,22.093,45.2632055402163,83.0,40.897,0.047,407.625,201.1875,17.6453399658203,124.144063949585,3654,463,0,130,26
1902,191,11.6666666666667,85.7142857142857,83.0,40.897,0.047,407.625,201.1875,17.6453399658203,124.148309707642,3659,463,0,128,28
1903,191,12.5,80.0,83.0,40.897,0.047,407.625,201.1875,17.6453399658203,124.148309707642,3658,463,0,127,26
1904,191,10.9766666666666,91.1023382933504,83.0,40.897,0.047,407.875,201.1875,17.6455345153809,124.170171737671,3662,465,0,129,26
1905,191,12.5,80.0,83.0,40.897,0.047,407.875,201.1875,17.6455345153809,124.190958023071,3681,468,0,129,29
1906,192,12.5,80.0,83.0,40.897,0.047,407.875,201.1875,17.6455345153809,124.157697677612,3679,462,0,127,31
1907,192,12.5,80.0,83.0,40.897,0.047,407.5,201.1875,17.6445045471191,124.147745132446,3667,462,0,125,27
1908,192,12.5,80.0,83.0,40.897,0.047,407.5,201.1875,17.6445045471191,124.145154953003,3666,461,0,124,27
1909,192,12.5,80.0,83.0,40.897,0.047,407.5,201.1875,17.6445045471191,124.143518447876,3661,461,0,124,25
1910,192,12.5,80.0,83.0,40.897,0.047,407.5,201.1875,17.6445045471191,124.147764205933,3666,461,0,122,27
1911,192,11.8183333333334,84.6142998166683,83.0,40.897,0.047,407.5,201.1875,17.6445045471191,124.143636703491,3663,460,0,121,26
1912,192,10.458,95.6205775482884,83.0,40.897,0.047,407.5,201.1875,17.6445045471191,124.12571144104,3648,457,0,118,23
1913,192,10.214,97.904836498923,83.0,40.897,0.047,407.5,201.1875,17.6445045471191,124.120252609253,3636,457,0,118,20
1914,193,11.313,88.3938831432865,83.0,40.897,0.047,408.0,201.1875,17.646915435791,124.184309005737,3660,462,0,121,22
1915,193,11.04,90.5797101449275,83.0,40.897,0.047,408.0,201.1875,17.646915435791,124.185338973999,3668,462,0,123,25
1916,193,10.293,97.1534052268532,83.0,40.897,0.047,408.0,201.1875,17.646915435791,124.186700820923,3668,462,0,123,25
1917,193,10.632,94.0556809631302,83.0,40.897,0.047,408.5,201.1875,17.6493263244629,124.228433609009,3683,465,0,125,27
1918,193,10.086,99.147332936744,86.0,36.297,0.044,408.5,201.1875,17.6493263244629,124.223890304565,3674,465,0,125,21
1919,193,10.381,96.3298333493883,86.0,36.297,0.044,408.5,201.1875,17.6493263244629,124.225252151489,3674,465,0,125,21
1920,193,10.286,97.2195216799533,86.0,36.297,0.044,408.5,201.1875,17.6493263244629,124.210306167603,3653,464,0,125,18
1921,193,10.492,95.3107129241327,86.0,36.297,0.044,408.75,201.1875,17.6494750976563,124.231809616089,3673,467,0,128,24
1922,193,10.11,98.9119683481701,86.0,36.297,0.044,408.5,201.1875,17.6492805480957,124.229047775269,3668,467,0,128,21
1923,194,10.6060606060606,94.2857142857143,86.0,36.297,0.044,408.5,201.1875,17.6492805480957,124.23028755188,3668,467,0,128,21
1924,194,10.5499393939394,94.7872743775636,86.0,36.297,0.044,408.5,201.1875,17.6492805480957,124.231649398804,3668,467,0,128,21
1925,194,10.304,97.0496894409938,86.0,36.297,0.044,408.5,201.1875,17.6492805480957,124.208829879761,3657,465,0,127,19
1926,194,10.439,95.7946163425615,86.0,36.297,0.044,408.25,201.1875,17.6490859985352,124.209257125854,3657,465,0,127,19
1927,194,10.6060606060606,94.2857142857143,86.0,36.297,0.044,408.25,201.1875,17.6490859985352,124.189180374146,3648,463,0,126,19
1928,194,10.4166666666667,96.0,86.0,36.297,0.044,408.0,201.1875,17.6488914489746,124.181303024292,3646,461,0,124,19
1929,194,10.4166666666667,96.0,86.0,36.297,0.044,408.0,201.1875,17.6488914489746,124.094198226929,3602,454,0,118,16
1930,194,10.4166666666667,96.0,86.0,36.297,0.044,406.75,201.1875,17.6480407714844,124.087816238403,3594,454,0,118,12
1931,194,10.4166666666667,96.0,86.0,36.297,0.044,406.75,201.1875,17.6480407714844,124.089178085327,3594,454,0,118,12
1932,194,10.4166666666667,96.0,86.0,36.297,0.044,406.75,201.1875,17.6480407714844,124.069040298462,3585,452,0,117,12
1933,195,10.4166666666667,96.0,86.0,36.297,0.044,406.5,201.1875,17.6478462219238,124.067430496216,3582,452,0,117,10
1934,195,10.4166666666667,96.0,86.0,36.297,0.044,406.5,201.1875,17.6478462219238,124.009920120239,3564,441,0,118,11
1935,195,10.4166666666667,96.0,86.0,36.297,0.044,405.6875,201.1875,17.6473197937012,124.00803565979,3561,441,0,118,9
1936,195,10.4166666666667,96.0,86.0,36.297,0.044,405.6875,201.1875,17.6473197937012,123.987958908081,3552,439,0,117,9
1937,195,10.4166666666667,96.0,86.0,36.297,0.044,405.4375,201.1875,17.6471252441406,123.966684341431,3543,437,0,116,9
1938,195,10.4166666666667,96.0,86.0,36.297,0.044,405.1875,201.1875,17.6469306945801,123.967111587524,3543,437,0,116,9
1939,195,10.4166666666667,96.0,86.0,36.297,0.044,405.1875,201.1875,17.6469306945801,123.968473434448,3543,437,0,116,9
1940,195,10.2479393939394,97.580592698606,86.0,36.297,0.044,405.1875,201.1875,17.6469306945801,123.969835281372,3543,437,0,114,9
1941,195,10.146,98.5610092647349,86.0,36.297,0.044,405.1875,201.1875,17.6469306945801,123.968557357788,3538,437,0,112,7
1942,195,10.204,98.0007840062721,86.0,36.297,0.044,405.1875,201.1875,17.6469306945801,123.969919204712,3538,437,0,112,7
1943,196,10.4166666666667,96.0,86.0,36.297,0.044,406.4375,201.1875,17.6519317626953,124.143507003784,3599,449,0,117,15
1944,196,10.4166666666667,96.0,86.0,36.297,0.044,406.4375,201.1875,17.6519317626953,124.133047103882,3592,447,0,117,15
1945,196,10.4166666666667,96.0,86.0,36.297,0.044,406.4375,201.1875,17.6519317626953,124.134408950806,3592,447,0,117,15
1946,196,10.4166666666667,96.0,86.0,36.297,0.044,407.4375,201.1875,17.6567535400391,124.182886123657,3612,450,0,119,19
1947,196,24.0466666666667,41.5858053784308,86.0,36.297,0.044,408.6875,201.1875,17.656063079834,124.350343704224,3673,459,0,128,28
1948,196,13.3333333333333,75.0,86.0,36.297,0.044,408.6875,201.1875,17.656063079834,124.350744247437,3671,459,0,128,27
1949,196,10.7269999999999,93.222709051926,86.0,36.297,0.044,408.9375,201.1875,17.6562118530273,124.343114852905,3674,460,0,130,27
1950,196,13.3333333333333,75.0,86.0,36.297,0.044,408.4375,201.1875,17.6538009643555,124.339460372925,3669,460,0,128,25
1951,197,12.5,80.0,86.0,36.297,0.044,408.4375,201.1875,17.6538009643555,124.316598892212,3657,458,0,127,24
1952,197,12.962962962963,77.1428571428571,86.0,36.297,0.044,410.0625,202.1875,17.655101776123,124.433309555054,3708,474,0,137,28
1953,197,11.2037037037037,89.2561983471075,86.0,36.297,0.044,410.8125,202.1875,17.6555938720703,124.484148025513,3732,477,0,140,34
1954,197,12.962962962963,77.1428571428571,86.0,36.297,0.044,410.8125,202.1875,17.6555938720703,124.481000900269,3729,476,0,139,34
1955,197,12.5,80.0,86.0,36.297,0.044,410.8125,202.1875,17.6555938720703,124.480642318726,3733,475,0,137,35
1956,197,12.5,80.0,86.0,36.297,0.044,410.8125,202.1875,17.6555938720703,124.461290359497,3711,473,0,137,29
1957,197,12.037037037037,83.0769230769231,86.0,36.297,0.044,410.8125,202.1875,17.6555938720703,124.453115463257,3706,471,0,135,28
1958,197,12.5,80.0,86.0,36.297,0.044,410.8125,202.1875,17.6555938720703,124.464796066284,3708,471,0,134,27
1959,198,12.5,80.0,86.0,36.297,0.044,415.4375,203.1875,17.6670417785645,124.632223129272,3851,485,0,138,51
1960,198,12.5,80.0,86.0,36.297,0.044,415.125,203.1875,17.6632766723633,124.611524581909,3844,483,0,140,51
1961,198,12.5,80.0,86.0,36.297,0.044,415.375,203.1875,17.6655387878418,124.654752731323,3859,486,0,143,53
1962,198,12.5,80.0,86.0,36.297,0.044,415.375,203.1875,17.6655387878418,124.65216255188,3858,485,0,142,53
1963,198,11.4853333333334,87.0675644299968,86.0,36.297,0.044,415.375,203.1875,17.6655387878418,124.659524917603,3860,486,0,143,53
1964,198,11.16,89.6057347670251,86.0,36.297,0.044,415.375,203.1875,17.6655387878418,124.662389755249,3863,486,0,150,54
1965,198,11.304,88.4642604387827,86.0,36.297,0.044,415.625,203.1875,17.6656875610352,124.717855453491,3891,492,0,155,57
1966,198,11.116,89.9604174163368,86.0,36.297,0.044,415.875,203.1875,17.665958404541,124.727777481079,3886,492,0,159,54
1967,199,11.073,90.3097624853247,86.0,36.297,0.044,415.875,203.1875,17.665958404541,124.595090866089,3859,483,0,150,53
1968,199,10.974,91.1244760342628,86.0,36.297,0.044,414.375,203.1875,17.6644172668457,124.583906173706,3837,484,0,152,45
1969,199,11.497,86.9792119683396,86.0,36.297,0.044,414.375,203.1875,17.6644172668457,124.58465385437,3839,484,0,153,45
1970,199,10.811,92.4983812783276,86.0,36.297,0.044,414.375,203.1875,17.6644172668457,124.520853042603,3819,478,0,150,45
1971,199,11.063,90.3913947392208,86.0,36.297,0.044,413.375,203.1875,17.659595489502,124.516492843628,3818,477,0,150,45
1972,199,11.084,90.2201371346085,86.0,36.297,0.044,413.375,203.1875,17.659595489502,124.510004043579,3820,476,0,151,44
1973,199,10.971,91.1493938565309,86.0,36.297,0.044,413.625,203.1875,17.6598663330078,124.521718978882,3813,476,0,151,40
1974,199,10.99,90.9918107370337,86.0,36.297,0.044,413.625,203.1875,17.6598663330078,124.430585861206,3780,468,0,148,39
1975,199,11.092,90.1550667147494,86.0,36.297,0.044,412.625,203.1875,17.6550445556641,124.466154098511,3808,473,0,148,44
1976,200,11.1111111111111,90.0,86.0,36.297,0.044,412.875,203.1875,17.6552391052246,121.967354774475,3737,433,0,140,44
1977,200,11.1111111111111,90.0,86.0,36.297,0.044,406.9375,201.8125,16.1032905578613,121.911343574524,3716,430,0,138,41
1978,200,11.1111111111111,90.0,86.0,36.297,0.044,406.4375,201.8125,16.1028709411621,121.903622627258,3715,430,0,140,41
1979,200,11.1111111111111,90.0,86.0,36.297,0.044,406.4375,201.8125,16.1028709411621,121.904984474182,3715,430,0,140,41
1980,200,11.1111111111111,90.0,86.0,36.297,0.044,406.4375,201.8125,16.1028709411621,121.905621528625,3714,430,0,139,40
1981,200,11.1111111111111,90.0,86.0,36.297,0.044,406.4375,201.8125,16.1028709411621,121.899708747864,3708,429,0,138,39
1982,200,10.7113333333333,93.3590589406858,86.0,36.297,0.044,406.4375,201.8125,16.1028709411621,121.889481544495,3706,426,0,135,40
1983,200,10.772,92.8332714444857,86.0,36.297,0.044,406.4375,201.8125,16.1028709411621,121.871754646301,3690,425,0,136,38
1984,200,10.544,94.8406676783005,86.0,36.297,0.044,406.4375,201.8125,16.1028709411621,121.870240211487,3685,425,0,134,37
1985,201,11.1111111111111,90.0,86.0,36.297,0.044,406.6875,201.8125,16.1030654907227,121.887806892395,3686,427,0,133,36
1986,201,10.5798888888889,94.5189510496855,86.0,36.297,0.044,406.4375,201.8125,16.1027946472168,121.881093025208,3674,427,0,130,32
1987,201,10.634,94.0379913485048,86.0,36.297,0.044,406.4375,201.8125,16.1027946472168,121.873826026917,3659,427,0,129,29
1988,201,10.318,96.9180073657685,86.0,36.297,0.044,406.4375,201.8125,16.1027946472168,121.872311592102,3654,427,0,128,28
1989,201,10.522,95.0389659760502,86.0,36.297,0.044,406.4375,201.8125,16.1027946472168,121.824051856995,3623,423,0,126,27
1990,201,22.1133333333333,45.2215857702743,86.0,36.297,0.044,405.9375,201.8125,16.1003837585449,121.817555427551,3614,423,0,125,21
1991,201,11.1111111111111,90.0,86.0,36.297,0.044,406.1875,201.8125,16.1005783081055,121.820237159729,3615,424,0,123,22
1992,201,13.3333333333333,75.0,86.0,36.297,0.044,404.9375,200.8125,16.1003074645996,121.766961097717,3585,420,0,121,18
1993,202,11.1295555555554,89.8508475929965,86.0,36.297,0.044,404.4375,200.8125,16.0978965759277,121.766308784485,3585,420,0,121,18
1994,202,13.3333333333333,75.0,86.0,36.297,0.044,404.4375,200.8125,16.0978965759277,121.767407417297,3587,420,0,120,18
1995,202,12.5,80.0,86.0,36.297,0.044,404.4375,200.8125,16.0978965759277,121.768372535706,3587,420,0,119,18
1996,202,12.5,80.0,86.0,36.297,0.044,404.3125,200.8125,16.0945320129395,121.763241767883,3576,420,0,119,16
1997,202,11.6666666666667,85.7142857142858,86.0,36.297,0.044,404.3125,200.8125,16.0945320129395,121.764603614807,3576,420,0,119,16
1998,202,12.5,80.0,86.0,36.297,0.044,404.3125,200.8125,16.0945320129395,121.764019966125,3573,420,0,119,14
1999,202,12.5,80.0,86.0,36.297,0.044,404.3125,200.8125,16.0945320129395,121.684380531311,3536,414,0,114,13
2000,202,10.7086666666668,93.3823071655347,86.0,36.297,0.044,403.0625,200.8125,16.0936813354492,121.682744026184,3536,414,0,112,13
2001,203,12.5,80.0,86.0,36.297,0.044,404.0,200.8125,16.1032218933105,121.672715187073,3522,405,0,112,15
2002,203,11.474,87.1535645807914,86.0,36.297,0.044,403.4375,200.8125,16.0992622375488,121.673794746399,3531,405,0,112,17
2003,203,10.579,94.5268929010304,86.0,36.297,0.044,403.4375,200.8125,16.0992622375488,121.6609582901,3525,405,0,112,14
2004,203,11.085,90.21199819576,86.0,36.297,0.044,403.9375,200.8125,16.1016731262207,121.702691078186,3540,408,0,114,16
2005,203,10.888,91.844232182219,86.0,36.297,0.044,403.9375,200.8125,16.1016731262207,121.676720619202,3526,406,0,111,15
2006,203,10.343,96.6837474620516,88.0,38.737,0.045,403.6875,200.8125,16.1014785766602,121.676873207092,3526,406,0,111,15
2007,203,11.103,90.0657479960371,88.0,38.737,0.045,403.9375,200.8125,16.1016273498535,121.715779304504,3548,411,0,113,18
2008,203,10.771,92.8418902608857,88.0,38.737,0.045,403.9375,200.8125,16.1016273498535,121.718346595764,3550,411,0,113,19
2009,203,10.359,96.5344145187759,88.0,38.737,0.045,403.9375,200.8125,16.1016273498535,121.717858314514,3547,411,0,113,18
2010,204,11.1111111111111,90.0,88.0,38.737,0.045,403.9375,200.8125,16.1016273498535,121.719037055969,3547,411,0,113,18
2011,204,11.1111111111111,90.0,88.0,38.737,0.045,403.9375,200.8125,16.1016273498535,121.719834327698,3548,411,0,113,18
2012,204,10.6817777777778,93.6173753848714,88.0,38.737,0.045,403.9375,200.8125,16.1016273498535,121.721196174622,3548,411,0,113,18
2013,204,11.1111111111111,90.0,88.0,38.737,0.045,403.9375,200.8125,16.1016273498535,121.722558021545,3548,411,0,113,18
2014,204,10.7368888888889,93.1368490769103,88.0,38.737,0.045,403.9375,200.8125,16.1016273498535,121.715615272522,3546,409,0,111,18
2015,204,10.585,94.4733112895607,88.0,38.737,0.045,403.9375,200.8125,16.1016273498535,121.70800113678,3537,408,0,110,15
2016,204,10.356,96.5623792970259,88.0,38.737,0.045,403.9375,200.8125,16.1016273498535,121.704617500305,3529,408,0,110,11
2017,204,10.534,94.9307005885703,88.0,38.737,0.045,403.9375,200.8125,16.1016273498535,121.705979347229,3529,408,0,110,11
2018,204,10.6060606060606,94.2857142857143,88.0,38.737,0.045,403.9375,200.8125,16.1016273498535,121.685841560364,3520,406,0,109,11
2019,204,10.6060606060606,94.2857142857143,88.0,38.737,0.045,403.6875,200.8125,16.101432800293,121.668694496155,3513,404,0,106,11
2020,205,10.6060606060606,94.2857142857143,88.0,38.737,0.045,403.4375,200.8125,16.1012840270996,118.622108459473,3457,374,0,102,11
2021,205,10.6060606060606,94.2857142857143,88.0,38.737,0.045,399.375,200.4375,14.6141891479492,118.603713989258,3445,374,0,100,7
2022,205,10.6060606060606,94.2857142857143,88.0,38.737,0.045,399.375,200.4375,14.6141891479492,118.580982208252,3433,372,0,99,6
2023,205,10.6060606060606,94.2857142857143,88.0,38.737,0.045,399.125,200.4375,14.6139945983887,118.579448699951,3433,372,0,99,6
2024,205,10.6060606060606,94.2857142857143,88.0,38.737,0.045,399.125,200.4375,14.6139945983887,118.499992370605,3413,354,0,99,6
2025,205,10.6060606060606,94.2857142857143,88.0,38.737,0.045,396.6875,200.4375,14.6123580932617,118.498527526855,3413,354,0,99,6
2026,205,22.8998484848485,43.6684111976392,88.0,38.737,0.045,396.6875,200.4375,14.6123580932617,118.498615264893,3417,354,0,99,7
2027,205,11.1111111111111,90.0,88.0,38.737,0.045,396.6875,200.4375,14.6123580932617,118.499977111816,3417,354,0,99,7
2028,206,10.1028888888888,98.9815894243682,88.0,38.737,0.045,396.6875,200.4375,14.6123580932617,118.498638153076,3412,354,0,100,5
2029,206,11.1111111111111,90.0,88.0,38.737,0.045,396.6875,200.4375,14.6123580932617,118.492687225342,3408,353,0,100,5
2030,206,11.6666666666667,85.7142857142857,88.0,38.737,0.045,396.6875,200.4375,14.6123580932617,118.494049072266,3408,353,0,100,5
2031,206,10.5555555555556,94.7368421052632,88.0,38.737,0.045,396.6875,200.4375,14.6123580932617,118.461784362793,3398,350,0,98,5
2032,206,11.6666666666667,85.7142857142857,88.0,38.737,0.045,396.1875,200.4375,14.6099472045898,118.460231781006,3396,350,0,98,4
2033,206,35.7070000000001,28.0057131654857,88.0,38.737,0.045,396.1875,200.4375,14.6099472045898,118.459373474121,3394,350,0,98,4
2034,206,16.6666666666667,60.0,88.0,38.737,0.045,396.1875,200.4375,14.6099472045898,118.415313720703,3379,346,0,94,4
2035,207,16.6666666666667,60.0,88.0,38.737,0.045,395.9375,200.4375,14.6077156066895,118.451953887939,3392,349,0,95,6
2036,207,14.9543333333333,66.8702494260304,88.0,38.737,0.045,395.8125,200.4375,14.6043510437012,118.448661804199,3389,348,0,95,6
2037,207,10.329,96.8147933004163,88.0,38.737,0.045,395.8125,200.4375,14.6043510437012,118.450023651123,3389,348,0,95,6
2038,207,11.212,89.1901534070639,88.0,38.737,0.045,397.5625,200.4375,14.606071472168,118.619434356689,3450,357,0,103,15
2039,207,10.07,99.304865938431,88.0,38.737,0.045,397.5625,200.4375,14.606071472168,118.611755371094,3443,356,0,103,15
2040,207,12.058,82.9324929507381,88.0,38.737,0.045,397.5625,200.4375,14.606071472168,118.613117218018,3443,356,0,103,15
2041,207,10.383,96.3112780506597,88.0,38.737,0.045,397.5625,200.4375,14.606071472168,118.614479064941,3443,356,0,103,15
2042,207,10.092,99.0883868410622,88.0,38.737,0.045,397.5625,200.4375,14.606071472168,118.615840911865,3443,356,0,103,15
2043,208,11.1111111111111,90.0,88.0,38.737,0.045,398.0625,200.4375,14.6065063476563,118.690105438232,3464,360,0,103,19
2044,208,11.1111111111111,90.0,88.0,38.737,0.045,399.4375,200.4375,14.6083145141602,118.86270904541,3540,382,0,115,28
2045,208,11.1111111111111,90.0,88.0,38.737,0.045,400.1875,200.4375,14.6088066101074,118.907615661621,3559,385,0,116,33
2046,208,11.1111111111111,90.0,88.0,38.737,0.045,400.1875,200.4375,14.6088066101074,118.885711669922,3544,380,0,116,33
2047,208,11.1111111111111,90.0,88.0,38.737,0.045,401.9375,200.4375,14.6105270385742,119.054985046387,3605,389,0,125,42
2048,208,11.1111111111111,90.0,88.0,38.737,0.045,401.9375,200.4375,14.6105270385742,119.062931060791,3611,390,0,125,43
2049,208,11.1111111111111,90.0,88.0,38.737,0.045,401.9375,200.4375,14.6105270385742,119.063777923584,3609,390,0,126,42
2050,208,10.6060606060606,94.2857142857143,88.0,38.737,0.045,401.9375,200.4375,14.6105270385742,119.052906036377,3606,387,0,123,42
2051,208,10.6060606060606,94.2857142857143,88.0,38.737,0.045,401.9375,200.4375,14.6105270385742,119.04923248291,3597,387,0,123,39
2052,209,7.87143434343423,127.041649128932,88.0,38.737,0.045,401.9375,200.4375,14.6105270385742,119.049968719482,3598,387,0,123,39
2053,209,10.6060606060606,94.2857142857143,88.0,38.737,0.045,401.9375,200.4375,14.6105270385742,119.057422637939,3604,388,0,123,40
2054,209,10.6060606060606,94.2857142857143,88.0,38.737,0.045,403.5625,201.4375,14.6118278503418,119.146820068359,3641,401,0,133,42
2055,209,10.6060606060606,94.2857142857143,88.0,38.737,0.045,404.3125,201.4375,14.6123199462891,119.197219848633,3665,404,0,136,48
2056,209,10.6060606060606,94.2857142857143,88.0,38.737,0.045,404.3125,201.4375,14.6123199462891,119.198581695557,3665,404,0,136,48
2057,209,10.6060606060606,94.2857142857143,88.0,38.737,0.045,404.3125,201.4375,14.6123199462891,119.195991516113,3664,403,0,135,48
2058,209,10.6060606060606,94.2857142857143,88.0,38.737,0.045,404.3125,201.4375,14.6123199462891,119.204586029053,3675,405,0,137,50
2059,209,10.6060606060606,94.2857142857143,88.0,38.737,0.045,404.3125,201.4375,14.6123199462891,119.204917907715,3671,405,0,139,48
2060,209,10.6060606060606,94.2857142857143,88.0,38.737,0.045,404.3125,201.4375,14.6123199462891,119.203350067139,3667,405,0,139,44
2061,210,11.1111111111111,90.0,88.0,38.737,0.045,405.0625,201.4375,14.6214599609375,119.243751525879,3689,398,0,137,46
2062,210,11.1111111111111,90.0,88.0,38.737,0.045,406.1875,202.4375,14.6183662414551,119.110385894775,3656,389,0,129,43
2063,210,11.1111111111111,90.0,88.0,38.737,0.045,404.6875,202.4375,14.6168251037598,119.102519989014,3641,391,0,129,36
2064,210,11.1111111111111,90.0,88.0,38.737,0.045,405.1875,202.4375,14.6192359924316,119.145404815674,3656,394,0,133,38
2065,210,11.1111111111111,90.0,88.0,38.737,0.045,405.1875,202.4375,14.6192359924316,119.146766662598,3656,394,0,133,38
2066,210,11.1111111111111,90.0,88.0,38.737,0.045,405.1875,202.4375,14.6192359924316,119.144176483154,3655,393,0,132,38
2067,210,11.1111111111111,90.0,88.0,38.737,0.045,405.1875,202.4375,14.6192359924316,119.13809967041,3648,392,0,131,36
2068,210,11.1111111111111,90.0,88.0,38.737,0.045,405.4375,202.4375,14.619384765625,119.200618743896,3691,400,0,137,43
2069,210,11.1111111111111,90.0,88.0,38.737,0.045,405.6875,202.4375,14.6196556091309,119.226665496826,3708,403,0,140,45
2070,211,11.1111111111111,90.0,88.0,38.737,0.045,405.6875,202.4375,14.6196556091309,119.19425201416,3699,397,0,138,45
2071,211,11.1111111111111,90.0,88.0,38.737,0.045,405.3125,202.4375,14.6186256408691,119.061962127686,3675,388,0,129,45
2072,211,11.1111111111111,90.0,88.0,38.737,0.045,403.8125,202.4375,14.6170845031738,119.036506652832,3646,387,0,128,36
2073,211,11.1111111111111,90.0,88.0,38.737,0.045,403.8125,202.4375,14.6170845031738,119.041687011719,3648,388,0,128,36
2074,211,11.1111111111111,90.0,88.0,38.737,0.045,403.8125,202.4375,14.6170845031738,119.040679931641,3645,388,0,129,35
2075,211,11.1111111111111,90.0,88.0,38.737,0.045,403.8125,202.4375,14.6170845031738,119.049434661865,3651,387,0,127,36
2076,211,25.7428484848486,38.8457400348903,88.0,38.737,0.045,404.0625,202.4375,14.6173553466797,119.033237457275,3666,383,0,125,42
2077,211,12.5,80.0,88.0,38.737,0.045,404.0625,202.4375,14.6173553466797,117.579070091248,3589,350,0,121,37
2078,212,42.865,23.3290563396711,88.0,38.737,0.045,399.5,202.0625,13.2681999206543,117.59961605072,3616,355,0,123,41
2079,212,16.6666666666667,60.0,88.0,38.737,0.045,399.75,202.0625,13.2684707641602,117.518870353699,3579,344,0,120,40
2080,212,16.6666666666667,60.0,88.0,38.737,0.045,398.875,202.0625,13.2670211791992,117.503085136414,3560,343,0,119,31
2081,212,16.6666666666667,60.0,88.0,38.737,0.045,398.875,202.0625,13.2670211791992,117.502173423767,3556,343,0,117,30
2082,212,11.0106666666667,90.8210220392347,88.0,38.737,0.045,398.875,202.0625,13.2670211791992,117.472247123718,3546,339,0,113,29
2083,213,10.739,93.1185399012943,88.0,38.737,0.045,398.625,202.0625,13.2667503356934,117.458106040955,3527,338,0,112,24
2084,213,10.693,93.5191246609932,88.0,38.737,0.045,398.625,202.0625,13.2667503356934,117.472113609314,3530,339,0,112,23
2085,213,11.044,90.5469032959073,88.0,38.737,0.045,398.875,202.0625,13.2670211791992,117.478350639343,3530,339,0,113,23
2086,213,10.402,96.1353585848875,88.0,38.737,0.045,398.875,202.0625,13.2670211791992,117.479712486267,3530,339,0,113,23
2087,213,10.894,91.7936478795667,81.0,43.4,0.027,398.875,202.0625,13.2670211791992,117.447447776794,3520,336,0,111,23
2088,213,10.601,94.3307235166494,81.0,43.4,0.027,398.375,202.0625,13.2646102905273,117.43999004364,3509,336,0,111,16
2089,213,10.393,96.2186086789185,81.0,43.4,0.027,398.375,202.0625,13.2646102905273,117.33203792572,3454,328,0,105,16
2090,213,10.739,93.1185399012943,81.0,43.4,0.027,396.875,202.0625,13.2634887695313,117.28293132782,3436,324,0,103,15
2091,213,10.542,94.8586605957124,81.0,43.4,0.027,396.375,202.0625,13.2610778808594,117.282340049744,3436,324,0,103,15
2092,214,11.021,90.7358678885764,81.0,43.4,0.027,396.375,202.0625,13.2610778808594,117.298777580261,3443,325,0,102,16
2093,214,11.038,90.5961224859576,81.0,43.4,0.027,396.625,202.0625,13.2613487243652,117.296713829041,3431,325,0,103,8
2094,214,11.067,90.3587241348152,81.0,43.4,0.027,396.5,202.0625,13.257984161377,117.281115531921,3428,324,0,102,8
2095,214,10.725,93.2400932400932,81.0,43.4,0.027,396.25,202.0625,13.2577133178711,117.279215812683,3424,324,0,102,7
2096,214,10.541,94.8676596148373,81.0,43.4,0.027,396.25,202.0625,13.2577133178711,117.193457603455,3388,316,0,98,7
2097,214,10.788,92.6955876900259,81.0,43.4,0.027,395.25,202.0625,13.2569351196289,117.191149711609,3388,316,0,96,7
2098,214,10.568,94.6252838758516,81.0,43.4,0.027,395.25,202.0625,13.2569351196289,117.110789299011,3350,310,0,91,6
2099,214,10.428,95.8956655159187,81.0,43.4,0.027,394.0,202.0625,13.2560844421387,117.124796867371,3358,311,0,91,7
2100,214,10.447,95.7212596917775,81.0,43.4,0.027,394.25,202.0625,13.2563552856445,117.12199306488,3351,310,0,92,7
2101,215,10.6060606060606,94.2857142857143,81.0,43.4,0.027,394.25,202.0625,13.2563552856445,117.123354911804,3351,310,0,92,7
2102,215,10.6060606060606,94.2857142857143,81.0,43.4,0.027,394.25,202.0625,13.2563552856445,117.124716758728,3351,310,0,92,7
2103,215,10.4528787878788,95.6674252417052,81.0,43.4,0.027,394.25,202.0625,13.2563552856445,117.126078605652,3351,310,0,92,7
2104,215,10.549,94.7957152336714,81.0,43.4,0.027,394.25,202.0625,13.2563552856445,117.104693412781,3343,309,0,89,6
2105,215,10.6060606060606,94.2857142857143,81.0,43.4,0.027,394.0,202.0625,13.2560844421387,117.091528892517,3339,309,0,89,5
2106,215,10.4166666666667,96.0,81.0,43.4,0.027,394.0,202.0625,13.2560844421387,117.092890739441,3339,309,0,89,5
2107,215,10.4166666666667,96.0,81.0,43.4,0.027,394.0,202.0625,13.2560844421387,117.109896659851,3347,310,0,87,6
2108,215,10.4166666666667,96.0,81.0,43.4,0.027,394.25,202.0625,13.2563552856445,117.11613368988,3347,310,0,88,6
2109,215,10.4166666666667,96.0,81.0,43.4,0.027,394.25,202.0625,13.2563552856445,117.115817070007,3344,310,0,88,5
2110,215,10.4166666666667,96.0,81.0,43.4,0.027,394.25,202.0625,13.2563552856445,117.117178916931,3344,310,0,88,5
2111,216,10.4166666666667,96.0,81.0,43.4,0.027,394.25,202.0625,13.2563552856445,117.10853099823,3344,310,0,88,5
2112,216,10.4166666666667,96.0,81.0,43.4,0.027,394.25,202.0625,13.2563552856445,117.093077659607,3341,309,0,87,5
2113,216,10.4166666666667,96.0,81.0,43.4,0.027,394.0,202.0625,13.2560844421387,117.091177940369,3337,309,0,87,4
2114,216,10.4166666666667,96.0,81.0,43.4,0.027,394.0,202.0625,13.2560844421387,117.092539787292,3337,309,0,87,4
2115,216,10.4166666666667,96.0,81.0,43.4,0.027,394.0,202.0625,13.2560844421387,117.109637260437,3345,310,0,87,5
2116,216,10.4166666666667,96.0,81.0,43.4,0.027,394.25,202.0625,13.2563552856445,117.115874290466,3345,310,0,88,5
2117,216,26.2789393939394,38.0532861318835,81.0,43.4,0.027,394.25,202.0625,13.2563552856445,117.11723613739,3345,310,0,88,5
2118,216,13.3333333333333,75.0,81.0,43.4,0.027,394.25,202.0625,13.2563552856445,117.101782798767,3342,309,0,85,5
2119,217,13.8888888888889,72.0,81.0,43.4,0.027,394.0,202.0625,13.2560844421387,117.098204612732,3335,309,0,86,3
2120,217,9.45844444444432,105.725630242231,81.0,43.4,0.027,394.0,202.0625,13.2560844421387,117.120192527771,3346,311,0,86,5
2121,217,13.3333333333333,75.0,81.0,43.4,0.027,394.25,202.0625,13.2562789916992,117.105635643005,3341,309,0,86,5
2122,217,13.3333333333333,75.0,81.0,43.4,0.027,393.0,201.0625,13.2560081481934,117.105578422546,3341,309,0,86,5
2123,217,13.3333333333333,75.0,81.0,43.4,0.027,393.0,201.0625,13.2560081481934,117.10694026947,3341,309,0,86,5
2124,217,11.8460000000001,84.4166807361126,81.0,43.4,0.027,393.0,201.0625,13.2560081481934,117.108302116394,3341,309,0,86,5
2125,217,10.301,97.0779535967382,81.0,43.4,0.027,393.0,201.0625,13.2560081481934,117.092848777771,3338,308,0,85,5
2126,217,10.451,95.6846234810066,81.0,43.4,0.027,392.75,201.0625,13.2557373046875,117.090949058533,3334,308,0,85,4
2127,218,11.275,88.6917960088692,81.0,43.4,0.027,393.0,201.0625,13.255916595459,117.132079124451,3351,311,0,86,7
2128,218,9.937,100.633994163228,81.0,43.4,0.027,393.0,201.0625,13.255916595459,117.128931999207,3348,310,0,86,7
2129,218,10.302,97.06853038245,81.0,43.4,0.027,393.0,201.0625,13.255916595459,117.13029384613,3348,310,0,86,7
2130,218,10.17,98.3284169124877,81.0,43.4,0.027,393.0,201.0625,13.255916595459,117.130923271179,3347,310,0,86,6
2131,218,10.923,91.5499404925387,81.0,43.4,0.027,394.75,201.0625,13.2576370239258,117.296900749207,3404,319,0,95,14
2132,218,10.053,99.4727941907888,81.0,43.4,0.027,394.75,201.0625,13.2576370239258,117.29826259613,3404,319,0,95,14
2133,218,10.217,97.8760888714887,81.0,43.4,0.027,394.75,201.0625,13.2576370239258,117.280409812927,3400,318,0,94,14
2134,218,10.537,94.9036727721363,81.0,43.4,0.027,393.5,200.0625,13.2573661804199,117.278079032898,3396,318,0,92,13
2135,218,10.0,100.0,81.0,43.4,0.027,393.5,200.0625,13.2573661804199,117.277167320251,3392,318,0,92,12
2136,218,10.0,100.0,81.0,43.4,0.027,393.5,200.0625,13.2573661804199,117.278529167175,3392,318,0,92,12
2137,219,10.0,100.0,81.0,43.4,0.027,393.5,200.0625,13.2573661804199,117.279829978943,3392,318,0,92,12
2138,219,10.0,100.0,81.0,43.4,0.027,393.875,200.0625,13.2583961486816,117.341197013855,3419,328,0,100,14
2139,219,10.0,100.0,81.0,43.4,0.027,394.625,200.0625,13.2588882446289,117.392035484314,3443,331,0,103,20
2140,219,10.0,100.0,81.0,43.4,0.027,394.625,200.0625,13.2588882446289,117.396281242371,3448,331,0,103,22
2141,219,10.0,100.0,81.0,43.4,0.027,394.625,200.0625,13.2588882446289,117.397643089294,3448,331,0,103,22
2142,219,10.0,100.0,81.0,43.4,0.027,394.625,200.0625,13.2588882446289,117.405589103699,3454,332,0,103,23
2143,219,10.0,100.0,81.0,43.4,0.027,394.625,200.0625,13.2588882446289,117.406435966492,3452,332,0,104,22
2144,219,10.0,100.0,81.0,43.4,0.027,394.625,200.0625,13.2588882446289,117.407797813416,3452,332,0,104,22
2145,219,10.0,100.0,81.0,43.4,0.027,394.625,200.0625,13.2588882446289,117.401301383972,3450,330,0,102,22
2146,219,10.0,100.0,81.0,43.4,0.027,394.625,200.0625,13.2588882446289,117.394305229187,3444,329,0,101,20
2147,220,10.0,100.0,81.0,43.4,0.027,395.625,200.0625,13.2617340087891,117.524863243103,3490,339,0,106,26
2148,220,10.0,100.0,81.0,43.4,0.027,395.625,200.0625,13.2617340087891,117.522292137146,3487,338,0,107,26
2149,220,10.1686666666667,98.341309906248,81.0,43.4,0.027,395.625,200.0625,13.2617340087891,117.490660667419,3467,335,0,106,26
2150,220,10.4859999999999,95.3652489033008,81.0,43.4,0.027,395.875,200.0625,13.2639503479004,117.528800010681,3477,338,0,108,26
2151,220,10.4166666666667,96.0,81.0,43.4,0.027,397.625,200.0625,13.2656707763672,117.698073387146,3538,347,0,117,35
2152,220,10.4166666666667,96.0,81.0,43.4,0.027,397.625,200.0625,13.2656707763672,117.698599815369,3546,347,0,118,37
2153,220,10.4166666666667,96.0,81.0,43.4,0.027,397.625,200.0625,13.2656707763672,117.698264122009,3542,347,0,119,36
2154,220,10.4166666666667,96.0,81.0,43.4,0.027,397.875,200.0625,13.2658195495605,117.736723899841,3564,352,0,123,39
2155,220,10.4166666666667,96.0,81.0,43.4,0.027,397.875,200.0625,13.2658195495605,117.736872673035,3562,352,0,123,38
2156,221,10.4166666666667,96.0,81.0,43.4,0.027,399.375,200.0625,13.2776260375977,117.709517478943,3577,344,0,118,44
2157,221,10.4166666666667,96.0,81.0,43.4,0.027,397.75,200.0625,13.2727203369141,117.691645622253,3557,344,0,117,37
2158,221,10.4166666666667,96.0,81.0,43.4,0.027,397.75,200.0625,13.2727203369141,117.690566062927,3561,344,0,120,37
2159,221,11.0083333333335,90.8402725208165,81.0,43.4,0.027,399.5,200.0625,13.2780342102051,117.821707725525,3615,353,0,127,47
2160,221,11.206,89.2379082634303,81.0,43.4,0.027,399.5,200.0625,13.2780342102051,117.823069572449,3615,353,0,127,47
2161,221,11.116,89.9604174163368,81.0,43.4,0.027,399.5,200.0625,13.2780342102051,117.816573143005,3613,351,0,125,47
2162,221,10.708,93.3881210310049,81.0,43.4,0.027,399.5,200.0625,13.2780342102051,117.808672904968,3605,350,0,123,43
2163,221,38.635,25.8832664682283,81.0,43.4,0.027,399.75,200.0625,13.2781829833984,117.862280845642,3637,358,0,128,46
2164,222,16.6666666666667,60.0,81.0,43.4,0.027,399.75,200.0625,13.2781829833984,117.812388420105,3623,349,0,126,46
2165,222,16.6666666666667,60.0,81.0,43.4,0.027,399.125,200.0625,13.2770042419434,117.810423851013,3619,349,0,126,45
2166,222,16.6666666666667,60.0,81.0,43.4,0.027,399.125,200.0625,13.2770042419434,117.802756309509,3616,347,0,124,44
2167,222,11.6076666666667,86.1499583608535,81.0,43.4,0.027,399.125,200.0625,13.2770042419434,117.778544425964,3603,342,0,119,41
2168,222,10.876,91.9455682236116,81.0,43.4,0.027,399.125,200.0625,13.2770042419434,117.768042564392,3582,342,0,119,35
2169,222,10.653,93.870271285084,81.0,43.4,0.027,399.125,200.0625,13.2770042419434,117.769404411316,3582,342,0,119,35
2170,222,11.169,89.5335303071,81.0,43.4,0.027,399.125,200.0625,13.2770042419434,117.760268211365,3580,342,0,117,34
2171,223,11.309,88.4251481121231,81.0,43.4,0.027,399.125,200.0625,13.2770042419434,117.611464500427,3551,332,0,110,34
2172,223,11.126,89.8795613877404,81.0,43.4,0.027,397.375,200.0625,13.2753143310547,116.422780990601,3470,300,0,106,26
2173,223,10.592,94.4108761329305,81.0,43.4,0.027,392.8125,199.6875,11.9255409240723,116.406541824341,3465,300,0,106,25
2174,223,10.844,92.2168941350055,81.0,43.4,0.027,392.8125,199.6875,11.9255409240723,116.359174728394,3439,296,0,104,25
2175,223,10.442,95.7670944263551,88.0,42.503,0.031,392.3125,199.6875,11.9231300354004,116.351587295532,3428,296,0,104,18
2176,223,10.269,97.380465478625,88.0,42.503,0.031,392.3125,199.6875,11.9231300354004,116.351987838745,3426,296,0,104,17
2177,223,10.188,98.1546917942678,88.0,42.503,0.031,392.3125,199.6875,11.9231300354004,116.353349685669,3426,296,0,104,17
2178,223,10.22,97.8473581213307,88.0,42.503,0.031,392.3125,199.6875,11.9231300354004,116.309396743774,3408,292,0,102,15
2179,223,10.987,91.0166560480568,88.0,42.503,0.031,391.8125,199.6875,11.9207191467285,116.304746627808,3410,292,0,104,16
2180,224,10.638,94.0026320736981,88.0,42.503,0.031,391.8125,199.6875,11.9207191467285,116.306047439575,3410,292,0,104,16
2181,224,10.13,98.7166831194472,88.0,42.503,0.031,391.8125,199.6875,11.9207191467285,116.307409286499,3410,292,0,104,16
2182,224,10.6,94.3396226415094,88.0,42.503,0.031,391.8125,199.6875,11.9207191467285,116.308771133423,3410,292,0,104,16
2183,224,10.584,94.4822373393802,88.0,42.503,0.031,391.8125,199.6875,11.9207191467285,116.24285697937,3390,286,0,100,16
2184,224,10.309,97.0026190707149,88.0,42.503,0.031,390.8125,199.6875,11.9158973693848,116.237688064575,3385,286,0,100,13
2185,224,10.119,98.8239944658563,88.0,42.503,0.031,390.8125,199.6875,11.9158973693848,116.239049911499,3385,286,0,100,13
2186,224,10.6060606060606,94.2857142857143,88.0,42.503,0.031,390.8125,199.6875,11.9158973693848,116.161497116089,3350,280,0,94,13
2187,224,10.5999393939394,94.3401620363753,88.0,42.503,0.031,389.5625,199.6875,11.9150466918945,116.05845451355,3313,271,0,90,13
2188,224,10.182,98.2125319190729,88.0,42.503,0.031,388.5625,199.6875,11.9102249145508,116.054658889771,3311,271,0,90,13
2189,224,10.132,98.6971969996052,88.0,42.503,0.031,388.5625,199.6875,11.9102249145508,116.056020736694,3311,271,0,90,13
2190,225,10.364,96.487842531841,88.0,42.503,0.031,388.5625,199.6875,11.9102249145508,116.056657791138,3310,271,0,90,12
2191,225,10.4166666666667,96.0,88.0,42.503,0.031,388.5625,199.6875,11.9102249145508,116.057622909546,3310,271,0,90,12
2192,225,10.4103333333333,96.0584035093337,88.0,42.503,0.031,388.4375,199.6875,11.9068603515625,116.058839797974,3310,271,0,90,12
2193,225,9.93,100.704934541793,88.0,42.503,0.031,388.4375,199.6875,11.9068603515625,116.060201644897,3310,271,0,90,12
2194,225,9.987,100.130169219986,88.0,42.503,0.031,388.4375,199.6875,11.9068603515625,116.061563491821,3310,271,0,88,12
2195,225,10.353,96.5903602820439,88.0,42.503,0.031,388.4375,199.6875,11.9068603515625,116.055341720581,3298,271,0,88,5
2196,225,10.0,100.0,88.0,42.503,0.031,388.4375,199.6875,11.9068603515625,116.047616958618,3291,270,0,88,5
2197,225,10.0,100.0,88.0,42.503,0.031,388.4375,199.6875,11.9068603515625,116.048978805542,3291,270,0,88,5
2198,225,10.0,100.0,88.0,42.503,0.031,388.4375,199.6875,11.9068603515625,116.050340652466,3291,270,0,88,5
2199,226,10.0,100.0,88.0,42.503,0.031,388.4375,199.6875,11.9068603515625,116.05170249939,3291,270,0,88,5
2200,226,10.0,100.0,88.0,42.503,0.031,388.4375,199.6875,11.9068603515625,116.053064346313,3291,270,0,86,5
2201,226,10.0,100.0,88.0,42.503,0.031,388.4375,199.6875,11.9068603515625,116.054426193237,3291,270,0,86,5
2202,226,10.0,100.0,88.0,42.503,0.031,388.4375,199.6875,11.9068603515625,116.054109573364,3288,270,0,86,4
2203,226,10.0,100.0,88.0,42.503,0.031,388.4375,199.6875,11.9068603515625,116.048818588257,3283,270,0,84,3
2204,226,10.0,100.0,88.0,42.503,0.031,388.4375,199.6875,11.9068603515625,116.050180435181,3283,270,0,84,3
2205,226,10.0,100.0,88.0,42.503,0.031,388.4375,199.6875,11.9068603515625,116.051542282104,3283,270,0,84,3
2206,226,10.0,100.0,88.0,42.503,0.031,388.4375,199.6875,11.9068603515625,115.972860336304,3248,264,0,79,3
2207,226,27.7186666666667,36.0767713694742,88.0,42.503,0.031,387.1875,199.6875,11.9060096740723,115.971223831177,3248,264,0,77,3
2208,227,16.6666666666667,60.0,88.0,42.503,0.031,387.1875,199.6875,11.9060096740723,115.970907211304,3245,264,0,77,2
2209,227,12.1846666666667,82.070361656727,88.0,42.503,0.031,387.1875,199.6875,11.9060096740723,115.972269058228,3245,264,0,77,2
2210,227,10.14,98.6193293885602,88.0,42.503,0.031,387.1875,199.6875,11.9060096740723,115.973630905151,3245,264,0,77,2
2211,227,10.057,99.4332305856617,88.0,42.503,0.031,387.1875,199.6875,11.9060096740723,115.974992752075,3245,264,0,77,2
2212,227,9.941,100.593501659793,88.0,42.503,0.031,387.1875,199.6875,11.9060096740723,115.976354598999,3245,264,0,77,2
2213,227,10.052,99.4826900119379,88.0,42.503,0.031,387.1875,199.6875,11.9060096740723,115.977716445923,3245,264,0,77,2
2214,227,10.48,95.4198473282443,88.0,42.503,0.031,387.1875,199.6875,11.9060096740723,115.979078292847,3245,264,0,77,2
2215,227,10.215,97.8952520802741,88.0,42.503,0.031,387.1875,199.6875,11.9060096740723,115.980440139771,3245,264,0,77,2
2216,227,10.015,99.8502246630055,88.0,42.503,0.031,387.1875,199.6875,11.9060096740723,115.981801986694,3245,264,0,75,2
2217,228,11.1111111111111,90.0,88.0,42.503,0.031,389.875,199.6875,11.9078102111816,116.476656913757,3382,287,0,81,26
2218,228,11.1111111111111,90.0,88.0,42.503,0.031,389.875,199.6875,11.9078102111816,116.476370811462,3379,287,0,81,25
2219,228,11.1111111111111,90.0,88.0,42.503,0.031,389.875,199.6875,11.9078102111816,116.477732658386,3379,287,0,81,25
2220,228,11.1111111111111,90.0,88.0,42.503,0.031,389.875,199.6875,11.9078102111816,116.47909450531,3379,287,0,81,25
2221,228,10.6060606060606,94.2857142857143,88.0,42.503,0.031,389.875,199.6875,11.9078102111816,116.480456352234,3379,287,0,81,25
2222,228,10.6060606060606,94.2857142857143,88.0,42.503,0.031,389.875,199.6875,11.9078102111816,116.483931541443,3379,287,0,82,25
2223,228,10.6060606060606,94.2857142857143,88.0,42.503,0.031,389.875,199.6875,11.9078102111816,116.489520072937,3379,287,0,86,25
2224,228,10.6060606060606,94.2857142857143,88.0,42.503,0.031,389.875,199.6875,11.9078102111816,116.490881919861,3379,287,0,84,25
2225,228,10.6060606060606,94.2857142857143,88.0,42.503,0.031,389.875,199.6875,11.9078102111816,116.494791984558,3376,287,0,86,24
2226,229,10.0715858585857,99.2892295256095,88.0,42.503,0.031,390.125,199.6875,11.9080047607422,116.520155906677,3385,288,0,88,26
2227,229,10.6060606060606,94.2857142857143,88.0,42.503,0.031,390.125,199.6875,11.9080047607422,116.524218559265,3382,288,0,90,25
2228,229,10.6060606060606,94.2857142857143,88.0,42.503,0.031,390.5,199.6875,11.9090347290039,116.591025352478,3411,298,0,100,28
2229,229,10.6060606060606,94.2857142857143,88.0,42.503,0.031,390.5,199.6875,11.9090347290039,116.594500541687,3411,298,0,101,28
2230,229,10.6060606060606,94.2857142857143,88.0,42.503,0.031,390.5,199.6875,11.9090347290039,116.593642234802,3409,298,0,101,28
2231,229,10.6060606060606,94.2857142857143,88.0,42.503,0.031,390.5,199.6875,11.9090347290039,116.595004081726,3409,298,0,101,28
2232,229,10.6060606060606,94.2857142857143,88.0,42.503,0.031,390.5,199.6875,11.9090347290039,116.605063438416,3415,299,0,102,29
2233,229,10.6060606060606,94.2857142857143,88.0,42.503,0.031,390.75,199.6875,11.9091987609863,116.950645446777,3423,300,0,104,30
2234,229,10.6060606060606,94.2857142857143,88.0,42.503,0.031,390.75,199.6875,11.9091987609863,116.950603485107,3420,300,0,104,29
2235,230,10.6060606060606,94.2857142857143,88.0,42.503,0.031,391.25,199.6875,11.9116096496582,117.007869720459,3443,303,0,105,32
2236,230,10.6060606060606,94.2857142857143,88.0,42.503,0.031,391.25,199.6875,11.9116096496582,117.000225067139,3436,302,0,104,29
2237,230,10.6060606060606,94.2857142857143,88.0,42.503,0.031,391.25,199.6875,11.9116096496582,117.006000518799,3439,303,0,103,29
2238,230,10.6060606060606,94.2857142857143,88.0,42.503,0.031,391.75,199.6875,11.9140205383301,117.044700622559,3448,306,0,106,29
2239,230,10.6060606060606,94.2857142857143,88.0,42.503,0.031,392.0,199.6875,11.9142150878906,117.065883636475,3455,307,0,107,30
2240,230,10.6060606060606,94.2857142857143,88.0,42.503,0.031,392.0,199.6875,11.9142150878906,117.065719604492,3452,307,0,107,29
2241,230,10.6060606060606,94.2857142857143,88.0,42.503,0.031,392.0,199.6875,11.9142150878906,117.065868377686,3450,307,0,107,28
2242,230,10.6060606060606,94.2857142857143,88.0,42.503,0.031,392.25,199.6875,11.914363861084,117.104705810547,3482,312,0,111,34
2243,230,10.6060606060606,94.2857142857143,88.0,42.503,0.031,392.25,199.6875,11.914363861084,117.100280761719,3471,312,0,110,31
2244,230,10.6060606060606,94.2857142857143,88.0,42.503,0.031,392.25,199.6875,11.914363861084,117.095890045166,3461,312,0,110,29
2245,231,10.6060606060606,94.2857142857143,88.0,42.503,0.031,392.25,199.6875,11.914363861084,117.097129821777,3461,312,0,110,29
2246,231,10.6060606060606,94.2857142857143,88.0,42.503,0.031,392.25,199.6875,11.914363861084,117.097927093506,3462,312,0,108,29
2247,231,10.6060606060606,94.2857142857143,88.0,42.503,0.031,392.25,199.6875,11.914363861084,117.095676422119,3457,312,0,105,28
2248,231,10.6060606060606,94.2857142857143,88.0,42.503,0.031,392.25,199.6875,11.914363861084,117.089588165283,3443,312,0,104,25
2249,231,10.6060606060606,94.2857142857143,88.0,42.503,0.031,392.25,199.6875,11.914363861084,117.083099365234,3441,310,0,100,26
2250,231,10.6060606060606,94.2857142857143,88.0,42.503,0.031,392.25,199.6875,11.914363861084,117.06908416748,3421,309,0,99,20
2251,231,10.6060606060606,94.2857142857143,88.0,42.503,0.031,392.25,199.6875,11.914363861084,117.064800262451,3411,309,0,99,17
2252,231,18.415484848485,54.3021271624171,88.0,42.503,0.031,392.25,199.6875,11.914363861084,117.068302154541,3416,309,0,98,18
2253,231,16.6666666666667,60.0,88.0,42.503,0.031,392.25,199.6875,11.914363861084,117.087390899658,3431,312,0,98,20
2254,232,16.6666666666667,60.0,88.0,42.503,0.031,392.25,199.6875,11.914363861084,117.030422210693,3412,304,0,96,19
2255,232,13.8888888888889,72.0,88.0,42.503,0.031,391.625,199.6875,11.9131851196289,117.025566101074,3409,303,0,94,18
2256,232,12.0934444444444,82.6894276972832,88.0,42.503,0.031,391.625,199.6875,11.9131851196289,117.018306732178,3394,303,0,94,15
2257,232,10.777,92.7902013547369,88.0,42.503,0.031,391.625,199.6875,11.9131851196289,117.019668579102,3394,303,0,94,15
2258,232,10.749,93.0319099451112,88.0,42.503,0.031,391.625,199.6875,11.9131851196289,117.021030426025,3394,303,0,94,15
2259,232,10.767,92.8763815361753,88.0,42.503,0.031,391.625,199.6875,11.9131851196289,117.017993927002,3393,302,0,93,15
2260,232,10.305,97.0402717127608,88.0,42.503,0.031,391.625,199.6875,11.9131851196289,117.003921508789,3384,299,0,88,13
2261,233,11.6666666666667,85.7142857142857,88.0,42.503,0.031,391.875,199.6875,11.9199142456055,116.965476989746,3360,289,0,85,10
2262,233,11.0353333333333,90.6180148613544,88.0,42.503,0.031,391.75,199.6875,11.9165496826172,116.966693878174,3360,289,0,85,10
2263,233,11.077,90.2771508531191,88.0,42.503,0.031,391.75,199.6875,11.9165496826172,116.957370758057,3356,289,0,83,8
2264,233,11.1111111111111,90.0,88.0,42.503,0.031,391.75,199.6875,11.9165496826172,116.903625488281,3337,284,0,80,8
2265,233,10.9938888888889,90.959624033554,88.0,42.503,0.031,391.0,199.6875,11.9139442443848,116.902122497559,3337,284,0,80,8
2266,233,10.708,93.3881210310049,91.0,34.629,0.04,391.0,199.6875,11.9139442443848,116.905406951904,3340,284,0,80,9
2267,233,10.933,91.4662032379036,91.0,34.629,0.04,391.0,199.6875,11.9139442443848,116.893650054932,3324,283,0,80,9
2268,233,10.93,91.4913083257091,91.0,34.629,0.04,391.0,199.6875,11.9139442443848,116.850498199463,3310,279,0,78,9
2269,233,10.77,92.8505106778087,91.0,34.629,0.04,390.5,199.6875,11.9115333557129,116.849269866943,3309,279,0,78,9
2270,234,11.1111111111111,90.0,91.0,34.629,0.04,391.0,199.6875,11.9139442443848,116.914394378662,3334,284,0,80,12
2271,234,11.1111111111111,90.0,91.0,34.629,0.04,391.0,199.6875,11.9139442443848,116.915756225586,3334,284,0,80,12
2272,234,11.1111111111111,90.0,91.0,34.629,0.04,391.0,199.6875,11.9139442443848,116.91711807251,3334,284,0,80,12
2273,234,11.1111111111111,90.0,91.0,34.629,0.04,391.5,199.6875,11.9163551330566,116.958850860596,3349,287,0,82,14
2274,234,11.1111111111111,90.0,91.0,34.629,0.04,391.5,199.6875,11.9163551330566,116.96021270752,3349,287,0,82,14
2275,234,11.1111111111111,90.0,91.0,34.629,0.04,391.5,199.6875,11.9163551330566,116.961574554443,3349,287,0,81,14
2276,234,11.1111111111111,90.0,91.0,34.629,0.04,391.5,199.6875,11.9163551330566,116.961723327637,3347,287,0,81,13
2277,234,11.1111111111111,90.0,91.0,34.629,0.04,391.75,199.6875,11.91650390625,116.99280166626,3364,291,0,85,17
2278,234,11.1111111111111,90.0,91.0,34.629,0.04,391.75,199.6875,11.91650390625,116.992950439453,3362,291,0,85,16
2279,235,11.1111111111111,90.0,91.0,34.629,0.04,391.75,199.6875,11.91650390625,115.57789516449,3304,258,0,79,16
2280,235,11.1111111111111,90.0,91.0,34.629,0.04,386.9375,199.3125,10.5446281433105,115.555891990662,3296,258,0,79,14
2281,235,11.1111111111111,90.0,91.0,34.629,0.04,386.9375,199.3125,10.5446281433105,115.557253837585,3296,258,0,79,14
2282,235,10.9876666666667,91.0111336953553,91.0,34.629,0.04,386.9375,199.3125,10.5446281433105,115.558615684509,3296,258,0,79,14
2283,235,10.888,91.844232182219,91.0,34.629,0.04,386.9375,199.3125,10.5446281433105,115.559977531433,3296,258,0,79,14
2284,235,10.628,94.0910801656003,91.0,34.629,0.04,386.9375,199.3125,10.5446281433105,115.47221660614,3274,238,0,77,14
2285,235,10.244,97.6181179226865,91.0,34.629,0.04,384.5,199.3125,10.5429916381836,115.460684776306,3263,237,0,74,10
2286,235,11.1111111111111,90.0,91.0,34.629,0.04,384.5,199.3125,10.5429916381836,115.458689689636,3257,237,0,74,8
2287,235,10.6038888888889,94.3050243621313,91.0,34.629,0.04,384.5,199.3125,10.5429916381836,115.458075523376,3254,237,0,74,6
2288,235,10.242,97.6371802382347,91.0,34.629,0.04,384.5,199.3125,10.5429916381836,115.4594373703,3254,237,0,74,6
2289,236,10.566,94.6431951542684,91.0,34.629,0.04,384.5,199.3125,10.5429916381836,115.417548179626,3241,233,0,74,7
2290,236,10.525,95.0118764845606,91.0,34.629,0.04,384.0,199.3125,10.5426483154297,115.417380332947,3241,233,0,74,7
2291,236,10.253,97.5324295328197,91.0,34.629,0.04,384.0,199.3125,10.5426483154297,115.418742179871,3241,233,0,74,7
2292,236,10.173,98.2994200334218,91.0,34.629,0.04,384.0,199.3125,10.5426483154297,115.420104026794,3241,233,0,74,7
2293,236,10.115,98.8630746416214,91.0,34.629,0.04,384.0,199.3125,10.5426483154297,115.421465873718,3241,233,0,74,7
2294,236,10.341,96.7024465718983,91.0,34.629,0.04,384.0,199.3125,10.5426483154297,115.422827720642,3241,233,0,74,7
2295,236,10.4166666666667,96.0,91.0,34.629,0.04,384.0,199.3125,10.5426483154297,115.424189567566,3241,233,0,74,7
2296,236,10.4166666666667,96.0,91.0,34.629,0.04,384.0,199.3125,10.5426483154297,115.42555141449,3241,233,0,74,7
2297,236,24.708,40.472721385786,91.0,34.629,0.04,384.0,199.3125,10.5426483154297,115.426913261414,3241,233,0,74,7
2298,237,16.6666666666667,60.0,91.0,34.629,0.04,384.0,199.3125,10.5426483154297,115.426856040955,3239,233,0,72,6
2299,237,16.6666666666667,60.0,91.0,34.629,0.04,383.875,199.3125,10.5392837524414,115.426394462585,3236,233,0,72,5
2300,237,16.5723333333333,60.3415330772171,91.0,34.629,0.04,383.875,199.3125,10.5392837524414,115.3930311203,3224,230,0,70,3
2301,237,10.664,93.7734433608402,91.0,34.629,0.04,383.375,199.3125,10.5368728637695,115.0822057724,3206,226,0,68,3
2302,237,11.466,87.2143729286586,91.0,34.629,0.04,382.875,199.3125,10.5365447998047,114.719944953918,3204,226,0,68,2
2303,237,11.225,89.086859688196,91.0,34.629,0.04,382.875,199.3125,10.5365447998047,114.676522254944,3190,222,0,66,2
2304,237,10.713,93.3445346774946,91.0,34.629,0.04,382.375,199.3125,10.5341339111328,114.675930976868,3190,222,0,66,2
2305,238,11.997,83.3541718763024,91.0,34.629,0.04,382.375,199.3125,10.5341339111328,114.688672065735,3192,222,0,66,3
2306,238,10.878,91.9286633572348,91.0,34.629,0.04,382.375,199.3125,10.5341339111328,114.690033912659,3192,222,0,66,3
2307,238,11.178,89.4614421184469,91.0,34.629,0.04,382.375,199.3125,10.5341339111328,114.685463905334,3187,222,0,64,2
2308,238,11.267,88.7547705689181,91.0,34.629,0.04,382.375,199.3125,10.5341339111328,114.686104774475,3187,222,0,64,2
2309,238,11.075,90.293453724605,91.0,34.629,0.04,382.375,199.3125,10.5341339111328,114.687466621399,3187,222,0,64,2
2310,238,10.472,95.4927425515661,91.0,34.629,0.04,382.375,199.3125,10.5341339111328,114.688828468323,3187,222,0,64,2
2311,238,11.1111111111111,90.0,91.0,34.629,0.04,382.375,199.3125,10.5341339111328,114.690190315247,3187,222,0,64,2
2312,238,11.1235555555554,89.8993127696994,91.0,34.629,0.04,382.375,199.3125,10.5341339111328,114.69155216217,3187,222,0,64,2
2313,238,10.9033333333335,91.7150718434714,91.0,34.629,0.04,382.375,199.3125,10.5341339111328,114.683873176575,3180,221,0,64,2
2314,239,11.1111111111111,90.0,91.0,34.629,0.04,382.375,199.3125,10.5341339111328,114.685173988342,3180,221,0,64,2
2315,239,11.3188888888887,88.3478943751855,91.0,34.629,0.04,382.75,199.3125,10.5351638793945,114.747754096985,3209,231,0,72,5
2316,239,11.1111111111111,90.0,91.0,34.629,0.04,382.75,199.3125,10.5351638793945,114.749115943909,3209,231,0,72,5
2317,239,11.1111111111111,90.0,91.0,34.629,0.04,382.75,199.3125,10.5351638793945,114.750477790833,3209,231,0,72,5
2318,239,11.1111111111111,90.0,91.0,34.629,0.04,382.75,199.3125,10.5351638793945,114.751839637756,3209,231,0,72,5
2319,239,11.1111111111111,90.0,91.0,34.629,0.04,382.75,199.3125,10.5351638793945,114.759785652161,3215,232,0,72,6
2320,239,11.1111111111111,90.0,91.0,34.629,0.04,382.75,199.3125,10.5351638793945,114.760632514954,3213,232,0,73,5
2321,239,11.1111111111111,90.0,91.0,34.629,0.04,382.75,199.3125,10.5351638793945,114.75413608551,3211,230,0,71,5
2322,239,11.1111111111111,90.0,91.0,34.629,0.04,382.75,199.3125,10.5351638793945,114.747765541077,3204,229,0,70,3
2323,240,11.1111111111111,90.0,91.0,34.629,0.04,383.25,199.3125,10.5375747680664,114.810856819153,3227,234,0,73,5
2324,240,11.1111111111111,90.0,91.0,34.629,0.04,383.25,199.3125,10.5375747680664,114.81831073761,3233,235,0,73,6
2325,240,11.1111111111111,90.0,91.0,34.629,0.04,383.25,199.3125,10.5375747680664,114.820248603821,3233,235,0,74,6
2326,240,11.1111111111111,90.0,91.0,34.629,0.04,383.75,199.3125,10.5399856567383,114.861981391907,3248,238,0,76,8
2327,240,11.1111111111111,90.0,91.0,34.629,0.04,383.75,199.3125,10.5399856567383,114.863343238831,3248,238,0,76,8
2328,240,11.1111111111111,90.0,91.0,34.629,0.04,383.75,199.3125,10.5399856567383,114.860753059387,3247,237,0,75,8
2329,240,11.1111111111111,90.0,91.0,34.629,0.04,384.0,199.3125,10.5401344299316,114.899758338928,3274,243,0,81,12
2330,240,11.1111111111111,90.0,91.0,34.629,0.04,384.0,199.3125,10.5401344299316,114.901696205139,3274,243,0,82,12
2331,240,11.1111111111111,90.0,91.0,34.629,0.04,384.0,199.3125,10.5401344299316,114.901844978333,3272,243,0,80,11
2332,241,11.1111111111111,90.0,91.0,34.629,0.04,384.0,199.3125,10.5401344299316,114.901406288147,3269,243,0,80,10
2333,241,11.1111111111111,90.0,91.0,34.629,0.04,384.0,199.3125,10.5401344299316,114.898251533508,3269,242,0,79,10
2334,241,11.1111111111111,90.0,91.0,34.629,0.04,384.0,199.3125,10.5401344299316,114.903431892395,3271,243,0,79,10
2335,241,11.1111111111111,90.0,91.0,34.629,0.04,384.0,199.3125,10.5401344299316,114.89529132843,3267,241,0,78,10
2336,241,11.1111111111111,90.0,91.0,34.629,0.04,384.0,199.3125,10.5401344299316,114.887677192688,3258,240,0,77,7
2337,241,10.9046666666669,91.7038576756113,91.0,34.629,0.04,384.0,199.3125,10.5401344299316,114.887360572815,3255,240,0,77,6
2338,241,10.443,95.7579239682084,91.0,34.629,0.04,384.0,199.3125,10.5401344299316,114.883679389954,3252,239,0,76,5
2339,241,10.447,95.7212596917775,91.0,34.629,0.04,384.0,199.3125,10.5401344299316,114.88885974884,3254,240,0,76,5
2340,241,28.8456666666667,34.6672521580364,91.0,34.629,0.04,384.0,199.3125,10.5401344299316,114.910244941711,3273,243,0,77,8
2341,242,16.6666666666667,60.0,91.0,34.629,0.04,384.0,199.3125,10.5401344299316,114.85688495636,3260,235,0,76,9
2342,242,13.3956666666667,74.6510065444049,91.0,34.629,0.04,383.375,199.3125,10.5389556884766,114.853241920471,3259,234,0,75,9
2343,242,10.283,97.2478848585043,91.0,34.629,0.04,383.375,199.3125,10.5389556884766,114.852330207825,3255,234,0,75,8
2344,242,10.339,96.7211529161428,91.0,34.629,0.04,383.375,199.3125,10.5389556884766,114.853692054749,3255,234,0,75,8
2345,242,10.244,97.6181179226865,91.0,34.629,0.04,383.375,199.3125,10.5389556884766,114.855053901672,3255,234,0,75,8
2346,242,10.889,91.8357975939021,91.0,34.629,0.04,383.375,199.3125,10.5389556884766,114.839818000793,3251,230,0,71,8
2347,242,10.177,98.2607841210573,91.0,34.629,0.04,383.375,199.3125,10.5389556884766,114.831124305725,3233,230,0,71,3
2348,243,10.14,98.6193293885602,91.0,34.629,0.04,383.375,199.3125,10.5389556884766,114.832425117493,3233,230,0,71,3
2349,243,10.394,96.2093515489706,91.0,34.629,0.04,383.375,199.3125,10.5389556884766,114.833786964417,3233,230,0,71,3
2350,243,10.328,96.8241673121611,91.0,34.629,0.04,383.375,199.3125,10.5389556884766,114.83514881134,3233,230,0,71,3
2351,243,10.53,94.9667616334283,91.0,34.629,0.04,383.375,199.3125,10.5389556884766,114.836510658264,3233,230,0,71,3
2352,243,10.273,97.3425484279178,91.0,34.629,0.04,383.375,199.3125,10.5389556884766,114.804245948792,3223,227,0,69,3
2353,243,10.248,97.5800156128025,87.0,41.202,0.033,382.875,199.3125,10.5365447998047,114.802693367004,3221,227,0,69,2
2354,243,10.338,96.7305088024763,87.0,41.202,0.033,382.875,199.3125,10.5365447998047,114.790913581848,3205,226,0,69,2
2355,243,10.337,96.7398664989842,87.0,41.202,0.033,382.875,199.3125,10.5365447998047,114.747490882874,3191,222,0,67,2
2356,243,10.062,99.3838203140529,87.0,41.202,0.033,382.375,199.3125,10.5341339111328,114.746899604797,3191,222,0,67,2
2357,244,10.4166666666667,96.0,87.0,41.202,0.033,382.375,199.3125,10.5341339111328,114.747624397278,3190,222,0,67,2
2358,244,10.4166666666667,96.0,87.0,41.202,0.033,382.375,199.3125,10.5341339111328,114.748986244202,3190,222,0,67,2
2359,244,10.5486666666665,94.7987107375357,87.0,41.202,0.033,382.375,199.3125,10.5341339111328,114.750348091125,3190,222,0,67,2
2360,244,10.4166666666667,96.0,87.0,41.202,0.033,382.375,199.3125,10.5341339111328,114.751709938049,3190,222,0,67,2
2361,244,10.4166666666667,96.0,87.0,41.202,0.033,382.375,199.3125,10.5341339111328,114.753071784973,3190,222,0,67,2
2362,244,10.4136666666669,96.0276559649161,87.0,41.202,0.033,382.375,199.3125,10.5341339111328,114.754433631897,3190,222,0,67,2
2363,244,10.4166666666667,96.0,87.0,41.202,0.033,382.375,199.3125,10.5341339111328,114.755795478821,3190,222,0,66,2
2364,244,10.4166666666667,96.0,87.0,41.202,0.033,382.375,199.3125,10.5341339111328,114.748093605042,3183,221,0,66,2
2365,244,10.4166666666667,96.0,87.0,41.202,0.033,382.375,199.3125,10.5341339111328,114.749455451965,3183,221,0,66,2
2366,244,10.4166666666667,96.0,87.0,41.202,0.033,382.375,199.3125,10.5341339111328,114.750817298889,3183,221,0,66,2
2367,245,10.0,100.0,87.0,41.202,0.033,382.375,199.3125,10.5341339111328,114.752179145813,3183,221,0,66,2
2368,245,10.0,100.0,87.0,41.202,0.033,382.375,199.3125,10.5341339111328,114.753540992737,3183,221,0,66,2
2369,245,10.0,100.0,87.0,41.202,0.033,382.375,199.3125,10.5341339111328,114.754902839661,3183,221,0,66,2
2370,245,10.0,100.0,87.0,41.202,0.033,382.375,199.3125,10.5341339111328,114.756264686584,3183,221,0,66,2
2371,245,10.0,100.0,87.0,41.202,0.033,382.375,199.3125,10.5341339111328,114.757626533508,3183,221,0,66,2
2372,245,10.0,100.0,87.0,41.202,0.033,382.375,199.3125,10.5341339111328,114.758988380432,3183,221,0,66,2
2373,245,10.0,100.0,87.0,41.202,0.033,382.375,199.3125,10.5341339111328,114.760350227356,3183,221,0,64,2
2374,245,10.0,100.0,87.0,41.202,0.033,382.375,199.3125,10.5341339111328,114.76171207428,3183,221,0,64,2
2375,245,10.0,100.0,87.0,41.202,0.033,382.375,199.3125,10.5341339111328,114.761395454407,3180,221,0,64,1
2376,245,10.0,100.0,87.0,41.202,0.033,382.375,199.3125,10.5341339111328,114.762757301331,3180,221,0,64,1
2377,246,10.0,100.0,87.0,41.202,0.033,384.125,199.3125,10.5497016906738,114.908177375793,3243,231,0,72,13
2378,246,10.0,100.0,87.0,41.202,0.033,384.0,199.3125,10.5463371276855,114.909394264221,3243,231,0,72,13
2379,246,10.0,100.0,87.0,41.202,0.033,384.0,199.3125,10.5463371276855,114.910756111145,3243,231,0,72,13
2380,246,10.0,100.0,87.0,41.202,0.033,384.5,199.3125,10.5487480163574,114.952488899231,3258,234,0,74,15
2381,246,10.0,100.0,87.0,41.202,0.033,384.5,199.3125,10.5487480163574,114.953850746155,3258,234,0,74,15
2382,246,10.0,100.0,87.0,41.202,0.033,384.5,199.3125,10.5487480163574,114.955212593079,3258,234,0,74,15
2383,246,10.0,100.0,87.0,41.202,0.033,384.5,199.3125,10.5487480163574,114.956574440002,3258,234,0,74,15
2384,246,10.4166666666667,96.0,87.0,41.202,0.033,384.75,199.3125,10.5488967895508,114.995480537415,3280,239,0,78,18
2385,246,10.4166666666667,96.0,87.0,41.202,0.033,384.75,199.3125,10.5488967895508,114.995629310608,3278,239,0,78,17
2386,246,10.4166666666667,96.0,87.0,41.202,0.033,384.75,199.3125,10.5488967895508,114.996991157532,3278,239,0,76,17
2387,247,24.1846666666667,41.3485128318218,87.0,41.202,0.033,384.75,199.3125,10.5488967895508,114.998291969299,3278,239,0,76,17
2388,247,11.1111111111111,90.0,87.0,41.202,0.033,384.75,199.3125,10.5488967895508,114.997410774231,3276,239,0,76,16
2389,247,12.5,80.0,87.0,41.202,0.033,384.75,199.3125,10.5488967895508,114.998772621155,3276,239,0,76,16
2390,247,11.3738888888887,87.9206760123104,87.0,41.202,0.033,384.75,199.3125,10.5488967895508,114.991829872131,3274,237,0,74,16
2391,247,12.5,80.0,87.0,41.202,0.033,384.75,199.3125,10.5488967895508,114.984215736389,3265,236,0,73,13
2392,247,12.5,80.0,87.0,41.202,0.033,384.75,199.3125,10.5488967895508,114.982808113098,3260,236,0,73,11
2393,247,12.5,80.0,87.0,41.202,0.033,384.75,199.3125,10.5488967895508,114.982781410217,3258,236,0,73,10
2394,248,12.5,80.0,87.0,41.202,0.033,384.75,199.3125,10.5488967895508,114.996022224426,3261,236,0,73,11
2395,248,12.5,80.0,87.0,41.202,0.033,384.75,199.3125,10.5488967895508,114.978421211243,3252,234,0,72,10
2396,248,12.5,80.0,87.0,41.202,0.033,384.5,199.3125,10.5487480163574,114.975949287415,3255,234,0,74,11
2397,248,12.4946666666669,80.0341479031041,87.0,41.202,0.033,384.5,199.3125,10.5487480163574,114.976098060608,3253,234,0,74,10
2398,248,10.633,94.0468353239913,87.0,41.202,0.033,384.5,199.3125,10.5487480163574,114.977459907532,3253,234,0,74,10
2399,248,10.752,93.0059523809524,87.0,41.202,0.033,384.5,199.3125,10.5487480163574,115.033707618713,3253,234,0,74,10
2400,248,10.481,95.4107432496899,87.0,41.202,0.033,384.75,199.3125,10.5489120483398,115.055748939514,3268,235,0,75,16
2401,248,10.687,93.5716290820623,87.0,41.202,0.033,384.75,199.3125,10.5489120483398,115.057110786438,3268,235,0,75,16
2402,248,10.334,96.7679504548094,87.0,41.202,0.033,384.75,199.3125,10.5489120483398,115.058472633362,3268,235,0,75,16
2403,249,10.481,95.4107432496899,87.0,41.202,0.033,384.75,199.3125,10.5489120483398,115.058751106262,3266,235,0,75,15
2404,249,11.114,89.9766060824186,87.0,41.202,0.033,385.125,199.3125,10.5499420166016,115.121331214905,3295,245,0,83,18
2405,249,11.014,90.7935355002724,87.0,41.202,0.033,385.125,199.3125,10.5499420166016,115.122693061829,3295,245,0,83,18
2406,249,10.784,92.7299703264095,87.0,41.202,0.033,385.125,199.3125,10.5499420166016,115.124054908752,3295,245,0,83,18
2407,249,10.473,95.4836245583882,87.0,41.202,0.033,385.125,199.3125,10.5499420166016,115.09179019928,3285,242,0,81,18
2408,249,10.367,96.4599209028649,87.0,41.202,0.033,384.625,199.3125,10.5475311279297,115.097783088684,3291,243,0,81,19
2409,249,10.374,96.3948332369385,87.0,41.202,0.033,384.625,199.3125,10.5475311279297,115.097668647766,3287,243,0,82,17
2410,249,10.551,94.7777461851957,87.0,41.202,0.033,384.625,199.3125,10.5475311279297,115.09903049469,3287,243,0,82,17
2411,249,10.183,98.2028871648827,87.0,41.202,0.033,384.625,199.3125,10.5475311279297,115.048024177551,3271,237,0,78,17
2412,250,10.6060606060606,94.2857142857143,87.0,41.202,0.033,384.625,199.3125,10.5475311279297,115.102833747864,3290,241,0,80,18
2413,250,10.6060606060606,94.2857142857143,87.0,41.202,0.033,384.625,199.3125,10.5475311279297,115.107972145081,3292,242,0,80,18
2414,250,10.6060606060606,94.2857142857143,87.0,41.202,0.033,384.625,199.3125,10.5475311279297,115.109910011292,3292,242,0,81,18
2415,250,10.6060606060606,94.2857142857143,87.0,41.202,0.033,385.125,199.3125,10.5499420166016,115.148018836975,3302,245,0,83,15
2416,250,10.6060606060606,94.2857142857143,87.0,41.202,0.033,385.125,199.3125,10.5499420166016,115.149380683899,3302,245,0,83,15
2417,250,11.2470303030301,88.9123593568149,87.0,41.202,0.033,385.125,199.3125,10.5499420166016,115.150742530823,3302,245,0,83,15
2418,250,10.6060606060606,94.2857142857143,87.0,41.202,0.033,385.125,199.3125,10.5499420166016,115.149861335754,3308,245,0,84,16
2419,250,10.6060606060606,94.2857142857143,87.0,41.202,0.033,385.375,199.3125,10.5500907897949,115.187836647034,3328,250,0,89,19
2420,250,10.6060606060606,94.2857142857143,87.0,41.202,0.033,385.375,199.3125,10.5500907897949,115.178944587708,3319,249,0,89,18
2421,250,10.6060606060606,94.2857142857143,87.0,41.202,0.033,385.375,199.3125,10.5500907897949,115.179909706116,3319,249,0,89,18
2422,251,10.3984242424244,96.1684171261361,87.0,41.202,0.033,385.25,199.3125,10.5467262268066,115.177052497864,3318,248,0,88,18
2423,251,10.6060606060606,94.2857142857143,87.0,41.202,0.033,385.25,199.3125,10.5467262268066,115.181668281555,3321,249,0,88,18
2424,251,10.6060606060606,94.2857142857143,87.0,41.202,0.033,385.25,199.3125,10.5467262268066,115.183606147766,3321,249,0,89,18
2425,251,10.6060606060606,94.2857142857143,87.0,41.202,0.033,385.25,199.3125,10.5467262268066,115.18496799469,3321,249,0,89,18
2426,251,10.6060606060606,94.2857142857143,87.0,41.202,0.033,385.25,199.3125,10.5467262268066,115.178471565247,3319,247,0,87,18
2427,251,10.6060606060606,94.2857142857143,87.0,41.202,0.033,385.25,199.3125,10.5467262268066,115.170857429504,3310,246,0,86,15
2428,251,10.4166666666667,96.0,87.0,41.202,0.033,385.25,199.3125,10.5467262268066,115.171589851379,3310,246,0,85,14
2429,251,10.4166666666667,96.0,87.0,41.202,0.033,385.25,199.3125,10.5467262268066,115.17052936554,3305,246,0,86,12
2430,251,10.4166666666667,96.0,87.0,41.202,0.033,385.25,199.3125,10.5467262268066,115.19131565094,3324,249,0,86,15
2431,252,10.4166666666667,96.0,87.0,41.202,0.033,385.25,199.3125,10.5467262268066,115.158925056458,3315,243,0,84,15
2432,252,17.0573636363636,58.6257068394881,87.0,41.202,0.033,384.875,199.3125,10.5456962585449,115.139180183411,3311,241,0,85,16
2433,252,13.204,75.7346258709482,87.0,41.202,0.033,385.5625,199.3125,10.5465106964111,115.501375198364,3346,245,0,87,22
2434,252,11.1111111111111,90.0,87.0,41.202,0.033,385.5625,199.3125,10.5465106964111,115.500463485718,3342,245,0,87,21
2435,252,11.1078888888887,90.0261075711973,87.0,41.202,0.033,385.5625,199.3125,10.5465106964111,115.501825332642,3342,245,0,87,21
2436,252,11.1111111111111,90.0,87.0,41.202,0.033,385.5625,199.3125,10.5465106964111,115.503187179565,3342,245,0,87,21
2437,252,11.1111111111111,90.0,87.0,41.202,0.033,385.5625,199.3125,10.5465106964111,115.500150680542,3341,244,0,86,21
2438,252,11.1111111111111,90.0,87.0,41.202,0.033,385.5625,199.3125,10.5465106964111,115.486078262329,3332,241,0,83,19
2439,252,11.1111111111111,90.0,87.0,41.202,0.033,385.5625,199.3125,10.5465106964111,115.480619430542,3320,241,0,83,16
2440,253,11.6666666666667,85.7142857142857,87.0,41.202,0.033,385.5625,199.3125,10.5465106964111,115.48192024231,3320,241,0,83,16
2441,253,10.5555555555556,94.7368421052631,87.0,41.202,0.033,385.5625,199.3125,10.5465106964111,115.483282089233,3320,241,0,81,16
2442,253,11.6666666666667,85.7142857142857,87.0,41.202,0.033,385.5625,199.3125,10.5465106964111,115.48296546936,3317,241,0,81,15
2443,253,11.6140000000002,86.1029791630775,90.0,32.873,0.029,385.5625,199.3125,10.5465106964111,115.450700759888,3307,238,0,79,15
2444,253,11.1111111111111,90.0,90.0,32.873,0.029,385.0625,199.3125,10.5440998077393,115.436029434204,3289,237,0,79,14
2445,253,11.1111111111111,90.0,90.0,32.873,0.029,385.0625,199.3125,10.5440998077393,115.437391281128,3289,237,0,79,14
2446,253,11.1111111111111,90.0,90.0,32.873,0.029,385.0625,199.3125,10.5440998077393,115.394243240356,3275,233,0,77,14
2447,253,11.1111111111111,90.0,90.0,32.873,0.029,384.5625,199.3125,10.5416889190674,115.393014907837,3274,233,0,77,14
2448,254,11.1111111111111,90.0,90.0,32.873,0.029,384.5625,199.3125,10.5416889190674,115.394376754761,3274,233,0,77,14
2449,254,11.1111111111111,90.0,90.0,32.873,0.029,384.5625,199.3125,10.5416889190674,115.395738601685,3274,233,0,77,14
2450,254,11.1111111111111,90.0,90.0,32.873,0.029,384.5625,199.3125,10.5416889190674,115.397100448608,3274,233,0,77,14
2451,254,11.1111111111111,90.0,90.0,32.873,0.029,384.5625,199.3125,10.5416889190674,115.398462295532,3274,233,0,77,14
2452,254,11.1111111111111,90.0,90.0,32.873,0.029,384.5625,199.3125,10.5416889190674,115.399824142456,3274,233,0,77,14
2453,254,11.1111111111111,90.0,90.0,32.873,0.029,384.5625,199.3125,10.5416889190674,115.40118598938,3274,233,0,76,14
2454,254,11.1111111111111,90.0,90.0,32.873,0.029,384.5625,199.3125,10.5416889190674,115.402547836304,3274,233,0,76,14
2455,254,11.1111111111111,90.0,90.0,32.873,0.029,384.5625,199.3125,10.5416889190674,115.394868850708,3267,232,0,76,14
2456,254,11.1111111111111,90.0,90.0,32.873,0.029,384.5625,199.3125,10.5416889190674,115.396230697632,3267,232,0,76,14
2457,255,11.1111111111111,90.0,90.0,32.873,0.029,384.5625,199.3125,10.5416889190674,115.397592544556,3267,232,0,76,14
2458,255,11.1111111111111,90.0,90.0,32.873,0.029,384.5625,199.3125,10.5416889190674,115.396780014038,3264,232,0,76,11
2459,255,11.1111111111111,90.0,90.0,32.873,0.029,384.5625,199.3125,10.5416889190674,115.398141860962,3264,232,0,76,11
2460,255,11.1111111111111,90.0,90.0,32.873,0.029,384.5625,199.3125,10.5416889190674,115.192433357239,3249,227,0,71,11
2461,255,11.1111111111111,90.0,90.0,32.873,0.029,383.625,199.3125,10.5407257080078,115.005074501038,3234,227,0,71,6
2462,255,11.1111111111111,90.0,90.0,32.873,0.029,383.625,199.3125,10.5407257080078,115.006436347961,3234,227,0,69,6
2463,255,11.1111111111111,90.0,90.0,32.873,0.029,383.625,199.3125,10.5407257080078,115.005394935608,3230,227,0,69,4
2464,255,11.1111111111111,90.0,90.0,32.873,0.029,383.625,199.3125,10.5407257080078,115.003026008606,3224,227,0,69,1
2465,255,11.1111111111111,90.0,90.0,32.873,0.029,383.625,199.3125,10.5407257080078,115.00438785553,3224,227,0,69,1
2466,256,11.1111111111111,90.0,90.0,32.873,0.029,383.625,199.3125,10.5407257080078,115.005749702454,3224,227,0,69,1
2467,256,11.1111111111111,90.0,90.0,32.873,0.029,383.625,199.3125,10.5407257080078,115.007111549377,3224,227,0,69,1
2468,256,11.1583333333334,89.6191187453321,90.0,32.873,0.029,383.625,199.3125,10.5407257080078,115.008473396301,3224,227,0,69,1
2469,256,11.137,89.7907874652061,90.0,32.873,0.029,383.625,199.3125,10.5407257080078,115.009835243225,3224,227,0,69,1
2470,256,11.397,87.7423883478108,90.0,32.873,0.029,383.625,199.3125,10.5407257080078,115.011197090149,3224,227,0,69,1
2471,256,11.242,88.9521437466643,90.0,32.873,0.029,383.625,199.3125,10.5407257080078,114.931027412415,3187,221,0,64,1
2472,256,11.618,86.0733344809778,90.0,32.873,0.029,382.375,199.3125,10.5341339111328,114.929390907288,3187,221,0,64,1
2473,256,11.34,88.1834215167548,90.0,32.873,0.029,382.375,199.3125,10.5341339111328,114.930752754211,3187,221,0,64,1
2474,256,11.1111111111111,90.0,90.0,32.873,0.029,382.375,199.3125,10.5341339111328,114.932114601135,3187,221,0,64,1
2475,257,11.5738888888889,86.4013824221187,90.0,32.873,0.029,382.375,199.3125,10.5341339111328,114.933476448059,3187,221,0,62,1
2476,257,11.174,89.4934669769107,90.0,32.873,0.029,382.375,199.3125,10.5341339111328,114.934838294983,3187,221,0,62,1
2477,257,22.7906666666667,43.8776107178377,90.0,32.873,0.029,382.375,199.3125,10.5341339111328,114.934498786926,3184,221,0,62,0
2478,257,11.6666666666667,85.7142857142857,90.0,32.873,0.029,382.375,199.3125,10.5341339111328,114.93586063385,3184,221,0,62,0
2479,257,12.5,80.0,90.0,32.873,0.029,382.375,199.3125,10.5341339111328,114.937222480774,3184,221,0,62,0
2480,257,11.3439999999998,88.1523272214403,90.0,32.873,0.029,382.375,199.3125,10.5341339111328,114.938584327698,3184,221,0,62,0
2481,257,12.5,80.0,90.0,32.873,0.029,382.375,199.3125,10.5341339111328,114.939946174622,3184,221,0,62,0
2482,257,12.5,80.0,90.0,32.873,0.029,382.375,199.3125,10.5341339111328,114.941308021545,3184,221,0,62,0
2483,258,12.5,80.0,90.0,32.873,0.029,385.5,199.3125,10.5430641174316,115.398466110229,3317,234,0,66,25
