render_frame,replay_frame,delta_ms,instant_fps,engine_fps,process_ms,physics_ms,video_mb,texture_mb,buffer_mb,static_mb,objects,nodes,orphans,draw_calls,tweens
1,0,133.333333333333,7.5,1.0,79.333,0.026,431.875,154.1875,58.2792701721191,134.196215629578,4477,1150,0,297,138
2,0,18.6820000000001,53.5274595867678,1.0,79.333,0.026,430.0625,154.1875,58.2736320495605,134.233412742615,4491,1152,0,299,142
3,0,4.906,203.832042397065,1.0,79.333,0.026,430.0625,154.1875,58.2736320495605,134.235018730164,4491,1152,0,299,142
4,0,4.258,234.852043212776,1.0,79.333,0.026,430.0625,154.1875,58.2736320495605,134.236426353455,4491,1152,0,299,142
5,0,4.855,205.973223480947,1.0,79.333,0.026,430.0625,154.1875,58.2736320495605,134.237879753113,4491,1152,0,299,142
6,0,5.55555555555555,180.0,1.0,79.333,0.026,430.0625,154.1875,58.2736320495605,134.239241600037,4491,1152,0,299,142
7,0,23.9481111111111,41.7569467320549,1.0,79.333,0.026,430.0625,154.1875,58.2736320495605,134.240740776062,4491,1152,0,299,142
8,0,12.5,80.0,1.0,79.333,0.026,430.3125,154.1875,58.2738265991211,134.261519432068,4498,1153,0,300,144
9,0,8.62866666666658,115.892760565558,1.0,79.333,0.026,430.3125,154.1875,58.2738265991211,134.262392997742,4497,1153,0,300,143
10,0,11.1111111111111,90.0,1.0,79.333,0.026,430.3125,154.1875,58.2738265991211,134.262724876404,4495,1153,0,300,142
11,0,11.1111111111111,90.0,1.0,79.333,0.026,430.3125,154.1875,58.2738265991211,134.264330863953,4495,1153,0,300,142
12,0,11.1111111111111,90.0,1.0,79.333,0.026,430.3125,154.1875,58.2738265991211,134.265936851501,4495,1153,0,300,142
13,0,11.1111111111111,90.0,1.0,79.333,0.026,430.3125,154.1875,58.2738265991211,134.267298698425,4495,1153,0,300,142
14,0,9.64555555555564,103.674691855776,1.0,79.333,0.026,430.3125,154.1875,58.2738265991211,134.268935203552,4495,1153,0,300,142
15,0,8.172,122.369065100343,1.0,79.333,0.026,430.3125,154.1875,58.2738265991211,134.270541191101,4495,1153,0,300,142
16,0,8.415,118.83541295306,1.0,79.333,0.026,430.3125,154.1875,58.2738265991211,134.271414756775,4494,1153,0,300,141
17,0,8.348,119.789171058936,1.0,79.333,0.026,430.3125,154.1875,58.2738265991211,134.272776603699,4494,1153,0,300,141
18,0,8.224,121.5953307393,1.0,79.333,0.026,430.3125,154.1875,58.2738265991211,134.273169517517,4492,1153,0,300,140
19,0,8.092,123.578843302027,1.0,79.333,0.026,430.3125,154.1875,58.2738265991211,134.274531364441,4492,1153,0,300,140
20,0,8.298,120.510966497951,1.0,79.333,0.026,430.3125,154.1875,58.2738265991211,134.276305198669,4492,1153,0,300,140
21,0,8.377,119.37447773666,1.0,79.333,0.026,430.3125,154.1875,58.2738265991211,134.277911186218,4492,1153,0,300,140
22,0,8.344,119.846596356663,1.0,79.333,0.026,430.3125,154.1875,58.2738265991211,134.279517173767,4492,1153,0,300,140
23,0,8.344,119.846596356663,1.0,79.333,0.026,430.3125,154.1875,58.2738265991211,134.280146598816,4491,1153,0,300,139
24,0,8.294,120.569086086327,1.0,79.333,0.026,430.3125,154.1875,58.2738265991211,134.28150844574,4491,1153,0,300,139
25,0,8.261,121.050720251786,1.0,79.333,0.026,430.3125,154.1875,58.2738265991211,134.282870292664,4491,1153,0,300,139
26,0,8.33333333333333,120.0,1.0,79.333,0.026,430.3125,154.1875,58.2738265991211,134.283019065857,4489,1153,0,300,138
27,0,8.33333333333333,120.0,1.0,79.333,0.026,430.3125,154.1875,58.2738265991211,134.284380912781,4489,1153,0,300,138
28,0,8.33333333333333,120.0,1.0,79.333,0.026,430.3125,154.1875,58.2738265991211,134.284689903259,4487,1153,0,300,136
29,0,8.33333333333333,120.0,1.0,79.333,0.026,430.3125,154.1875,58.2738265991211,134.287974357605,4487,1153,0,300,136
30,0,38.0743333333333,26.2644125964123,1.0,79.333,0.026,430.3125,154.1875,58.2738265991211,134.289336204529,4487,1153,0,300,136
31,0,15.3063333333334,65.3324331975867,1.0,79.333,0.026,430.3125,154.1875,58.2738265991211,134.290942192078,4487,1153,0,300,136
32,0,4.224,236.742424242424,1.0,79.333,0.026,430.3125,154.1875,58.2738265991211,134.267325401306,4441,1153,0,300,120
33,0,4.723,211.729832733432,1.0,79.333,0.026,430.3125,154.1875,58.2738265991211,134.263407707214,4432,1153,0,300,115
34,0,4.26,234.741784037559,1.0,79.333,0.026,430.3125,154.1875,58.2738265991211,134.264769554138,4432,1153,0,300,115
35,0,4.16666666666667,240.0,1.0,79.333,0.026,430.3125,154.1875,58.2738265991211,134.264918327332,4430,1153,0,300,114
36,0,4.16666666666667,240.0,1.0,79.333,0.026,430.3125,154.1875,58.2738265991211,134.266280174255,4430,1153,0,300,114
37,0,5.55555555555555,180.0,1.0,79.333,0.026,430.3125,154.1875,58.2738265991211,134.267642021179,4430,1153,0,300,114
38,0,4.76190476190476,210.0,1.0,79.333,0.026,430.3125,154.1875,58.2738265991211,134.269248008728,4430,1153,0,300,114
39,0,5.55555555555555,180.0,1.0,79.333,0.026,430.3125,154.1875,58.2738265991211,134.270609855652,4430,1153,0,300,114
40,0,5.55555555555555,180.0,1.0,79.333,0.026,430.3125,154.1875,58.2738265991211,134.271971702576,4430,1153,0,300,114
41,0,5.55555555555555,180.0,1.0,79.333,0.026,430.3125,154.1875,58.2738265991211,134.2733335495,4430,1153,0,300,114
42,0,6.54287301587302,152.838057161433,1.0,79.333,0.026,430.3125,154.1875,58.2738265991211,134.274695396423,4430,1153,0,300,114
43,0,8.355,119.68880909635,1.0,79.333,0.026,430.3125,154.1875,58.2738265991211,134.277018547058,4430,1153,0,300,114
44,0,8.356,119.674485399713,1.0,79.333,0.026,430.3125,154.1875,58.2738265991211,134.278380393982,4430,1153,0,300,114
45,0,8.182,122.219506233195,1.0,79.333,0.026,430.3125,154.1875,58.2738265991211,134.279742240906,4430,1153,0,300,114
46,0,8.522,117.343346632246,51.0,133.274,0.059,430.3125,154.1875,58.2738265991211,134.261130332947,4393,1153,0,300,102
47,0,8.241,121.34449702706,51.0,133.274,0.059,430.3125,154.1875,58.2738265991211,134.262492179871,4393,1153,0,300,102
48,0,8.391,119.175306876415,51.0,133.274,0.059,430.3125,154.1875,58.2738265991211,134.263854026794,4393,1153,0,300,102
49,0,8.26,121.065375302663,51.0,133.274,0.059,430.3125,154.1875,58.2738265991211,134.262942314148,4389,1153,0,300,100
50,0,8.386,119.246362985929,51.0,133.274,0.059,430.3125,154.1875,58.2738265991211,134.264304161072,4389,1153,0,300,100
51,0,7.977,125.360411182149,51.0,133.274,0.059,430.3125,154.1875,58.2738265991211,134.265666007996,4389,1153,0,300,100
52,0,8.33333333333333,120.0,51.0,133.274,0.059,430.3125,154.1875,58.2738265991211,134.267027854919,4389,1153,0,300,100
53,0,8.33333333333333,120.0,51.0,133.274,0.059,430.3125,154.1875,58.2738265991211,134.268389701843,4389,1153,0,300,100
54,0,8.66133333333333,115.455665024631,51.0,133.274,0.059,430.3125,154.1875,58.2738265991211,134.269751548767,4389,1153,0,300,100
55,0,8.359,119.631534872592,51.0,133.274,0.059,430.3125,154.1875,58.2738265991211,134.26656627655,4381,1153,0,300,96
56,0,8.33333333333333,120.0,51.0,133.274,0.059,430.3125,154.1875,58.2738265991211,134.267928123474,4381,1153,0,300,96
57,0,8.33366666666667,119.995200191992,51.0,133.274,0.059,430.3125,154.1875,58.2738265991211,134.269289970398,4381,1153,0,300,96
58,0,8.409,118.920204542752,51.0,133.274,0.059,430.3125,154.1875,58.2738265991211,134.270651817322,4381,1153,0,300,96
59,0,8.33333333333333,120.0,51.0,133.274,0.059,430.3125,154.1875,58.2738265991211,134.272013664246,4381,1153,0,300,96
60,0,8.33333333333333,120.0,51.0,133.274,0.059,430.3125,154.1875,58.2738265991211,134.273375511169,4381,1153,0,300,96
61,0,8.33333333333333,120.0,51.0,133.274,0.059,430.3125,154.1875,58.2738265991211,134.272463798523,4377,1153,0,300,94
62,0,8.33333333333333,120.0,51.0,133.274,0.059,430.3125,154.1875,58.2738265991211,134.273825645447,4377,1153,0,300,94
63,0,8.33333333333333,120.0,51.0,133.274,0.059,430.3125,154.1875,58.2738265991211,134.275187492371,4377,1153,0,300,94
64,0,8.33333333333333,120.0,51.0,133.274,0.059,430.3125,154.1875,58.2738265991211,134.277968406677,4377,1153,0,300,94
65,0,8.33333333333333,120.0,51.0,133.274,0.059,430.3125,154.1875,58.2738265991211,134.279330253601,4377,1153,0,300,94
66,0,8.33333333333333,120.0,51.0,133.274,0.059,430.3125,154.1875,58.2738265991211,134.280692100525,4377,1153,0,300,94
67,0,8.33333333333333,120.0,51.0,133.274,0.059,430.3125,154.1875,58.2738265991211,134.279780387878,4373,1153,0,300,92
68,0,8.33333333333333,120.0,51.0,133.274,0.059,430.3125,154.1875,58.2738265991211,134.284026145935,4378,1153,0,300,94
69,0,8.33333333333333,120.0,51.0,133.274,0.059,430.3125,154.1875,58.2738265991211,134.285387992859,4378,1153,0,300,94
70,0,8.33333333333333,120.0,51.0,133.274,0.059,430.3125,154.1875,58.2738265991211,134.286749839783,4378,1153,0,300,94
71,0,8.33333333333333,120.0,51.0,133.274,0.059,430.3125,154.1875,58.2738265991211,134.288111686707,4378,1153,0,300,94
72,0,8.33333333333333,120.0,51.0,133.274,0.059,430.3125,154.1875,58.2738265991211,134.28947353363,4378,1153,0,300,94
73,0,8.33333333333333,120.0,51.0,133.274,0.059,430.3125,154.1875,58.2738265991211,134.288561820984,4374,1153,0,300,92
74,0,8.33333333333333,120.0,51.0,133.274,0.059,430.3125,154.1875,58.2738265991211,134.289923667908,4374,1153,0,300,92
75,0,8.33333333333333,120.0,51.0,133.274,0.059,430.3125,154.1875,58.2738265991211,134.294169425964,4379,1153,0,300,94
76,0,8.33333333333333,120.0,51.0,133.274,0.059,430.3125,154.1875,58.2738265991211,134.295531272888,4379,1153,0,300,94
77,0,8.33333333333333,120.0,51.0,133.274,0.059,430.3125,154.1875,58.2738265991211,134.296893119812,4379,1153,0,300,94
78,0,8.33333333333333,120.0,51.0,133.274,0.059,430.3125,154.1875,58.2738265991211,134.298254966736,4379,1153,0,300,94
79,0,8.33333333333333,120.0,51.0,133.274,0.059,430.3125,154.1875,58.2738265991211,134.297343254089,4375,1153,0,300,92
80,0,8.33333333333333,120.0,51.0,133.274,0.059,430.3125,154.1875,58.2738265991211,134.298705101013,4375,1153,0,300,92
81,0,8.33333333333333,120.0,51.0,133.274,0.059,430.3125,154.1875,58.2738265991211,134.300066947937,4375,1153,0,300,92
82,0,8.34233333333334,119.870539816997,51.0,133.274,0.059,430.3125,154.1875,58.2738265991211,134.304312705994,4380,1153,0,300,94
83,0,8.33333333333333,120.0,51.0,133.274,0.059,430.3125,154.1875,58.2738265991211,134.305674552917,4380,1153,0,300,94
84,0,8.33333333333333,120.0,51.0,133.274,0.059,430.3125,154.1875,58.2738265991211,134.307036399841,4380,1153,0,300,94
85,0,8.33333333333333,120.0,51.0,133.274,0.059,430.3125,154.1875,58.2738265991211,134.306124687195,4376,1153,0,300,92
86,0,8.33333333333333,120.0,51.0,133.274,0.059,430.3125,154.1875,58.2738265991211,134.307486534119,4376,1153,0,300,92
87,0,8.33333333333333,120.0,51.0,133.274,0.059,430.3125,154.1875,58.2738265991211,134.308848381042,4376,1153,0,300,92
88,0,8.33333333333333,120.0,51.0,133.274,0.059,430.3125,154.1875,58.2738265991211,134.306944847107,4370,1153,0,300,90
89,0,8.529,117.247039512252,51.0,133.274,0.059,430.3125,154.1875,58.2738265991211,134.308306694031,4370,1153,0,300,90
90,0,37.6553333333332,26.5566630667635,51.0,133.274,0.059,434.5,154.1875,58.2786674499512,135.296642303467,4706,1201,0,360,182
91,0,16.6666666666667,60.0,51.0,133.274,0.059,434.5,154.1875,58.2786674499512,135.292900085449,4698,1201,0,360,176
92,0,12.5306666666668,79.8042136624807,51.0,133.274,0.059,434.5,154.1875,58.2786674499512,135.287731170654,4686,1201,0,359,172
93,0,5.698,175.500175500176,51.0,133.274,0.059,434.5,154.1875,58.2786674499512,135.286819458008,4682,1201,0,359,170
94,0,5.393,185.425551641016,51.0,133.274,0.059,434.5,154.1875,58.2786674499512,135.284915924072,4676,1201,0,359,168
95,0,5.566,179.662234998203,51.0,133.274,0.059,434.5,154.1875,58.2786674499512,135.288429260254,4676,1201,0,359,168
96,0,5.343,187.160771102377,51.0,133.274,0.059,434.5,154.1875,58.2786674499512,135.287815093994,4673,1201,0,359,166
97,0,5.623,177.841010136938,51.0,133.274,0.059,434.5,154.1875,58.2786674499512,135.289176940918,4673,1201,0,359,166
98,0,5.55555555555555,180.0,51.0,133.274,0.059,434.5,154.1875,58.2786674499512,135.287273406982,4667,1201,0,359,164
99,0,5.55555555555555,180.0,51.0,133.274,0.059,434.5,154.1875,58.2786674499512,135.288635253906,4667,1201,0,359,164
100,0,6.25,160.0,51.0,133.274,0.059,434.5,154.1875,58.2786674499512,135.28772354126,4663,1201,0,359,162
101,0,9.1518888888888,109.267060837472,51.0,133.274,0.059,434.5,154.1875,58.2786674499512,135.289085388184,4663,1201,0,359,162
102,0,6.66666666666667,150.0,51.0,133.274,0.059,434.5,154.1875,58.2786674499512,135.290447235107,4663,1201,0,359,162
103,0,6.25,160.0,51.0,133.274,0.059,434.5,154.1875,58.2786674499512,135.267009735107,4648,1199,0,358,160
104,0,6.66666666666667,150.0,51.0,133.274,0.059,434.25,154.1875,58.2784729003906,135.267414093018,4648,1199,0,358,160
105,0,6.66666666666667,150.0,51.0,133.274,0.059,434.25,154.1875,58.2784729003906,135.268775939941,4648,1199,0,358,160
106,0,7.08333333333333,141.176470588235,51.0,133.274,0.059,434.25,154.1875,58.2784729003906,135.270137786865,4648,1199,0,358,160
107,0,6.66666666666667,150.0,51.0,133.274,0.059,434.25,154.1875,58.2784729003906,135.26823425293,4642,1199,0,358,158
108,0,6.66666666666667,150.0,51.0,133.274,0.059,434.25,154.1875,58.2784729003906,135.269596099854,4642,1199,0,358,158
109,0,7.50866666666676,133.179437094911,51.0,133.274,0.059,434.25,154.1875,58.2784729003906,135.270957946777,4642,1199,0,358,158
110,0,8.396,119.104335397809,51.0,133.274,0.059,434.25,154.1875,58.2784729003906,135.272319793701,4642,1199,0,358,158
111,0,8.241,121.34449702706,51.0,133.274,0.059,434.25,154.1875,58.2784729003906,135.270416259766,4636,1199,0,358,156
112,0,8.351,119.746138187043,51.0,133.274,0.059,434.25,154.1875,58.2784729003906,135.271778106689,4636,1199,0,358,156
113,0,8.337,119.947223221782,51.0,133.274,0.059,434.25,154.1875,58.2784729003906,135.273139953613,4636,1199,0,358,156
114,0,8.313,120.293516179478,51.0,133.274,0.059,434.25,154.1875,58.2784729003906,135.268962860107,4626,1199,0,358,152
115,0,8.835,113.186191284663,51.0,133.274,0.059,434.25,154.1875,58.2784729003906,135.270324707031,4626,1199,0,358,152
116,0,8.45,118.343195266272,51.0,133.274,0.059,434.25,154.1875,58.2784729003906,135.269710540771,4623,1199,0,358,150
117,0,7.787,128.419160138693,51.0,133.274,0.059,434.25,154.1875,58.2784729003906,135.271072387695,4623,1199,0,358,150
118,0,8.252,121.182743577315,51.0,133.274,0.059,434.25,154.1875,58.2784729003906,135.26916885376,4617,1199,0,358,148
119,0,8.441,118.46937566639,51.0,133.274,0.059,434.25,154.1875,58.2784729003906,135.270530700684,4617,1199,0,358,148
120,0,8.33333333333333,120.0,51.0,133.274,0.059,434.25,154.1875,58.2784729003906,135.271892547607,4617,1199,0,358,148
121,0,8.33333333333333,120.0,51.0,133.274,0.059,434.25,154.1875,58.2784729003906,135.248317718506,4602,1197,0,357,146
122,0,8.33333333333333,120.0,51.0,133.274,0.059,434.0,154.1875,58.2782783508301,135.248722076416,4602,1197,0,357,146
123,0,8.33333333333333,120.0,51.0,133.274,0.059,434.0,154.1875,58.2782783508301,135.248107910156,4599,1197,0,357,144
124,0,8.33333333333333,120.0,51.0,133.274,0.059,434.0,154.1875,58.2782783508301,135.246204376221,4593,1197,0,357,142
125,0,8.33333333333333,120.0,51.0,133.274,0.059,434.0,154.1875,58.2782783508301,135.247566223145,4593,1197,0,357,142
126,0,8.33333333333333,120.0,51.0,133.274,0.059,434.0,154.1875,58.2782783508301,135.248928070068,4593,1197,0,357,142
127,0,8.35166666666666,119.736579525045,51.0,133.274,0.059,434.0,154.1875,58.2782783508301,135.250289916992,4593,1197,0,357,142
128,0,8.33333333333333,120.0,51.0,133.274,0.059,434.0,154.1875,58.2782783508301,135.22677230835,4578,1195,0,356,140
129,0,8.50066666666667,117.637832326876,51.0,133.274,0.059,433.75,154.1875,58.2780838012695,135.22717666626,4578,1195,0,356,140
130,0,8.33333333333333,120.0,51.0,133.274,0.059,433.75,154.1875,58.2780838012695,135.228538513184,4578,1195,0,356,140
131,0,8.33333333333333,120.0,51.0,133.274,0.059,433.75,154.1875,58.2780838012695,135.226634979248,4572,1195,0,356,138
132,0,8.33333333333333,120.0,51.0,133.274,0.059,433.75,154.1875,58.2780838012695,135.227996826172,4572,1195,0,356,138
133,0,8.33333333333333,120.0,51.0,133.274,0.059,433.75,154.1875,58.2780838012695,135.229358673096,4572,1195,0,356,138
134,0,8.33333333333333,120.0,51.0,133.274,0.059,433.75,154.1875,58.2780838012695,135.23072052002,4572,1195,0,356,138
135,0,8.33333333333333,120.0,51.0,133.274,0.059,433.75,154.1875,58.2780838012695,135.228710174561,4566,1195,0,356,136
136,0,8.33333333333333,120.0,51.0,133.274,0.059,433.75,154.1875,58.2780838012695,135.230072021484,4566,1195,0,356,136
137,0,8.33333333333333,120.0,51.0,133.274,0.059,433.75,154.1875,58.2780838012695,135.231433868408,4566,1195,0,356,136
138,0,8.33333333333333,120.0,51.0,133.274,0.059,433.75,154.1875,58.2780838012695,135.232795715332,4566,1195,0,356,136
139,0,8.50100000000001,117.633219621221,51.0,133.274,0.059,433.75,154.1875,58.2780838012695,135.234157562256,4566,1195,0,356,136
140,0,8.33333333333333,120.0,51.0,133.274,0.059,433.75,154.1875,58.2780838012695,135.23551940918,4566,1195,0,356,136
141,0,8.33333333333333,120.0,51.0,133.274,0.059,433.75,154.1875,58.2780838012695,135.23490524292,4563,1195,0,356,134
142,0,8.33333333333333,120.0,51.0,133.274,0.059,433.75,154.1875,58.2780838012695,135.239471435547,4563,1195,0,356,134
143,0,8.33333333333333,120.0,51.0,133.274,0.059,433.75,154.1875,58.2780838012695,135.240833282471,4563,1195,0,356,134
144,0,8.33333333333333,120.0,51.0,133.274,0.059,433.75,154.1875,58.2780838012695,135.242195129395,4563,1195,0,357,134
145,0,8.33333333333333,120.0,51.0,133.274,0.059,433.75,154.1875,58.2780838012695,135.243556976318,4563,1195,0,357,134
146,0,8.33333333333333,120.0,51.0,133.274,0.059,433.75,154.1875,58.2780838012695,135.244918823242,4563,1195,0,357,134
147,0,8.33333333333333,120.0,51.0,133.274,0.059,433.75,154.1875,58.2780838012695,135.172515869141,4476,1193,0,356,82
148,0,8.33333333333333,120.0,51.0,133.274,0.059,433.5,154.1875,58.277889251709,135.172920227051,4476,1193,0,356,82
149,0,31.2563333333333,31.9935159807612,51.0,133.274,0.059,433.5,154.1875,58.277889251709,135.170299530029,4470,1193,0,356,78
150,0,13.2173333333333,75.6582265711692,51.0,133.274,0.059,433.5,154.1875,58.277889251709,135.171661376953,4470,1193,0,356,78
151,0,5.006,199.760287654814,51.0,133.274,0.059,433.5,154.1875,58.277889251709,135.173023223877,4470,1193,0,356,78
152,0,4.954,201.85708518369,51.0,133.274,0.059,433.5,154.1875,58.277889251709,135.174385070801,4470,1193,0,356,78
153,0,4.829,207.08221163802,51.0,133.274,0.059,433.5,154.1875,58.277889251709,135.175746917725,4470,1193,0,356,78
154,0,6.66666666666667,150.0,51.0,133.274,0.059,433.5,154.1875,58.277889251709,135.177108764648,4470,1193,0,356,78
155,0,8.33333333333333,120.0,51.0,133.274,0.059,433.5,154.1875,58.277889251709,135.178470611572,4470,1193,0,356,78
156,0,7.14285714285714,140.0,51.0,133.274,0.059,433.5,154.1875,58.277889251709,135.179832458496,4470,1193,0,356,78
157,0,8.33333333333333,120.0,51.0,133.274,0.059,433.5,154.1875,58.277889251709,135.18119430542,4470,1193,0,356,78
158,0,7.40740740740741,135.0,51.0,133.274,0.059,433.5,154.1875,58.277889251709,135.182556152344,4470,1193,0,356,78
159,0,8.33333333333333,120.0,51.0,133.274,0.059,433.5,154.1875,58.277889251709,135.183917999268,4470,1193,0,356,78
160,0,7.57575757575758,132.0,51.0,133.274,0.059,433.5,154.1875,58.277889251709,135.18285369873,4466,1193,0,356,76
161,0,8.33333333333333,120.0,51.0,133.274,0.059,433.5,154.1875,58.277889251709,135.184215545654,4466,1193,0,356,76
162,0,7.57575757575758,132.0,51.0,133.274,0.059,433.5,154.1875,58.277889251709,135.185577392578,4466,1193,0,356,76
163,0,8.10388696488688,123.397575056621,51.0,133.274,0.059,433.5,154.1875,58.277889251709,135.186939239502,4466,1193,0,356,76
164,0,7.57575757575758,132.0,51.0,133.274,0.059,433.5,154.1875,58.277889251709,135.188301086426,4466,1193,0,356,76
165,0,7.57575757575758,132.0,119.0,36.45,0.169,433.5,154.1875,58.277889251709,135.18966293335,4466,1193,0,356,76
166,0,7.57575757575758,132.0,119.0,36.45,0.169,433.5,154.1875,58.277889251709,135.191024780273,4466,1193,0,356,76
167,0,7.57575757575758,132.0,119.0,36.45,0.169,433.5,154.1875,58.277889251709,135.15185546875,4452,1189,0,354,76
168,0,7.57575757575758,132.0,119.0,36.45,0.169,433.0,154.1875,58.2775611877441,135.15198135376,4452,1189,0,354,76
169,0,8.09421212121221,123.545069615773,119.0,36.45,0.169,433.0,154.1875,58.2775611877441,135.153343200684,4452,1189,0,354,76
170,0,8.33333333333333,120.0,119.0,36.45,0.169,433.0,154.1875,58.2775611877441,135.154705047607,4452,1189,0,354,76
171,0,8.21766666666667,121.689043929745,119.0,36.45,0.169,433.0,154.1875,58.2775611877441,135.156066894531,4452,1189,0,354,76
172,0,8.33333333333333,120.0,119.0,36.45,0.169,433.0,154.1875,58.2775611877441,135.157428741455,4452,1189,0,354,76
173,0,8.33333333333333,120.0,119.0,36.45,0.169,433.0,154.1875,58.2775611877441,135.158790588379,4452,1189,0,354,76
174,0,8.24333333333333,121.310149615851,119.0,36.45,0.169,433.0,154.1875,58.2775611877441,135.160152435303,4452,1189,0,354,76
175,0,8.33333333333333,120.0,119.0,36.45,0.169,433.0,154.1875,58.2775611877441,135.161514282227,4452,1189,0,354,76
176,0,7.91666666666667,126.315789473684,119.0,36.45,0.169,433.0,154.1875,58.2775611877441,135.16287612915,4452,1189,0,354,76
177,0,8.33333333333333,120.0,119.0,36.45,0.169,433.0,154.1875,58.2775611877441,135.164237976074,4452,1189,0,354,76
178,0,8.33333333333333,120.0,119.0,36.45,0.169,433.0,154.1875,58.2775611877441,135.165599822998,4452,1189,0,354,76
179,0,8.33333333333333,120.0,119.0,36.45,0.169,433.0,154.1875,58.2775611877441,135.166961669922,4452,1189,0,354,76
180,0,8.33333333333333,120.0,119.0,36.45,0.169,433.0,154.1875,58.2775611877441,135.168323516846,4452,1189,0,354,76
181,0,8.33333333333333,120.0,119.0,36.45,0.169,433.0,154.1875,58.2775611877441,135.138191223145,4404,1189,0,354,44
182,0,8.33333333333333,120.0,119.0,36.45,0.169,433.0,154.1875,58.2775611877441,135.139553070068,4404,1189,0,354,44
183,0,8.33333333333333,120.0,119.0,36.45,0.169,433.0,154.1875,58.2775611877441,135.140914916992,4404,1189,0,354,44
184,0,8.33333333333333,120.0,119.0,36.45,0.169,433.0,154.1875,58.2775611877441,135.142276763916,4404,1189,0,354,44
185,0,8.33333333333333,120.0,119.0,36.45,0.169,433.0,154.1875,58.2775611877441,135.14363861084,4404,1189,0,354,44
186,0,8.33333333333333,120.0,119.0,36.45,0.169,433.0,154.1875,58.2775611877441,135.145000457764,4404,1189,0,354,44
187,0,8.33333333333333,120.0,119.0,36.45,0.169,433.0,154.1875,58.2775611877441,135.146362304688,4404,1189,0,354,44
188,0,8.33333333333333,120.0,119.0,36.45,0.169,433.0,154.1875,58.2775611877441,135.144199371338,4398,1189,0,354,42
189,0,8.33333333333333,120.0,119.0,36.45,0.169,433.0,154.1875,58.2775611877441,135.145561218262,4398,1189,0,354,42
190,0,8.33333333333333,120.0,119.0,36.45,0.169,433.0,154.1875,58.2775611877441,135.146923065186,4398,1189,0,354,42
191,0,8.33333333333333,120.0,119.0,36.45,0.169,433.0,154.1875,58.2775611877441,135.148284912109,4398,1189,0,354,42
192,0,8.33333333333333,120.0,119.0,36.45,0.169,433.0,154.1875,58.2775611877441,135.149646759033,4398,1189,0,354,42
193,0,8.33333333333333,120.0,119.0,36.45,0.169,433.0,154.1875,58.2775611877441,135.151008605957,4398,1189,0,354,42
194,0,8.33333333333333,120.0,119.0,36.45,0.169,433.0,154.1875,58.2775611877441,135.152370452881,4398,1189,0,354,42
195,0,8.33333333333333,120.0,119.0,36.45,0.169,433.0,154.1875,58.2775611877441,135.153732299805,4398,1189,0,354,42
196,0,8.33333333333333,120.0,119.0,36.45,0.169,433.0,154.1875,58.2775611877441,135.155094146729,4398,1189,0,354,42
197,0,8.33333333333333,120.0,119.0,36.45,0.169,433.0,154.1875,58.2775611877441,135.156455993652,4398,1189,0,354,42
198,0,8.33333333333333,120.0,119.0,36.45,0.169,433.0,154.1875,58.2775611877441,135.157817840576,4398,1189,0,354,42
199,0,8.33333333333333,120.0,119.0,36.45,0.169,433.0,154.1875,58.2775611877441,135.1591796875,4398,1189,0,354,42
200,0,8.27733333333334,120.811855670103,119.0,36.45,0.169,433.0,154.1875,58.2775611877441,135.160541534424,4398,1189,0,354,42
201,0,8.33333333333333,120.0,119.0,36.45,0.169,433.0,154.1875,58.2775611877441,135.161903381348,4398,1189,0,354,42
202,0,8.33333333333333,120.0,119.0,36.45,0.169,433.0,154.1875,58.2775611877441,135.081546783447,4252,1189,0,354,0
203,0,8.33333333333333,120.0,119.0,36.45,0.169,433.0,154.1875,58.2775611877441,135.082908630371,4252,1189,0,354,0
204,0,8.33333333333333,120.0,119.0,36.45,0.169,433.0,154.1875,58.2775611877441,135.084270477295,4252,1189,0,354,0
205,0,8.33333333333333,120.0,119.0,36.45,0.169,433.0,154.1875,58.2775611877441,135.085632324219,4252,1189,0,354,0
206,0,8.33333333333333,120.0,119.0,36.45,0.169,433.0,154.1875,58.2775611877441,135.086994171143,4252,1189,0,354,0
207,0,8.33333333333333,120.0,119.0,36.45,0.169,433.0,154.1875,58.2775611877441,135.088356018066,4252,1189,0,354,0
208,0,8.33333333333333,120.0,119.0,36.45,0.169,433.0,154.1875,58.2775611877441,135.08971786499,4252,1189,0,354,0
209,0,30.465,32.8245527654686,119.0,36.45,0.169,433.0,154.1875,58.2775611877441,134.020038604736,3800,1079,0,246,0
210,0,16.6666666666667,60.0,119.0,36.45,0.169,425.125,154.1875,58.2629508972168,133.93962097168,3800,1079,0,246,0
211,0,8.644,115.68718186025,119.0,36.45,0.169,425.125,154.1875,58.2629508972168,133.938785552979,3798,1079,0,246,0
212,0,13.112,76.2660158633313,119.0,36.45,0.169,427.1875,154.1875,58.2683525085449,134.075187683105,3798,1079,0,246,0
213,0,8.33333333333333,120.0,119.0,36.45,0.169,427.1875,154.1875,58.2683525085449,134.076549530029,3798,1079,0,246,0
214,0,8.43366666666667,118.572388443145,119.0,36.45,0.169,427.1875,154.1875,58.2683525085449,134.077911376953,3798,1079,0,246,0
215,0,8.33333333333333,120.0,119.0,36.45,0.169,427.1875,154.1875,58.2683525085449,134.079273223877,3798,1079,0,246,0
216,0,8.31766666666667,120.226024926862,119.0,36.45,0.169,427.1875,154.1875,58.2683525085449,134.080635070801,3798,1079,0,246,0
217,0,8.263,121.02142079148,119.0,36.45,0.169,427.1875,154.1875,58.2683525085449,134.081996917725,3798,1079,0,246,0
218,0,8.439,118.497452304775,119.0,36.45,0.169,427.1875,154.1875,58.2683525085449,134.083358764648,3798,1079,0,246,0
219,0,8.256,121.124031007752,119.0,36.45,0.169,427.1875,154.1875,58.2683525085449,134.084720611572,3798,1079,0,246,0
220,0,8.183,122.204570450935,119.0,36.45,0.169,427.1875,154.1875,58.2683525085449,134.086082458496,3798,1079,0,246,0
221,0,8.33333333333333,120.0,119.0,36.45,0.169,427.1875,154.1875,58.2683525085449,134.08744430542,3798,1079,0,246,0
222,0,8.33333333333333,120.0,119.0,36.45,0.169,427.1875,154.1875,58.2683525085449,134.088806152344,3798,1079,0,246,0
223,1,8.33333333333333,120.0,119.0,36.45,0.169,427.1875,154.1875,58.2683525085449,134.090167999268,3798,1079,0,246,0
224,1,8.33333333333333,120.0,119.0,36.45,0.169,427.1875,154.1875,58.2683525085449,134.091529846191,3798,1079,0,246,0
225,1,8.33333333333333,120.0,119.0,36.45,0.169,427.1875,154.1875,58.2683525085449,134.092891693115,3798,1079,0,246,0
226,1,8.33333333333333,120.0,119.0,36.45,0.169,427.1875,154.1875,58.2683525085449,134.094253540039,3798,1079,0,246,0
227,1,8.33333333333333,120.0,119.0,36.45,0.169,427.1875,154.1875,58.2683525085449,134.095615386963,3798,1079,0,246,0
228,1,8.33333333333333,120.0,119.0,36.45,0.169,427.1875,154.1875,58.2683525085449,134.096977233887,3798,1079,0,246,0
229,1,8.33333333333333,120.0,119.0,36.45,0.169,427.1875,154.1875,58.2683525085449,134.098339080811,3798,1079,0,246,0
230,1,8.33333333333333,120.0,119.0,36.45,0.169,427.1875,154.1875,58.2683525085449,134.099700927734,3798,1079,0,246,0
231,1,8.33333333333333,120.0,119.0,36.45,0.169,427.1875,154.1875,58.2683525085449,134.101062774658,3798,1079,0,246,0
232,1,8.33333333333333,120.0,119.0,36.45,0.169,427.1875,154.1875,58.2683525085449,134.102424621582,3798,1079,0,246,0
233,1,8.33333333333333,120.0,119.0,36.45,0.169,427.1875,154.1875,58.2683525085449,134.103786468506,3798,1079,0,246,0
234,1,8.27966666666667,120.777809090543,119.0,36.45,0.169,427.1875,154.1875,58.2683525085449,134.10514831543,3798,1079,0,246,0
235,2,8.33333333333333,120.0,119.0,36.45,0.169,427.6875,154.1875,58.2707633972168,134.498647689819,3825,1084,0,252,3
236,2,8.33333333333333,120.0,119.0,36.45,0.169,427.6875,154.1875,58.2707633972168,134.509599685669,3825,1084,0,252,3
237,2,8.33333333333333,120.0,119.0,36.45,0.169,427.6875,154.1875,58.2707633972168,134.510961532593,3825,1084,0,252,3
238,2,8.33333333333333,120.0,119.0,36.45,0.169,428.1875,154.1875,58.2731742858887,134.552682876587,3840,1087,0,254,5
239,2,8.33333333333333,120.0,119.0,36.45,0.169,428.1875,154.1875,58.2731742858887,134.554044723511,3840,1087,0,254,5
240,2,8.33333333333333,120.0,119.0,36.45,0.169,428.1875,154.1875,58.2731742858887,134.555406570435,3840,1087,0,254,5
241,2,9.09090909090909,110.0,119.0,36.45,0.169,428.1875,154.1875,58.2731742858887,134.556768417358,3840,1087,0,254,5
242,2,9.09090909090909,110.0,119.0,36.45,0.169,428.9375,154.1875,58.2737483978271,135.222109794617,3868,1092,0,258,8
243,2,9.46384848484839,105.665258863875,119.0,36.45,0.169,428.9375,154.1875,58.2737483978271,135.222357749939,3866,1092,0,258,7
244,2,9.09090909090909,110.0,119.0,36.45,0.169,428.9375,154.1875,58.2737483978271,135.223719596863,3866,1092,0,258,7
245,2,9.09090909090909,110.0,119.0,36.45,0.169,428.9375,154.1875,58.2737483978271,135.225081443787,3866,1092,0,258,7
246,3,9.09090909090909,110.0,119.0,36.45,0.169,429.4375,154.1875,58.276159286499,135.298747062683,3892,1097,0,257,10
247,3,9.09090909090909,110.0,119.0,36.45,0.169,429.4375,154.1875,58.276159286499,135.300108909607,3892,1097,0,257,10
248,3,9.09090909090909,110.0,119.0,36.45,0.169,429.4375,154.1875,58.276159286499,135.300845146179,3893,1097,0,257,10
249,3,9.09090909090909,110.0,119.0,36.45,0.169,429.9375,154.1875,58.2785701751709,135.334269523621,3906,1098,0,257,12
250,3,9.09090909090909,110.0,119.0,36.45,0.169,429.9375,154.1875,58.2785701751709,135.326659202576,3897,1097,0,256,9
251,3,9.09090909090909,110.0,119.0,36.45,0.169,429.9375,154.1875,58.2785701751709,135.326342582703,3894,1097,0,256,8
252,3,9.07372727272737,110.208293675045,119.0,36.45,0.169,429.9375,154.1875,58.2785701751709,135.326491355896,3892,1097,0,256,7
253,3,8.773,113.986093696569,119.0,36.45,0.169,430.1875,154.1875,58.2787189483643,135.366499900818,3916,1102,0,260,11
254,3,8.33333333333333,120.0,119.0,36.45,0.169,430.1875,154.1875,58.2787189483643,135.365557670593,3912,1102,0,260,9
255,3,8.61466666666667,116.081101996595,119.0,36.45,0.169,430.1875,154.1875,58.2787189483643,135.349345207214,3905,1100,0,259,9
256,3,8.33333333333333,120.0,119.0,36.45,0.169,429.9375,154.1875,58.2785701751709,135.350089073181,3905,1100,0,259,9
257,3,8.33333333333333,120.0,119.0,36.45,0.169,429.9375,154.1875,58.2785701751709,135.351450920105,3905,1100,0,259,9
258,4,30.785,32.4833522819555,119.0,36.45,0.169,439.75,160.3125,58.2941913604736,137.289779663086,4168,1165,0,269,42
259,4,16.6666666666667,60.0,119.0,36.45,0.169,439.75,160.3125,58.2941913604736,137.277908325195,4166,1162,0,266,42
260,4,28.8143333333333,34.7049500827135,119.0,36.45,0.169,439.75,160.3125,58.2941913604736,137.27299118042,4155,1162,0,266,38
261,4,22.2222222222222,45.0,119.0,36.45,0.169,440.0,160.5625,58.2941913604736,137.647548675537,4153,1160,0,271,37
262,5,12.7534444444444,78.4101898397818,119.0,36.45,0.169,439.75,160.5625,58.2940425872803,137.616668701172,4143,1157,0,273,37
263,5,8.768,114.051094890511,119.0,36.45,0.169,439.25,160.5625,58.2916316986084,137.613170623779,4138,1157,0,273,34
264,5,16.6666666666667,60.0,119.0,36.45,0.169,448.25,164.5625,58.298469543457,138.817691802979,4397,1223,0,305,71
265,5,15.1103333333333,66.179876905429,119.0,36.45,0.169,448.0,164.5625,58.2962532043457,138.840347290039,4405,1224,0,308,73
266,5,9.103,109.853894320554,119.0,36.45,0.169,448.0,164.5625,58.2962532043457,138.844337463379,4402,1224,0,310,72
267,5,9.237,108.260257659413,119.0,36.45,0.169,448.0,164.5625,58.2962532043457,138.876136779785,4412,1227,0,310,69
268,5,9.409,106.281220108407,119.0,36.45,0.169,448.375,164.5625,58.2966728210449,138.887722015381,4412,1227,0,313,69
269,5,10.583,94.4911650760654,119.0,36.45,0.169,448.375,164.5625,58.2966728210449,138.872886657715,4406,1223,0,309,68
270,5,10.441,95.7762666411263,105.0,39.125,0.038,448.375,164.5625,58.2966728210449,138.854110717773,4404,1218,0,305,68
271,6,9.928,100.725221595488,105.0,39.125,0.038,448.375,164.5625,58.2948036193848,138.847499847412,4395,1217,0,301,63
272,6,9.172,109.027474923681,105.0,39.125,0.038,448.375,164.5625,58.2948036193848,138.859146118164,4401,1219,0,301,63
273,6,9.925,100.755667506297,105.0,39.125,0.038,448.625,164.5625,58.2949180603027,138.821128845215,4387,1215,0,302,63
274,6,9.459,105.719420657575,105.0,39.125,0.038,448.125,164.5625,58.2925071716309,138.820537567139,4387,1215,0,302,63
275,6,10.0,100.0,105.0,39.125,0.038,448.125,164.5625,58.2925071716309,138.820049285889,4384,1215,0,302,62
276,6,10.1009999999999,99.0000990001001,105.0,39.125,0.038,448.125,164.5625,58.2925071716309,138.813354492188,4381,1213,0,300,61
277,6,10.0,100.0,105.0,39.125,0.038,448.125,164.5625,58.2925071716309,138.822467803955,4388,1215,0,299,61
278,6,10.0,100.0,105.0,39.125,0.038,448.375,164.5625,58.2926712036133,139.169470787048,4415,1218,0,303,67
279,6,10.0,100.0,105.0,39.125,0.038,449.125,164.5625,58.2934074401855,139.200995445251,4422,1219,0,306,68
280,6,10.0,100.0,105.0,39.125,0.038,449.125,164.5625,58.2934074401855,139.179087638855,4409,1218,0,304,60
281,7,10.0,100.0,105.0,39.125,0.038,448.875,164.5625,58.2931365966797,139.142786979675,4381,1215,0,304,51
282,7,10.0,100.0,105.0,39.125,0.038,448.625,164.5625,58.2928657531738,139.15194606781,4386,1216,0,308,53
283,7,10.0,100.0,105.0,39.125,0.038,448.625,164.5625,58.2928657531738,139.149886131287,4377,1216,0,311,51
284,7,10.0,100.0,105.0,39.125,0.038,448.625,164.5625,58.2928657531738,139.148978233337,4373,1216,0,311,48
285,7,10.4166666666667,96.0,105.0,39.125,0.038,448.625,164.5625,58.2928657531738,139.149127006531,4371,1216,0,310,47
286,7,10.4166666666667,96.0,105.0,39.125,0.038,448.625,164.5625,58.2928657531738,139.150187492371,4371,1214,0,307,48
287,7,10.4166666666667,96.0,105.0,39.125,0.038,448.875,164.5625,58.293212890625,139.169562339783,4380,1216,0,306,49
288,7,10.4166666666667,96.0,105.0,39.125,0.038,448.875,164.5625,58.293212890625,139.148009300232,4363,1215,0,306,46
289,7,10.3330000000001,96.7773153972698,105.0,39.125,0.038,448.625,164.5625,58.2929420471191,139.126517295837,4351,1214,0,305,44
290,7,10.0,100.0,105.0,39.125,0.038,448.375,164.5625,58.2926712036133,139.144442558289,4358,1216,0,305,46
291,8,10.4166666666667,96.0,105.0,39.125,0.038,450.875,165.5625,58.2978820800781,139.371947288513,4460,1226,0,317,62
292,8,10.4166666666667,96.0,105.0,39.125,0.038,450.875,165.5625,58.2978057861328,139.367560386658,4463,1226,0,317,62
293,8,10.4166666666667,96.0,105.0,39.125,0.038,450.625,165.5625,58.297534942627,139.363764762878,4454,1226,0,320,56
294,8,10.4166666666667,96.0,105.0,39.125,0.038,451.625,165.5625,58.3023567199707,139.445845603943,4484,1232,0,324,60
295,8,10.4166666666667,96.0,105.0,39.125,0.038,451.625,165.5625,58.3023567199707,139.43347454071,4486,1231,0,323,62
296,8,10.4166666666667,96.0,105.0,39.125,0.038,451.625,165.8125,58.3020858764648,139.812930107117,4490,1229,0,322,62
297,8,10.4166666666667,96.0,105.0,39.125,0.038,451.625,165.8125,58.3020858764648,139.80677318573,4496,1230,0,320,63
298,8,10.4166666666667,96.0,105.0,39.125,0.038,453.125,166.8125,58.3023071289063,139.90625667572,4563,1239,0,329,80
299,8,10.4166666666667,96.0,105.0,39.125,0.038,453.125,166.8125,58.3023071289063,139.905192375183,4559,1239,0,329,78
300,9,10.6146666666667,94.2092701921868,105.0,39.125,0.038,455.8125,166.8125,58.30419921875,140.12290096283,4686,1258,0,331,99
301,9,10.4166666666667,96.0,105.0,39.125,0.038,455.6875,166.8125,58.3008346557617,140.109534263611,4671,1256,0,329,95
302,9,10.4166666666667,96.0,105.0,39.125,0.038,455.6875,166.8125,58.3008346557617,140.162253379822,4708,1261,0,329,100
303,9,10.4166666666667,96.0,105.0,39.125,0.038,456.0625,166.8125,58.3012542724609,140.144606590271,4696,1257,0,332,98
304,9,10.4166666666667,96.0,105.0,39.125,0.038,455.9375,166.8125,58.3004188537598,140.158705711365,4708,1258,0,334,102
305,9,10.4166666666667,96.0,105.0,39.125,0.038,455.6875,166.8125,58.3002243041992,140.116183280945,4694,1250,0,328,101
306,9,31.285,31.9642000958926,105.0,39.125,0.038,455.3125,166.8125,58.2991943359375,140.111350059509,4692,1248,0,328,100
307,9,16.6666666666667,60.0,105.0,39.125,0.038,455.3125,166.8125,58.2991943359375,140.078742027283,4658,1244,0,329,94
308,10,64.1343333333333,15.592272469764,105.0,39.125,0.038,455.5625,166.8125,58.2995109558105,140.127547264099,4647,1239,0,318,91
309,10,22.7996666666665,43.8602903551224,105.0,39.125,0.038,457.375,166.8125,58.3015003204346,140.878293037415,4683,1237,0,329,102
310,10,5.70233333333347,175.36680890863,105.0,39.125,0.038,457.25,166.8125,58.3006649017334,140.826474189758,4622,1232,0,322,91
311,11,27.6309999999999,36.1912344830084,105.0,39.125,0.038,465.5625,174.125,58.3016262054443,141.002690315247,4654,1241,0,334,90
312,11,16.6666666666667,60.0,105.0,39.125,0.038,465.5625,174.125,58.3016262054443,140.960343360901,4646,1236,0,331,94
313,11,16.6666666666667,60.0,105.0,39.125,0.038,465.0625,174.125,58.3012371063232,140.865479469299,4596,1227,0,327,79
314,11,10.5850000000001,94.4733112895595,105.0,39.125,0.038,464.3125,174.125,58.296594619751,140.754509925842,4541,1215,0,327,75
315,11,6.08166666666653,164.428610578244,105.0,39.125,0.038,462.5625,174.125,58.2952327728271,140.633721351624,4476,1206,0,323,71
316,11,13.3333333333333,75.0,105.0,39.125,0.038,463.5,175.8125,58.2906055450439,140.65786075592,4487,1208,0,323,73
317,11,13.3333333333333,75.0,105.0,39.125,0.038,463.5,175.8125,58.2906055450439,140.601040840149,4450,1194,0,322,73
318,12,11.3186666666668,88.3496289315575,105.0,39.125,0.038,463.5,175.8125,58.2906055450439,140.596528053284,4440,1194,0,313,71
319,12,13.3333333333333,75.0,105.0,39.125,0.038,467.1875,175.8125,58.2935619354248,141.745820045471,4555,1207,0,324,84
320,12,12.6576666666667,79.0035024886103,105.0,39.125,0.038,465.6875,175.8125,58.2925548553467,141.74262714386,4550,1207,0,322,83
321,12,9.651,103.616205574552,105.0,39.125,0.038,466.1875,175.8125,58.2929286956787,141.775025367737,4553,1210,0,323,81
322,12,10.305,97.0402717127608,105.0,39.125,0.038,466.1875,175.8125,58.2929286956787,141.786267280579,4555,1211,0,322,81
323,12,12.5,80.0,105.0,39.125,0.038,468.0,175.8125,58.2948017120361,142.241290092468,4600,1218,0,331,87
324,12,11.79,84.8176420695505,105.0,39.125,0.038,467.75,175.8125,58.2946071624756,142.175078392029,4559,1212,0,329,82
325,12,9.956,100.441944556047,105.0,39.125,0.038,467.25,175.8125,58.2942180633545,142.142687797546,4544,1208,0,328,80
326,13,11.6666666666667,85.7142857142857,105.0,39.125,0.038,468.5,175.8125,58.299295425415,142.37338924408,4617,1223,0,336,89
327,13,11.6013333333333,86.1969888518561,105.0,39.125,0.038,469.0,175.8125,58.299654006958,142.408553123474,4632,1224,0,338,92
328,13,11.9047619047619,84.0,105.0,39.125,0.038,471.625,175.8125,58.3021183013916,142.943824768066,4713,1238,0,355,104
329,13,13.3155714285713,75.1000439871694,105.0,39.125,0.038,473.375,175.8125,58.3074321746826,143.231006622314,4741,1238,0,353,114
330,13,11.6666666666667,85.7142857142857,105.0,39.125,0.038,471.6875,175.8125,58.3056983947754,143.213775634766,4718,1239,0,353,105
331,13,11.6666666666667,85.7142857142857,105.0,39.125,0.038,471.6875,175.8125,58.3056983947754,143.214366912842,4721,1238,0,352,106
332,13,11.6666666666667,85.7142857142857,105.0,39.125,0.038,472.1875,175.8125,58.3059959411621,143.292140960693,4763,1248,0,364,111
333,13,11.6666666666667,85.7142857142857,105.0,39.125,0.038,472.1875,175.8125,58.3059959411621,143.289505004883,4757,1248,0,362,107
334,13,11.6666666666667,85.7142857142857,105.0,39.125,0.038,472.6875,175.8125,58.3063545227051,143.322643280029,4766,1251,0,364,110
335,14,11.6666666666667,85.7142857142857,105.0,39.125,0.038,473.4375,175.8125,58.3089447021484,143.4430809021,4810,1257,0,368,117
336,14,11.6666666666667,85.7142857142857,105.0,39.125,0.038,476.8125,176.8125,58.3113059997559,143.678470611572,4895,1271,0,381,128
337,14,11.6666666666667,85.7142857142857,105.0,39.125,0.038,477.3125,176.8125,58.3137168884277,143.720191955566,4910,1274,0,383,130
338,14,11.6666666666667,85.7142857142857,105.0,39.125,0.038,479.3125,176.8125,58.3151512145996,143.916511535645,4998,1280,0,380,146
339,14,11.6666666666667,85.7142857142856,105.0,39.125,0.038,479.3125,176.8125,58.3151512145996,143.894325256348,4974,1277,0,378,138
340,14,21.0443333333335,47.5187302995261,105.0,39.125,0.038,480.0625,176.8125,58.3156585693359,143.951972961426,4987,1284,0,384,134
341,14,12.2889999999999,81.3735861339418,105.0,39.125,0.038,480.3125,176.8125,58.3158378601074,143.846603393555,4976,1278,0,376,136
342,14,13.2570000000001,75.4318473259403,105.0,39.125,0.038,481.9375,177.8125,58.316463470459,144.038925170898,5027,1288,0,380,139
343,15,12.5,80.0,105.0,39.125,0.038,482.4375,177.8125,58.3188743591309,143.979236602783,4973,1283,0,370,135
344,15,12.5,80.0,105.0,39.125,0.038,480.9375,177.8125,58.312255859375,143.985858917236,4972,1284,0,369,130
345,15,11.7429999999999,85.1571148769489,105.0,39.125,0.038,481.4375,177.8125,58.3146667480469,144.000988006592,4973,1285,0,369,129
346,15,12.5,80.0,105.0,39.125,0.038,481.6875,177.8125,58.3148307800293,144.013343811035,4972,1284,0,373,129
347,15,12.5,80.0,105.0,39.125,0.038,481.4375,177.8125,58.3146820068359,143.865516662598,4944,1275,0,363,128
348,15,12.962962962963,77.1428571428571,105.0,39.125,0.038,482.4375,177.8125,58.3154449462891,144.082077026367,5006,1291,0,377,130
349,15,12.962962962963,77.1428571428571,79.0,71.404,0.05,482.1875,177.8125,58.3152503967285,144.077266693115,5003,1290,0,375,128
350,16,18.7350740740742,53.3758231243831,79.0,71.404,0.05,486.4375,181.3125,58.3170051574707,144.838648796082,5021,1294,0,382,127
351,16,13.3333333333333,75.0,79.0,71.404,0.05,486.4375,181.3125,58.3170051574707,144.827471733093,5012,1293,0,382,124
352,16,13.3333333333333,75.0,79.0,71.404,0.05,487.3125,181.3125,58.3183937072754,144.917094230652,5059,1304,0,390,131
353,16,13.3333333333333,75.0,79.0,71.404,0.05,487.3125,181.3125,58.3183937072754,144.838870048523,5032,1285,0,389,126
354,16,13.3333333333333,75.0,79.0,71.404,0.05,487.4375,181.3125,58.3201484680176,144.811499595642,5050,1280,0,382,134
355,16,13.3333333333333,75.0,79.0,71.404,0.05,484.375,181.3125,58.312370300293,144.806841850281,5018,1282,0,382,119
356,16,13.3333333333333,75.0,79.0,71.404,0.05,484.625,181.3125,58.3126411437988,144.84672832489,5040,1286,0,384,120
357,16,10.7666666666667,92.8792569659443,79.0,71.404,0.05,484.75,181.3125,58.3129463195801,144.661803245544,4973,1264,0,372,112
358,17,13.6363636363636,73.3333333333333,79.0,71.404,0.05,489.0625,186.5,58.308967590332,144.825949668884,5022,1280,0,382,116
359,17,13.3333333333333,75.0,79.0,71.404,0.05,489.25,186.5,58.3079452514648,144.880129814148,5053,1284,0,386,122
360,17,13.3333333333333,75.0,79.0,71.404,0.05,491.6875,186.5,58.309455871582,144.907813072205,5097,1282,0,387,136
361,17,13.3333333333333,75.0,79.0,71.404,0.05,489.3125,186.5,58.305118560791,144.898051261902,5072,1284,0,387,124
362,17,13.3276363636364,75.032059152547,79.0,71.404,0.05,489.5625,186.5,58.3053894042969,144.896555900574,5063,1283,0,388,120
363,17,10.013,99.8701687805852,79.0,71.404,0.05,489.5625,186.5,58.3053894042969,144.862723350525,5054,1278,0,382,118
364,17,11.163,89.5816536773269,79.0,71.404,0.05,490.25,186.5,58.3067321777344,144.804244041443,5011,1274,0,379,118
365,17,10.316,96.9367972082202,79.0,71.404,0.05,488.5625,186.5,58.3045806884766,144.789553642273,5002,1273,0,369,115
366,18,11.889,84.1113634452014,79.0,71.404,0.05,489.3125,186.5,58.3072929382324,144.701258659363,4998,1265,0,359,118
367,18,10.265,97.4184120798831,79.0,71.404,0.05,486.9375,186.5,58.3029556274414,144.647505760193,4932,1264,0,359,97
368,18,11.195,89.3255917820455,79.0,71.404,0.05,489.0625,186.5,58.305046081543,144.858691215515,5012,1276,0,370,109
369,18,10.564,94.6611132146914,79.0,71.404,0.05,489.8125,186.5,58.3076515197754,144.900168418884,5032,1278,0,372,114
370,18,11.1111111111111,90.0,79.0,71.404,0.05,490.75,187.5,58.3064651489258,144.880373954773,5027,1275,0,369,115
371,18,11.1111111111111,90.0,79.0,71.404,0.05,489.3125,186.5,58.3051643371582,144.826628684998,4994,1272,0,364,112
372,18,11.1111111111111,90.0,79.0,71.404,0.05,488.8125,186.5,58.3046226501465,144.817267417908,4976,1272,0,367,105
373,18,10.9066666666667,91.6870415647921,79.0,71.404,0.05,489.5625,186.5,58.3051300048828,144.88799571991,5008,1280,0,373,106
374,18,10.315,96.9461948618517,79.0,71.404,0.05,489.5625,186.5,58.3051300048828,144.727877616882,4976,1270,0,362,105
375,19,10.363,96.4971533339766,79.0,71.404,0.05,487.6875,186.5,58.3032035827637,144.643336296082,4919,1267,0,359,91
376,19,9.923,100.775975007558,79.0,71.404,0.05,486.875,186.5,58.3035316467285,144.617457389832,4926,1261,0,356,97
377,19,9.834,101.688021151108,79.0,71.404,0.05,486.3125,186.5,58.3014717102051,144.60551738739,4916,1260,0,357,95
378,19,10.156,98.4639621898385,79.0,71.404,0.05,486.3125,186.5,58.3014717102051,144.590064048767,4913,1259,0,356,95
379,19,9.531,104.92078480747,79.0,71.404,0.05,486.0625,186.5,58.3012008666992,144.591048240662,4914,1259,0,356,96
380,19,9.71,102.986611740474,79.0,71.404,0.05,486.0625,186.5,58.3012008666992,144.575896263123,4898,1257,0,354,90
381,19,19.3673333333333,51.6333344807408,79.0,71.404,0.05,486.0625,186.5,58.3012008666992,144.383509635925,4849,1244,0,342,87
382,19,13.327,75.0356419299167,79.0,71.404,0.05,486.25,186.5,58.3022003173828,144.561354637146,4916,1253,0,351,93
383,19,11.1111111111111,90.0,79.0,71.404,0.05,486.0625,186.5,58.3011703491211,144.517416954041,4887,1247,0,349,88
384,20,13.5008888888889,74.0691970899036,79.0,71.404,0.05,486.6875,186.5,58.3049621582031,144.583029747009,4905,1251,0,350,93
385,20,12.5,80.0,79.0,71.404,0.05,485.6875,186.5,58.3042602539063,144.523921012878,4881,1247,0,347,89
386,20,12.5,80.0,79.0,71.404,0.05,485.1875,185.5,58.3086624145508,144.598052024841,4901,1253,0,351,90
387,20,12.5,80.0,79.0,71.404,0.05,485.375,185.5,58.3096923828125,144.596922874451,4897,1253,0,351,87
388,20,12.1212121212121,82.5,79.0,71.404,0.05,485.1875,185.5,58.3086624145508,144.425055503845,4853,1242,0,341,87
389,20,9.53712121212108,104.853443482407,79.0,71.404,0.05,483.3125,185.5,58.3067359924316,144.372496604919,4807,1238,0,339,69
390,20,12.1212121212121,82.5,79.0,71.404,0.05,483.5625,185.5,58.306884765625,144.305335044861,4773,1236,0,342,67
391,20,12.1212121212121,82.5,79.0,71.404,0.05,482.3125,185.5,58.3059883117676,144.238112449646,4745,1230,0,337,66
392,21,12.1212121212121,82.5,79.0,71.404,0.05,481.75,185.5,58.3064346313477,144.246111869812,4743,1230,0,337,65
393,21,12.1212121212121,82.5,79.0,71.404,0.05,481.5625,185.5,58.3054046630859,144.238123893738,4735,1230,0,337,58
394,21,12.1212121212121,82.5,79.0,71.404,0.05,481.5625,185.5,58.3054046630859,144.239485740662,4735,1230,0,337,58
395,21,12.1212121212121,82.5,79.0,71.404,0.05,481.5625,185.5,58.3054046630859,144.13876247406,4679,1221,0,333,53
396,21,11.9047619047619,84.0,79.0,71.404,0.05,480.5625,185.5,58.3046264648438,144.013163566589,4616,1210,0,325,51
397,21,11.9047619047619,84.0,79.0,71.404,0.05,479.25,185.5,58.3025436401367,144.001437187195,4607,1209,0,324,48
398,21,11.9047619047619,84.0,79.0,71.404,0.05,479.0625,185.5,58.301513671875,143.996668815613,4596,1209,0,324,43
399,21,11.9047619047619,84.0,79.0,71.404,0.05,479.0625,185.5,58.301513671875,143.997305870056,4595,1209,0,324,42
400,22,11.9047619047619,84.0,79.0,71.404,0.05,479.8125,185.5,58.3041191101074,144.095057487488,4618,1213,0,321,46
401,22,11.9047619047619,84.0,79.0,71.404,0.05,481.8125,185.5,58.3033714294434,143.977922439575,4697,1220,0,318,66
402,22,11.6134891774893,86.1067664262626,79.0,71.404,0.05,480.375,185.5,58.3047370910645,143.815286636353,4678,1223,0,320,56
403,22,9.36,106.837606837607,79.0,71.404,0.05,480.1875,185.5,58.3037071228027,143.815793991089,4677,1223,0,320,56
404,22,9.631,103.831377842384,79.0,71.404,0.05,480.1875,185.5,58.3037071228027,143.747900009155,4640,1218,0,316,54
405,22,9.86,101.419878296146,79.0,71.404,0.05,480.9375,185.5,58.3047256469727,143.924520492554,4705,1228,0,327,63
406,22,10.02,99.8003992015968,79.0,71.404,0.05,481.1875,185.5,58.304874420166,143.962900161743,4725,1233,0,332,65
407,22,10.259,97.4753874646652,79.0,71.404,0.05,481.6875,185.5,58.3052177429199,144.001348495483,4750,1237,0,336,70
408,22,9.872,101.29659643436,79.0,71.404,0.05,481.875,185.5,58.3062477111816,143.99147605896,4741,1235,0,334,67
409,22,9.534,104.887770086008,79.0,71.404,0.05,481.6875,185.5,58.3052177429199,143.971849441528,4722,1233,0,333,63
410,23,10.6060606060606,94.2857142857143,79.0,71.404,0.05,482.6875,185.5,58.3080177307129,144.108854293823,4779,1245,0,339,70
411,23,10.6060606060606,94.2857142857143,79.0,71.404,0.05,482.9375,185.5,58.3082885742188,144.073251724243,4769,1243,0,337,73
412,23,10.5088787878788,95.15763005597,79.0,71.404,0.05,482.6875,185.5,58.3080787658691,144.112657546997,4790,1244,0,338,78
413,23,10.6403333333332,93.9820181072032,79.0,71.404,0.05,483.1875,185.5,58.310489654541,144.077077865601,4774,1240,0,335,76
414,23,9.41366666666679,106.228532983958,79.0,71.404,0.05,482.375,185.5,58.306697845459,144.070070266724,4767,1240,0,335,73
415,23,9.452,105.797714769361,79.0,71.404,0.05,482.1875,185.5,58.3056678771973,144.074666976929,4766,1240,0,336,71
416,23,9.452,105.797714769361,79.0,71.404,0.05,482.1875,185.5,58.3056678771973,144.069967269897,4754,1240,0,337,66
417,23,10.4166666666667,96.0,79.0,71.404,0.05,482.4375,185.5,58.3058166503906,144.014875411987,4750,1237,0,339,70
418,23,9.97833333333333,100.217137130449,79.0,71.404,0.05,481.6875,185.5,58.3011894226074,144.027914047241,4752,1238,0,339,67
419,23,10.0,100.0,79.0,71.404,0.05,481.6875,185.5,58.3013114929199,144.026811599731,4753,1238,0,340,67
420,24,10.0,100.0,79.0,71.404,0.05,481.875,185.5,58.3023414611816,144.022226333618,4750,1236,0,337,67
421,24,9.816,101.874490627547,79.0,71.404,0.05,481.4375,185.5,58.3011627197266,143.955400466919,4716,1231,0,335,65
422,24,9.768,102.375102375102,79.0,71.404,0.05,480.4375,185.5,58.3004608154297,143.954359054565,4716,1231,0,335,65
423,24,9.72222222222222,102.857142857143,79.0,71.404,0.05,480.4375,185.5,58.3004608154297,143.934083938599,4707,1229,0,334,65
424,24,9.72222222222222,102.857142857143,79.0,71.404,0.05,480.1875,185.5,58.3002662658691,143.911912918091,4696,1227,0,333,64
425,24,9.72222222222222,102.857142857143,79.0,71.404,0.05,479.9375,185.5,58.3000717163086,143.913019180298,4705,1226,0,331,67
426,24,21.1466666666667,47.2887767969735,79.0,71.404,0.05,480.125,185.5,58.3011016845703,143.789587020874,4679,1217,0,319,65
427,24,11.1111111111111,90.0,79.0,71.404,0.05,478.6875,185.5,58.2988014221191,143.626989364624,4597,1207,0,316,53
428,24,11.1111111111111,90.0,79.0,71.404,0.05,476.6875,185.5,58.2972755432129,143.580537796021,4584,1204,0,316,52
429,25,11.1111111111111,90.0,79.0,71.404,0.05,476.9375,185.5,58.2974700927734,143.707349777222,4626,1210,0,316,59
430,25,11.1111111111111,90.0,79.0,71.404,0.05,477.1875,185.5,58.2977867126465,143.720922470093,4640,1212,0,317,64
431,25,11.1111111111111,90.0,79.0,71.404,0.05,477.375,185.5,58.2988166809082,143.759695053101,4653,1215,0,319,65
432,25,11.1111111111111,90.0,79.0,71.404,0.05,477.1875,185.5,58.2977867126465,143.758863449097,4650,1215,0,319,63
433,25,11.1111111111111,90.0,79.0,71.404,0.05,477.1875,185.5,58.2977867126465,143.775156021118,4657,1216,0,319,64
434,25,11.1111111111111,90.0,79.0,71.404,0.05,477.4375,185.5,58.2980575561523,143.678709030151,4618,1208,0,313,64
435,25,11.5704444444445,86.42710353967,79.0,71.404,0.05,476.1875,185.5,58.2970390319824,143.706125259399,4630,1213,0,314,64
436,25,10.9306666666665,91.4857282263977,87.0,37.658,0.047,476.625,185.5,58.2982635498047,143.765356063843,4657,1218,0,313,68
437,25,11.1111111111111,90.0,87.0,37.658,0.047,476.9375,185.5,58.2976989746094,143.754663467407,4647,1216,0,314,66
438,26,11.1111111111111,90.0,87.0,37.658,0.047,477.1875,185.5,58.2998390197754,143.821584701538,4674,1220,0,315,69
439,26,11.1111111111111,90.0,87.0,37.658,0.047,478.4375,186.5,58.3001098632813,143.843378067017,4679,1223,0,316,68
440,26,11.1111111111111,90.0,87.0,37.658,0.047,478.9375,186.5,58.3025207519531,143.885675430298,4694,1226,0,319,70
441,26,11.1111111111111,90.0,87.0,37.658,0.047,479.125,186.5,58.3035507202148,143.871160507202,4686,1223,0,316,66
442,26,11.1111111111111,90.0,87.0,37.658,0.047,478.9375,186.5,58.3025207519531,143.812635421753,4665,1219,0,315,62
443,26,11.1111111111111,90.0,87.0,37.658,0.047,478.1875,186.5,58.2998390197754,143.796487808228,4655,1217,0,313,60
444,26,11.1111111111111,90.0,87.0,37.658,0.047,478.6875,186.5,58.3002586364746,143.847333908081,4689,1224,0,320,62
445,26,11.1111111111111,90.0,87.0,37.658,0.047,478.4375,186.5,58.3000640869141,143.82439994812,4670,1219,0,319,52
446,26,11.1111111111111,90.0,87.0,37.658,0.047,479.625,187.5,58.3012847900391,143.730611801147,4635,1210,0,315,51
447,27,68.2552222222224,14.6508936231171,87.0,37.658,0.047,479.8125,187.875,58.30224609375,143.809656143188,4677,1216,0,314,64
448,27,20.6336666666665,48.4644836109274,87.0,37.658,0.047,480.125,187.875,58.3083839416504,143.796091079712,4698,1213,0,308,78
449,27,2.28133333333346,438.340151957896,87.0,37.658,0.047,478.1875,187.875,58.3059921264648,143.76100730896,4645,1213,0,308,62
450,28,12.248,81.6459830176355,87.0,37.658,0.047,478.4375,187.875,58.3083000183105,143.80157661438,4652,1213,0,308,63
451,28,9.58,104.384133611691,87.0,37.658,0.047,477.6875,187.875,58.3056182861328,143.795820236206,4653,1213,0,310,63
452,28,8.33333333333333,120.0,87.0,37.658,0.047,477.6875,187.875,58.3056182861328,143.777238845825,4656,1212,0,309,64
453,28,8.33333333333333,120.0,87.0,37.658,0.047,477.4375,187.875,58.305347442627,143.732633590698,4638,1208,0,308,63
454,28,8.33333333333333,120.0,87.0,37.658,0.047,479.875,187.875,58.3080062866211,143.932977676392,4750,1221,0,312,83
455,28,8.33333333333333,120.0,87.0,37.658,0.047,479.6875,187.875,58.3069763183594,143.931657791138,4733,1221,0,312,82
456,28,9.11633333333333,109.69322461516,87.0,37.658,0.047,479.9375,187.875,58.3072471618652,143.937257766724,4732,1221,0,313,82
457,28,9.759,102.469515319193,87.0,37.658,0.047,479.9375,187.875,58.3072471618652,143.919214248657,4731,1219,0,311,82
458,28,9.749,102.57462303826,87.0,37.658,0.047,479.9375,187.875,58.3072471618652,143.918302536011,4719,1219,0,312,74
459,28,9.633,103.809820409011,87.0,37.658,0.047,480.1875,187.875,58.3073959350586,143.957208633423,4740,1224,0,317,77
460,28,9.616,103.993344425957,87.0,37.658,0.047,480.1875,187.875,58.3073959350586,143.961767196655,4738,1224,0,317,76
461,29,12.304,81.2743823146944,87.0,37.658,0.047,482.375,187.875,58.3098831176758,144.00945854187,4803,1235,0,318,86
462,29,10.0,100.0,87.0,37.658,0.047,481.1875,187.875,58.306022644043,144.002054214478,4800,1234,0,317,85
463,29,14.253,70.1606679295587,87.0,37.658,0.047,483.4375,189.5,58.3073234558105,144.037858963013,4824,1243,0,323,87
464,29,10.6060606060606,94.2857142857143,87.0,37.658,0.047,482.9375,189.5,58.3049125671387,144.023065567017,4811,1241,0,326,85
465,29,10.6060606060606,94.2857142857143,87.0,37.658,0.047,482.6875,189.5,58.3047637939453,143.972490310669,4778,1237,0,324,80
466,29,10.6060606060606,94.2857142857143,87.0,37.658,0.047,482.375,189.5,58.3054046630859,143.967451095581,4781,1235,0,321,81
467,29,28.3918181818182,35.221414620089,87.0,37.658,0.047,482.1875,189.5,58.3043746948242,143.930891036987,4752,1232,0,318,74
468,30,17.886,55.909650005591,87.0,37.658,0.047,484.5625,191.125,58.3069801330566,144.101606369019,4824,1244,0,326,82
469,30,16.6666666666667,60.0,87.0,37.658,0.047,486.125,191.5,58.310962677002,144.081773757935,4803,1240,0,332,78
470,30,16.6666666666667,60.0,87.0,37.658,0.047,485.4375,191.5,58.3095893859863,144.093492507935,4804,1242,0,332,78
471,30,16.6666666666667,60.0,87.0,37.658,0.047,485.6875,191.5,58.3097839355469,144.043661117554,4800,1238,0,333,79
472,30,12.8356666666667,77.9079128470148,87.0,37.658,0.047,484.1875,190.5,58.3052291870117,144.063035964966,4818,1238,0,336,82
473,30,9.898,101.030511214387,87.0,37.658,0.047,483.75,190.5,58.3049583435059,144.044130325317,4794,1237,0,338,75
474,30,10.239,97.6657876745776,87.0,37.658,0.047,483.5625,190.5,58.3039283752441,144.021444320679,4783,1235,0,334,70
475,31,12.5,80.0,87.0,37.658,0.047,483.8125,190.5,58.30419921875,144.088834762573,4803,1238,0,338,72
476,31,11.354,88.07468733486,87.0,37.658,0.047,483.5625,190.5,58.3040046691895,144.052736282349,4787,1235,0,337,70
477,31,11.129,89.8553329140084,87.0,37.658,0.047,483.0625,190.5,58.3015937805176,144.008558273315,4779,1231,0,341,73
478,31,10.587,94.4554642486068,87.0,37.658,0.047,483.5,190.5,58.3048400878906,144.019372940063,4785,1228,0,338,76
479,31,10.09,99.1080277502478,87.0,37.658,0.047,483.3125,190.5,58.3038101196289,143.983903884888,4754,1226,0,336,66
480,31,9.941,100.593501659793,87.0,37.658,0.047,483.0625,190.5,58.303539276123,143.921689987183,4724,1221,0,332,60
481,31,9.919,100.816614578082,87.0,37.658,0.047,482.3125,190.5,58.3009338378906,143.9329662323,4726,1222,0,333,59
482,31,10.956,91.2741876597298,87.0,37.658,0.047,482.8125,190.5,58.3013534545898,143.974157333374,4752,1227,0,340,63
483,31,10.013,99.8701687805852,87.0,37.658,0.047,482.8125,190.5,58.3013534545898,143.980073928833,4760,1227,0,340,66
484,31,10.6060606060606,94.2857142857143,87.0,37.658,0.047,483.0,190.5,58.3023834228516,143.941152572632,4748,1224,0,335,69
485,32,10.6060606060606,94.2857142857143,87.0,37.658,0.047,483.3125,190.5,58.3037643432617,144.002145767212,4768,1224,0,334,74
486,32,10.6060606060606,94.2857142857143,87.0,37.658,0.047,485.1875,190.5,58.3042488098145,144.201333999634,4891,1245,0,342,93
487,32,10.6060606060606,94.2857142857143,87.0,37.658,0.047,483.9375,189.5,58.3039779663086,144.167097091675,4876,1244,0,340,90
488,32,10.6060606060606,94.2857142857143,87.0,37.658,0.047,484.9375,189.5,58.308723449707,144.286283493042,4918,1253,0,345,96
489,32,11.1111111111111,90.0,87.0,37.658,0.047,487.0625,191.375,58.3089179992676,144.268320083618,4918,1249,0,343,99
490,32,11.1111111111111,90.0,87.0,37.658,0.047,487.125,189.75,58.3113975524902,144.4310131073,4994,1257,0,358,113
491,32,11.1111111111111,90.0,87.0,37.658,0.047,486.9375,189.75,58.3103675842285,144.423212051392,4977,1257,0,356,106
492,32,11.1111111111111,90.0,87.0,37.658,0.047,487.1875,189.75,58.3105163574219,144.456274032593,4991,1262,0,359,108
493,32,11.1111111111111,90.0,87.0,37.658,0.047,487.1875,189.75,58.3105163574219,144.421262741089,4965,1256,0,353,104
494,33,11.1111111111111,90.0,87.0,37.658,0.047,487.75,189.75,58.3195304870605,144.478113174438,4952,1246,0,349,105
495,33,11.1111111111111,90.0,87.0,37.658,0.047,487.625,189.75,58.3199234008789,144.465250015259,4942,1246,0,350,102
496,33,11.1111111111111,90.0,87.0,37.658,0.047,487.9375,189.75,58.3191146850586,144.479845046997,4957,1246,0,352,108
497,33,11.1111111111111,90.0,87.0,37.658,0.047,487.4375,189.75,58.3167037963867,144.44903755188,4941,1243,0,351,108
498,33,11.1111111111111,90.0,87.0,37.658,0.047,487.1875,189.75,58.3165092468262,144.433393478394,4926,1241,0,349,101
499,33,10.9862525252525,91.0228485738373,87.0,37.658,0.047,487.1875,189.75,58.3165092468262,144.37407875061,4883,1235,0,346,98
500,33,11.065,90.3750564844103,87.0,37.658,0.047,486.875,189.75,58.3171501159668,144.325025558472,4869,1231,0,345,96
501,33,10.6060606060606,94.2857142857143,87.0,37.658,0.047,486.1875,189.75,58.3137092590332,144.318395614624,4858,1231,0,344,93
502,33,10.6060606060606,94.2857142857143,87.0,37.658,0.047,486.1875,189.75,58.3137092590332,144.299615859985,4852,1230,0,341,92
503,34,11.1111111111111,90.0,87.0,37.658,0.047,488.3125,189.375,58.3175392150879,144.532163619995,4964,1248,0,346,107
504,34,11.1111111111111,90.0,87.0,37.658,0.047,488.3125,189.375,58.3175392150879,144.470235824585,4945,1242,0,346,108
505,34,11.1111111111111,90.0,87.0,37.658,0.047,488.0625,189.375,58.3194122314453,144.511018753052,4964,1245,0,347,111
506,34,11.1111111111111,90.0,87.0,37.658,0.047,488.25,189.375,58.320442199707,144.476552963257,4949,1242,0,346,109
507,34,10.6060606060606,94.2857142857143,87.0,37.658,0.047,487.5625,189.375,58.3170013427734,144.477216720581,4944,1242,0,348,106
508,34,10.6060606060606,94.2857142857143,87.0,37.658,0.047,487.5625,189.375,58.3170013427734,144.476152420044,4940,1242,0,347,104
509,34,10.6060606060606,94.2857142857143,87.0,37.658,0.047,487.8125,189.375,58.3171501159668,144.384195327759,4934,1239,0,338,105
510,34,31.7492525252525,31.4968045060156,87.0,37.658,0.047,486.3125,189.375,58.3156089782715,144.175630569458,4837,1224,0,329,97
511,35,16.6666666666667,60.0,87.0,37.658,0.047,485.0,189.375,58.3176002502441,144.256650924683,4859,1230,0,333,99
512,35,14.5686666666667,68.6404612638997,87.0,37.658,0.047,485.3125,189.375,58.3170356750488,144.29433631897,4874,1233,0,332,100
513,35,10.448,95.7120980091884,87.0,37.658,0.047,485.3125,189.375,58.3170356750488,144.203958511353,4820,1226,0,327,88
514,35,10.959,91.2492015694863,87.0,37.658,0.047,484.5625,189.375,58.3123626708984,144.215932846069,4826,1229,0,331,88
515,35,10.339,96.7211529161428,87.0,37.658,0.047,484.3125,189.375,58.3121681213379,144.211893081665,4817,1229,0,332,84
516,35,10.262,97.4468914441629,87.0,37.658,0.047,484.5,189.375,58.3131980895996,144.181066513062,4801,1226,0,331,84
517,35,10.669,93.7294966726029,87.0,37.658,0.047,484.0625,189.375,58.3119735717773,144.085237503052,4769,1217,0,324,83
518,35,10.009,99.9100809271656,82.0,73.449,0.045,483.0625,189.375,58.3071517944336,144.066205978394,4745,1216,0,321,76
519,36,11.1111111111111,90.0,82.0,73.449,0.045,490.375,189.375,58.3309059143066,145.620220184326,5145,1260,0,371,151
520,36,11.3452222222222,88.1428305600987,82.0,73.449,0.045,490.3125,189.375,58.3304176330566,144.574084281921,5088,1227,0,367,151
521,36,11.1111111111111,90.0,82.0,73.449,0.045,486.1875,189.0,57.0866203308105,144.527548789978,5064,1224,0,365,147
522,36,11.1111111111111,90.0,82.0,73.449,0.045,486.625,189.0,57.0898666381836,144.566874504089,5076,1227,0,367,148
523,36,11.1947777777778,89.3273649419868,82.0,73.449,0.045,486.4375,189.0,57.0888366699219,144.549426078796,5060,1224,0,367,143
524,36,11.1111111111111,90.0,82.0,73.449,0.045,486.4375,189.0,57.0888366699219,144.551062583923,5061,1224,0,366,142
525,36,40.2958888888889,24.8164273719679,82.0,73.449,0.045,487.1875,189.0,57.0893745422363,144.625407218933,5105,1231,0,369,149
526,37,16.6666666666667,60.0,82.0,73.449,0.045,488.375,189.0,57.1000900268555,144.549029350281,5084,1206,0,367,150
527,37,16.6666666666667,60.0,82.0,73.449,0.045,487.5625,189.0,57.096508026123,144.693034172058,5126,1213,0,377,154
528,37,16.6666666666667,60.0,82.0,73.449,0.045,486.9375,189.0,57.0907325744629,144.68869304657,5120,1213,0,377,151
529,37,16.6666666666667,60.0,82.0,73.449,0.045,486.9375,189.0,57.0907325744629,144.66240978241,5109,1207,0,371,149
530,37,12.294,81.3404912965674,82.0,73.449,0.045,487.125,189.0,57.0917625427246,144.565424919128,5050,1200,0,365,141
531,37,11.998,83.3472245374229,82.0,73.449,0.045,485.6875,189.0,57.0898818969727,144.510977745056,5023,1195,0,363,137
532,38,15.23,65.6598818122127,82.0,73.449,0.045,487.0625,190.0,57.0910339355469,144.663683891296,5091,1213,0,373,144
533,38,11.086,90.203860725239,82.0,73.449,0.045,487.0625,190.0,57.0910797119141,144.59799861908,5065,1206,0,371,143
534,38,10.858,92.0979922637687,82.0,73.449,0.045,486.8125,190.0,57.0908088684082,144.637793540955,5078,1209,0,374,144
535,38,12.298,81.3140348024069,82.0,73.449,0.045,489.0,190.0,57.0932731628418,144.778948783875,5166,1219,0,373,160
536,38,10.928,91.5080527086384,82.0,73.449,0.045,488.8125,190.0,57.0922431945801,144.746886253357,5138,1216,0,373,159
537,38,11.482,87.0928409684724,82.0,73.449,0.045,488.8125,190.0,57.0922431945801,144.775874137878,5158,1219,0,375,162
538,38,11.109,90.0171032496174,82.0,73.449,0.045,488.8125,190.0,57.0922431945801,144.788382530212,5158,1219,0,374,160
539,38,13.3333333333333,75.0,82.0,73.449,0.045,490.0625,191.0,57.0925140380859,144.77043056488,5154,1219,0,375,156
540,39,13.3346666666665,74.9925007499258,82.0,73.449,0.045,493.375,191.0,57.1044502258301,144.925822257996,5281,1231,0,379,179
541,39,12.5,80.0,82.0,73.449,0.045,492.875,191.0,57.0996551513672,144.925246238709,5273,1231,0,381,175
542,39,12.5,80.0,82.0,73.449,0.045,494.125,191.0,57.1025581359863,143.844785690308,5252,1202,0,381,183
543,39,11.4140000000001,87.6117049237767,82.0,73.449,0.045,489.5625,190.625,55.7566528320313,143.824605941772,5238,1202,0,380,178
544,39,11.349,88.1134901753458,82.0,73.449,0.045,489.5625,190.625,55.7566528320313,143.790807723999,5217,1199,0,381,174
545,39,11.164,89.5736295234683,82.0,73.449,0.045,489.5,190.625,55.7554206848145,143.835237503052,5235,1205,0,387,174
546,39,11.009,90.8347715505495,82.0,73.449,0.045,489.5625,190.625,55.7546615600586,143.7845287323,5203,1199,0,385,170
547,39,16.5403333333333,60.4582737147579,82.0,73.449,0.045,489.0625,190.625,55.7542724609375,143.772401809692,5198,1198,0,385,170
548,40,15.613,64.0491897777493,82.0,73.449,0.045,489.625,190.625,55.7633323669434,142.509533882141,5147,1160,0,384,175
549,40,12.5,80.0,82.0,73.449,0.045,485.0,190.25,54.1559448242188,142.463135719299,5119,1158,0,384,168
550,40,12.5,80.0,82.0,73.449,0.045,484.9375,190.25,54.1567802429199,142.443898200989,5110,1154,0,381,166
551,40,12.5,80.0,82.0,73.449,0.045,484.625,190.25,54.1523857116699,142.462544441223,5110,1156,0,383,162
552,40,12.5,80.0,82.0,73.449,0.045,484.875,190.25,54.1526565551758,142.473858833313,5106,1156,0,388,160
553,40,12.5,80.0,82.0,73.449,0.045,484.875,190.25,54.1526565551758,142.431820869446,5086,1154,0,387,156
554,40,12.5,80.0,82.0,73.449,0.045,484.875,190.25,54.1526565551758,142.453103065491,5102,1155,0,386,160
555,40,12.5,80.0,82.0,73.449,0.045,484.8125,190.25,54.153491973877,142.371792793274,5059,1146,0,382,151
556,41,12.962962962963,77.1428571428571,82.0,73.449,0.045,484.0,190.25,54.1512069702148,142.252083778381,5008,1135,0,377,152
557,41,14.1143703703702,70.8497774792182,82.0,73.449,0.045,483.625,191.875,54.1451835632324,142.402375221252,5082,1159,0,393,158
558,41,12.962962962963,77.1428571428571,82.0,73.449,0.045,483.875,191.875,54.1454544067383,142.349087715149,5055,1153,0,390,157
559,41,12.962962962963,77.1428571428571,82.0,73.449,0.045,485.625,191.875,54.1446723937988,142.498204231262,5138,1163,0,387,172
560,41,12.962962962963,77.1428571428571,82.0,73.449,0.045,485.8125,191.875,54.1457023620605,142.480851173401,5112,1162,0,385,165
561,41,12.5,80.0,82.0,73.449,0.045,485.625,191.875,54.1446723937988,142.460385322571,5089,1162,0,387,157
562,41,12.5,80.0,82.0,73.449,0.045,485.875,191.875,54.1448669433594,142.478188514709,5101,1162,0,383,159
563,41,12.5,80.0,82.0,73.449,0.045,486.25,192.25,54.1448669433594,142.484467506409,5093,1160,0,381,156
564,42,12.962962962963,77.1428571428571,82.0,73.449,0.045,487.5,192.25,54.149959564209,142.583352088928,5121,1168,0,384,156
565,42,12.962962962963,77.1428571428571,82.0,73.449,0.045,487.4375,192.25,54.1486587524414,141.317916870117,5089,1149,0,387,158
566,42,12.5,80.0,82.0,73.449,0.045,484.4375,191.875,52.6453742980957,141.29532623291,5066,1145,0,389,159
567,42,12.5,80.0,82.0,73.449,0.045,482.6875,190.875,52.642692565918,141.295150756836,5065,1145,0,389,159
568,42,12.5,80.0,82.0,73.449,0.045,482.6875,190.875,52.642692565918,141.296325683594,5070,1146,0,384,159
569,42,12.5,80.0,82.0,73.449,0.045,482.6875,190.875,52.642692565918,141.284191131592,5045,1146,0,387,152
570,42,12.5,80.0,82.0,73.449,0.045,483.375,190.875,52.6440200805664,141.34232711792,5078,1155,0,394,155
571,42,12.5,80.0,82.0,73.449,0.045,483.0,190.875,52.6428718566895,141.334922790527,5072,1153,0,354,154
572,43,12.5,80.0,82.0,73.449,0.045,483.0,190.875,52.6428718566895,140.153876304626,5023,1120,0,352,157
573,43,12.1885185185187,82.0444255370862,82.0,73.449,0.045,478.3125,190.5,51.283634185791,140.087645530701,4934,1120,0,355,135
574,43,10.548,94.8047023132347,82.0,73.449,0.045,478.3125,190.5,51.283634185791,140.071459770203,4930,1119,0,354,134
575,43,10.915,91.6170407695831,82.0,73.449,0.045,478.25,190.5,51.2843933105469,140.081561088562,4931,1120,0,354,132
576,43,10.942,91.3909705721075,82.0,73.449,0.045,478.3125,190.5,51.283634185791,140.069495201111,4923,1115,0,351,130
577,43,11.161,89.5977062987187,82.0,73.449,0.045,478.3125,190.5,51.283634185791,139.89617061615,4882,1104,0,337,123
578,43,11.364,87.9971840901091,82.0,73.449,0.045,476.4375,190.5,51.2817077636719,139.840651512146,4831,1102,0,335,109
579,43,10.247,97.5895384014834,82.0,73.449,0.045,476.1875,190.5,51.2815132141113,139.834124565125,4831,1103,0,330,109
580,43,10.375,96.3855421686747,82.0,73.449,0.045,475.9375,190.5,51.2813186645508,139.789984703064,4803,1097,0,328,105
581,44,55.7779999999998,17.9282154254366,82.0,73.449,0.045,477.1875,190.5,51.293270111084,139.895674705505,4875,1096,0,326,118
582,44,41.5626666666668,24.0600538945206,82.0,73.449,0.045,476.75,189.5,51.290885925293,139.874384880066,4872,1094,0,327,121
583,45,42.413,23.5776766557423,82.0,73.449,0.045,473.8125,187.875,51.289005279541,139.634711265564,4772,1063,0,312,113
584,45,16.0243333333332,62.4050922555286,82.0,73.449,0.045,472.25,187.875,51.2888946533203,139.530524253845,4720,1055,0,305,108
585,45,7.80766666666682,128.07923835546,82.0,73.449,0.045,470.375,187.875,51.2825355529785,139.470076560974,4655,1050,0,299,92
586,45,10.563,94.6700747893591,82.0,73.449,0.045,470.375,187.875,51.2825355529785,139.396815299988,4612,1045,0,296,83
587,45,14.9626666666665,66.8330065941906,69.0,67.618,0.048,469.625,187.875,51.2798538208008,139.389979362488,4612,1045,0,295,83
588,45,11.1111111111111,90.0,69.0,67.618,0.048,469.4375,187.875,51.2797355651855,139.337321281433,4581,1041,0,292,77
589,46,11.1111111111111,90.0,69.0,67.618,0.048,469.375,187.875,51.2785491943359,139.361281394959,4590,1042,0,291,79
590,46,11.9047619047619,84.0,69.0,67.618,0.048,469.0,187.875,51.277400970459,139.36300945282,4589,1042,0,291,79
591,46,11.1111111111111,90.0,69.0,67.618,0.048,469.25,187.875,51.2776718139648,139.354331016541,4592,1042,0,291,80
592,46,11.1111111111111,90.0,69.0,67.618,0.048,468.625,187.5,51.277400970459,139.238844871521,4541,1021,0,291,77
593,46,11.6666666666667,85.7142857142857,69.0,67.618,0.048,465.9375,187.5,51.2756156921387,139.123274803162,4502,1015,0,283,75
594,46,11.1111111111111,90.0,69.0,67.618,0.048,464.125,187.5,51.2752113342285,139.087359428406,4494,1009,0,276,75
595,46,11.1111111111111,90.0,69.0,67.618,0.048,463.9375,187.5,51.2742958068848,139.106181144714,4497,1010,0,277,74
596,46,11.1111111111111,90.0,69.0,67.618,0.048,464.1875,187.5,51.2744903564453,139.115225791931,4494,1010,0,277,74
597,47,11.1111111111111,90.0,69.0,67.618,0.048,464.1875,187.5,51.2744903564453,139.11365032196,4487,1010,0,279,72
598,47,11.1111111111111,90.0,69.0,67.618,0.048,464.4375,187.5,51.2747611999512,139.109965324402,4484,1009,0,279,71
599,47,11.1111111111111,90.0,69.0,67.618,0.048,464.4375,187.5,51.2756729125977,138.148736953735,4424,979,0,276,69
600,47,11.1111111111111,90.0,69.0,67.618,0.048,460.1875,187.125,49.7405815124512,138.080198287964,4403,974,0,275,69
601,47,11.005015873016,90.8676563067909,69.0,67.618,0.048,459.6875,187.125,49.7401161193848,138.059316635132,4383,973,0,274,64
602,47,10.33,96.8054211035818,69.0,67.618,0.048,459.5,187.125,49.7399978637695,138.03932762146,4377,970,0,273,63
603,47,10.183,98.2028871648827,69.0,67.618,0.048,459.5,187.125,49.7399978637695,137.964693069458,4341,964,0,267,58
604,47,9.904,100.969305331179,69.0,67.618,0.048,458.5,187.125,49.7351760864258,137.950212478638,4334,963,0,266,56
605,47,10.6060606060606,94.2857142857143,69.0,67.618,0.048,458.5,187.125,49.7360877990723,137.96294593811,4335,964,0,266,54
606,47,10.3449393939394,96.6656218968138,69.0,67.618,0.048,458.5625,187.125,49.7353286743164,137.901006698608,4315,958,0,259,54
607,48,10.6060606060606,94.2857142857143,69.0,67.618,0.048,457.5625,187.125,49.7305068969727,137.871789932251,4297,955,0,258,51
608,48,9.90993939393939,100.90879068459,69.0,67.618,0.048,457.3125,187.125,49.7302360534668,137.869417190552,4292,955,0,258,50
609,48,10.211,97.9336010185094,69.0,67.618,0.048,457.3125,187.125,49.7302360534668,137.878499984741,4290,956,0,258,54
610,48,10.0,100.0,69.0,67.618,0.048,457.4375,187.125,49.7270660400391,137.864019393921,4284,954,0,258,54
611,48,10.0,100.0,69.0,67.618,0.048,457.375,187.125,49.7278251647949,137.857851028442,4272,954,0,258,50
612,48,9.699,103.103412722961,69.0,67.618,0.048,457.1875,187.125,49.7267951965332,137.858995437622,4272,954,0,258,50
613,48,9.829,101.739749720216,69.0,67.618,0.048,457.1875,187.125,49.7267951965332,137.839025497437,4263,952,0,255,50
614,48,10.0,100.0,69.0,67.618,0.048,456.9375,187.125,49.7266006469727,137.827722549438,4265,951,0,256,51
615,48,33.2403333333333,30.083934176352,69.0,67.618,0.048,456.75,187.125,49.7264823913574,137.827562332153,4269,951,0,258,53
616,49,16.6666666666667,60.0,69.0,67.618,0.048,459.8125,187.125,49.7304878234863,138.252584457397,4461,1001,0,273,86
617,49,16.6666666666667,60.0,69.0,67.618,0.048,459.375,187.125,49.7291870117188,138.24818611145,4453,1001,0,273,83
618,49,16.6666666666667,60.0,69.0,67.618,0.048,459.375,187.125,49.7291870117188,138.241136550903,4438,1002,0,271,77
619,49,11.8736666666667,84.2199825945369,69.0,67.618,0.048,459.375,187.125,49.7291870117188,138.228994369507,4433,999,0,265,76
620,49,9.892,101.091791346543,69.0,67.618,0.048,459.5625,187.125,49.7302169799805,138.213209152222,4404,999,0,265,62
621,49,9.748,102.585145670907,69.0,67.618,0.048,459.375,187.125,49.7291870117188,138.162046432495,4379,994,0,263,61
622,50,11.1111111111111,90.0,69.0,67.618,0.048,459.875,187.125,49.7315979003906,138.303266525269,4433,1005,0,267,68
623,50,32.9325555555556,30.3650895938838,69.0,67.618,0.048,459.875,187.125,49.7315979003906,138.310094833374,4440,1006,0,265,69
624,50,16.6666666666667,60.0,69.0,67.618,0.048,460.5625,187.125,49.7350387573242,138.295038223267,4421,1004,0,265,64
625,50,13.0876666666667,76.4078139724422,69.0,67.618,0.048,460.125,187.125,49.7337684631348,138.330274581909,4438,1009,0,269,65
626,50,10.416,96.0061443932412,69.0,67.618,0.048,460.875,187.125,49.7343063354492,138.371259689331,4424,1015,0,272,43
627,50,10.249,97.570494682408,69.0,67.618,0.048,460.875,187.125,49.7343063354492,138.378782272339,4430,1016,0,272,44
628,50,10.271,97.3615032616104,69.0,67.618,0.048,460.875,187.125,49.7343063354492,138.375928878784,4431,1016,0,273,44
629,51,13.64,73.3137829912023,69.0,67.618,0.048,461.3125,187.375,49.7353363037109,138.643388748169,4404,1004,0,271,49
630,51,10.677,93.6592675845275,69.0,67.618,0.048,458.875,187.375,49.7326774597168,138.612501144409,4392,1001,0,267,45
631,51,10.052,99.4826900119379,69.0,67.618,0.048,458.875,187.375,49.7326774597168,138.600904464722,4377,1000,0,264,39
632,51,9.785,102.197240674502,69.0,67.618,0.048,458.875,187.375,49.7326774597168,138.581117630005,4365,999,0,263,37
633,51,9.79,102.145045965271,69.0,67.618,0.048,458.625,187.375,49.7324829101563,138.580877304077,4363,999,0,264,36
634,51,10.05,99.5024875621891,69.0,67.618,0.048,458.625,187.375,49.7324829101563,138.582239151001,4363,999,0,264,36
635,51,9.952,100.48231511254,69.0,67.618,0.048,458.8125,187.375,49.733512878418,138.574647903442,4353,998,0,263,31
636,51,9.939,100.613743837408,69.0,67.618,0.048,458.625,187.375,49.7324829101563,138.555944442749,4342,996,0,262,30
637,51,9.637,103.766732385597,69.0,67.618,0.048,458.375,187.375,49.7323341369629,138.560110092163,4344,997,0,260,28
638,52,10.6060606060606,94.2857142857143,69.0,67.618,0.048,458.375,187.375,49.7323341369629,138.615522384644,4369,1000,0,261,33
639,52,10.6060606060606,94.2857142857143,69.0,67.618,0.048,458.375,187.375,49.7323341369629,138.567205429077,4358,992,0,258,35
640,52,10.6895454545453,93.5493472806918,69.0,67.618,0.048,458.25,187.375,49.7314147949219,138.646577835083,4399,1004,0,265,40
641,52,10.6060606060606,94.2857142857143,69.0,67.618,0.048,458.4375,187.375,49.7324447631836,138.644205093384,4398,1003,0,264,40
642,52,9.72927272727288,102.782605445608,69.0,67.618,0.048,458.25,187.375,49.7314147949219,138.640436172485,4389,1003,0,262,37
643,52,10.182,98.2125319190729,69.0,67.618,0.048,458.25,187.375,49.7314147949219,138.642461776733,4392,1003,0,262,39
644,52,10.332,96.7866821525358,69.0,67.618,0.048,458.25,187.375,49.7314147949219,138.568483352661,4359,998,0,257,39
645,52,10.4166666666667,96.0,69.0,67.618,0.048,458.75,187.375,49.7322845458984,138.525751113892,4394,994,0,261,70
646,52,10.4166666666667,96.0,69.0,67.618,0.048,455.125,187.375,49.7218284606934,138.502954483032,4390,990,0,257,70
647,52,10.4166666666667,96.0,69.0,67.618,0.048,455.3125,187.375,49.7228584289551,138.487588882446,4372,988,0,255,66
648,53,11.2339999999999,89.0154886950341,69.0,67.618,0.048,455.625,187.375,49.7242393493652,138.554822921753,4394,992,0,257,68
649,53,10.4166666666667,96.0,69.0,67.618,0.048,455.625,187.375,49.7242393493652,138.528554916382,4396,990,0,255,70
650,53,10.4166666666667,96.0,69.0,67.618,0.048,455.125,187.375,49.7218284606934,138.527326583862,4394,990,0,256,69
651,53,10.4166666666667,96.0,69.0,67.618,0.048,456.375,187.375,49.7247314453125,138.61957359314,4432,996,0,261,76
652,53,10.4166666666667,96.0,69.0,67.618,0.048,456.375,187.375,49.7247314453125,138.560415267944,4405,991,0,261,77
653,53,10.4166666666667,96.0,69.0,67.618,0.048,456.0625,187.375,49.7233505249023,138.560041427612,4405,991,0,261,77
654,53,10.4166666666667,96.0,69.0,67.618,0.048,455.875,187.375,49.7223205566406,138.55571937561,4397,991,0,258,71
655,53,10.4166666666667,96.0,69.0,67.618,0.048,456.125,187.375,49.722469329834,138.586347579956,4420,996,0,267,75
656,53,10.4166666666667,96.0,69.0,67.618,0.048,456.125,187.375,49.722469329834,138.564558029175,4409,994,0,266,74
657,53,10.4166666666667,96.0,69.0,67.618,0.048,455.875,187.375,49.7222747802734,138.563108444214,4412,994,0,266,74
658,54,10.4166666666667,96.0,69.0,67.618,0.048,456.375,187.375,49.7246856689453,138.512449264526,4395,989,0,262,79
659,54,10.4166666666667,96.0,69.0,67.618,0.048,454.8125,187.375,49.7243614196777,138.559946060181,4429,999,0,269,83
660,54,10.4166666666667,96.0,69.0,67.618,0.048,454.625,187.375,49.723331451416,138.528352737427,4411,995,0,269,82
661,54,10.4166666666667,96.0,69.0,67.618,0.048,454.875,187.375,49.7255477905273,138.568040847778,4423,998,0,271,82
662,54,10.4166666666667,96.0,69.0,67.618,0.048,454.875,187.375,49.7255477905273,138.56199836731,4421,996,0,269,82
663,54,10.4166666666667,96.0,69.0,67.618,0.048,454.875,187.375,49.7255477905273,138.539026260376,4409,994,0,267,80
664,54,10.4166666666667,96.0,69.0,67.618,0.048,454.625,187.375,49.7253532409668,138.511270523071,4397,991,0,266,78
665,54,10.4166666666667,96.0,69.0,67.618,0.048,454.8125,187.375,49.7263374328613,138.411794662476,4386,988,0,263,78
666,54,10.4166666666667,96.0,69.0,67.618,0.048,453.125,187.375,49.7237663269043,138.384176254272,4358,986,0,261,69
667,55,10.4166666666667,96.0,69.0,67.618,0.048,453.125,187.375,49.7237663269043,138.361009597778,4356,984,0,266,70
668,55,35.4166666666667,28.2352941176471,69.0,67.618,0.048,453.125,187.375,49.7237663269043,138.354501724243,4358,984,0,265,71
669,55,16.6666666666667,60.0,69.0,67.618,0.048,453.5625,187.375,49.7251129150391,138.153936386108,4242,969,0,258,44
670,55,13.5090000000002,74.0247242579013,69.0,67.618,0.048,450.875,187.375,49.7221374511719,138.126623153687,4234,965,0,254,43
671,55,10.423,95.9416674661806,69.0,67.618,0.048,450.875,187.375,49.7221374511719,138.109125137329,4215,964,0,255,36
672,55,10.357,96.5530559042194,85.0,49.347,0.045,450.875,187.375,49.7221374511719,138.024873733521,4170,946,0,255,35
673,56,12.846,77.8452436556126,85.0,49.347,0.045,452.125,187.375,49.7271537780762,138.180444717407,4232,958,0,260,43
674,56,10.311,96.9838037047813,85.0,49.347,0.045,452.3125,187.375,49.7281837463379,138.159132003784,4224,956,0,261,43
675,56,9.738,102.690490860546,85.0,49.347,0.045,451.875,187.375,49.7270050048828,138.167821884155,4230,955,0,259,44
676,56,10.743,93.0838685655776,85.0,49.347,0.045,453.125,187.375,49.7320976257324,138.239061355591,4253,961,0,264,46
677,56,10.704,93.423019431988,85.0,49.347,0.045,453.125,187.375,49.7320976257324,138.218820571899,4255,960,0,262,48
678,56,10.469,95.5201069825198,85.0,49.347,0.045,452.625,187.375,49.7296867370605,138.237707138062,4271,963,0,264,49
679,56,10.102,98.9902989507028,85.0,49.347,0.045,452.625,187.375,49.7296867370605,138.208078384399,4256,957,0,262,45
680,56,10.442,95.7670944263551,85.0,49.347,0.045,453.3125,187.375,49.7311744689941,138.249284744263,4285,961,0,266,53
681,56,9.955,100.452034153692,85.0,49.347,0.045,452.625,187.375,49.7277336120605,138.244524002075,4278,961,0,266,50
682,56,9.966,100.341159943809,85.0,49.347,0.045,452.625,187.375,49.7277336120605,138.237977981567,4272,960,0,264,45
683,57,10.0,100.0,85.0,49.347,0.045,452.625,187.375,49.7277336120605,138.246091842651,4272,961,0,267,43
684,57,10.0,100.0,85.0,49.347,0.045,452.875,187.375,49.7280044555664,138.24998664856,4272,961,0,268,42
685,57,9.913,100.877635428226,85.0,49.347,0.045,452.875,187.375,49.7280044555664,138.251348495483,4272,961,0,268,42
686,57,10.0,100.0,85.0,49.347,0.045,453.0625,187.375,49.7290344238281,138.231580734253,4269,960,0,269,42
687,57,10.0,100.0,85.0,49.347,0.045,452.625,187.375,49.7277336120605,138.207590103149,4264,954,0,262,42
688,57,10.0,100.0,85.0,49.347,0.045,452.625,187.375,49.7277336120605,138.154695510864,4225,950,0,260,34
689,57,10.0,100.0,85.0,49.347,0.045,452.125,187.375,49.7253227233887,138.169393539429,4236,953,0,253,33
690,57,10.0,100.0,85.0,49.347,0.045,452.125,187.375,49.7253227233887,138.124757766724,4208,946,0,251,28
691,57,9.935,100.654252642174,85.0,49.347,0.045,451.875,187.375,49.7252426147461,138.059717178345,4181,941,0,246,29
692,57,10.0,100.0,85.0,49.347,0.045,451.0625,187.375,49.7256927490234,138.018182754517,4166,937,0,245,28
693,58,10.0,100.0,85.0,49.347,0.045,450.625,187.375,49.7224464416504,138.037927627563,4182,937,0,246,33
694,58,10.0,100.0,85.0,49.347,0.045,450.375,187.375,49.722297668457,138.019044876099,4174,936,0,245,32
695,58,10.0,100.0,85.0,49.347,0.045,450.125,187.375,49.7220268249512,138.024820327759,4167,937,0,245,35
696,58,10.0,100.0,85.0,49.347,0.045,450.375,187.375,49.7222213745117,138.012266159058,4163,935,0,245,35
697,58,10.0,100.0,85.0,49.347,0.045,450.125,187.375,49.7219505310059,138.01263999939,4163,935,0,245,35
698,58,10.0,100.0,85.0,49.347,0.045,450.3125,187.375,49.7229804992676,138.00982093811,4162,934,0,244,35
699,58,10.0,100.0,85.0,49.347,0.045,450.125,187.375,49.7219505310059,137.996389389038,4155,931,0,241,34
700,58,10.0,100.0,85.0,49.347,0.045,450.125,187.375,49.7219505310059,137.990587234497,4151,931,0,239,34
701,58,10.0,100.0,85.0,49.347,0.045,450.375,187.375,49.7221450805664,138.010080337524,4151,933,0,240,32
702,58,10.0,100.0,85.0,49.347,0.045,450.375,187.375,49.7221450805664,137.98582649231,4141,931,0,231,32
703,59,10.0,100.0,85.0,49.347,0.045,450.125,187.375,49.7218742370605,137.992280960083,4139,931,0,229,31
704,59,10.0,100.0,85.0,49.347,0.045,450.3125,187.375,49.7229042053223,137.984758377075,4123,931,0,229,27
705,59,10.0,100.0,85.0,49.347,0.045,450.125,187.375,49.7218742370605,137.984544754028,4123,931,0,229,26
706,59,10.0,100.0,85.0,49.347,0.045,450.125,187.375,49.7218742370605,137.917440414429,4101,925,0,225,25
707,59,10.0,100.0,85.0,49.347,0.045,451.125,187.375,49.7184867858887,138.041738510132,4172,933,0,226,41
708,59,10.0,100.0,85.0,49.347,0.045,451.125,187.375,49.7184867858887,138.039133071899,4165,933,0,226,38
709,59,10.0,100.0,85.0,49.347,0.045,451.125,187.375,49.7184867858887,138.037427902222,4160,933,0,226,35
710,59,10.0,100.0,85.0,49.347,0.045,451.3125,187.375,49.7195167541504,137.919645309448,4124,923,0,223,35
711,59,10.0,100.0,85.0,49.347,0.045,449.875,187.375,49.7134704589844,137.914781570435,4122,923,0,223,34
712,59,10.0,100.0,85.0,49.347,0.045,449.875,187.375,49.7134704589844,137.906320571899,4106,920,0,218,34
713,60,10.0,100.0,85.0,49.347,0.045,449.625,187.375,49.7132759094238,137.901651382446,4097,920,0,218,31
714,60,12.8433333333333,77.8614066960809,85.0,49.347,0.045,449.625,187.375,49.7132759094238,137.903921127319,4099,920,0,218,31
715,60,12.26,81.5660685154976,85.0,49.347,0.045,452.5,187.375,49.716251373291,138.299356460571,4292,970,0,235,63
716,60,11.1111111111111,90.0,85.0,49.347,0.045,452.4375,187.375,49.7170867919922,138.277986526489,4283,968,0,234,63
717,60,11.1111111111111,90.0,85.0,49.347,0.045,452.0,187.375,49.7158622741699,138.283483505249,4283,968,0,236,63
718,60,11.1111111111111,90.0,85.0,49.347,0.045,452.0,187.375,49.7158622741699,138.291429519653,4289,969,0,234,64
719,60,11.1111111111111,90.0,85.0,49.347,0.045,452.0,187.375,49.7158622741699,138.280920028687,4276,968,0,233,62
720,60,11.1111111111111,90.0,85.0,49.347,0.045,452.0,187.375,49.7158622741699,138.270639419556,4276,966,0,233,62
721,60,11.1111111111111,90.0,85.0,49.347,0.045,452.1875,187.375,49.7168922424316,138.264490127563,4269,965,0,232,60
722,61,19.7383333333333,50.6628388077345,85.0,49.347,0.045,457.25,192.125,49.716251373291,138.367517471313,4300,970,0,234,66
723,61,11.9047619047619,84.0,85.0,49.347,0.045,457.0,192.125,49.7160568237305,138.366201400757,4298,970,0,235,65
724,61,10.5072380952379,95.1724888059039,85.0,49.347,0.045,457.0,192.125,49.7160568237305,138.367563247681,4298,970,0,235,65
725,61,11.9047619047619,84.0,85.0,49.347,0.045,457.0,192.125,49.7160568237305,138.364973068237,4297,969,0,234,65
726,61,11.9047619047619,84.0,85.0,49.347,0.045,457.1875,192.125,49.7170867919922,138.373083114624,4299,970,0,235,65
727,61,9.52380952380953,105.0,85.0,49.347,0.045,457.0,192.125,49.7160568237305,138.372827529907,4296,970,0,236,63
728,61,11.9047619047619,84.0,85.0,49.347,0.045,457.25,192.125,49.716251373291,138.376100540161,4297,970,0,236,65
729,61,11.9047619047619,84.0,85.0,49.347,0.045,457.0,192.125,49.7160568237305,138.365251541138,4286,969,0,233,55
730,62,11.9047619047619,84.0,85.0,49.347,0.045,462.5625,196.125,49.7192344665527,138.549856185913,4370,988,0,239,61
731,62,11.9047619047619,84.0,85.0,49.347,0.045,462.75,196.125,49.7202644348145,138.545778274536,4366,988,0,240,57
732,62,11.9047619047619,84.0,85.0,49.347,0.045,463.0625,196.125,49.7216453552246,138.584104537964,4376,991,0,240,56
733,62,11.9047619047619,84.0,85.0,49.347,0.045,463.0625,196.125,49.7216453552246,138.561910629272,4364,989,0,239,55
734,62,11.9047619047619,84.0,85.0,49.347,0.045,462.8125,196.125,49.7214508056641,138.564477920532,4369,989,0,238,56
735,62,11.6666666666667,85.7142857142857,85.0,49.347,0.045,463.3125,196.125,49.721794128418,138.620824813843,4394,995,0,244,60
736,62,11.6666666666667,85.7142857142857,85.0,49.347,0.045,463.5,196.125,49.7228240966797,138.619276046753,4385,995,0,246,55
737,62,10.0,100.0,85.0,49.347,0.045,463.5625,196.125,49.7219886779785,138.643056869507,4393,997,0,247,56
738,62,11.6666666666667,85.7142857142857,85.0,49.347,0.045,463.5625,196.125,49.7219886779785,138.666845321655,4419,1000,0,247,60
739,63,11.6666666666667,85.7142857142857,85.0,49.347,0.045,464.0,196.125,49.729118347168,138.624029159546,4412,984,0,243,64
740,63,11.6666666666667,85.7142857142857,85.0,49.347,0.045,463.3125,196.125,49.7243232727051,138.613451004028,4423,981,0,244,68
741,63,11.6666666666667,85.7142857142857,85.0,49.347,0.045,463.5,196.125,49.7253532409668,138.605615615845,4414,980,0,243,65
742,63,11.6666666666667,85.7142857142857,85.0,49.347,0.045,463.3125,196.125,49.7243232727051,138.603242874146,4410,979,0,243,64
743,63,11.6666666666667,85.7142857142857,85.0,49.347,0.045,463.3125,196.125,49.7243232727051,138.602331161499,4406,979,0,243,63
744,63,11.6666666666667,85.7142857142857,85.0,49.347,0.045,463.3125,196.125,49.7243232727051,138.596410751343,4402,979,0,243,60
745,63,10.5700000000002,94.6073793755898,85.0,49.347,0.045,463.3125,196.125,49.7243232727051,138.61163520813,4448,976,0,240,79
746,63,10.36,96.5250965250965,85.0,49.347,0.045,463.5,196.125,49.7253532409668,138.583208084106,4426,973,0,238,75
747,64,11.6666666666667,85.7142857142857,85.0,49.347,0.045,463.5625,196.125,49.7310981750488,138.602262496948,4443,964,0,244,82
748,64,11.6666666666667,85.7142857142857,85.0,49.347,0.045,463.4375,196.125,49.7277336120605,138.604524612427,4447,964,0,244,83
749,64,11.6666666666667,85.7142857142857,85.0,49.347,0.045,463.4375,196.125,49.7277336120605,138.604635238647,4449,964,0,244,83
750,64,11.1111111111111,90.0,85.0,49.347,0.045,463.4375,196.125,49.7277336120605,138.605997085571,4449,964,0,244,83
751,64,11.0788888888889,90.261759101394,85.0,49.347,0.045,463.625,196.125,49.7287635803223,138.593057632446,4430,963,0,244,82
752,64,10.425,95.9232613908873,85.0,49.347,0.045,463.4375,196.125,49.7277336120605,138.583658218384,4430,963,0,244,82
753,64,10.94,91.4076782449726,85.0,49.347,0.045,463.4375,196.125,49.7277336120605,138.593587875366,4427,963,0,244,80
754,64,11.1111111111111,90.0,85.0,49.347,0.045,463.4375,196.125,49.7277336120605,138.573514938354,4427,961,0,245,83
755,64,10.5678888888889,94.6262787690172,85.0,49.347,0.045,463.1875,196.125,49.7275390625,138.570753097534,4422,961,0,245,80
756,65,11.1111111111111,90.0,85.0,49.347,0.045,464.9375,196.125,49.7411460876465,138.638071060181,4452,964,0,250,91
757,65,11.1111111111111,90.0,85.0,49.347,0.045,464.875,196.125,49.7375068664551,138.727434158325,4492,977,0,257,94
758,65,22.6441111111111,44.1615921726031,85.0,49.347,0.045,464.6875,196.125,49.7364768981934,138.681951522827,4475,973,0,255,92
759,65,11.6666666666667,85.7142857142857,85.0,49.347,0.045,464.1875,196.125,49.7340660095215,138.653993606567,4462,970,0,254,92
760,65,12.5,80.0,85.0,49.347,0.045,463.9375,196.125,49.7338714599609,138.655435562134,4462,970,0,255,92
761,65,11.4696666666665,87.1864919061885,85.0,49.347,0.045,464.125,196.125,49.7349014282227,138.651765823364,4453,970,0,255,87
762,65,12.5,80.0,90.0,36.682,0.046,463.9375,196.125,49.7338714599609,138.631864547729,4456,967,0,254,90
763,65,12.5,80.0,90.0,36.682,0.046,463.9375,196.125,49.7339477539063,138.631238937378,4454,967,0,254,87
764,66,12.5,80.0,90.0,36.682,0.046,464.4375,196.125,49.7363586425781,138.70685005188,4477,972,0,257,89
765,66,12.5,80.0,90.0,36.682,0.046,464.4375,196.125,49.7363586425781,138.692766189575,4468,970,0,257,89
766,66,12.5,80.0,90.0,36.682,0.046,464.625,196.125,49.7373886108398,138.652708053589,4429,968,0,256,69
767,66,12.5,80.0,90.0,36.682,0.046,464.6875,196.125,49.7385749816895,138.428389549255,4395,939,0,254,66
768,66,12.962962962963,77.1428571428571,90.0,36.682,0.046,460.625,196.125,46.5099029541016,138.181948661804,4275,918,0,244,55
769,66,12.5,80.0,90.0,36.682,0.046,458.125,196.125,46.5080337524414,138.17518901825,4278,918,0,247,55
770,66,12.5,80.0,90.0,36.682,0.046,458.375,196.125,46.5081825256348,138.213419914246,4300,923,0,249,58
771,66,12.5,80.0,90.0,36.682,0.046,458.5625,196.125,46.5092124938965,138.086253166199,4249,902,0,254,57
772,67,12.5,80.0,90.0,36.682,0.046,458.125,196.125,46.5079116821289,138.078593254089,4235,902,0,257,53
773,67,12.5,80.0,90.0,36.682,0.046,458.375,196.125,46.5079917907715,136.689771652222,4199,880,0,260,55
774,67,12.5,80.0,90.0,36.682,0.046,453.9375,195.75,45.1653518676758,136.689920425415,4202,881,0,260,55
775,67,11.7563703703705,85.0602667741986,90.0,36.682,0.046,454.1875,195.75,45.1656227111816,136.690282821655,4197,881,0,259,53
776,67,10.459,95.6114351276413,90.0,36.682,0.046,454.375,195.75,45.1666526794434,136.681699752808,4185,880,0,258,49
777,67,10.798,92.6097425449157,90.0,36.682,0.046,454.4375,195.75,45.1657867431641,136.673803329468,4179,879,0,258,49
778,67,10.513,95.1203272139256,90.0,36.682,0.046,454.1875,195.75,45.1655158996582,136.670225143433,4172,879,0,258,47
779,67,10.171,98.3187493855078,90.0,36.682,0.046,454.1875,195.75,45.1655158996582,136.703393936157,4200,882,0,256,52
780,67,10.995,90.9504320145521,90.0,36.682,0.046,454.4375,195.75,45.1657104492188,136.644285202026,4174,873,0,253,48
781,68,10.798,92.6097425449157,90.0,36.682,0.046,453.8125,195.75,45.1644096374512,136.642980575562,4176,873,0,251,48
782,68,10.568,94.6252838758516,90.0,36.682,0.046,454.0,195.75,45.1654396057129,136.612966537476,4163,871,0,251,45
783,68,10.06,99.403578528827,90.0,36.682,0.046,453.4375,195.75,45.1608963012695,136.611669540405,4160,871,0,251,44
784,68,11.1111111111111,90.0,90.0,36.682,0.046,455.4375,195.75,45.1623306274414,136.704195022583,4230,876,0,246,59
785,68,10.6060606060606,94.2857142857143,90.0,36.682,0.046,454.9375,195.75,45.161865234375,136.696657180786,4219,876,0,245,56
786,68,10.6060606060606,94.2857142857143,90.0,36.682,0.046,454.9375,195.75,45.161865234375,136.69447517395,4214,876,0,242,55
787,68,10.6060606060606,94.2857142857143,90.0,36.682,0.046,454.9375,195.75,45.161865234375,136.692461013794,4207,876,0,243,53
788,68,10.6060606060606,94.2857142857143,90.0,36.682,0.046,455.125,195.75,45.1628952026367,136.681840896606,4204,873,0,240,53
789,68,10.4416464646465,95.7703369277843,90.0,36.682,0.046,454.9375,195.75,45.161865234375,136.678628921509,4189,873,0,238,48
790,69,10.2749999999998,97.3236009732375,90.0,36.682,0.046,455.4375,195.75,45.1687889099121,136.695035934448,4197,866,0,234,50
791,69,10.6060606060606,94.2857142857143,90.0,36.682,0.046,455.3125,195.75,45.1654243469238,136.693265914917,4202,866,0,235,50
792,69,10.6060606060606,94.2857142857143,90.0,36.682,0.046,455.3125,195.75,45.1654243469238,136.689306259155,4193,866,0,236,44
793,69,10.6060606060606,94.2857142857143,90.0,36.682,0.046,455.3125,195.75,45.1654243469238,136.684854507446,4188,866,0,234,43
794,69,10.6060606060606,94.2857142857143,90.0,36.682,0.046,455.5,195.75,45.1664543151855,136.668031692505,4178,864,0,235,43
795,69,10.6060606060606,94.2857142857143,90.0,36.682,0.046,455.0625,195.75,45.1652297973633,136.591382980347,4138,857,0,232,43
796,69,10.6060606060606,94.2857142857143,90.0,36.682,0.046,454.3125,195.75,45.1626243591309,136.593942642212,4146,857,0,229,45
797,69,10.6060606060606,94.2857142857143,90.0,36.682,0.046,454.5625,195.75,45.1628189086914,136.613958358765,4155,859,0,233,47
798,69,10.6060606060606,94.2857142857143,90.0,36.682,0.046,454.5625,195.75,45.1628189086914,136.633169174194,4171,862,0,233,49
799,70,10.6060606060606,94.2857142857143,90.0,36.682,0.046,454.8125,195.75,45.163013458252,136.615213394165,4168,855,0,232,52
800,70,10.6060606060606,94.2857142857143,90.0,36.682,0.046,454.125,195.75,45.1581878662109,136.613035202026,4166,855,0,232,51
801,70,10.6060606060606,94.2857142857143,90.0,36.682,0.046,453.9375,195.75,45.1571578979492,136.608388900757,4164,854,0,231,50
802,70,33.3333333333333,30.0,90.0,36.682,0.046,453.9375,195.75,45.1571578979492,136.60747718811,4160,854,0,231,49
803,70,16.6666666666667,60.0,90.0,36.682,0.046,453.9375,195.75,45.1571578979492,136.611043930054,4160,854,0,232,49
804,70,16.6666666666667,60.0,90.0,36.682,0.046,454.375,195.75,45.1583824157715,136.615571975708,4160,852,0,225,47
805,70,12.5366666666668,79.7660196756172,90.0,36.682,0.046,454.1875,195.75,45.1573524475098,136.595224380493,4131,851,0,225,41
806,71,13.8888888888889,72.0,90.0,36.682,0.046,461.5,199.9375,45.16064453125,137.019689559937,4322,901,0,244,70
807,71,14.2857142857143,70.0,90.0,36.682,0.046,463.1875,199.9375,45.1623783111572,137.514986991882,4394,910,0,253,82
808,71,14.5833333333333,68.5714285714286,90.0,36.682,0.046,463.375,199.9375,45.1634082794189,137.51584148407,4393,910,0,253,81
809,71,14.8148148148148,67.5,90.0,36.682,0.046,463.1875,199.9375,45.1623783111572,137.521349906921,4397,911,0,253,82
810,71,14.8148148148148,67.5,90.0,36.682,0.046,463.1875,199.9375,45.1623783111572,137.499396324158,4374,908,0,250,79
811,71,15.075767195767,66.3316159645116,90.0,36.682,0.046,463.1875,199.9375,45.1623783111572,137.485922813416,4363,907,0,245,77
812,71,14.2857142857143,70.0,90.0,36.682,0.046,463.375,199.9375,45.1634082794189,137.480162620544,4352,907,0,245,73
813,72,14.2857142857143,70.0,90.0,36.682,0.046,464.4375,199.9375,45.165433883667,137.520739555359,4379,910,0,241,86
814,72,14.2857142857143,70.0,90.0,36.682,0.046,462.6875,199.9375,45.1640796661377,136.352937698364,4351,889,0,246,89
815,72,13.807523809524,72.4242821374121,90.0,36.682,0.046,458.875,199.5625,43.743444442749,136.376268386841,4358,891,0,247,90
816,72,11.592,86.2663906142167,90.0,36.682,0.046,459.0625,199.5625,43.7444744110107,136.373613357544,4354,891,0,247,89
817,72,10.599,94.3485234456081,90.0,36.682,0.046,458.875,199.5625,43.743444442749,136.382699966431,4366,893,0,249,90
818,72,10.526,95.0028500855026,90.0,36.682,0.046,458.875,199.5625,43.743444442749,136.379934310913,4359,893,0,251,82
819,72,11.012,90.8100254268071,90.0,36.682,0.046,459.625,199.5625,43.7439823150635,136.428400039673,4373,899,0,256,81
820,72,11.408,87.6577840112202,90.0,36.682,0.046,459.375,199.5625,43.7437877655029,136.414072036743,4372,896,0,255,81
821,73,12.5,80.0,90.0,36.682,0.046,459.8125,199.5625,43.7515468597412,136.416864395142,4376,887,0,253,83
822,73,11.592,86.2663906142167,90.0,36.682,0.046,459.5,199.5625,43.7471523284912,136.413213729858,4378,887,0,257,80
823,73,10.603,94.3129303027445,90.0,36.682,0.046,459.375,199.5625,43.7437877655029,136.392553329468,4369,885,0,256,80
824,73,10.812,92.4898261191269,90.0,36.682,0.046,459.125,199.5625,43.7435932159424,136.392980575562,4369,885,0,256,80
825,73,10.877,91.9371150133309,90.0,36.682,0.046,459.125,199.5625,43.7435932159424,136.390390396118,4368,884,0,255,80
826,73,10.956,91.2741876597298,90.0,36.682,0.046,459.3125,199.5625,43.7446231842041,136.390790939331,4371,884,0,253,79
827,73,11.1111111111111,90.0,90.0,36.682,0.046,459.125,199.5625,43.7435932159424,136.374185562134,4351,882,0,251,70
828,73,10.7288888888889,93.2062966031483,90.0,36.682,0.046,459.125,199.5625,43.7435932159424,136.346170425415,4329,880,0,248,66
829,74,10.862,92.0640765973117,90.0,36.682,0.046,458.875,199.5625,43.7433986663818,136.339517593384,4323,879,0,243,64
830,74,11.075,90.293453724605,90.0,36.682,0.046,458.875,199.5625,43.7433986663818,136.298433303833,4302,875,0,241,60
831,74,11.1111111111111,90.0,90.0,36.682,0.046,459.875,200.5625,43.7434749603271,136.286951065063,4302,870,0,241,59
832,74,11.1111111111111,90.0,90.0,36.682,0.046,459.25,200.5625,43.7439785003662,135.993866920471,4264,859,0,233,58
833,74,11.1111111111111,90.0,90.0,36.682,0.046,457.375,200.5625,43.7412147521973,135.807885169983,4240,860,0,232,50
834,74,11.1111111111111,90.0,90.0,36.682,0.046,457.375,200.5625,43.7412147521973,135.804295539856,4238,859,0,231,49
835,74,11.1111111111111,90.0,90.0,36.682,0.046,457.375,200.5625,43.7412147521973,135.826455116272,4274,859,0,231,64
836,74,11.1111111111111,90.0,90.0,36.682,0.046,457.375,200.5625,43.7412147521973,135.843831062317,4300,863,0,234,66
837,74,11.1111111111111,90.0,90.0,36.682,0.046,457.5625,200.5625,43.742244720459,135.830216407776,4301,858,0,234,68
838,74,11.1111111111111,90.0,90.0,36.682,0.046,458.25,201.5625,43.7404556274414,135.855751991272,4318,861,0,235,70
839,75,11.1111111111111,90.0,90.0,36.682,0.046,458.75,201.5625,43.7428665161133,135.892796516418,4339,858,0,234,76
840,75,11.1111111111111,90.0,90.0,36.682,0.046,458.5,201.5625,43.7427864074707,135.89159488678,4335,858,0,234,75
841,75,31.9072222222222,31.3408667490815,90.0,36.682,0.046,459.0,201.5625,43.7451972961426,135.932259559631,4354,860,0,235,79
842,75,12.5,80.0,90.0,36.682,0.046,459.1875,201.5625,43.7462272644043,135.804993629456,4291,848,0,224,75
843,75,13.8888888888889,72.0,81.0,42.512,0.042,457.75,201.5625,43.7366142272949,135.826588630676,4291,853,0,231,70
844,75,14.2857142857143,70.0,81.0,42.512,0.042,457.75,201.5625,43.7366142272949,135.779301643372,4278,847,0,226,70
845,76,10.0550634920633,99.4523804637657,81.0,42.512,0.042,460.9375,201.5625,43.7428779602051,135.984299659729,4401,870,0,235,88
846,76,14.2857142857143,70.0,81.0,42.512,0.042,460.4375,201.5625,43.7404670715332,135.970604896545,4398,868,0,237,89
847,76,14.2857142857143,70.0,81.0,42.512,0.042,461.625,201.5625,43.7463188171387,136.035996437073,4409,873,0,241,91
848,76,13.8888888888889,72.0,81.0,42.512,0.042,461.4375,201.5625,43.745288848877,134.702732086182,4349,837,0,234,93
849,76,13.8888888888889,72.0,81.0,42.512,0.042,456.875,201.1875,42.1372756958008,134.679531097412,4321,837,0,236,84
850,76,13.8888888888889,72.0,81.0,42.512,0.042,457.125,201.1875,42.1374244689941,134.695720672607,4325,841,0,241,86
851,76,13.0952380952381,76.3636363636364,81.0,42.512,0.042,457.3125,201.1875,42.1384544372559,134.705936431885,4314,841,0,244,81
852,76,11.7376666666668,85.1958083662271,81.0,42.512,0.042,457.125,201.1875,42.1374244689941,134.681312561035,4294,838,0,243,79
853,77,11.251,88.8809883565905,81.0,42.512,0.042,456.875,201.1875,42.1372756958008,134.661979675293,4285,837,0,241,76
854,77,13.8888888888889,72.0,81.0,42.512,0.042,458.5,202.8125,42.1372756958008,134.658443450928,4265,838,0,242,60
855,77,11.0331111111111,90.6362665914722,81.0,42.512,0.042,458.375,202.8125,42.1339874267578,134.64981842041,4247,836,0,243,52
856,77,11.533,86.7077083152692,81.0,42.512,0.042,460.5625,202.8125,42.1364517211914,134.608444213867,4253,829,0,236,65
857,77,10.272,97.3520249221184,81.0,42.512,0.042,458.375,202.8125,42.1338653564453,134.594757080078,4247,828,0,233,63
858,77,10.485,95.3743443013829,81.0,42.512,0.042,458.375,202.8125,42.1338653564453,134.588397979736,4233,828,0,233,57
859,77,10.546,94.8226815854352,81.0,42.512,0.042,458.375,202.8125,42.1338653564453,134.498714447021,4190,811,0,232,57
860,77,10.371,96.4227171921705,81.0,42.512,0.042,458.125,202.8125,42.1335945129395,134.511810302734,4198,812,0,232,58
861,78,11.6666666666667,85.7142857142857,81.0,42.512,0.042,459.25,203.1875,42.1362762451172,134.579891204834,4218,816,0,237,59
862,78,11.6666666666667,85.7142857142857,81.0,42.512,0.042,459.4375,203.1875,42.1374282836914,134.548431396484,4212,813,0,238,60
863,78,11.5186666666667,86.8156036578307,81.0,42.512,0.042,458.75,203.1875,42.1339874267578,134.546661376953,4210,813,0,237,59
864,78,10.794,92.6440615156568,81.0,42.512,0.042,459.25,203.1875,42.1363983154297,134.519607543945,4196,810,0,236,59
865,78,10.57,94.6073793755913,81.0,42.512,0.042,458.5,203.1875,42.1337928771973,134.51229095459,4191,810,0,234,58
866,78,10.317,96.9274013763691,81.0,42.512,0.042,458.5,203.1875,42.1337928771973,134.499889373779,4187,809,0,235,58
867,78,10.084,99.1669972233241,81.0,42.512,0.042,458.25,203.1875,42.1335220336914,134.511215209961,4187,810,0,234,56
868,78,11.1111111111111,90.0,81.0,42.512,0.042,458.9375,203.1875,42.1349716186523,134.561176300049,4216,816,0,242,60
869,78,10.6060606060606,94.2857142857143,81.0,42.512,0.042,459.0,203.1875,42.1342124938965,134.563106536865,4209,816,0,242,58
870,78,10.4288282828283,95.8880492496518,81.0,42.512,0.042,459.0,203.1875,42.1342124938965,134.564468383789,4209,816,0,238,58
871,79,10.6060606060606,94.2857142857143,81.0,42.512,0.042,459.0,203.1875,42.1342124938965,134.575656890869,4201,816,0,238,56
872,79,10.6060606060606,94.2857142857143,81.0,42.512,0.042,459.0,203.1875,42.1342124938965,134.563041687012,4187,816,0,238,53
873,79,10.6060606060606,94.2857142857143,81.0,42.512,0.042,459.0,203.1875,42.1342124938965,134.485210418701,4155,809,0,234,52
874,79,10.6060606060606,94.2857142857143,81.0,42.512,0.042,458.1875,203.1875,42.1304206848145,134.463214874268,4147,808,0,232,51
875,79,10.3877575757576,96.2671676448966,81.0,42.512,0.042,457.75,203.1875,42.1291198730469,134.463684082031,4140,807,0,228,48
876,79,10.542,94.8586605957124,81.0,42.512,0.042,458.0,203.1875,42.1293907165527,134.469974517822,4124,807,0,229,41
877,79,10.6060606060606,94.2857142857143,81.0,42.512,0.042,458.25,203.1875,42.1296615600586,134.380756378174,4095,799,0,224,41
878,79,10.6060606060606,94.2857142857143,81.0,42.512,0.042,457.25,203.1875,42.1248397827148,134.374877929688,4089,799,0,224,39
879,79,10.0948787878788,99.0601294986056,81.0,42.512,0.042,457.25,203.1875,42.1248397827148,134.352733612061,4077,797,0,223,39
880,80,10.6060606060606,94.2857142857143,81.0,42.512,0.042,457.1875,203.1875,42.125675201416,134.353378295898,4077,797,0,223,39
881,80,10.4119393939394,96.0435863257216,81.0,42.512,0.042,457.0,203.1875,42.1246452331543,134.303279876709,4064,793,0,218,39
882,80,10.6060606060606,94.2857142857143,81.0,42.512,0.042,456.5,203.1875,42.1240348815918,134.347705841064,4073,803,0,226,38
883,80,15.2872727272727,65.4138915318744,81.0,42.512,0.042,456.5,203.1875,42.1240348815918,134.389083862305,4099,807,0,224,41
884,80,11.221,89.118616879066,81.0,42.512,0.042,457.25,203.1875,42.1247711181641,134.382030487061,4090,805,0,226,40
885,80,11.1111111111111,90.0,81.0,42.512,0.042,455.5625,201.5625,42.1255302429199,134.388774871826,4096,806,0,225,41
886,80,11.1111111111111,90.0,81.0,42.512,0.042,455.375,201.5625,42.1245002746582,134.396961212158,4101,807,0,226,43
887,80,11.1111111111111,90.0,81.0,42.512,0.042,455.625,201.5625,42.1246948242188,134.38028717041,4093,805,0,224,42
888,80,11.1111111111111,90.0,81.0,42.512,0.042,454.375,200.5625,42.1244239807129,134.33141708374,4072,801,0,220,39
889,81,11.1111111111111,90.0,81.0,42.512,0.042,454.625,200.5625,42.1264877319336,134.299701690674,4058,800,0,213,42
890,81,11.1111111111111,90.0,81.0,42.512,0.042,452.8125,200.5625,42.1260833740234,134.293575286865,4060,800,0,212,42
891,81,11.1111111111111,90.0,81.0,42.512,0.042,452.625,200.5625,42.1250534057617,134.293617248535,4057,800,0,213,41
892,81,11.6666666666667,85.7142857142857,81.0,42.512,0.042,453.125,200.5625,42.1274642944336,134.335350036621,4072,803,0,215,43
893,81,14.548222222222,68.7369208914423,81.0,42.512,0.042,453.125,200.5625,42.1274642944336,134.30086517334,4060,800,0,213,43
894,81,11.1111111111111,90.0,81.0,42.512,0.042,452.625,200.5625,42.1250534057617,134.30152130127,4063,800,0,212,43
895,81,11.1111111111111,90.0,81.0,42.512,0.042,453.0625,200.5625,42.1262321472168,134.302810668945,4072,803,0,215,43
896,81,11.1111111111111,90.0,81.0,42.512,0.042,452.375,200.5625,42.1246604919434,134.252216339111,4047,799,0,213,39
897,81,11.1111111111111,90.0,81.0,42.512,0.042,451.875,200.5625,42.1222496032715,134.250411987305,4045,799,0,213,38
898,82,11.1111111111111,90.0,81.0,42.512,0.042,452.375,200.5625,42.1226387023926,134.329040527344,4081,805,0,217,45
899,82,11.1111111111111,90.0,81.0,42.512,0.042,454.875,200.5625,42.1243019104004,134.548789978027,4216,827,0,226,66
900,82,11.1111111111111,90.0,81.0,42.512,0.042,455.0625,200.5625,42.1253318786621,134.548671722412,4212,827,0,227,65
901,82,11.1111111111111,90.0,81.0,42.512,0.042,454.875,200.5625,42.1243019104004,134.549816131592,4212,827,0,227,65
902,82,11.1111111111111,90.0,81.0,42.512,0.042,454.875,200.5625,42.1243019104004,134.524997711182,4206,824,0,224,65
903,82,11.1111111111111,90.0,81.0,42.512,0.042,455.375,199.5625,42.1257514953613,134.673416137695,4256,832,0,233,71
904,82,11.1111111111111,90.0,81.0,42.512,0.042,454.75,199.1875,42.1254806518555,134.669940948486,4250,832,0,233,68
905,82,11.1111111111111,90.0,81.0,42.512,0.042,455.4375,199.1875,42.1268997192383,134.713371276855,4269,835,0,234,75
906,82,11.1111111111111,90.0,81.0,42.512,0.042,455.25,199.1875,42.1258697509766,134.727836608887,4288,836,0,228,79
907,83,11.1111111111111,90.0,81.0,42.512,0.042,455.5,199.1875,42.1260643005371,134.712539672852,4277,830,0,225,76
908,83,11.1111111111111,90.0,81.0,42.512,0.042,455.0,199.1875,42.1258354187012,134.711296081543,4272,830,0,226,72
909,83,11.1111111111111,90.0,81.0,42.512,0.042,455.75,199.1875,42.1263275146484,134.759223937988,4290,833,0,230,76
910,83,11.1111111111111,90.0,81.0,42.512,0.042,455.9375,199.1875,42.1273574829102,134.679866790771,4270,815,0,230,76
911,83,11.1111111111111,90.0,81.0,42.512,0.042,453.3125,199.1875,42.1246910095215,134.648410797119,4255,812,0,229,76
912,83,11.1111111111111,90.0,81.0,42.512,0.042,453.0625,199.1875,42.1244964599609,134.650386810303,4250,812,0,227,74
913,83,11.1111111111111,90.0,81.0,42.512,0.042,453.0625,199.1875,42.1244964599609,134.615673065186,4233,809,0,227,72
914,83,10.6060606060606,94.2857142857143,81.0,42.512,0.042,453.0625,199.1875,42.1244964599609,134.625663757324,4223,810,0,228,67
915,83,10.4967171717174,95.2678807708021,81.0,42.512,0.042,453.25,199.1875,42.1255264282227,134.61266708374,4216,807,0,225,66
916,84,10.6060606060606,94.2857142857143,81.0,42.512,0.042,453.3125,199.1875,42.1246910095215,134.645687103271,4218,810,0,224,64
917,84,10.6060606060606,94.2857142857143,81.0,42.512,0.042,453.3125,199.1875,42.1246910095215,134.648654937744,4227,810,0,227,67
918,84,10.6060606060606,94.2857142857143,81.0,42.512,0.042,453.3125,199.1875,42.1246910095215,134.652156829834,4232,810,0,226,68
919,84,10.6060606060606,94.2857142857143,81.0,42.512,0.042,453.3125,199.1875,42.1246910095215,134.651958465576,4228,810,0,227,67
920,84,10.6060606060606,94.2857142857143,81.0,42.512,0.042,453.3125,199.1875,42.1246910095215,134.612934112549,4206,807,0,225,63
921,84,10.398696969697,96.1658949110756,81.0,42.512,0.042,453.0,199.1875,42.1233100891113,134.611923217773,4205,807,0,225,63
922,84,10.561,94.6880030300161,81.0,42.512,0.042,452.8125,199.1875,42.1222801208496,134.591926574707,4191,806,0,229,63
923,84,10.323,96.8710646130001,81.0,42.512,0.042,453.0625,199.1875,42.1224746704102,134.493961334229,4189,800,0,221,68
924,84,10.198,98.0584428319278,81.0,42.512,0.042,451.5625,199.1875,42.1209335327148,134.448463439941,4166,799,0,220,62
925,85,10.6060606060606,94.2857142857143,81.0,42.512,0.042,451.0625,199.1875,42.118522644043,134.433067321777,4148,793,0,218,59
926,85,10.6060606060606,94.2857142857143,81.0,42.512,0.042,450.8125,199.1875,42.1184425354004,134.435653686523,4151,793,0,218,60
927,85,10.6060606060606,94.2857142857143,81.0,42.512,0.042,451.0,199.1875,42.1194725036621,134.435394287109,4150,793,0,218,59
928,85,20.1811515151515,49.5511863755259,81.0,42.512,0.042,450.8125,199.1875,42.1184425354004,134.435470581055,4154,792,0,217,61
929,85,13.3333333333333,75.0,81.0,42.512,0.042,450.8125,199.1875,42.1184425354004,134.434558868408,4150,792,0,217,60
930,85,13.3333333333333,75.0,81.0,42.512,0.042,450.8125,199.1875,42.1184425354004,134.429161071777,4138,792,0,215,56
931,85,13.3333333333333,75.0,88.0,34.557,0.038,451.0,199.1875,42.1194725036621,134.421741485596,4132,792,0,217,51
932,85,12.5,80.0,88.0,34.557,0.038,450.8125,199.1875,42.1184425354004,134.353397369385,4102,783,0,211,50
933,86,12.5,80.0,88.0,34.557,0.038,450.3125,199.1875,42.1180534362793,134.363288879395,4086,783,0,210,46
934,86,11.8313333333331,84.5213275483195,88.0,34.557,0.038,451.5625,200.1875,42.1183242797852,134.396041870117,4101,786,0,211,48
935,86,12.5,80.0,88.0,34.557,0.038,451.5625,200.1875,42.1183242797852,134.393451690674,4095,786,0,211,44
936,86,12.5,80.0,88.0,34.557,0.038,454.0,200.1875,42.1209831237793,134.51229095459,4174,792,0,211,62
937,86,12.5,80.0,88.0,34.557,0.038,453.3125,200.1875,42.1195640563965,134.508686065674,4170,792,0,211,60
938,86,12.5,80.0,88.0,34.557,0.038,453.3125,200.1875,42.1195640563965,134.4938621521,4149,791,0,211,57
939,86,11.0243333333335,90.70843286064,88.0,34.557,0.038,453.3125,200.1875,42.1195640563965,134.473781585693,4148,789,0,210,60
940,86,10.001,99.9900009999,88.0,34.557,0.038,453.0625,200.1875,42.1193695068359,134.48849105835,4144,790,0,212,54
941,87,12.5,80.0,88.0,34.557,0.038,455.5,201.1875,42.1254920959473,134.620746612549,4195,800,0,216,60
942,87,12.5,80.0,88.0,34.557,0.038,457.5625,201.1875,42.1276893615723,134.958824157715,4351,844,0,238,84
943,87,12.5,80.0,88.0,34.557,0.038,458.0625,201.1875,42.1301002502441,134.998649597168,4363,847,0,240,84
944,87,11.452,87.3209919664688,88.0,34.557,0.038,458.5625,201.1875,42.132511138916,135.018505096436,4369,848,0,241,86
945,87,10.422,95.9508731529457,88.0,34.557,0.038,458.3125,201.1875,42.1323165893555,135.036144256592,4379,850,0,243,87
946,87,11.136,89.7988505747126,88.0,34.557,0.038,458.75,201.1875,42.1334953308105,135.074626922607,4401,855,0,249,90
947,87,10.914,91.6254352208173,88.0,34.557,0.038,458.8125,201.1875,42.1326141357422,135.114406585693,4420,859,0,251,89
948,87,10.531,94.9577438040072,88.0,34.557,0.038,459.0625,201.1875,42.132884979248,135.023639678955,4374,850,0,244,86
949,87,10.356,96.5623792970259,88.0,34.557,0.038,457.8125,201.1875,42.1320343017578,134.973430633545,4348,845,0,241,83
950,88,11.6666666666667,85.7142857142857,88.0,34.557,0.038,458.3125,201.1875,42.1365127563477,135.117683410645,4409,856,0,249,90
951,88,11.1111111111111,90.0,88.0,34.557,0.038,458.3125,201.1875,42.1365127563477,135.112071990967,4407,855,0,251,90
952,88,11.1111111111111,90.0,88.0,34.557,0.038,458.5,201.1875,42.1375427246094,135.103816986084,4402,853,0,249,88
953,88,11.1111111111111,90.0,88.0,34.557,0.038,459.3125,201.1875,42.1413345336914,135.143039703369,4411,853,0,248,89
954,88,10.689,93.5541210590326,88.0,34.557,0.038,459.0625,201.1875,42.1411399841309,135.14351272583,4399,853,0,247,82
955,88,10.758,92.954080684142,88.0,34.557,0.038,459.3125,201.1875,42.1414108276367,135.146308898926,4404,854,0,248,82
956,88,10.848,92.1828908554572,88.0,34.557,0.038,459.5625,201.1875,42.1415596008301,135.191436767578,4417,859,0,252,81
957,88,10.312,96.9743987587277,88.0,34.557,0.038,459.5625,201.1875,42.1415596008301,135.146896362305,4391,855,0,250,74
958,88,10.18,98.2318271119843,88.0,34.557,0.038,459.25,201.1875,42.1422462463379,135.131313323975,4371,854,0,249,64
959,89,10.6060606060606,94.2857142857143,88.0,34.557,0.038,459.0625,201.1875,42.1412162780762,135.121349334717,4362,851,0,247,63
960,89,10.6060606060606,94.2857142857143,88.0,34.557,0.038,458.8125,201.1875,42.1410675048828,135.094425201416,4357,851,0,248,62
961,89,10.6060606060606,94.2857142857143,88.0,34.557,0.038,458.5625,201.1875,42.140796661377,135.090808868408,4352,851,0,250,60
962,89,10.6060606060606,94.2857142857143,88.0,34.557,0.038,458.5625,201.1875,42.140796661377,135.107860565186,4360,852,0,250,61
963,89,10.6060606060606,94.2857142857143,88.0,34.557,0.038,458.8125,201.1875,42.1410675048828,135.100601196289,4354,849,0,248,59
964,89,10.6060606060606,94.2857142857143,88.0,34.557,0.038,459.0,201.1875,42.1420974731445,135.068393707275,4331,846,0,246,55
965,89,10.6060606060606,94.2857142857143,88.0,34.557,0.038,458.5625,201.1875,42.1408729553223,135.066215515137,4323,847,0,241,50
966,89,10.6060606060606,94.2857142857143,88.0,34.557,0.038,458.8125,201.1875,42.1410522460938,135.076713562012,4327,849,0,248,50
967,89,10.4166666666667,96.0,88.0,34.557,0.038,458.8125,201.1875,42.1410522460938,135.100978851318,4362,854,0,247,56
968,89,10.4166666666667,96.0,88.0,34.557,0.038,458.5625,201.1875,42.1407814025879,134.989768981934,4327,838,0,240,54
969,90,10.4166666666667,96.0,88.0,34.557,0.038,457.5625,201.1875,42.1365051269531,134.903457641602,4297,830,0,232,58
970,90,10.4166666666667,96.0,88.0,34.557,0.038,455.5,201.1875,42.1359519958496,134.901630401611,4292,830,0,231,55
971,90,10.4166666666667,96.0,88.0,34.557,0.038,455.5625,201.1875,42.1351928710938,134.86198425293,4274,826,0,230,54
972,90,16.1045151515152,62.0943872318886,88.0,34.557,0.038,455.0625,201.1875,42.1327819824219,134.861392974854,4274,826,0,230,54
973,90,11.1111111111111,90.0,88.0,34.557,0.038,455.3125,201.1875,42.1329612731934,134.847343444824,4274,824,0,228,56
974,90,11.1111111111111,90.0,88.0,34.557,0.038,454.8125,201.1875,42.1305503845215,134.824989318848,4287,819,0,221,65
975,90,11.1111111111111,90.0,88.0,34.557,0.038,455.25,201.1875,42.1316528320313,134.795166015625,4280,816,0,224,66
976,90,11.1111111111111,90.0,88.0,34.557,0.038,454.5625,201.1875,42.1282119750977,134.783298492432,4260,816,0,224,60
977,91,11.1111111111111,90.0,88.0,34.557,0.038,454.5625,201.1875,42.1282119750977,134.812252044678,4271,817,0,224,62
978,91,11.1111111111111,90.0,88.0,34.557,0.038,454.8125,201.1875,42.1284828186035,134.80640411377,4267,816,0,227,63
979,91,11.6666666666667,85.7142857142857,88.0,34.557,0.038,455.3125,201.1875,42.1288414001465,134.838565826416,4284,818,0,229,67
980,91,11.6666666666667,85.7142857142857,88.0,34.557,0.038,455.75,201.1875,42.1300506591797,134.847621917725,4276,819,0,230,67
981,91,11.6666666666667,85.7142857142857,88.0,34.557,0.038,455.5625,201.1875,42.129020690918,134.763439178467,4251,812,0,224,66
982,91,11.6666666666667,85.7142857142857,88.0,34.557,0.038,454.3125,201.1875,42.1239280700684,134.741394042969,4225,811,0,224,62
983,91,12.5069999999998,79.9552250739598,88.0,34.557,0.038,454.3125,201.1875,42.1239280700684,134.733715057373,4218,810,0,222,62
984,91,11.1111111111111,90.0,88.0,34.557,0.038,454.3125,201.1875,42.1239280700684,134.653991699219,4188,803,0,218,59
985,91,11.1111111111111,90.0,88.0,34.557,0.038,453.75,201.1875,42.1204071044922,134.652877807617,4182,803,0,219,57
986,92,13.8304444444446,72.3042563105538,88.0,34.557,0.038,458.625,204.25,42.121208190918,134.840038299561,4254,819,0,238,67
987,92,12.233,81.7460966238862,88.0,34.557,0.038,461.125,204.25,42.1228713989258,135.039207458496,4372,837,0,247,87
988,92,13.632,73.3568075117371,88.0,34.557,0.038,463.0,204.25,42.124813079834,135.539444923401,4449,848,0,258,99
989,92,11.6666666666667,85.7142857142857,88.0,34.557,0.038,463.0,204.25,42.124813079834,135.523991584778,4446,847,0,257,99
990,92,11.9047619047619,84.0,88.0,34.557,0.038,462.9375,204.25,42.1255722045898,135.532528877258,4446,848,0,259,98
991,92,11.9047619047619,84.0,88.0,34.557,0.038,464.5,204.25,42.1262626647949,135.71398639679,4509,857,0,269,108
992,92,11.9047619047619,84.0,88.0,34.557,0.038,465.25,204.25,42.1268920898438,135.765385627747,4539,861,0,276,115
993,92,11.9047619047619,84.0,88.0,34.557,0.038,465.5,204.25,42.1270866394043,135.742531776428,4532,857,0,274,115
994,93,11.9047619047619,84.0,88.0,34.557,0.038,464.5,203.25,42.1269950866699,135.759732246399,4540,859,0,272,115
995,93,11.9047619047619,84.0,88.0,34.557,0.038,467.0625,203.25,42.1301956176758,136.00971698761,4639,879,0,293,129
996,93,11.9047619047619,84.0,88.0,34.557,0.038,466.625,203.25,42.1288948059082,135.994530677795,4615,879,0,293,115
997,93,11.9047619047619,84.0,88.0,34.557,0.038,467.375,203.25,42.1293869018555,136.040112495422,4627,882,0,296,115
998,93,11.9047619047619,84.0,88.0,34.557,0.038,467.375,203.25,42.1293869018555,135.91083240509,4568,872,0,290,110
999,93,11.6666666666667,85.7142857142857,88.0,34.557,0.038,465.875,203.25,42.1282196044922,135.908165931702,4566,871,0,293,109
1000,93,11.6666666666667,85.7142857142857,88.0,34.557,0.038,466.0625,203.25,42.1292495727539,135.880833625793,4553,869,0,294,107
1001,93,11.9047619047619,84.0,88.0,34.557,0.038,468.0,203.25,42.1302947998047,136.045624732971,4607,868,0,304,120
1002,93,11.6666666666667,85.7142857142857,88.0,34.557,0.038,468.0,203.25,42.1302947998047,136.024189949036,4595,868,0,302,114
1003,94,11.7550476190476,85.0698382862883,88.0,34.557,0.038,468.25,203.25,42.1304130554199,136.095238685608,4622,873,0,303,118
1004,94,11.6666666666667,85.7142857142857,88.0,34.557,0.038,468.5,203.25,42.1306076049805,136.10911655426,4617,874,0,305,116
1005,94,11.6666666666667,85.7142857142857,88.0,34.557,0.038,468.6875,203.25,42.1316375732422,136.110695838928,4617,874,0,305,116
1006,94,11.6666666666667,85.7142857142857,88.0,34.557,0.038,469.0,203.25,42.1309661865234,136.15554523468,4643,878,0,307,122
1007,94,11.6666666666667,85.7142857142857,88.0,34.557,0.038,469.0,203.25,42.1309661865234,136.141057014465,4624,876,0,307,115
1008,94,11.6666666666667,85.7142857142857,88.0,34.557,0.038,469.25,203.25,42.1311454772949,135.99831867218,4595,868,0,294,114
1009,94,11.6666666666667,85.7142857142857,88.0,34.557,0.038,467.375,203.25,42.1292190551758,135.769371986389,4511,854,0,283,101
1010,94,11.6666666666667,85.7142857142857,88.0,34.557,0.038,464.8125,202.25,42.1284370422363,135.712162971497,4490,855,0,278,99
1011,95,11.6666666666667,85.7142857142857,88.0,34.557,0.038,464.625,202.25,42.127513885498,135.841015815735,4547,858,0,283,115
1012,95,11.6666666666667,85.7142857142857,88.0,34.557,0.038,464.375,202.25,42.1274337768555,135.836075782776,4537,858,0,283,111
1013,95,11.6666666666667,85.7142857142857,88.0,34.557,0.038,464.875,202.25,42.1277923583984,135.86412525177,4546,860,0,285,111
1014,95,11.6666666666667,85.7142857142857,88.0,34.557,0.038,465.125,202.25,42.127986907959,135.888829231262,4559,862,0,286,114
1015,95,13.6873333333333,73.0602503531245,88.0,34.557,0.038,469.6875,202.25,42.1327209472656,136.087109565735,4698,872,0,288,142
1016,95,11.9047619047619,84.0,88.0,34.557,0.038,467.625,202.25,42.1297645568848,136.054337501526,4655,872,0,288,127
1017,95,11.9047619047619,84.0,86.0,30.601,0.034,468.125,202.25,42.1301536560059,136.099125862122,4669,876,0,288,128
1018,95,11.449476190476,87.3402401440714,86.0,30.601,0.034,468.125,202.25,42.1301536560059,136.071988105774,4657,874,0,284,123
1019,95,11.9047619047619,84.0,86.0,30.601,0.034,467.875,202.25,42.1299591064453,136.031071662903,4630,866,0,281,118
1020,96,11.9047619047619,84.0,86.0,30.601,0.034,468.3125,202.25,42.1312675476074,136.05561542511,4629,868,0,283,115
1021,96,11.9047619047619,84.0,86.0,30.601,0.034,468.125,202.25,42.1302375793457,135.898777961731,4608,858,0,273,118
1022,96,11.9047619047619,84.0,86.0,30.601,0.034,468.375,202.25,42.1304016113281,136.080441474915,4653,869,0,284,118
1023,96,11.9047619047619,84.0,86.0,30.601,0.034,468.375,202.25,42.1304016113281,136.077851295471,4652,868,0,283,118
1024,96,11.6666666666667,85.7142857142857,86.0,30.601,0.034,468.375,202.25,42.1304016113281,136.077004432678,4649,868,0,287,116
1025,96,11.6666666666667,85.7142857142857,86.0,30.601,0.034,468.5625,202.25,42.1314315795898,136.059262275696,4623,867,0,287,110
1026,96,11.6666666666667,85.7142857142857,86.0,30.601,0.034,468.375,202.25,42.1304016113281,136.038937568665,4621,864,0,288,110
1027,96,11.6666666666667,85.7142857142857,86.0,30.601,0.034,468.875,202.25,42.1307601928711,136.059308052063,4620,865,0,289,107
1028,97,10.4761904761905,95.4545454545454,86.0,30.601,0.034,468.875,202.25,42.1307601928711,136.09089756012,4630,865,0,291,110
1029,97,11.6666666666667,85.7142857142857,86.0,30.601,0.034,471.0,202.25,42.1328506469727,136.299012184143,4706,876,0,302,121
1030,97,11.6666666666667,85.7142857142857,86.0,30.601,0.034,471.1875,202.25,42.1338806152344,136.300591468811,4706,876,0,302,121
1031,97,11.6666666666667,85.7142857142857,86.0,30.601,0.034,471.0,202.25,42.1328506469727,136.298066139221,4700,876,0,302,118
1032,97,11.6666666666667,85.7142857142857,86.0,30.601,0.034,471.0,202.25,42.1328506469727,136.29504108429,4694,876,0,302,112
1033,97,11.6666666666667,85.7142857142857,86.0,30.601,0.034,471.0,202.25,42.1328506469727,136.276860237122,4664,875,0,303,105
1034,97,11.6666666666667,85.7142857142857,86.0,30.601,0.034,471.0,202.25,42.1328506469727,136.277161598206,4679,875,0,299,110
1035,97,11.6666666666667,85.7142857142857,86.0,30.601,0.034,471.1875,202.25,42.1338806152344,136.103402137756,4625,865,0,289,100
1036,97,11.6666666666667,85.7142857142857,86.0,30.601,0.034,471.25,202.25,42.1330146789551,136.142720222473,4611,864,0,292,101
1037,98,11.6666666666667,85.7142857142857,86.0,30.601,0.034,469.25,202.25,42.1316261291504,136.138543128967,4611,864,0,292,101
1038,98,11.6666666666667,85.7142857142857,86.0,30.601,0.034,470.75,202.25,42.1342697143555,136.309762001038,4695,893,0,307,116
1039,98,11.6666666666667,85.7142857142857,86.0,30.601,0.034,469.75,202.25,42.1335678100586,136.304768562317,4689,893,0,307,112
1040,98,11.6426666666669,85.8909757214826,86.0,30.601,0.034,469.9375,202.25,42.1345977783203,136.260895729065,4668,889,0,305,110
1041,98,11.311,88.4095128635841,86.0,30.601,0.034,469.25,202.25,42.1331787109375,136.273362159729,4680,891,0,305,112
1042,98,10.782,92.7471712112781,86.0,30.601,0.034,469.25,202.25,42.1331787109375,136.106747627258,4637,881,0,297,104
1043,98,11.069,90.3423976872346,86.0,30.601,0.034,467.375,202.25,42.1312522888184,136.030331611633,4586,875,0,293,93
1044,98,10.554,94.7508053818458,86.0,30.601,0.034,466.875,202.25,42.1308631896973,136.014256477356,4577,872,0,290,91
1045,98,10.461,95.5931555300641,86.0,30.601,0.034,467.0625,202.25,42.131893157959,135.941040992737,4537,866,0,273,88
1046,99,11.6666666666667,85.7142857142857,86.0,30.601,0.034,466.625,202.25,42.1327667236328,135.886803627014,4502,867,0,268,80
1047,99,11.6666666666667,85.7142857142857,86.0,30.601,0.034,464.625,202.25,42.1313323974609,135.866948127747,4494,865,0,270,80
1048,99,10.7636666666667,92.905143848131,86.0,30.601,0.034,464.625,202.25,42.1313323974609,135.824971199036,4476,861,0,268,80
1049,99,10.924,91.5415598681802,86.0,30.601,0.034,464.625,202.25,42.1333541870117,135.862401008606,4493,863,0,269,83
1050,99,10.932,91.4745700695207,86.0,30.601,0.034,464.8125,202.25,42.1343841552734,135.689389228821,4445,852,0,258,77
1051,99,10.656,93.8438438438438,86.0,30.601,0.034,462.75,202.25,42.1314277648926,135.674122810364,4422,854,0,258,67
1052,99,10.883,91.8864283745291,86.0,30.601,0.034,462.75,202.25,42.1314277648926,135.610039710999,4390,849,0,256,66
1053,99,10.6060606060606,94.2857142857143,86.0,30.601,0.034,462.0,202.25,42.1308746337891,135.644833564758,4410,854,0,260,66
1054,99,10.5289393939394,94.9763278697961,86.0,30.601,0.034,462.0,202.25,42.1308746337891,135.637391090393,4401,853,0,259,62
1055,100,10.6060606060606,94.2857142857143,86.0,30.601,0.034,462.25,202.25,42.1376037597656,135.596261024475,4378,840,0,258,60
1056,100,10.6060606060606,94.2857142857143,86.0,30.601,0.034,462.3125,202.25,42.1352691650391,135.618878364563,4414,842,0,260,72
1057,100,10.6060606060606,94.2857142857143,86.0,30.601,0.034,462.125,202.25,42.1342391967773,135.334270477295,4389,832,0,252,73
1058,100,10.6060606060606,94.2857142857143,86.0,30.601,0.034,460.25,202.25,42.1323127746582,135.136215209961,4363,832,0,252,64
1059,100,28.5930909090909,34.9734837405095,86.0,30.601,0.034,460.25,202.25,42.1323127746582,135.145362854004,4374,833,0,251,66
1060,100,12.5,80.0,86.0,30.601,0.034,460.4375,202.25,42.1333427429199,135.1262550354,4360,829,0,249,63
1061,100,13.8888888888889,72.0,86.0,30.601,0.034,460.25,202.25,42.1323127746582,135.156303405762,4380,835,0,247,62
1062,101,14.2857142857143,70.0,86.0,30.601,0.034,460.5,202.25,42.132568359375,135.10786819458,4361,823,0,243,62
1063,101,14.5833333333333,68.5714285714286,86.0,30.601,0.034,461.625,203.875,42.1307792663574,135.111583709717,4357,823,0,242,59
1064,101,14.2780634920633,70.037508977031,86.0,30.601,0.034,461.5625,203.875,42.1316604614258,135.043674468994,4321,818,0,238,57
1065,101,14.5833333333333,68.5714285714286,86.0,30.601,0.034,460.375,203.875,42.1299285888672,135.033618927002,4319,816,0,236,57
1066,101,14.4580000000002,69.1658597316355,86.0,30.601,0.034,460.375,203.875,42.1299285888672,135.027496337891,4314,816,0,238,55
1067,101,14.2857142857143,70.0,86.0,30.601,0.034,460.375,203.875,42.1299285888672,135.04861831665,4324,813,0,231,60
1068,101,14.2857142857143,70.0,86.0,30.601,0.034,460.5625,203.875,42.1309585571289,135.042816162109,4315,811,0,230,57
1069,102,14.2857142857143,70.0,86.0,30.601,0.034,461.5,204.25,42.1326103210449,135.104530334473,4329,816,0,233,57
1070,102,14.2857142857143,70.0,86.0,30.601,0.034,464.0,204.25,42.1342735290527,135.262645721436,4426,833,0,239,76
1071,102,13.8158095238093,72.3808473384539,86.0,30.601,0.034,463.5,204.25,42.1359825134277,135.288856506348,4425,835,0,241,78
1072,102,14.2857142857143,70.0,86.0,30.601,0.034,463.6875,204.25,42.1370124816895,135.283676147461,4413,835,0,241,74
1073,102,14.2857142857143,70.0,86.0,30.601,0.034,465.25,204.25,42.1377029418945,135.422283172607,4454,841,0,246,84
1074,102,11.5402380952383,86.6533248055442,86.0,30.601,0.034,465.0,204.25,42.135440826416,135.467723846436,4474,847,0,251,84
1075,102,11.011,90.8182726364545,86.0,30.601,0.034,465.25,204.25,42.1357116699219,135.465007781982,4468,845,0,250,82
1076,103,12.728,78.5669390320553,86.0,30.601,0.034,465.25,204.25,42.1357116699219,135.363540649414,4408,835,0,236,77
1077,103,11.457,87.2828838264816,86.0,30.601,0.034,463.9375,204.25,42.1336288452148,135.364330291748,4415,836,0,240,78
1078,103,10.865,92.038656235619,86.0,30.601,0.034,463.75,204.25,42.1325988769531,135.156682014465,4383,814,0,236,77
1079,103,11.337,88.2067566375584,86.0,30.601,0.034,462.75,204.25,42.0230827331543,135.199021339417,4402,817,0,239,82
1080,103,10.818,92.4385283786282,86.0,30.601,0.034,462.75,204.25,42.0230827331543,135.195408821106,4405,815,0,237,84
1081,103,10.785,92.7213722763097,86.0,30.601,0.034,462.75,204.25,42.0230827331543,135.194764137268,4392,815,0,236,78
1082,103,11.6666666666667,85.7142857142857,86.0,30.601,0.034,463.1875,204.25,42.0243835449219,135.205067634583,4392,815,0,236,77
1083,103,11.6163333333333,86.085683950759,86.0,30.601,0.034,463.0,204.25,42.0233535766602,135.134743690491,4351,810,0,233,73
1084,103,10.402,96.1353585848875,86.0,30.601,0.034,462.0,204.25,42.0226516723633,135.123822212219,4336,810,0,233,63
1085,104,10.868,92.0132499079868,86.0,30.601,0.034,462.0,204.25,42.0226516723633,135.116021156311,4329,809,0,233,63
1086,104,11.1111111111111,90.0,86.0,30.601,0.034,463.25,205.25,42.0229225158691,135.102887153625,4317,808,0,232,61
1087,104,11.1111111111111,90.0,86.0,30.601,0.034,462.9375,205.25,42.023609161377,135.10410785675,4321,809,0,231,58
1088,104,11.1111111111111,90.0,86.0,30.601,0.034,462.625,205.25,42.0191383361816,134.974888801575,4263,797,0,227,56
1089,104,11.1111111111111,90.0,86.0,30.601,0.034,461.75,203.625,42.0195236206055,135.126793861389,4354,807,0,229,71
1090,104,11.1111111111111,90.0,86.0,30.601,0.034,461.75,203.625,42.0195236206055,135.060059547424,4324,801,0,226,70
1091,104,11.1111111111111,90.0,86.0,30.601,0.034,461.0,203.625,42.0189399719238,134.918633460999,4300,792,0,219,70
1092,104,11.1111111111111,90.0,86.0,30.601,0.034,459.6875,203.625,42.0184288024902,134.813256263733,4248,786,0,212,63
1093,104,11.1111111111111,90.0,86.0,30.601,0.034,459.0,204.625,42.016414642334,134.80117893219,4246,783,0,214,62
1094,105,11.1111111111111,90.0,86.0,30.601,0.034,461.25,204.625,42.026252746582,135.052960395813,4349,798,0,223,76
1095,105,11.1111111111111,90.0,86.0,30.601,0.034,460.75,204.625,42.0259017944336,135.050770759583,4345,798,0,221,75
1096,105,11.1111111111111,90.0,86.0,30.601,0.034,461.25,204.625,42.0283126831055,135.090825080872,4357,801,0,223,76
1097,105,11.1111111111111,90.0,86.0,30.601,0.034,462.9375,204.625,42.0365753173828,135.166260719299,4383,805,0,226,82
1098,105,11.1111111111111,90.0,86.0,30.601,0.034,462.25,204.625,42.03515625,135.123726844788,4364,802,0,222,80
1099,105,27.2708888888889,36.6691384382206,86.0,30.601,0.034,461.75,204.625,42.0327453613281,135.140538215637,4369,803,0,224,79
1100,105,16.6666666666667,60.0,83.0,41.341,0.036,463.0,204.625,42.0336570739746,135.23895740509,4435,815,0,235,88
1101,106,16.6666666666667,60.0,83.0,41.341,0.036,462.8125,204.25,42.034610748291,135.23452091217,4414,814,0,236,83
1102,106,16.6666666666667,60.0,83.0,41.341,0.036,462.375,204.25,42.03125,135.280106544495,4444,824,0,246,84
1103,106,13.9556666666667,71.6554804499964,83.0,41.341,0.036,462.375,204.25,42.03125,135.258786201477,4438,818,0,240,84
1104,106,10.513,95.1203272139256,83.0,41.341,0.036,462.375,204.25,42.03125,135.233101844788,4409,815,0,237,73
1105,106,10.373,96.4041260965969,83.0,41.341,0.036,462.5625,204.25,42.0322799682617,135.239666938782,4408,817,0,238,68
1106,106,11.418,87.5810124365038,83.0,41.341,0.036,462.875,204.25,42.0317153930664,135.260430335999,4390,818,0,241,64
1107,106,10.656,93.8438438438438,83.0,41.341,0.036,462.875,204.25,42.0317153930664,135.261792182922,4390,818,0,239,64
1108,106,10.37,96.4320154291225,83.0,41.341,0.036,462.875,204.25,42.0317153930664,135.202923774719,4361,812,0,235,59
1109,107,13.9999999999998,71.4285714285725,83.0,41.341,0.036,465.0625,204.25,42.0330505371094,135.656114578247,4473,832,0,237,76
1110,107,12.1212121212121,82.5,83.0,41.341,0.036,465.0,204.25,42.0339317321777,135.622465133667,4463,828,0,236,77
1111,107,12.2227878787881,81.8143953668246,83.0,41.341,0.036,464.3125,204.25,42.0326042175293,135.624509811401,4463,828,0,237,77
1112,107,11.054,90.4649900488511,83.0,41.341,0.036,464.3125,204.25,42.0326042175293,135.610593795776,4455,826,0,236,77
1113,107,10.816,92.4556213017752,83.0,41.341,0.036,464.3125,204.25,42.0326805114746,135.621290206909,4453,827,0,239,74
1114,107,11.067,90.3587241348152,83.0,41.341,0.036,464.3125,204.25,42.0326805114746,135.616807937622,4447,826,0,239,71
1115,107,11.248,88.9046941678521,83.0,41.341,0.036,464.5,204.25,42.0337104797363,135.588525772095,4451,825,0,248,73
1116,107,10.489,95.3379731146916,83.0,41.341,0.036,464.0625,204.25,42.0324096679688,135.516199111938,4417,819,0,247,74
1117,107,10.863,92.0556015833563,83.0,41.341,0.036,463.0625,204.25,42.0317535400391,135.481470108032,4403,815,0,245,73
1118,108,11.6666666666667,85.7142857142857,83.0,41.341,0.036,463.3125,204.25,42.0319938659668,135.639711380005,4474,826,0,249,86
1119,108,11.1111111111111,90.0,83.0,41.341,0.036,463.3125,204.25,42.0319938659668,135.531312942505,4431,818,0,242,85
1120,108,11.1111111111111,90.0,83.0,41.341,0.036,461.75,204.25,42.0318603515625,135.486631393433,4417,814,0,241,85
1121,108,11.1111111111111,90.0,83.0,41.341,0.036,461.5625,204.25,42.0308303833008,135.427381515503,4402,808,0,238,87
1122,108,11.1111111111111,90.0,83.0,41.341,0.036,460.0625,204.25,42.0235977172852,135.422185897827,4398,808,0,239,86
1123,108,11.1111111111111,90.0,83.0,41.341,0.036,460.0625,204.25,42.0235977172852,135.430685043335,4408,808,0,239,89
1124,108,11.1111111111111,90.0,83.0,41.341,0.036,460.0625,204.25,42.0235977172852,135.268884658813,4362,795,0,238,88
1125,108,11.1111111111111,90.0,83.0,41.341,0.036,459.0,204.25,42.0174674987793,135.299360275269,4379,800,0,242,92
1126,108,11.0705555555556,90.3297034174737,83.0,41.341,0.036,458.5625,204.25,42.016242980957,135.331495285034,4400,804,0,242,95
1127,109,11.015,90.7852927825692,83.0,41.341,0.036,458.8125,204.25,42.0165138244629,135.315710067749,4388,799,0,240,91
1128,109,11.1111111111111,90.0,83.0,41.341,0.036,460.5625,204.25,42.0194664001465,135.553121566772,4504,833,0,260,106
1129,109,11.1111111111111,90.0,83.0,41.341,0.036,459.3125,203.25,42.0191955566406,135.549875259399,4499,833,0,259,103
1130,109,11.1111111111111,90.0,83.0,41.341,0.036,459.75,203.25,42.0204200744629,135.539632797241,4487,831,0,258,104
1131,109,11.1111111111111,90.0,83.0,41.341,0.036,459.3125,203.25,42.0191955566406,135.535440444946,4479,831,0,258,102
1132,109,11.1111111111111,90.0,83.0,41.341,0.036,459.3125,203.25,42.0191955566406,135.516561508179,4471,830,0,252,98
1133,109,11.1111111111111,90.0,83.0,41.341,0.036,459.0625,203.25,42.0189247131348,135.496557235718,4445,828,0,250,88
1134,109,11.1111111111111,90.0,83.0,41.341,0.036,459.0625,203.25,42.0189247131348,135.431657791138,4399,820,0,245,83
1135,109,11.1111111111111,90.0,83.0,41.341,0.036,459.0,203.25,42.0197601318359,135.409112930298,4383,816,0,238,79
1136,110,11.1111111111111,90.0,83.0,41.341,0.036,458.8125,203.25,42.0187301635742,135.385526657104,4351,815,0,236,70
1137,110,11.1111111111111,90.0,83.0,41.341,0.036,458.8125,203.25,42.0187301635742,135.34282875061,4326,812,0,233,66
1138,110,11.1111111111111,90.0,83.0,41.341,0.036,458.3125,203.25,42.0183868408203,135.327966690063,4317,812,0,235,63
1139,110,10.9127777777778,91.6356971949294,83.0,41.341,0.036,458.3125,203.25,42.0183868408203,135.315397262573,4319,811,0,234,65
1140,110,10.306,97.0308558121483,83.0,41.341,0.036,458.25,203.25,42.0191459655762,135.309762954712,4314,810,0,232,64
1141,110,13.6653333333333,73.177871011806,83.0,41.341,0.036,458.0625,203.25,42.0181159973145,135.314126968384,4316,811,0,231,64
1142,110,11.6666666666667,85.7142857142857,83.0,41.341,0.036,458.0625,203.25,42.0181159973145,135.291765213013,4296,810,0,236,63
1143,110,13.1493333333331,76.0494828635178,83.0,41.341,0.036,458.0625,203.25,42.0181159973145,135.290205001831,4292,810,0,234,60
1144,110,11.6666666666667,85.7142857142857,83.0,41.341,0.036,458.0625,203.25,42.0181159973145,135.272916793823,4269,809,0,232,53
1145,111,11.6666666666667,85.7142857142857,83.0,41.341,0.036,458.25,203.25,42.0191459655762,135.266431808472,4285,809,0,234,57
1146,111,11.6666666666667,85.7142857142857,83.0,41.341,0.036,456.8125,202.25,42.0178451538086,135.260461807251,4278,808,0,235,56
1147,111,11.6666666666667,85.7142857142857,83.0,41.341,0.036,456.8125,202.25,42.0178451538086,135.253202438354,4263,808,0,235,53
1148,111,11.4526666666669,87.3159089586105,83.0,41.341,0.036,456.8125,202.25,42.0178451538086,135.241876602173,4247,807,0,234,47
1149,111,11.1111111111111,90.0,83.0,41.341,0.036,456.8125,202.25,42.0178451538086,135.215570449829,4244,805,0,231,48
1150,111,11.1111111111111,90.0,83.0,41.341,0.036,456.5,202.25,42.0164642333984,135.191778182983,4229,803,0,232,46
1151,111,11.1111111111111,90.0,83.0,41.341,0.036,456.0625,202.25,42.0152397155762,135.190011978149,4226,803,0,231,44
1152,111,11.1111111111111,90.0,83.0,41.341,0.036,456.0625,202.25,42.0152397155762,135.164880752563,4241,803,0,227,50
1153,112,11.1111111111111,90.0,83.0,41.341,0.036,455.5625,202.25,42.0128288269043,135.127115249634,4218,794,0,223,47
1154,112,11.1111111111111,90.0,83.0,41.341,0.036,454.8125,202.25,42.0107688903809,135.088037490845,4192,790,0,221,44
1155,112,11.1111111111111,90.0,83.0,41.341,0.036,457.25,202.25,42.0132675170898,135.306272506714,4309,812,0,231,59
1156,112,11.1111111111111,90.0,83.0,41.341,0.036,457.0625,202.25,42.0122375488281,135.288503646851,4305,810,0,230,61
1157,112,11.1111111111111,90.0,83.0,41.341,0.036,456.8125,202.25,42.0120429992676,135.263093948364,4295,807,0,228,61
1158,112,11.1111111111111,90.0,83.0,41.341,0.036,456.5625,202.25,42.011848449707,135.252973556519,4283,806,0,227,58
1159,112,11.1111111111111,90.0,83.0,41.341,0.036,458.3125,202.25,42.0135688781738,135.434251785278,4363,813,0,229,75
1160,112,11.1111111111111,90.0,83.0,41.341,0.036,458.5,202.25,42.0145988464355,135.411260604858,4337,810,0,225,68
1161,112,11.1111111111111,90.0,83.0,41.341,0.036,458.3125,202.25,42.0135688781738,135.402673721313,4320,810,0,225,64
1162,113,11.1111111111111,90.0,83.0,41.341,0.036,458.3125,202.25,42.0135688781738,135.383817672729,4305,807,0,221,62
1163,113,11.1111111111111,90.0,83.0,41.341,0.036,460.1875,203.875,42.0138397216797,135.395132064819,4301,808,0,221,58
1164,113,11.1111111111111,90.0,83.0,41.341,0.036,460.1875,203.875,42.0138397216797,135.402891159058,4300,809,0,223,56
1165,113,11.1111111111111,90.0,83.0,41.341,0.036,463.375,203.875,42.0169906616211,135.603338241577,4405,821,0,229,80
1166,113,11.1111111111111,90.0,83.0,41.341,0.036,463.1875,203.875,42.0159606933594,135.602304458618,4402,821,0,229,79
1167,113,11.1111111111111,90.0,83.0,41.341,0.036,463.4375,203.875,42.0161552429199,135.607877731323,4393,821,0,230,81
1168,113,11.1111111111111,90.0,83.0,41.341,0.036,463.4375,203.875,42.0161552429199,135.612558364868,4391,821,0,228,80
1169,113,11.1111111111111,90.0,83.0,41.341,0.036,463.4375,203.875,42.0161552429199,135.62957572937,4397,822,0,227,79
1170,113,11.1111111111111,90.0,83.0,41.341,0.036,464.25,204.25,42.0174560546875,135.639242172241,4393,822,0,231,78
1171,114,11.1111111111111,90.0,83.0,41.341,0.036,464.5625,204.25,42.0188369750977,135.703130722046,4419,827,0,233,81
1172,114,11.1111111111111,90.0,83.0,41.341,0.036,464.5625,204.25,42.0188369750977,135.701448440552,4422,827,0,235,82
1173,114,11.1111111111111,90.0,83.0,41.341,0.036,464.5625,204.25,42.0188369750977,135.698732376099,4422,825,0,236,84
1174,114,11.1111111111111,90.0,83.0,41.341,0.036,465.0625,204.25,42.0212478637695,135.742605209351,4442,828,0,237,87
1175,114,11.1111111111111,90.0,83.0,41.341,0.036,465.25,204.25,42.0222778320313,135.66596031189,4418,810,0,240,86
1176,114,11.1111111111111,90.0,83.0,41.341,0.036,462.625,204.25,42.0196113586426,135.679197311401,4425,811,0,240,86
1177,114,11.1111111111111,90.0,83.0,41.341,0.036,462.875,204.25,42.0198822021484,135.68300819397,4421,811,0,239,84
1178,114,11.1111111111111,90.0,83.0,41.341,0.036,463.125,204.25,42.0200309753418,135.58819770813,4417,808,0,235,87
1179,114,11.1111111111111,90.0,83.0,41.341,0.036,461.625,204.25,42.0184898376465,135.463445663452,4353,800,0,229,76
1180,115,11.1111111111111,90.0,83.0,41.341,0.036,460.3125,204.25,42.0184593200684,135.513311386108,4382,804,0,233,82
1181,115,11.1111111111111,90.0,83.0,41.341,0.036,460.125,204.25,42.0174293518066,135.463048934937,4366,796,0,230,82
1182,115,11.1111111111111,90.0,83.0,41.341,0.036,459.625,204.25,42.0171546936035,135.455282211304,4354,796,0,230,74
1183,115,11.1111111111111,90.0,83.0,41.341,0.036,459.625,204.25,42.0171546936035,135.471601486206,4361,797,0,230,74
1184,115,11.1111111111111,90.0,83.0,41.341,0.036,459.875,204.25,42.0174255371094,135.384992599487,4318,788,0,227,71
1185,115,10.7023333333334,93.4375681315597,83.0,41.341,0.036,459.0625,204.25,42.0176773071289,135.369134902954,4307,786,0,225,67
1186,115,14.5116666666664,68.910072355577,83.0,41.341,0.036,458.875,204.25,42.0166473388672,135.36021232605,4296,785,0,220,63
1187,115,11.6666666666667,85.7142857142857,87.0,30.306,0.038,458.875,204.25,42.0166473388672,135.329183578491,4278,779,0,217,64
1188,115,11.6666666666667,85.7142857142857,87.0,30.306,0.038,458.875,204.25,42.0166473388672,135.292043685913,4261,773,0,213,60
1189,116,11.6666666666667,85.7142857142857,87.0,30.306,0.038,457.75,202.625,42.0189819335938,135.347497940063,4275,778,0,211,62
1190,116,11.6666666666667,85.7142857142857,87.0,30.306,0.038,458.6875,203.625,42.0198173522949,135.352479934692,4268,779,0,211,59
1191,116,11.6666666666667,85.7142857142857,87.0,30.306,0.038,458.25,203.625,42.0186386108398,135.352457046509,4267,779,0,211,58
1192,116,11.6666666666667,85.7142857142857,87.0,30.306,0.038,458.75,203.625,42.0210494995117,135.393465042114,4281,782,0,213,59
1193,116,11.6666666666667,85.7142857142857,87.0,30.306,0.038,458.75,203.625,42.0210494995117,135.244481086731,4272,780,0,212,59
1194,116,11.6666666666667,85.7142857142857,87.0,30.306,0.038,458.5,203.625,42.0208854675293,135.062848091125,4272,780,0,214,58
1195,116,11.6666666666667,85.7142857142857,87.0,30.306,0.038,458.9375,203.625,42.0220642089844,135.088852882385,4278,784,0,218,61
1196,116,11.6666666666667,85.7142857142857,87.0,30.306,0.038,459.0,203.625,42.0212287902832,135.113438606262,4292,786,0,218,63
1197,116,11.6666666666667,85.7142857142857,87.0,30.306,0.038,460.0,204.625,42.0212287902832,135.109482765198,4278,786,0,219,55
1198,117,11.6666666666667,85.7142857142857,87.0,30.306,0.038,462.4375,204.625,42.0359802246094,135.210415840149,4334,787,0,218,70
1199,117,11.6666666666667,85.7142857142857,87.0,30.306,0.038,460.125,204.625,42.0307807922363,135.200474739075,4333,787,0,218,68
1200,117,11.6666666666667,85.7142857142857,87.0,30.306,0.038,460.3125,204.625,42.031810760498,135.198864936829,4328,787,0,218,65
1201,117,11.6666666666667,85.7142857142857,87.0,30.306,0.038,461.625,204.625,42.038013458252,135.281224250793,4364,791,0,218,72
1202,117,11.6666666666667,85.7142857142857,87.0,30.306,0.038,461.125,204.625,42.0356025695801,135.230751991272,4342,787,0,215,69
1203,117,11.6666666666667,85.7142857142857,87.0,30.306,0.038,460.25,204.25,42.0351371765137,135.237614631653,4336,788,0,215,64
1204,117,11.6666666666667,85.7142857142857,87.0,30.306,0.038,461.0,204.25,42.0357055664063,135.315602302551,4377,798,0,224,68
1205,117,11.6666666666667,85.7142857142857,87.0,30.306,0.038,461.4375,204.25,42.0369300842285,135.210877418518,4330,790,0,218,66
1206,118,11.6666666666667,85.7142857142857,87.0,30.306,0.038,459.75,204.25,42.0328330993652,135.209942817688,4330,789,0,217,68
1207,118,11.6666666666667,85.7142857142857,87.0,30.306,0.038,459.25,204.25,42.0325355529785,135.212243080139,4334,789,0,217,69
1208,118,11.6666666666667,85.7142857142857,87.0,30.306,0.038,459.25,204.25,42.0325355529785,135.210515022278,4335,789,0,217,68
1209,118,11.6666666666667,85.7142857142857,87.0,30.306,0.038,459.25,204.25,42.0325355529785,135.211876869202,4335,789,0,217,68
1210,118,11.6666666666667,85.7142857142857,87.0,30.306,0.038,459.4375,204.25,42.0335655212402,135.205777168274,4344,786,0,213,71
1211,118,11.6666666666667,85.7142857142857,87.0,30.306,0.038,459.5,204.25,42.0328063964844,135.204834938049,4326,784,0,212,65
1212,118,11.6666666666667,85.7142857142857,87.0,30.306,0.038,459.5,204.25,42.0328063964844,135.193657875061,4320,784,0,216,62
1213,118,11.6666666666667,85.7142857142857,87.0,30.306,0.038,459.75,204.25,42.0330009460449,135.220582008362,4334,786,0,217,65
1214,118,11.6666666666667,85.7142857142857,87.0,30.306,0.038,459.75,204.25,42.0330009460449,135.181443214417,4309,782,0,214,63
1215,119,11.6666666666667,85.7142857142857,87.0,30.306,0.038,460.125,204.25,42.0409660339355,135.130383491516,4280,769,0,209,59
1216,119,11.6666666666667,85.7142857142856,87.0,30.306,0.038,459.125,204.25,42.0357513427734,135.106095314026,4265,767,0,208,56
1217,119,11.6666666666667,85.7142857142857,87.0,30.306,0.038,458.875,204.25,42.0356025695801,135.121315956116,4271,768,0,208,56
1218,119,20.0540000000002,49.8653635184995,87.0,30.306,0.038,459.125,204.25,42.0358734130859,135.093926429749,4261,765,0,207,56
1219,119,16.658,60.0312162324409,87.0,30.306,0.038,458.8125,204.25,42.0344924926758,135.089978218079,4263,765,0,209,56
1220,119,15.875,62.992125984252,87.0,30.306,0.038,458.625,204.25,42.0334625244141,135.015160560608,4243,760,0,212,52
1221,119,12.5,80.0,87.0,30.306,0.038,457.875,204.25,42.0307807922363,134.990864753723,4232,758,0,209,52
1222,120,13.3333333333333,75.0,87.0,30.306,0.038,457.625,204.25,42.0305862426758,135.005074501038,4236,759,0,209,51
1223,120,14.2857142857143,70.0,87.0,30.306,0.038,459.8125,204.25,42.034725189209,134.034957885742,4295,765,0,227,65
1224,120,12.2939523809521,81.3408063585286,87.0,30.306,0.038,455.5625,203.875,40.4134941101074,133.98828125,4263,763,0,226,56
1225,120,14.2857142857143,70.0,87.0,30.306,0.038,455.3125,203.875,40.4132995605469,133.919677734375,4243,757,0,222,56
1226,120,13.8888888888889,72.0,87.0,30.306,0.038,454.3125,203.875,40.4084777832031,133.856864929199,4233,753,0,217,58
1227,120,21.4213968253971,46.6822965911544,87.0,30.306,0.038,453.3125,203.875,40.4056015014648,133.843647003174,4221,751,0,219,54
1228,120,13.8888888888889,72.0,87.0,30.306,0.038,453.75,203.875,40.4069023132324,133.663166046143,4144,733,0,209,48
1229,121,14.2857142857143,70.0,87.0,30.306,0.038,452.3125,203.875,40.3988952636719,133.74528503418,4177,741,0,211,52
1230,121,14.2857142857143,70.0,87.0,30.306,0.038,452.5625,203.875,40.3990898132324,133.724170684814,4168,738,0,213,52
1231,121,7.94368253968229,125.88619887622,87.0,30.306,0.038,451.1875,202.875,40.3954544067383,133.718116760254,4158,738,0,213,48
1232,121,14.2857142857143,70.0,87.0,30.306,0.038,451.1875,202.875,40.3954544067383,133.677249908447,4145,734,0,210,48
1233,121,13.8888888888889,72.0,87.0,30.306,0.038,450.875,202.875,40.3960189819336,133.678775787354,4145,735,0,207,46
1234,121,13.8888888888889,72.0,87.0,30.306,0.038,450.6875,202.875,40.3949890136719,133.646533966064,4122,732,0,208,44
1235,121,13.8888888888889,72.0,87.0,30.306,0.038,450.6875,202.875,40.3949890136719,133.658401489258,4121,733,0,209,42
1236,122,11.624285714286,86.0267912006864,87.0,30.306,0.038,450.6875,202.875,40.3949890136719,133.647518157959,4106,732,0,208,36
1237,122,10.969,91.1660133102379,87.0,30.306,0.038,450.6875,202.875,40.3949890136719,133.635303497314,4115,733,0,211,36
1238,122,12.74,78.4929356357928,87.0,30.306,0.038,453.375,202.875,40.3976821899414,133.811344146729,4222,751,0,221,53
1239,122,11.953,83.6610056052874,87.0,30.306,0.038,454.9375,202.875,40.3978157043457,133.961448669434,4308,761,0,221,68
1240,122,10.579,94.5268929010304,87.0,30.306,0.038,454.9375,202.875,40.3978157043457,133.956405639648,4304,760,0,220,67
1241,122,11.496,86.9867780097425,87.0,30.306,0.038,454.9375,202.875,40.3978157043457,133.969863891602,4317,762,0,219,69
1242,122,11.864,84.2886041807148,87.0,30.306,0.038,456.6875,202.875,40.3995361328125,134.145225524902,4370,771,0,233,75
1243,122,11.36,88.0281690140845,87.0,30.306,0.038,456.875,202.875,40.4005661010742,133.163695335388,4312,741,0,230,73
1244,122,10.658,93.8262338149747,87.0,30.306,0.038,452.625,202.5,38.8142395019531,133.166224479675,4339,744,0,229,78
1245,123,20.5663333333333,48.6231543460996,87.0,30.306,0.038,464.6875,213.5,38.8187065124512,133.233061790466,4403,748,0,227,89
1246,123,11.9047619047619,84.0,87.0,30.306,0.038,463.9375,213.5,38.8166465759277,133.226881980896,4403,745,0,228,92
1247,123,12.5,80.0,87.0,30.306,0.038,464.5625,213.5,38.8137741088867,133.276175498962,4418,748,0,233,95
1248,123,12.4999047619045,80.0006095284552,87.0,30.306,0.038,464.75,213.5,38.8148040771484,133.273356437683,4417,747,0,232,95
1249,123,12.5,80.0,87.0,30.306,0.038,464.5625,213.5,38.8137741088867,133.270483970642,4417,746,0,226,95
1250,123,12.5,80.0,87.0,30.306,0.038,464.5625,213.5,38.8137741088867,133.268095970154,4423,743,0,231,100
1251,123,12.5,80.0,87.0,30.306,0.038,464.5625,213.5,38.8137741088867,133.253321647644,4413,740,0,228,99
1252,124,12.5,80.0000000000001,87.0,30.306,0.038,465.0625,213.5,38.8161849975586,133.331976890564,4428,745,0,232,99
1253,124,12.5,80.0,87.0,30.306,0.038,465.25,213.5,38.8172149658203,133.301379203796,4419,742,0,232,101
1254,124,12.5,80.0,87.0,30.306,0.038,465.3125,213.5,38.8184013366699,133.338656425476,4423,745,0,236,99
1255,124,12.5,80.0,87.0,30.306,0.038,465.3125,213.5,38.8184013366699,133.319140434265,4399,744,0,234,96
1256,124,12.5,80.0,87.0,30.306,0.038,465.3125,213.5,38.8184013366699,133.322123527527,4396,744,0,236,94
1257,124,12.5,80.0,87.0,30.306,0.038,465.5625,213.5,38.8185501098633,133.354086875916,4407,749,0,234,97
1258,124,12.5,80.0,87.0,30.306,0.038,465.75,213.5,38.819580078125,133.344511985779,4392,748,0,234,91
1259,124,12.4820000000003,80.1153661272215,87.0,30.306,0.038,465.5625,213.5,38.8185501098633,133.07980632782,4313,730,0,219,89
1260,125,11.381,87.8657411475266,87.0,30.306,0.038,462.0625,213.5,38.815559387207,133.049445152283,4297,731,0,218,83
1261,125,12.5,80.0,87.0,30.306,0.038,463.6875,215.125,38.8156356811523,133.025103569031,4290,726,0,216,83
1262,125,12.5,80.0,87.0,30.306,0.038,463.4375,215.125,38.8155555725098,133.017580986023,4284,722,0,214,82
1263,125,11.649,85.8442784788394,87.0,30.306,0.038,463.625,215.125,38.8165855407715,133.006747245789,4270,721,0,213,77
1264,125,10.654,93.8614604843251,87.0,30.306,0.038,463.4375,215.125,38.8155555725098,132.98255443573,4256,719,0,212,76
1265,125,10.874,91.9624793084422,87.0,30.306,0.038,463.1875,215.125,38.8153610229492,132.979350090027,4250,719,0,210,72
1266,125,11.166,89.5575855274942,87.0,30.306,0.038,463.1875,215.125,38.8153610229492,132.976313591003,4249,718,0,209,72
1267,125,15.7063333333333,63.6685837984677,87.0,30.306,0.038,463.1875,215.125,38.8153610229492,132.974165916443,4244,717,0,208,71
1268,125,16.0876666666664,62.1594181878468,81.0,37.182,0.067,463.75,215.5,38.8165130615234,132.844820976257,4197,705,0,198,70
1269,126,12.962962962963,77.1428571428571,81.0,37.182,0.067,463.8125,215.5,38.8300666809082,133.031397819519,4268,721,0,208,81
1270,126,12.962962962963,77.1428571428571,81.0,37.182,0.067,463.6875,215.5,38.8267021179199,133.01783657074,4252,720,0,208,73
1271,126,12.962962962963,77.1428571428571,81.0,37.182,0.067,464.1875,215.5,38.8291130065918,133.059569358826,4267,723,0,210,75
1272,126,12.962962962963,77.1428571428571,81.0,37.182,0.067,464.1875,215.5,38.8291130065918,132.971755027771,4228,715,0,206,73
1273,126,12.5,80.0,81.0,37.182,0.067,463.375,215.5,38.8293647766113,132.981570243835,4238,716,0,206,74
1274,126,12.5,80.0,81.0,37.182,0.067,463.9375,215.5,38.8289489746094,133.031012535095,4253,721,0,212,80
1275,126,12.5,80.0,81.0,37.182,0.067,463.9375,215.5,38.8289489746094,133.003203392029,4236,715,0,212,79
1276,127,12.5,80.0,81.0,37.182,0.067,465.125,215.5,38.8386840820313,133.062876701355,4271,710,0,213,84
1277,127,12.5,80.0,81.0,37.182,0.067,464.3125,215.5,38.8325080871582,133.059275627136,4266,710,0,213,82
1278,127,12.5,80.0,81.0,37.182,0.067,465.0,215.5,38.8359489440918,133.056330680847,4268,709,0,213,84
1279,127,12.5,80.0,81.0,37.182,0.067,464.5625,215.5,38.8327026367188,133.088877677917,4284,711,0,214,87
1280,127,12.5,80.0,81.0,37.182,0.067,464.8125,215.5,38.8329734802246,133.082709312439,4277,709,0,213,86
1281,127,12.5,80.0,81.0,37.182,0.067,464.8125,215.5,38.8329734802246,133.073882102966,4266,708,0,212,82
1282,127,12.5,80.0,81.0,37.182,0.067,465.3125,215.5,38.8333168029785,133.133429527283,4293,715,0,216,85
1283,127,12.3721481481484,80.8267075390346,81.0,37.182,0.067,465.5,215.5,38.8343467712402,133.07373714447,4271,711,0,211,87
1284,128,12.5,80.0,81.0,37.182,0.067,464.5625,215.5,38.8328552246094,133.057765007019,4267,709,0,210,88
1285,128,12.5,80.0,81.0,37.182,0.067,463.4375,214.875,38.8324356079102,133.050761222839,4255,709,0,210,84
1286,128,12.5,80.0,81.0,37.182,0.067,463.4375,214.875,38.8324813842773,133.069334983826,4262,710,0,211,86
1287,128,12.354,80.945442771572,81.0,37.182,0.067,463.4375,214.875,38.8324813842773,133.069483757019,4260,710,0,211,85
1288,128,11.612,86.1178091629349,81.0,37.182,0.067,463.625,214.875,38.8335113525391,133.06275844574,4258,708,0,208,85
1289,128,11.303,88.4720870565337,81.0,37.182,0.067,463.4375,214.875,38.8324813842773,133.0473279953,4236,707,0,205,76
1290,128,11.535,86.6926744690074,81.0,37.182,0.067,463.9375,214.875,38.8328399658203,133.087477684021,4252,710,0,207,80
1291,128,11.35,88.1057268722467,81.0,37.182,0.067,463.9375,214.875,38.8328399658203,133.086764335632,4261,710,0,207,82
1292,129,15.1219999999997,66.128818939295,81.0,37.182,0.067,465.9375,215.875,38.8376617431641,133.19593334198,4292,719,0,212,82
1293,129,11.5370000000003,86.677645835137,81.0,37.182,0.067,466.125,215.875,38.8386917114258,133.180251121521,4288,717,0,209,82
1294,129,11.935,83.7871805613741,81.0,37.182,0.067,466.6875,215.875,38.8423347473145,133.252348899841,4302,723,0,213,80
1295,129,11.095,90.1306894997747,81.0,37.182,0.067,466.6875,215.875,38.8423347473145,133.206656455994,4268,720,0,211,72
1296,129,10.952,91.3075237399562,81.0,37.182,0.067,466.1875,215.875,38.8381690979004,133.181303977966,4253,718,0,208,68
1297,129,11.334,88.2301041115228,81.0,37.182,0.067,465.9375,215.875,38.8379745483398,133.142352104187,4233,715,0,206,66
1298,129,11.812,84.6596681341009,81.0,37.182,0.067,465.875,215.875,38.836742401123,133.140154838562,4233,718,0,210,62
1299,129,11.063,90.3913947392208,81.0,37.182,0.067,465.0625,215.5,38.8355178833008,133.138663291931,4224,718,0,211,58
1300,129,11.113,89.9847026005579,81.0,37.182,0.067,465.0625,215.5,38.8355178833008,133.088660240173,4196,714,0,209,53
1301,130,11.6666666666667,85.7142857142857,81.0,37.182,0.067,465.3125,215.5,38.8337364196777,133.195269584656,4245,722,0,214,64
1302,130,14.1589999999997,70.6264566706702,81.0,37.182,0.067,465.3125,215.5,38.8337364196777,131.897680282593,4187,692,0,210,62
1303,130,11.3753333333336,87.9095118091756,81.0,37.182,0.067,461.4375,215.125,37.1998481750488,131.83745765686,4151,689,0,208,51
1304,130,10.817,92.4470740501063,81.0,37.182,0.067,460.75,215.125,37.1964073181152,131.797086715698,4127,685,0,205,47
1305,130,11.6666666666667,85.7142857142857,81.0,37.182,0.067,462.25,215.125,37.1979331970215,131.967473983765,4190,694,0,213,55
1306,130,11.6666666666667,85.7142857142857,81.0,37.182,0.067,462.5,215.125,37.1982040405273,131.933034896851,4171,690,0,214,52
1307,130,25.735,38.8575869438508,81.0,37.182,0.067,462.0,215.125,37.1957931518555,131.950506210327,4185,692,0,216,55
1308,131,45.4059999999997,22.0235211205569,81.0,37.182,0.067,462.6875,215.125,37.1972122192383,131.896684646606,4168,686,0,214,59
1309,131,17.7173333333336,56.4419024683916,81.0,37.182,0.067,462.375,214.125,37.1948738098145,132.074872970581,4246,712,0,232,70
1310,131,19.3693333333333,51.6280030288428,81.0,37.182,0.067,461.9375,214.125,37.1921501159668,132.074247360229,4246,712,0,230,69
1311,131,2.87266666666667,348.108609886285,81.0,37.182,0.067,461.75,214.125,37.1911201477051,131.99676322937,4210,703,0,225,62
1312,131,16.6666666666667,60.0,81.0,37.182,0.067,461.25,214.125,37.1906547546387,131.995569229126,4198,705,0,225,55
1313,132,14.5716666666667,68.6263296351367,81.0,37.182,0.067,461.75,214.125,37.191104888916,132.041940689087,4214,709,0,227,57
1314,132,11.1111111111111,90.0,81.0,37.182,0.067,461.75,214.125,37.191104888916,132.026117324829,4198,708,0,225,53
1315,132,11.1111111111111,90.0,81.0,37.182,0.067,463.625,214.125,37.193868637085,132.388655662537,4243,709,0,229,65
1316,132,11.9047619047619,84.0,81.0,37.182,0.067,462.1875,214.125,37.1878223419189,132.390654563904,4250,711,0,227,66
1317,132,12.5,80.0,81.0,37.182,0.067,462.1875,214.125,37.1878223419189,132.394129753113,4251,711,0,229,66
1318,132,11.8860158730159,84.1324806128049,81.0,37.182,0.067,462.1875,214.125,37.1878223419189,132.283518791199,4216,702,0,222,66
1319,132,10.947,91.3492280990226,81.0,37.182,0.067,459.9375,213.125,37.1827297210693,132.271910667419,4209,701,0,221,63
1320,132,10.847,92.1913893242371,81.0,37.182,0.067,460.125,213.125,37.1837596893311,132.270571708679,4200,702,0,220,60
1321,133,11.386,87.8271561566836,81.0,37.182,0.067,460.1875,213.125,37.1829242706299,132.291884422302,4216,703,0,225,66
1322,133,11.136,89.7988505747126,81.0,37.182,0.067,460.1875,213.125,37.1829242706299,132.154601097107,4188,694,0,217,66
1323,133,10.696,93.492894540015,81.0,37.182,0.067,458.6875,213.125,37.1813831329346,132.135371208191,4164,694,0,217,58
1324,133,10.977,91.0995718320124,81.0,37.182,0.067,458.6875,213.125,37.1813831329346,132.129435539246,4166,693,0,218,59
1325,133,11.029,90.6700516819295,81.0,37.182,0.067,458.875,213.125,37.1824131011963,132.136973381042,4173,694,0,217,60
1326,133,11.119,89.9361453368109,81.0,37.182,0.067,458.6875,213.125,37.1813831329346,132.137434959412,4169,694,0,219,59
1327,133,10.82,92.4214417744917,81.0,37.182,0.067,458.6875,213.125,37.1813831329346,132.129710197449,4162,693,0,219,59
1328,133,11.1111111111111,90.0,81.0,37.182,0.067,458.9375,213.125,37.1815776824951,132.113184928894,4151,690,0,216,59
1329,133,11.0708888888889,90.3269836809249,81.0,37.182,0.067,458.6875,213.125,37.1813831329346,132.08061504364,4128,687,0,214,54
1330,134,10.877,91.9371150133309,81.0,37.182,0.067,458.625,213.125,37.1822185516357,132.089133262634,4133,689,0,210,53
1331,134,10.815,92.464170134073,81.0,37.182,0.067,458.4375,213.125,37.181188583374,132.088381767273,4127,689,0,212,51
1332,134,10.842,92.2339051835455,81.0,37.182,0.067,458.4375,213.125,37.181188583374,132.098338127136,4145,692,0,212,53
1333,134,10.973,91.1327804611319,81.0,37.182,0.067,458.4375,213.125,37.181188583374,132.05753993988,4142,686,0,208,54
1334,134,10.962,91.2242291552636,81.0,37.182,0.067,458.0625,213.125,37.1801586151123,132.0317029953,4132,680,0,206,52
1335,134,10.6060606060606,94.2857142857143,81.0,37.182,0.067,457.6875,213.125,37.1791286468506,132.008917808533,4119,678,0,205,51
1336,134,10.6060606060606,94.2857142857143,81.0,37.182,0.067,457.625,213.125,37.1799640655518,132.007586479187,4116,678,0,203,49
1337,134,10.6060606060606,94.2857142857143,81.0,37.182,0.067,457.4375,213.125,37.17893409729,132.006415367126,4112,678,0,203,48
1338,134,10.6060606060606,94.2857142857143,81.0,37.182,0.067,457.4375,213.125,37.17893409729,132.000517845154,4115,677,0,204,49
1339,134,10.6060606060606,94.2857142857143,81.0,37.182,0.067,457.4375,213.125,37.17893409729,131.864005088806,4065,666,0,193,48
1340,135,10.6060606060606,94.2857142857143,81.0,37.182,0.067,455.9375,213.125,37.179895401001,131.793890953064,4039,662,0,187,49
1341,135,10.6060606060606,94.2857142857143,81.0,37.182,0.067,453.9375,213.125,37.1784610748291,131.728007316589,4019,648,0,181,45
1342,135,10.6060606060606,94.2857142857143,81.0,37.182,0.067,454.0625,213.125,37.1815242767334,131.755663871765,4010,651,0,183,41
1343,135,10.6060606060606,94.2857142857143,81.0,37.182,0.067,454.125,213.125,37.1806888580322,131.489824295044,3978,642,0,175,37
1344,135,10.6060606060606,94.2857142857143,81.0,37.182,0.067,452.4375,213.125,37.178955078125,131.289960861206,3949,642,0,175,28
1345,135,10.6060606060606,94.2857142857143,81.0,37.182,0.067,452.4375,213.125,37.178955078125,131.271780014038,3944,640,0,172,29
1346,135,10.6060606060606,94.2857142857143,81.0,37.182,0.067,452.4375,213.125,37.1789093017578,131.306859970093,3961,645,0,176,30
1347,135,10.6060606060606,94.2857142857143,81.0,37.182,0.067,452.4375,213.125,37.1789093017578,131.290182113647,3937,644,0,176,26
1348,135,10.6060606060606,94.2857142857143,80.0,42.338,0.053,452.625,213.125,37.1799392700195,131.281526565552,3926,643,0,176,28
1349,136,10.6060606060606,94.2857142857143,80.0,42.338,0.053,452.6875,213.125,37.1856384277344,131.261846542358,3922,633,0,176,30
1350,136,29.7624242424243,33.5994135375091,80.0,42.338,0.053,452.5625,213.125,37.1822738647461,131.265947341919,3927,633,0,176,32
1351,136,16.6666666666667,60.0,80.0,42.338,0.053,452.5625,213.125,37.1822738647461,131.256113052368,3933,630,0,175,34
1352,136,16.6666666666667,60.0,80.0,42.338,0.053,452.75,213.125,37.1833038330078,131.147928237915,3870,620,0,170,29
1353,136,16.6666666666667,60.0,80.0,42.338,0.053,451.3125,213.125,37.1756820678711,131.143007278442,3865,620,0,168,26
1354,136,11.0486666666667,90.5086586616786,80.0,42.338,0.053,451.3125,213.125,37.1756820678711,131.043409347534,3820,612,0,162,25
1355,137,11.29,88.5739592559788,80.0,42.338,0.053,449.8125,213.125,37.1746826171875,131.019353866577,3811,610,0,162,25
1356,137,14.5833333333333,68.5714285714286,80.0,42.338,0.053,451.625,214.75,37.1757888793945,131.048540115356,3821,613,0,163,25
1357,137,11.3006666666667,88.4903545513539,80.0,42.338,0.053,451.4375,214.75,37.1747589111328,131.049684524536,3821,613,0,163,25
1358,137,10.791,92.6698174404596,80.0,42.338,0.053,451.4375,214.75,37.1747589111328,131.049833297729,3819,613,0,163,24
1359,137,10.791,92.6698174404596,80.0,42.338,0.053,451.4375,214.75,37.1747589111328,131.044305801392,3808,613,0,163,17
1360,137,11.086,90.203860725239,80.0,42.338,0.053,451.4375,214.75,37.1747589111328,131.024026870728,3799,611,0,162,17
1361,137,10.858,92.0979922637687,80.0,42.338,0.053,451.375,214.75,37.175594329834,130.980081558228,3779,607,0,160,16
1362,137,10.722,93.2661816825219,80.0,42.338,0.053,450.6875,214.75,37.1741752624512,130.995420455933,3785,608,0,157,15
1363,137,12.5,80.0,80.0,42.338,0.053,451.3125,215.125,37.174446105957,131.001531600952,3786,608,0,156,15
1364,138,12.5,80.0,80.0,42.338,0.053,455.5,215.125,37.1814575195313,131.631091117859,3978,642,0,167,48
1365,138,12.5,80.0,80.0,42.338,0.053,454.75,215.125,37.1788520812988,131.619460105896,3971,640,0,167,47
1366,138,12.1212121212121,82.5,80.0,42.338,0.053,455.9375,215.125,37.1847038269043,131.660502433777,3987,642,0,168,51
1367,138,12.1212121212121,82.5,80.0,42.338,0.053,455.25,215.125,37.1812629699707,131.65801525116,3984,642,0,168,50
1368,138,12.1212121212121,82.5,80.0,42.338,0.053,455.25,215.125,37.1812629699707,131.65874004364,3983,642,0,168,50
1369,138,12.82703030303,77.960367783943,80.0,42.338,0.053,455.25,215.125,37.1812629699707,131.675753593445,3991,643,0,170,51
1370,138,12.1212121212121,82.5,80.0,42.338,0.053,456.5,215.125,37.1822204589844,131.802248954773,4051,657,0,182,59
1371,138,12.1212121212121,82.5,80.0,42.338,0.053,456.6875,215.125,37.1832504272461,131.808192253113,4048,657,0,185,57
1372,139,12.1212121212121,82.5,80.0,42.338,0.053,457.0,215.125,37.1826095581055,131.892706871033,4078,661,0,191,62
1373,139,12.1212121212121,82.5,80.0,42.338,0.053,457.0,215.125,37.1826095581055,131.856810569763,4059,658,0,190,59
1374,139,11.4984848484852,86.9679799710083,80.0,42.338,0.053,456.75,215.125,37.1824150085449,131.856505393982,4058,658,0,190,58
1375,139,11.269,88.7390185464549,80.0,42.338,0.053,456.75,215.125,37.1824150085449,131.100752830505,3997,623,0,188,57
1376,139,11.233,89.0234131576605,80.0,42.338,0.053,437.9375,213.75,22.087287902832,130.70300579071,3996,620,0,184,57
1377,139,10.884,91.8779860345461,80.0,42.338,0.053,438.0,213.75,22.0865287780762,130.694533348084,3976,618,0,185,50
1378,139,11.6666666666667,85.7142857142857,80.0,42.338,0.053,438.25,213.75,22.0866928100586,131.029979705811,3964,619,0,187,41
1379,139,11.6666666666667,85.7142857142857,80.0,42.338,0.053,438.5,213.75,22.0868873596191,131.072860717773,3982,623,0,188,44
1380,139,11.6666666666667,85.7142857142857,80.0,42.338,0.053,438.75,213.75,22.0870819091797,131.056369781494,3977,621,0,188,44
1381,140,11.452,87.3209919664687,80.0,42.338,0.053,437.0625,212.125,22.0878410339355,131.026390075684,3975,618,0,186,46
1382,140,11.6666666666667,85.7142857142857,80.0,42.338,0.053,437.625,213.125,22.0866622924805,131.03243637085,3973,619,0,186,44
1383,140,11.6666666666667,85.7142857142857,80.0,42.338,0.053,437.25,213.125,22.0831489562988,131.032302856445,3972,619,0,185,43
1384,140,11.6666666666667,85.7142857142857,80.0,42.338,0.053,437.5,213.125,22.0833435058594,131.050609588623,3974,620,0,185,43
1385,140,10.936,91.441111923921,80.0,42.338,0.053,437.5,213.125,22.0833435058594,131.047569274902,3966,620,0,185,41
1386,140,10.662,93.79103357719,80.0,42.338,0.053,437.6875,213.125,22.0843734741211,131.046966552734,3962,620,0,185,39
1387,140,11.636,85.940185630801,80.0,42.338,0.053,437.5,213.125,22.0833435058594,131.040771484375,3983,620,0,193,46
1388,140,10.535,94.921689606075,80.0,42.338,0.053,437.5,213.125,22.0833435058594,131.041202545166,3985,620,0,191,45
1389,141,14.7429999999997,67.8288001085276,80.0,42.338,0.053,439.5,214.125,22.0881652832031,131.168300628662,4027,629,0,196,49
1390,141,15.3463333333337,65.1621451378166,80.0,42.338,0.053,439.5,214.125,22.0881652832031,131.169044494629,4028,629,0,189,50
1391,141,11.9047619047619,84.0,80.0,42.338,0.053,440.6875,214.125,22.0940170288086,131.237449645996,4034,635,0,193,48
1392,141,11.9047619047619,84.0,80.0,42.338,0.053,440.5,214.125,22.0929870605469,131.197948455811,4017,632,0,189,47
1393,141,10.8441428571425,92.2156793002175,80.0,42.338,0.053,440.0,214.125,22.090576171875,131.161399841309,4004,629,0,187,45
1394,141,11.9047619047619,84.0,80.0,42.338,0.053,439.5,214.125,22.0881652832031,131.17008972168,4002,630,0,185,40
1395,141,11.9047619047619,84.0,80.0,42.338,0.053,440.0,214.125,22.0885848999023,131.140567779541,3995,630,0,189,40
1396,141,11.9047619047619,84.0,80.0,42.338,0.053,439.0625,213.75,22.0869331359863,131.05297088623,3964,622,0,182,41
1397,142,11.9047619047619,84.0,80.0,42.338,0.053,438.125,213.75,22.0832977294922,131.084339141846,3970,625,0,181,42
1398,142,11.9047619047619,84.0,80.0,42.338,0.053,439.5,213.75,22.0851058959961,131.282474517822,4057,651,0,192,54
1399,142,11.9047619047619,84.0,80.0,42.338,0.053,439.5,213.75,22.0851058959961,131.275695800781,4052,651,0,193,50
1400,142,11.9047619047619,84.0,80.0,42.338,0.053,439.5,213.75,22.0851058959961,131.226932525635,4023,647,0,191,48
1401,142,11.9047619047619,84.0,80.0,42.338,0.053,439.1875,213.75,22.0857467651367,131.24352645874,4040,647,0,189,52
1402,142,11.9047619047619,84.0,80.0,42.338,0.053,439.25,213.75,22.0849876403809,131.230163574219,4031,646,0,189,49
1403,142,11.9047619047619,84.0,80.0,42.338,0.053,439.5,213.75,22.0851821899414,131.252223968506,4029,646,0,188,46
1404,142,11.790047619048,84.81729949796,80.0,42.338,0.053,439.5,213.75,22.0851821899414,131.214874267578,4006,642,0,184,44
1405,142,11.6666666666667,85.7142857142857,80.0,42.338,0.053,439.25,213.75,22.0849876403809,131.230010986328,4014,644,0,184,46
1406,143,11.6666666666667,85.7142857142857,80.0,42.338,0.053,439.6875,213.75,22.0862121582031,131.144088745117,3971,636,0,182,42
1407,143,11.6666666666667,85.7142857142857,80.0,42.338,0.053,437.5,212.75,22.0842971801758,131.119041442871,3952,634,0,182,37
1408,143,11.6666666666667,85.7142857142857,80.0,42.338,0.053,437.5,212.75,22.0842971801758,131.096530914307,3940,632,0,181,35
1409,143,11.6666666666667,85.7142857142857,80.0,42.338,0.053,437.25,212.75,22.0841026306152,131.077289581299,3936,630,0,179,36
1410,143,10.8289999999997,92.344630159759,80.0,42.338,0.053,437.0,212.75,22.0839080810547,131.076019287109,3932,630,0,180,35
1411,143,11.6666666666667,85.7142857142857,80.0,42.338,0.053,437.1875,212.75,22.0849380493164,131.075637817383,3937,630,0,182,36
1412,143,11.6666666666667,85.7142857142857,80.0,42.338,0.053,437.0,212.75,22.0839080810547,131.053901672363,3924,629,0,181,29
1413,143,11.6666666666667,85.7142857142857,80.0,42.338,0.053,436.75,212.75,22.0836372375488,131.052173614502,3922,629,0,180,27
1414,144,11.6666666666667,85.7142857142857,80.0,42.338,0.053,436.75,212.75,22.0836372375488,131.048534393311,3921,629,0,181,27
1415,144,11.6666666666667,85.7142857142857,80.0,42.338,0.053,436.75,212.75,22.0836372375488,131.050369262695,3922,629,0,181,27
1416,144,10.796666666667,92.6211793763479,80.0,42.338,0.053,436.9375,212.75,22.0846672058105,131.043422698975,3916,628,0,181,26
1417,144,10.443,95.7579239682084,80.0,42.338,0.053,436.75,212.75,22.0836372375488,130.972461700439,3895,621,0,176,26
1418,144,10.595,94.3841434638981,80.0,42.338,0.053,435.75,212.75,22.0788154602051,130.971538543701,3895,622,0,176,26
1419,144,10.595,94.3841434638981,80.0,42.338,0.053,435.75,212.75,22.0788154602051,130.970916748047,3890,622,0,177,24
1420,144,10.445,95.7395883197702,80.0,42.338,0.053,435.75,212.75,22.0788154602051,130.955947875977,3891,621,0,176,26
1421,144,10.489,95.3379731146916,80.0,42.338,0.053,434.5,211.75,22.0785446166992,130.857151031494,3856,612,0,171,25
1422,144,10.877,91.9371150133309,80.0,42.338,0.053,433.6875,211.75,22.0747528076172,130.870700836182,3869,615,0,171,27
1423,144,10.569,94.6163307786924,80.0,42.338,0.053,433.5,211.75,22.0737228393555,130.837715148926,3860,609,0,167,27
1424,145,10.44,95.7854406130268,80.0,42.338,0.053,433.125,211.75,22.0726928710938,130.839191436768,3861,609,0,167,28
1425,145,10.477,95.4471699914098,80.0,42.338,0.053,433.125,211.75,22.0726928710938,130.843437194824,3866,609,0,167,30
1426,145,10.535,94.921689606075,80.0,42.338,0.053,433.125,211.75,22.0726928710938,130.840400695801,3865,608,0,166,30
1427,145,10.387,96.2741888899586,80.0,42.338,0.053,433.125,211.75,22.0726928710938,130.839488983154,3861,608,0,166,29
1428,145,10.6060606060606,94.2857142857143,80.0,42.338,0.053,433.3125,211.75,22.0737228393555,130.760131835938,3841,590,0,166,29
1429,145,10.6060606060606,94.2857142857143,80.0,42.338,0.053,430.6875,211.75,22.0710563659668,130.769985198975,3861,590,0,166,37
1430,145,10.6060606060606,94.2857142857143,80.0,42.338,0.053,430.6875,211.75,22.0710563659668,130.745685577393,3852,586,0,157,36
1431,145,10.6060606060606,94.2857142857143,80.0,42.338,0.053,430.6875,211.75,22.0710563659668,130.711574554443,3819,584,0,156,29
1432,145,10.6060606060606,94.2857142857143,84.0,38.232,0.048,430.4375,211.75,22.0708618164063,130.710025787354,3816,584,0,156,27
1433,146,10.6060606060606,94.2857142857143,84.0,38.232,0.048,430.4375,211.75,22.0708618164063,130.680061340332,3799,581,0,155,25
1434,146,10.6060606060606,94.2857142857143,84.0,38.232,0.048,430.375,211.75,22.0716972351074,130.655948638916,3785,579,0,154,23
1435,146,20.8989090909091,47.8493875278396,84.0,38.232,0.048,429.9375,211.75,22.0704727172852,130.623737335205,3776,577,0,153,23
1436,146,11.1111111111111,90.0,84.0,38.232,0.048,429.6875,211.75,22.0702781677246,130.611068725586,3760,576,0,153,23
1437,146,13.3333333333333,75.0,84.0,38.232,0.048,429.6875,211.75,22.0702781677246,130.61243057251,3760,576,0,153,23
1438,146,12.0988888888886,82.6522178345142,84.0,38.232,0.048,429.875,211.75,22.0713081359863,130.614009857178,3760,576,0,151,23
1439,146,13.3333333333333,75.0,84.0,38.232,0.048,429.6875,211.75,22.0702781677246,130.61226272583,3755,576,0,151,21
1440,146,12.5,80.0,84.0,38.232,0.048,429.6875,211.75,22.0702781677246,130.612987518311,3754,576,0,151,21
1441,147,12.5,80.0,84.0,38.232,0.048,429.6875,211.75,22.0702781677246,130.618423461914,3753,575,0,150,22
1442,147,11.6666666666667,85.7142857142857,84.0,38.232,0.048,429.6875,211.75,22.0702781677246,130.610618591309,3748,573,0,148,22
1443,147,12.5,80.0,84.0,38.232,0.048,429.875,211.75,22.0713081359863,130.609420776367,3743,573,0,148,19
1444,147,12.1693333333337,82.1737701325714,84.0,38.232,0.048,429.6875,211.75,22.0702781677246,130.610565185547,3743,573,0,148,19
1445,147,10.474,95.4745083062822,84.0,38.232,0.048,429.6875,211.75,22.0702781677246,130.300758361816,3725,569,0,146,19
1446,147,10.361,96.515780330084,84.0,38.232,0.048,429.1875,211.75,22.0699501037598,129.939283370972,3725,569,0,146,19
1447,147,10.083,99.1768322919766,84.0,38.232,0.048,429.1875,211.75,22.0699501037598,129.940645217896,3725,569,0,146,19
1448,147,10.787,92.7041809585612,84.0,38.232,0.048,429.375,211.75,22.0709800720215,129.942224502563,3725,569,0,146,19
1449,147,10.249,97.570494682408,84.0,38.232,0.048,429.1875,211.75,22.0699501037598,129.943368911743,3725,569,0,146,19
1450,148,11.1111111111111,90.0,84.0,38.232,0.048,429.1875,211.75,22.0699501037598,129.948705673218,3716,569,0,146,12
1451,148,11.1111111111111,90.0,84.0,38.232,0.048,429.5625,211.75,22.0709800720215,130.011224746704,3745,579,0,154,15
1452,148,10.3517777777778,96.6017645922332,84.0,38.232,0.048,429.5625,211.75,22.0709800720215,130.012586593628,3745,579,0,154,15
1453,148,10.464,95.565749235474,84.0,38.232,0.048,429.5625,211.75,22.0709800720215,129.922849655151,3703,571,0,150,12
1454,148,10.494,95.2925481227368,84.0,38.232,0.048,428.75,211.75,22.071231842041,129.92075920105,3703,571,0,150,12
1455,148,10.745,93.0665425779432,84.0,38.232,0.048,428.5625,211.75,22.0702018737793,129.92848777771,3709,572,0,148,13
1456,148,10.428,95.8956655159187,84.0,38.232,0.048,428.5625,211.75,22.0702018737793,129.927656173706,3704,572,0,149,11
1457,148,10.6060606060606,94.2857142857143,84.0,38.232,0.048,428.5625,211.75,22.0702018737793,129.901517868042,3689,566,0,149,11
1458,148,10.6060606060606,94.2857142857143,84.0,38.232,0.048,428.5625,211.75,22.0702018737793,129.895021438599,3687,564,0,145,11
1459,149,10.6060606060606,94.2857142857143,84.0,38.232,0.048,429.3125,211.75,22.0728073120117,129.990827560425,3720,571,0,148,14
1460,149,10.6060606060606,94.2857142857143,84.0,38.232,0.048,429.5,211.75,22.0738372802734,129.996820449829,3723,572,0,148,14
1461,149,10.6060606060606,94.2857142857143,84.0,38.232,0.048,431.1875,213.375,22.0730781555176,130.026575088501,3733,575,0,150,14
1462,149,10.6060606060606,94.2857142857143,84.0,38.232,0.048,431.6875,213.375,22.0754890441895,130.068307876587,3748,578,0,152,16
1463,149,10.6060606060606,94.2857142857143,84.0,38.232,0.048,431.6875,213.375,22.0754890441895,130.069669723511,3748,578,0,152,16
1464,149,10.6060606060606,94.2857142857143,84.0,38.232,0.048,431.6875,213.375,22.0754890441895,130.071031570435,3748,578,0,152,16
1465,149,10.6060606060606,94.2857142857143,84.0,38.232,0.048,431.6875,213.375,22.0754890441895,130.073389053345,3751,578,0,151,16
1466,149,10.6060606060606,94.2857142857143,84.0,38.232,0.048,432.375,213.375,22.0768623352051,130.133901596069,3779,585,0,157,20
1467,149,10.6060606060606,94.2857142857143,84.0,38.232,0.048,432.1875,213.375,22.0758323669434,130.131856918335,3774,585,0,157,17
1468,150,10.6060606060606,94.2857142857143,84.0,38.232,0.048,432.9375,213.375,22.0784378051758,130.254396438599,3825,594,0,160,24
1469,150,11.1111111111111,90.0,84.0,38.232,0.048,433.5625,213.75,22.0787086486816,130.256731033325,3828,594,0,163,24
1470,150,11.1111111111111,90.0,84.0,38.232,0.048,433.5625,213.75,22.0787086486816,130.257768630981,3833,594,0,162,24
1471,150,11.1111111111111,90.0,84.0,38.232,0.048,434.0625,213.75,22.0811195373535,130.297803878784,3844,597,0,165,25
1472,150,10.6060606060606,94.2857142857143,84.0,38.232,0.048,434.25,213.75,22.0821495056152,130.299383163452,3844,597,0,165,25
1473,150,11.1111111111111,90.0,84.0,38.232,0.048,434.0625,213.75,22.0811195373535,130.270570755005,3832,593,0,162,25
1474,150,11.0494343434344,90.5023704307728,84.0,38.232,0.048,433.8125,213.75,22.080924987793,130.254674911499,3816,591,0,160,19
1475,150,10.753,92.9973030782107,84.0,38.232,0.048,434.3125,213.75,22.0812683105469,130.334051132202,3854,600,0,165,23
1476,150,11.068,90.3505601734731,84.0,38.232,0.048,434.5625,213.75,22.0815391540527,130.339651107788,3852,600,0,167,22
1477,150,10.638,94.0026320736981,84.0,38.232,0.048,434.5625,213.75,22.0815391540527,130.360883712769,3871,603,0,167,25
1478,151,11.1111111111111,90.0,84.0,38.232,0.048,435.0,213.75,22.082763671875,130.374948501587,3877,598,0,165,29
1479,151,11.1111111111111,90.0,84.0,38.232,0.048,434.1875,213.75,22.0805549621582,130.36704826355,3881,597,0,166,30
1480,151,29.2564444444445,34.1805034408373,84.0,38.232,0.048,434.1875,213.75,22.0805549621582,130.366136550903,3877,597,0,166,29
1481,151,16.6666666666667,60.0,84.0,38.232,0.048,434.1875,213.75,22.0805549621582,130.37050819397,3882,595,0,163,30
1482,151,16.6666666666667,60.0,84.0,38.232,0.048,434.625,213.75,22.0818557739258,130.360090255737,3876,594,0,167,27
1483,151,15.8243333333333,63.1938154319297,84.0,38.232,0.048,434.6875,213.75,22.0810203552246,130.387510299683,3886,595,0,165,28
1484,152,11.402,87.7039115944571,84.0,38.232,0.048,434.9375,213.75,22.0812149047852,130.363203048706,3870,591,0,164,28
1485,152,13.401,74.6212969181404,84.0,38.232,0.048,434.0625,213.125,22.0810661315918,130.37167930603,3875,593,0,164,26
1486,152,10.417,95.9969280983009,84.0,38.232,0.048,434.0,213.125,22.0818252563477,130.369997024536,3871,593,0,164,25
1487,152,10.557,94.7238798901203,84.0,38.232,0.048,433.8125,213.125,22.0807952880859,130.337514877319,3861,590,0,162,25
1488,152,10.418,95.9877135726627,84.0,38.232,0.048,433.3125,213.125,22.0783843994141,130.335962295532,3859,590,0,162,24
1489,152,10.448,95.7120980091884,84.0,38.232,0.048,433.3125,213.125,22.0783843994141,130.322229385376,3840,589,0,162,22
1490,152,10.591,94.4197903880653,84.0,38.232,0.048,433.3125,213.125,22.0783843994141,130.253648757935,3817,583,0,161,20
1491,152,10.516,95.093191327501,84.0,38.232,0.048,432.5625,213.125,22.0757789611816,130.268983840942,3824,584,0,159,20
1492,152,11.1111111111111,90.0,84.0,38.232,0.048,434.0,214.125,22.0770797729492,130.255258560181,3814,583,0,159,18
1493,153,11.1111111111111,90.0,84.0,38.232,0.048,434.5625,214.125,22.0806007385254,130.363245010376,3853,592,0,163,20
1494,153,11.1111111111111,90.0,84.0,38.232,0.048,436.1875,214.125,22.0826034545898,130.614820480347,3979,624,0,176,41
1495,153,11.1111111111111,90.0,84.0,38.232,0.048,436.1875,214.125,22.0826034545898,130.593641281128,3969,622,0,175,40
1496,153,11.1111111111111,90.0,84.0,38.232,0.048,436.9375,214.125,22.087230682373,130.674474716187,3997,628,0,179,43
1497,153,10.6060606060606,94.2857142857143,84.0,38.232,0.048,437.125,214.125,22.0882606506348,130.619928359985,3977,623,0,175,43
1498,153,10.6060606060606,94.2857142857143,84.0,38.232,0.048,436.1875,214.125,22.0846252441406,130.63751411438,3986,625,0,175,42
1499,153,10.6060606060606,94.2857142857143,84.0,38.232,0.048,436.4375,214.125,22.0848960876465,130.626558303833,3980,624,0,181,41
1500,153,10.6060606060606,94.2857142857143,84.0,38.232,0.048,436.6875,214.125,22.0850448608398,130.576314926147,3980,620,0,179,47
1501,153,10.6060606060606,94.2857142857143,84.0,38.232,0.048,435.3125,213.75,22.0821685791016,130.560983657837,3965,619,0,178,42
1502,154,10.6060606060606,94.2857142857143,84.0,38.232,0.048,435.5625,213.75,22.0823631286621,130.59335899353,3975,621,0,179,44
1503,154,10.9497474747475,91.326307050114,84.0,38.232,0.048,435.75,213.75,22.0833930969238,130.595815658569,3981,622,0,181,44
1504,154,10.778,92.781592132121,84.0,38.232,0.048,435.5625,213.75,22.0823631286621,130.575094223022,3973,620,0,181,44
1505,154,10.779,92.7729845069116,84.0,38.232,0.048,435.3125,213.75,22.0821685791016,130.575521469116,3973,620,0,181,44
1506,154,10.703,93.4317481080071,84.0,38.232,0.048,435.3125,213.75,22.0821685791016,130.588628768921,3980,620,0,180,45
1507,154,10.779,92.7729845069116,84.0,38.232,0.048,435.5625,213.75,22.0824394226074,130.576627731323,3979,618,0,179,46
1508,154,11.067,90.3587241348152,84.0,38.232,0.048,435.5625,213.75,22.0824394226074,130.584188461304,3974,618,0,178,43
1509,154,11.073,90.3097624853247,84.0,38.232,0.048,436.0,213.75,22.0836639404297,130.602876663208,3973,620,0,180,37
1510,154,10.6060606060606,94.2857142857143,84.0,38.232,0.048,435.8125,213.75,22.082633972168,130.593004226685,3968,619,0,179,39
1511,155,11.1111111111111,90.0,84.0,38.232,0.048,435.8125,213.75,22.082633972168,130.543161392212,3945,614,0,175,34
1512,155,10.9438282828283,91.3757027391482,84.0,38.232,0.048,434.3125,212.75,22.0820922851563,130.483407974243,3913,609,0,175,30
1513,155,10.6060606060606,94.2857142857143,84.0,38.232,0.048,433.8125,212.75,22.0817489624023,130.483793258667,3912,610,0,175,27
1514,155,10.6060606060606,94.2857142857143,84.0,38.232,0.048,433.8125,212.75,22.0817489624023,130.46385383606,3903,608,0,175,27
1515,155,10.6978787878788,93.4764750871031,84.0,38.232,0.048,433.75,212.75,22.0825843811035,130.464498519897,3903,608,0,175,27
1516,155,10.6060606060606,94.2857142857143,84.0,38.232,0.048,433.5625,212.75,22.0815544128418,130.46169090271,3902,607,0,174,27
1517,155,11.1111111111111,90.0,84.0,38.232,0.048,433.5625,212.75,22.0815544128418,130.459688186646,3896,607,0,174,25
1518,155,11.1111111111111,90.0,84.0,38.232,0.048,433.5625,212.75,22.0815544128418,130.44838142395,3896,607,0,173,24
1519,155,11.1111111111111,90.0,87.0,36.118,0.048,433.3125,212.75,22.0812835693359,130.466482162476,3911,610,0,174,26
1520,156,10.8296060606061,92.3394622485498,87.0,36.118,0.048,433.3125,212.75,22.0812835693359,130.431669235229,3898,604,0,172,24
1521,156,10.771,92.8418902608857,87.0,36.118,0.048,433.125,212.75,22.0812835693359,130.429800033569,3899,603,0,169,24
1522,156,10.6060606060606,94.2857142857143,87.0,36.118,0.048,432.9375,212.75,22.0802536010742,130.419679641724,3888,602,0,169,22
1523,156,25.9086060606061,38.5972135151067,87.0,36.118,0.048,432.9375,212.75,22.0802536010742,130.421041488647,3888,602,0,169,22
1524,156,12.5,80.0,87.0,36.118,0.048,432.9375,212.75,22.0802536010742,130.354249954224,3868,596,0,161,22
1525,156,10.007333333333,99.9267204050398,87.0,36.118,0.048,432.125,212.75,22.0764617919922,130.327993392944,3880,591,0,156,30
1526,156,12.5,80.0,87.0,36.118,0.048,430.6875,211.75,22.0751609802246,130.218000411987,3836,583,0,156,27
1527,156,12.5,80.0,87.0,36.118,0.048,429.6875,211.75,22.0703392028809,130.214204788208,3834,583,0,156,27
1528,157,12.5,80.0,87.0,36.118,0.048,429.6875,211.75,22.0703392028809,130.217359542847,3839,583,0,155,29
1529,157,12.5,80.0,87.0,36.118,0.048,429.6875,211.75,22.0703392028809,130.218721389771,3839,583,0,155,29
1530,157,12.5,80.0,87.0,36.118,0.048,429.875,211.75,22.0713691711426,130.220300674438,3839,583,0,155,29
1531,157,12.5,80.0,87.0,36.118,0.048,429.6875,211.75,22.0703392028809,130.208326339722,3823,582,0,155,29
1532,157,12.5,80.0,87.0,36.118,0.048,429.6875,211.75,22.0703392028809,130.209688186646,3823,582,0,155,29
1533,157,12.5,80.0,87.0,36.118,0.048,429.6875,211.75,22.0703392028809,130.209074020386,3820,582,0,153,27
1534,157,11.3443333333337,88.1497370199486,87.0,36.118,0.048,429.6875,211.75,22.0703392028809,130.176519393921,3799,579,0,152,25
1535,157,10.469,95.5201069825198,87.0,36.118,0.048,429.625,211.75,22.071174621582,130.147874832153,3785,576,0,151,25
1536,158,11.364,87.9971840901091,87.0,36.118,0.048,429.1875,211.75,22.0699501037598,130.15723991394,3783,576,0,151,24
1537,158,10.449,95.7029380801991,87.0,36.118,0.048,429.1875,211.75,22.0699501037598,130.158601760864,3783,576,0,151,24
1538,158,10.266,97.4089226573154,87.0,36.118,0.048,429.1875,211.75,22.0699501037598,130.138277053833,3775,574,0,151,22
1539,158,11.331,88.25346394846,87.0,36.118,0.048,429.1875,211.75,22.0699501037598,130.117761611938,3766,572,0,150,22
1540,158,10.401,96.1446014806269,87.0,36.118,0.048,428.9375,211.75,22.0697555541992,130.118188858032,3766,572,0,150,22
1541,158,10.46,95.6022944550669,87.0,36.118,0.048,429.125,211.75,22.0707855224609,130.1197681427,3766,572,0,150,22
1542,158,10.691,93.5366195865681,87.0,36.118,0.048,428.9375,211.75,22.0697555541992,130.12091255188,3766,572,0,148,22
1543,158,10.854,92.1319329279528,87.0,36.118,0.048,428.9375,211.75,22.0697555541992,130.119958877563,3762,572,0,148,21
1544,158,10.4,96.1538461538462,87.0,36.118,0.048,428.9375,211.75,22.0697555541992,130.121320724487,3762,572,0,148,21
1545,159,10.499,95.2471663967997,87.0,36.118,0.048,428.9375,211.75,22.0697555541992,130.122621536255,3762,572,0,148,21
1546,159,10.092,99.0883868410622,87.0,36.118,0.048,428.9375,211.75,22.0697555541992,130.116670608521,3758,571,0,146,21
1547,159,11.3796666666663,87.8760362049296,87.0,36.118,0.048,429.5,211.75,22.0718154907227,130.169225692749,3769,581,0,154,13
1548,159,10.6803333333337,93.6300365157112,87.0,36.118,0.048,429.3125,211.75,22.0707855224609,130.170370101929,3769,581,0,154,13
1549,159,10.341,96.7024465718983,87.0,36.118,0.048,429.3125,211.75,22.0707855224609,130.1656665802,3759,581,0,154,8
1550,159,10.452,95.6754688097972,87.0,36.118,0.048,429.3125,211.75,22.0707855224609,130.056440353394,3714,571,0,149,8
1551,159,10.465,95.5566172957477,87.0,36.118,0.048,428.0625,211.75,22.0698127746582,130.059804916382,3720,572,0,149,9
1552,159,10.448,95.7120980091884,87.0,36.118,0.048,428.0625,211.75,22.0698127746582,130.060651779175,3718,572,0,150,8
1553,159,10.388,96.2649210627647,87.0,36.118,0.048,428.25,211.75,22.0708427429199,130.016397476196,3693,562,0,150,8
1554,159,10.289,97.1911750413063,87.0,36.118,0.048,428.0625,211.75,22.0698127746582,130.009683609009,3691,560,0,148,8
1555,160,10.6060606060606,94.2857142857143,87.0,36.118,0.048,428.8125,211.75,22.0724182128906,130.119756698608,3730,567,0,149,13
1556,160,10.6060606060606,94.2857142857143,87.0,36.118,0.048,428.8125,211.75,22.0724182128906,130.123853683472,3730,568,0,149,12
1557,160,10.6060606060606,94.2857142857143,87.0,36.118,0.048,428.8125,211.75,22.0724182128906,130.125791549683,3730,568,0,150,12
1558,160,11.7851515151512,84.8525365765883,87.0,36.118,0.048,429.3125,211.75,22.0748291015625,130.167524337769,3745,571,0,152,14
1559,160,10.6060606060606,94.2857142857143,87.0,36.118,0.048,429.5,211.75,22.0758590698242,130.169103622437,3745,571,0,152,14
1560,160,10.6060606060606,94.2857142857143,87.0,36.118,0.048,429.3125,211.75,22.0748291015625,130.170248031616,3745,571,0,152,14
1561,160,10.6060606060606,94.2857142857143,87.0,36.118,0.048,429.3125,211.75,22.0748291015625,130.172605514526,3748,571,0,151,14
1562,160,10.6060606060606,94.2857142857143,87.0,36.118,0.048,429.8125,211.75,22.0751724243164,130.233991622925,3778,578,0,157,19
1563,160,10.6060606060606,94.2857142857143,87.0,36.118,0.048,429.8125,211.75,22.0751724243164,130.234140396118,3776,578,0,155,18
1564,161,10.6060606060606,94.2857142857143,87.0,36.118,0.048,430.0625,211.75,22.075366973877,130.273679733276,3789,581,0,156,20
1565,161,10.6060606060606,94.2857142857143,87.0,36.118,0.048,430.25,211.75,22.0763969421387,130.266511917114,3788,580,0,157,19
1566,161,10.6060606060606,94.2857142857143,87.0,36.118,0.048,431.9375,213.375,22.0756378173828,130.298257827759,3802,584,0,158,19
1567,161,10.6060606060606,94.2857142857143,87.0,36.118,0.048,431.9375,213.375,22.0756378173828,130.30019569397,3802,584,0,159,19
1568,161,30.4714545454549,32.81759978042,87.0,36.118,0.048,431.9375,213.375,22.0756378173828,130.301557540894,3802,584,0,159,19
1569,161,16.6666666666667,60.0,87.0,36.118,0.048,432.375,213.375,22.0768623352051,130.316453933716,3814,583,0,154,22
1570,161,16.6666666666667,60.0,87.0,36.118,0.048,432.1875,213.375,22.0758323669434,130.340612411499,3815,587,0,155,15
1571,162,16.6666666666667,60.0,87.0,36.118,0.048,433.3125,213.75,22.0785140991211,130.358228683472,3829,584,0,154,19
1572,162,12.2086666666667,81.9090263747065,87.0,36.118,0.048,432.6875,213.75,22.077335357666,130.352746963501,3827,583,0,153,18
1573,162,11.08,90.2527075812274,87.0,36.118,0.048,433.375,213.75,22.0807762145996,130.392423629761,3838,586,0,155,19
1574,162,10.152,98.5027580772262,87.0,36.118,0.048,433.1875,213.75,22.0797462463379,130.392835617065,3837,586,0,155,18
1575,162,10.632,94.0556809631302,87.0,36.118,0.048,433.1875,213.75,22.0797462463379,130.392984390259,3835,586,0,155,17
1576,162,10.274,97.3330737784699,87.0,36.118,0.048,433.1875,213.75,22.0797462463379,130.392042160034,3831,586,0,155,15
1577,162,11.426,87.5196919306844,87.0,36.118,0.048,433.4375,213.75,22.0798950195313,130.428384780884,3870,588,0,159,24
1578,162,10.62,94.1619585687382,87.0,36.118,0.048,433.6875,213.75,22.0801658630371,130.42335319519,3850,588,0,160,18
1579,163,11.6666666666667,85.7142857142857,87.0,36.118,0.048,434.125,213.75,22.0813903808594,130.501462936401,3872,592,0,162,22
1580,163,11.3073333333333,88.438181710984,87.0,36.118,0.048,433.9375,213.75,22.0803604125977,130.501821517944,3881,592,0,164,25
1581,163,10.545,94.8316737790422,87.0,36.118,0.048,433.9375,213.75,22.0803604125977,130.503183364868,3881,592,0,164,25
1582,163,10.437,95.8129730765546,87.0,36.118,0.048,433.9375,213.75,22.0803604125977,130.504545211792,3881,592,0,164,25
1583,163,10.812,92.4898261191269,87.0,36.118,0.048,433.9375,213.75,22.0803604125977,130.472280502319,3871,589,0,162,25
1584,163,10.652,93.8790837401427,87.0,36.118,0.048,433.4375,213.75,22.0779495239258,130.463018417358,3856,587,0,160,23
1585,163,10.824,92.3872875092387,87.0,36.118,0.048,433.875,213.75,22.0792503356934,130.462289810181,3850,586,0,160,21
1586,163,10.787,92.7041809585612,87.0,36.118,0.048,433.6875,213.75,22.0782203674316,130.393655776978,3827,580,0,159,21
1587,163,10.678,93.6504963476306,87.0,36.118,0.048,432.9375,213.75,22.0756149291992,130.392152786255,3827,580,0,159,21
1588,163,10.448,95.7120980091884,87.0,36.118,0.048,432.9375,213.75,22.0756149291992,130.412389755249,3837,582,0,157,23
1589,164,11.1111111111111,90.0,87.0,36.118,0.048,433.4375,213.75,22.0760040283203,130.417646408081,3837,581,0,157,24
1590,164,11.7465555555552,85.1313387375994,87.0,36.118,0.048,434.1875,213.125,22.0778579711914,130.672529220581,3960,615,0,170,40
1591,164,11.1111111111111,90.0,87.0,36.118,0.048,434.125,213.125,22.0786170959473,130.648969650269,3947,613,0,169,39
1592,164,11.1111111111111,90.0,87.0,36.118,0.048,433.6875,213.125,22.077392578125,130.649179458618,3947,613,0,169,39
1593,164,11.1111111111111,90.0,87.0,36.118,0.048,433.9375,213.125,22.0775871276855,130.674894332886,3960,615,0,169,42
1594,164,11.1111111111111,90.0,87.0,36.118,0.048,433.9375,213.125,22.0775871276855,130.669652938843,3956,615,0,172,39
1595,164,11.1111111111111,90.0,87.0,36.118,0.048,433.9375,213.125,22.0775871276855,130.65411567688,3947,612,0,170,39
1596,164,11.1111111111111,90.0,87.0,36.118,0.048,434.375,213.125,22.0788116455078,130.667924880981,3950,612,0,169,40
1597,164,11.1111111111111,90.0,87.0,36.118,0.048,435.1875,214.125,22.0778579711914,130.670869827271,3945,612,0,170,38
1598,165,11.1111111111111,90.0,87.0,36.118,0.048,435.1875,214.125,22.0778579711914,130.650243759155,3942,611,0,169,36
1599,165,11.1111111111111,90.0,87.0,36.118,0.048,434.9375,214.125,22.0775871276855,130.628087997437,3933,609,0,169,36
1600,165,11.1111111111111,90.0,87.0,36.118,0.048,434.6875,214.125,22.077392578125,130.664358139038,3932,609,0,169,35
1601,165,11.1111111111111,90.0,87.0,36.118,0.048,434.875,214.125,22.0784225463867,130.660772323608,3929,608,0,168,34
1602,165,11.1111111111111,90.0,87.0,36.118,0.048,434.6875,214.125,22.077392578125,130.625284194946,3914,605,0,166,32
1603,165,11.1111111111111,90.0,87.0,36.118,0.048,434.1875,214.125,22.0749816894531,130.644338607788,3924,607,0,166,32
1604,165,11.1111111111111,90.0,87.0,36.118,0.048,434.4375,214.125,22.075252532959,130.649328231812,3921,607,0,168,30
1605,165,11.1111111111111,90.0,86.0,38.921,0.041,434.4375,214.125,22.075252532959,130.581083297729,3896,602,0,165,24
1606,165,11.1111111111111,90.0,86.0,38.921,0.041,433.75,213.75,22.0737953186035,130.585126876831,3889,602,0,165,20
1607,166,11.1111111111111,90.0,86.0,38.921,0.041,433.8125,213.75,22.0729598999023,130.613637924194,3900,604,0,166,23
1608,166,11.1111111111111,90.0,86.0,38.921,0.041,433.8125,213.75,22.0729598999023,130.622297286987,3908,605,0,166,25
1609,166,11.1111111111111,90.0,86.0,38.921,0.041,433.8125,213.75,22.0729598999023,130.624235153198,3908,605,0,167,25
1610,166,11.1111111111111,90.0,86.0,38.921,0.041,433.8125,213.75,22.0729598999023,130.64129447937,3916,606,0,167,26
1611,166,23.1504444444448,43.1957149850728,86.0,38.921,0.041,434.25,213.75,22.0742607116699,130.639345169067,3921,606,0,167,27
1612,166,11.6666666666667,85.7142857142857,86.0,38.921,0.041,434.0625,213.75,22.0732307434082,130.652021408081,3930,606,0,170,31
1613,166,12.5,80.0,86.0,38.921,0.041,434.3125,213.75,22.0734252929688,130.708463668823,3965,612,0,171,38
1614,167,12.5,80.0,86.0,38.921,0.041,434.5625,213.75,22.0736198425293,130.62029838562,3939,601,0,167,38
1615,167,12.5,80.0,86.0,38.921,0.041,432.625,212.75,22.072883605957,130.581464767456,3919,597,0,165,36
1616,167,12.5,80.0,86.0,38.921,0.041,432.1875,212.75,22.0716590881348,130.57476234436,3909,597,0,165,32
1617,167,12.5,80.0,86.0,38.921,0.041,432.1875,212.75,22.0716590881348,130.571725845337,3908,596,0,164,32
1618,167,12.5,80.0,86.0,38.921,0.041,432.1875,212.75,22.0716590881348,130.57081413269,3904,596,0,164,31
1619,167,12.5,80.0,86.0,38.921,0.041,432.1875,212.75,22.0716590881348,130.569822311401,3916,596,0,170,34
1620,167,12.5,80.0,86.0,38.921,0.041,432.375,212.75,22.0726890563965,130.553739547729,3930,592,0,162,41
1621,167,12.496,80.0256081946223,86.0,38.921,0.041,431.9375,212.75,22.0713882446289,130.517560958862,3896,590,0,161,33
1622,168,12.5,80.0,86.0,38.921,0.041,434.375,212.75,22.0729942321777,130.980135917664,4032,613,0,165,56
1623,168,12.5,80.0,86.0,38.921,0.041,434.375,212.75,22.0729942321777,130.981490135193,4032,613,0,165,56
1624,168,11.474,87.1535645807914,86.0,38.921,0.041,434.375,212.75,22.0729942321777,130.97889995575,4026,613,0,165,52
1625,168,10.836,92.2849760059062,86.0,38.921,0.041,434.5625,212.75,22.0740242004395,130.969473838806,4010,612,0,166,52
1626,168,10.489,95.3379731146916,86.0,38.921,0.041,434.375,212.75,22.0729942321777,130.930804252625,3992,608,0,166,52
1627,168,10.838,92.2679461155195,86.0,38.921,0.041,433.875,212.75,22.0726051330566,130.91037273407,3987,607,0,165,51
1628,168,10.88,91.9117647058823,86.0,38.921,0.041,432.625,211.75,22.0723342895508,130.912268638611,3983,607,0,167,50
1629,168,11.1111111111111,90.0,86.0,38.921,0.041,432.625,211.75,22.0723342895508,130.911772727966,3980,607,0,167,49
1630,168,11.1111111111111,90.0,86.0,38.921,0.041,432.875,211.75,22.0725288391113,130.940508842468,3989,608,0,171,51
1631,169,11.1111111111111,90.0,86.0,38.921,0.041,433.0625,211.75,22.073558807373,130.943762779236,3991,608,0,171,52
1632,169,11.1111111111111,90.0,86.0,38.921,0.041,433.25,211.75,22.073558807373,131.000128746033,4016,617,0,179,55
1633,169,11.1111111111111,90.0,86.0,38.921,0.041,433.25,211.75,22.073558807373,130.994437217712,4011,615,0,180,55
1634,169,10.5984444444445,94.3534690625458,86.0,38.921,0.041,433.25,211.75,22.073558807373,130.995799064636,4011,615,0,180,55
1635,169,10.637,94.0114693992667,86.0,38.921,0.041,433.25,211.75,22.073558807373,131.00138759613,4011,615,0,182,55
1636,169,10.393,96.2186086789185,86.0,38.921,0.041,433.25,211.75,22.073558807373,131.01144695282,4017,616,0,181,56
1637,169,10.57,94.6073793755913,86.0,38.921,0.041,433.4375,211.75,22.0745887756348,131.008856773376,4009,616,0,182,52
1638,169,10.6060606060606,94.2857142857143,86.0,38.921,0.041,433.5,211.75,22.0737228393555,131.35279083252,4023,617,0,185,55
1639,169,9.25427272727238,108.058194249343,86.0,38.921,0.041,433.5,211.75,22.0737228393555,131.293640136719,3995,610,0,181,54
1640,169,10.6060606060606,94.2857142857143,86.0,38.921,0.041,433.0,211.75,22.0733337402344,131.281867980957,3984,609,0,180,50
1641,170,11.1111111111111,90.0,86.0,38.921,0.041,434.125,211.75,22.0877723693848,131.273292541504,4019,592,0,188,60
1642,170,11.1111111111111,90.0,86.0,38.921,0.041,433.5,211.75,22.0802421569824,131.271797180176,4015,592,0,188,57
1643,170,11.1111111111111,90.0,86.0,38.921,0.041,433.9375,211.75,22.0814666748047,131.248020172119,3993,591,0,188,47
1644,170,11.1111111111111,90.0,86.0,38.921,0.041,433.5,211.75,22.0802421569824,131.24063873291,3980,591,0,188,41
1645,170,11.1111111111111,90.0,86.0,38.921,0.041,433.5,211.75,22.0802421569824,131.13256072998,3935,581,0,182,41
1646,170,11.1111111111111,90.0,86.0,38.921,0.041,432.25,211.75,22.0792694091797,131.128673553467,3935,581,0,179,41
1647,170,11.1111111111111,90.0,86.0,38.921,0.041,432.5,211.75,22.0794486999512,131.1432762146,3929,583,0,181,39
1648,170,11.1111111111111,90.0,86.0,38.921,0.041,432.6875,211.75,22.0804786682129,131.099727630615,3904,573,0,179,39
1649,170,11.1111111111111,90.0,86.0,38.921,0.041,432.5,211.75,22.0794486999512,131.095188140869,3894,573,0,177,37
1650,171,11.1111111111111,90.0,86.0,38.921,0.041,433.25,211.75,22.0820541381836,131.193748474121,3938,580,0,179,44
1651,171,11.1111111111111,90.0,86.0,38.921,0.041,433.25,211.75,22.0820541381836,131.181308746338,3918,580,0,179,40
1652,171,11.1111111111111,90.0,86.0,38.921,0.041,433.25,211.75,22.0820541381836,131.186130523682,3923,580,0,180,42
1653,171,11.1111111111111,90.0,86.0,38.921,0.041,434.4375,211.75,22.0858535766602,131.260696411133,3952,585,0,184,48
1654,171,11.1111111111111,90.0,86.0,38.921,0.041,434.5,211.75,22.0850028991699,131.282520294189,3960,587,0,182,48
1655,171,29.2243838383842,34.2180011571902,86.0,38.921,0.041,434.5,211.75,22.0850028991699,131.286029815674,3965,587,0,179,50
1656,171,16.6666666666667,60.0,86.0,38.921,0.041,435.0,211.75,22.0853462219238,131.358196258545,3999,597,0,184,54
1657,172,16.6666666666667,60.0,86.0,38.921,0.041,435.1875,211.75,22.0863761901855,131.318367004395,3980,591,0,179,50
1658,172,16.6666666666667,60.0,86.0,38.921,0.041,435.125,211.75,22.0846748352051,131.338119506836,3981,592,0,180,50
1659,172,16.2306666666667,61.6117637394233,86.0,38.921,0.041,437.5,211.75,22.0869445800781,131.834500312805,4058,603,0,190,61
1660,172,13.216,75.6658595641646,86.0,38.921,0.041,437.5,211.75,22.0869445800781,131.826886177063,4049,602,0,189,58
1661,172,12.31,81.2347684809098,86.0,38.921,0.041,437.6875,211.75,22.0879745483398,131.817048072815,4036,601,0,188,52
1662,172,12.471,80.1860315932964,86.0,38.921,0.041,437.5,211.75,22.0869445800781,131.802330970764,4027,598,0,183,50
1663,172,12.396,80.6711842529848,86.0,38.921,0.041,438.0,211.75,22.0873031616211,131.812268257141,4017,600,0,185,48
1664,173,14.677,68.1338148122913,86.0,38.921,0.041,438.25,211.75,22.0874977111816,131.875500679016,4051,607,0,195,51
1665,173,13.386,74.7049155834454,86.0,38.921,0.041,438.25,211.75,22.0874977111816,129.249556541443,3929,542,0,187,53
1666,173,13.202,75.7460990758976,86.0,38.921,0.041,431.6875,211.0,18.9658660888672,129.425768852234,3996,553,0,198,63
1667,173,12.185,82.0681165367255,86.0,38.921,0.041,431.5,211.0,18.9648361206055,129.424662590027,3999,553,0,198,64
1668,173,12.453,80.3019352766402,86.0,38.921,0.041,431.5,211.0,18.9648361206055,129.41151714325,3981,552,0,198,63
1669,173,11.598,86.2217623728229,86.0,38.921,0.041,431.5,211.0,18.9648361206055,129.412154197693,3980,552,0,198,62
1670,173,12.193,82.0142704830641,86.0,38.921,0.041,432.0,211.0,18.9651947021484,129.440985679626,4003,554,0,204,69
1671,174,12.962962962963,77.1428571428571,86.0,38.921,0.041,434.8125,211.0,18.9707260131836,129.723624229431,4106,570,0,217,84
1672,174,12.310037037037,81.2345240709929,86.0,38.921,0.041,434.625,211.0,18.9696960449219,129.724768638611,4106,570,0,217,84
1673,174,10.885,91.869545245751,86.0,38.921,0.041,434.625,211.0,18.9696960449219,129.724123954773,4104,570,0,217,83
1674,174,11.434,87.4584572328144,86.0,38.921,0.041,434.875,211.0,18.9653778076172,129.765566825867,4119,573,0,219,85
1675,174,10.943,91.3826190258613,86.0,38.921,0.041,434.875,211.0,18.9653778076172,129.731913566589,4107,570,0,217,84
1676,174,11.146,89.7182845863987,86.0,38.921,0.041,434.5625,211.0,18.963996887207,129.729853630066,4104,570,0,217,82
1677,174,11.492,87.0170553428472,86.0,38.921,0.041,434.625,211.0,18.9631156921387,129.607661247253,4096,565,0,209,85
1678,174,10.907,91.6842394792335,86.0,38.921,0.041,432.75,211.0,18.9611892700195,129.535807609558,4046,561,0,207,71
1679,174,11.6666666666667,85.7142857142857,86.0,38.921,0.041,434.375,211.0,18.9608688354492,129.739214897156,4117,572,0,216,81
1680,175,11.6666666666667,85.7142857142857,86.0,38.921,0.041,434.375,211.0,18.9608688354492,129.716105461121,4103,570,0,215,80
1681,175,11.6666666666667,85.7142857142857,86.0,38.921,0.041,435.9375,211.0,18.9637069702148,129.960688591003,4223,602,0,228,98
1682,175,11.6666666666667,85.7142857142857,86.0,38.921,0.041,436.0,211.0,18.9628715515137,129.977187156677,4227,603,0,229,98
1683,175,11.6666666666667,85.7142857142857,86.0,38.921,0.041,436.0,211.0,18.9628715515137,129.853976249695,4184,581,0,222,95
1684,175,11.6666666666667,85.7142857142857,86.0,38.921,0.041,433.3125,211.0,18.9610404968262,129.851176261902,4180,582,0,218,92
1685,175,11.6666666666667,85.7142857142857,86.0,38.921,0.041,433.3125,211.0,18.9610404968262,129.846556663513,4175,581,0,218,90
1686,175,11.6666666666667,85.7142857142857,86.0,38.921,0.041,433.5,211.0,18.9620704650879,129.670470237732,4128,569,0,205,84
1687,175,11.6666666666667,85.7142857142857,86.0,38.921,0.041,431.4375,211.0,18.959114074707,129.635447502136,4087,568,0,204,69
1688,175,11.6666666666667,85.7142857142857,83.0,37.623,0.041,431.4375,211.0,18.959114074707,129.631556510925,4084,568,0,202,69
1689,176,11.6666666666667,85.7142857142857,83.0,37.623,0.041,432.1875,211.0,18.9596977233887,129.622706413269,4078,565,0,203,74
1690,176,11.4516666666667,87.32353369233,83.0,37.623,0.041,431.4375,211.0,18.9591598510742,129.612635612488,4071,564,0,203,73
1691,176,11.333,88.2378893496868,83.0,37.623,0.041,431.625,211.0,18.9601898193359,129.453333854675,4041,554,0,193,73
1692,176,10.894,91.7936478795667,83.0,37.623,0.041,429.8125,211.0,18.9574279785156,129.44544506073,4019,555,0,193,63
1693,176,11.187,89.3894699204434,83.0,37.623,0.041,429.8125,211.0,18.9574279785156,129.445109367371,4015,555,0,194,62
1694,176,18.1923333333333,54.9682100518533,83.0,37.623,0.041,429.8125,211.0,18.9574279785156,129.445738792419,4014,555,0,194,61
1695,176,12.1212121212121,82.5,83.0,37.623,0.041,429.8125,211.0,18.9574279785156,129.436465263367,4011,554,0,195,57
1696,176,12.1212121212121,82.5,83.0,37.623,0.041,430.0,211.0,18.9584579467773,129.433859825134,4000,555,0,193,50
1697,177,12.1212121212121,82.5,83.0,37.623,0.041,430.0625,211.0,18.9576225280762,129.469893455505,4014,558,0,185,52
1698,177,11.7946969696966,84.7838653735012,83.0,37.623,0.041,430.0625,211.0,18.9576225280762,129.456889152527,3989,558,0,185,45
1699,177,12.1212121212121,82.5,83.0,37.623,0.041,430.0625,211.0,18.9576225280762,129.164762496948,3956,547,0,174,43
1700,177,12.1212121212121,82.5,83.0,37.623,0.041,428.1875,211.0,18.955696105957,128.967641830444,3927,548,0,174,32
1701,177,12.1212121212121,82.5,83.0,37.623,0.041,428.375,211.0,18.9567260742188,128.778164863586,3908,543,0,172,32
1702,177,11.9047619047619,84.0,83.0,37.623,0.041,427.4375,211.0,18.9531211853027,128.436780929565,3896,541,0,171,30
1703,177,11.9047619047619,84.0,83.0,37.623,0.041,427.4375,211.0,18.9531517028809,128.273097991943,3905,542,0,171,32
1704,177,11.9047619047619,84.0,83.0,37.623,0.041,427.4375,211.0,18.9531517028809,128.252449035645,3912,542,0,169,35
1705,178,12.1212121212121,82.5,83.0,37.623,0.041,429.5,212.625,18.9583358764648,128.261470794678,3925,530,0,167,42
1706,178,12.1212121212121,82.5,83.0,37.623,0.041,429.0,212.625,18.9545707702637,128.260776519775,3930,530,0,169,40
1707,178,12.1212121212121,82.5,83.0,37.623,0.041,428.8125,212.625,18.953540802002,128.192584991455,3899,524,0,164,40
1708,178,11.9994415584419,83.3372115801901,83.0,37.623,0.041,427.8125,212.625,18.9528388977051,128.188056945801,3893,524,0,164,38
1709,178,11.9047619047619,84.0,83.0,37.623,0.041,427.8125,212.625,18.9528388977051,128.182056427002,3885,524,0,164,34
1710,178,11.9047619047619,84.0,83.0,37.623,0.041,427.8125,212.625,18.9528388977051,128.197891235352,3910,524,0,162,44
1711,178,11.9047619047619,84.0,83.0,37.623,0.041,428.25,212.625,18.9540634155273,128.199314117432,3904,522,0,155,39
1712,178,11.9047619047619,84.0,83.0,37.623,0.041,428.0625,212.625,18.9530334472656,128.18111038208,3879,521,0,155,34
1713,179,11.9047619047619,84.0,83.0,37.623,0.041,428.0625,212.625,18.9530334472656,128.178993225098,3873,521,0,155,32
1714,179,11.9047619047619,84.0,83.0,37.623,0.041,428.0625,212.625,18.9530334472656,128.181293487549,3875,521,0,155,32
1715,179,11.9047619047619,84.0,83.0,37.623,0.041,428.4375,212.625,18.9540634155273,128.179180145264,3875,526,0,159,35
1716,179,11.9047619047619,84.0,83.0,37.623,0.041,427.625,212.625,18.9543914794922,128.164794921875,3858,525,0,159,35
1717,179,11.9047619047619,84.0,83.0,37.623,0.041,427.4375,212.625,18.9533615112305,128.165939331055,3858,525,0,159,35
1718,179,11.9047619047619,84.0,83.0,37.623,0.041,427.4375,212.625,18.9533615112305,128.173885345459,3864,526,0,159,36
1719,179,11.5687142857143,86.4400291426383,83.0,37.623,0.041,427.4375,212.625,18.9533615112305,128.174579620361,3862,526,0,160,34
1720,179,10.858,92.0979922637687,83.0,37.623,0.041,427.4375,212.625,18.9533615112305,128.109344482422,3830,521,0,156,33
1721,179,10.962,91.2242291552636,83.0,37.623,0.041,426.625,212.625,18.9536895751953,127.890572547913,3809,514,0,150,33
1722,180,11.5,86.9565217391304,83.0,37.623,0.041,420.3125,207.5,18.950756072998,127.711838722229,3797,513,0,143,29
1723,180,10.911,91.6506278068005,83.0,37.623,0.041,420.3125,207.5,18.950756072998,127.704510688782,3788,512,0,143,28
1724,180,10.676,93.6680404645935,83.0,37.623,0.041,420.3125,207.5,18.950756072998,127.706448554993,3788,512,0,144,28
1725,180,11.165,89.5656068069861,83.0,37.623,0.041,420.3125,207.5,18.950756072998,127.707810401917,3788,512,0,144,28
1726,180,11.085,90.21199819576,83.0,37.623,0.041,420.3125,207.5,18.950756072998,127.712056159973,3793,512,0,144,30
1727,180,10.631,94.0645282663908,83.0,37.623,0.041,420.3125,207.5,18.950756072998,127.70946598053,3792,511,0,143,30
1728,180,11.208,89.2219842969308,83.0,37.623,0.041,420.3125,207.5,18.950756072998,127.715622901917,3796,512,0,143,30
1729,180,11.1111111111111,90.0,83.0,37.623,0.041,420.3125,207.5,18.950756072998,127.626839637756,3760,505,0,141,31
1730,180,11.1111111111111,90.0,83.0,37.623,0.041,419.0625,207.5,18.9498596191406,127.624886512756,3760,505,0,141,31
1731,181,11.1111111111111,90.0,83.0,37.623,0.041,419.3125,207.5,18.9500541687012,127.667077064514,3777,508,0,142,34
1732,181,11.1111111111111,90.0,83.0,37.623,0.041,419.3125,207.5,18.9500541687012,127.652630805969,3758,507,0,141,22
1733,181,11.1111111111111,90.0,83.0,37.623,0.041,419.3125,207.5,18.9500541687012,126.464092254639,3710,476,0,137,30
1734,181,11.1111111111111,90.0,83.0,37.623,0.041,413.125,204.875,17.6523590087891,125.925365447998,3650,466,0,133,24
1735,181,11.1111111111111,90.0,83.0,37.623,0.041,411.875,204.875,17.6513862609863,125.925029754639,3655,466,0,133,26
1736,181,11.1111111111111,90.0,83.0,37.623,0.041,411.875,204.875,17.6513862609863,125.926391601563,3655,466,0,133,26
1737,181,17.8774444444445,55.9364065209419,83.0,37.623,0.041,411.875,204.875,17.6513862609863,125.925956726074,3657,466,0,130,25
1738,181,11.6666666666667,85.7142857142857,83.0,37.623,0.041,412.125,204.875,17.6515808105469,125.879581451416,3626,456,0,131,25
1739,182,11.6666666666667,85.7142857142857,83.0,37.623,0.041,411.875,204.875,17.6513862609863,125.89937210083,3645,459,0,129,28
1740,182,11.6666666666667,85.7142857142857,83.0,37.623,0.041,411.875,204.875,17.6513862609863,125.852813720703,3623,452,0,127,23
1741,182,11.6666666666667,85.7142857142857,83.0,37.623,0.041,411.5,204.875,17.6503562927246,125.826950073242,3614,449,0,125,23
1742,182,11.6666666666667,85.7142857142857,83.0,37.623,0.041,411.125,204.875,17.6467971801758,125.82495880127,3610,449,0,125,22
1743,182,11.6666666666667,85.7142857142857,83.0,37.623,0.041,411.125,204.875,17.6467971801758,125.826320648193,3610,449,0,125,22
1744,182,55.8433333333333,17.9072404942398,83.0,37.623,0.041,411.125,204.875,17.6467971801758,125.826595306396,3614,449,0,127,23
1745,183,17.3369999999996,57.6801061313965,83.0,37.623,0.041,413.4375,204.875,17.6563568115234,126.037921905518,3732,468,0,132,42
1746,183,16.7173333333337,59.8181528154397,83.0,37.623,0.041,413.4375,204.875,17.6563568115234,126.027030944824,3711,468,0,133,35
1747,183,3.48566666666667,286.889165152529,83.0,37.623,0.041,413.6875,204.875,17.6565055847168,126.05940246582,3728,473,0,136,37
1748,183,16.6666666666667,60.0,83.0,37.623,0.041,413.6875,204.875,17.6565055847168,126.060764312744,3728,473,0,136,37
1749,183,14.2486666666667,70.1820053338324,83.0,37.623,0.041,413.6875,204.875,17.6565055847168,126.049007415771,3712,472,0,136,37
1750,183,11.1111111111111,90.0,83.0,37.623,0.041,413.6875,204.875,17.6565055847168,126.051239013672,3716,472,0,136,38
1751,183,11.1111111111111,90.0,83.0,37.623,0.041,413.6875,204.875,17.6565055847168,126.051387786865,3714,472,0,136,37
1752,184,11.9047619047619,84.0,83.0,37.623,0.041,414.6875,204.875,17.6613273620605,126.196300506592,3762,481,0,138,43
1753,184,11.1111111111111,90.0,83.0,37.623,0.041,414.6875,204.875,17.6613273620605,126.191471099854,3760,479,0,137,43
1754,184,11.1111111111111,90.0,83.0,37.623,0.041,414.6875,204.875,17.6613273620605,126.184284210205,3752,478,0,136,40
1755,184,11.6666666666667,85.7142857142857,83.0,37.623,0.041,415.6875,204.875,17.6661491394043,126.265731811523,3777,484,0,141,42
1756,184,14.1991269841266,70.4268650543032,83.0,37.623,0.041,415.6875,204.875,17.6661491394043,126.269207000732,3777,484,0,142,42
1757,184,11.6666666666667,85.7142857142857,83.0,37.623,0.041,415.6875,204.875,17.6661491394043,126.270568847656,3777,484,0,142,42
1758,184,11.6666666666667,85.7142857142857,83.0,37.623,0.041,415.9375,204.875,17.6662979125977,126.285537719727,3790,487,0,147,42
1759,184,11.6666666666667,85.7142857142857,83.0,37.623,0.041,415.9375,204.875,17.6663436889648,126.278034210205,3782,486,0,147,41
1760,185,11.6666666666667,85.7142857142857,83.0,37.623,0.041,415.9375,204.875,17.6663284301758,126.317279815674,3793,490,0,149,39
1761,185,11.6666666666667,85.7142857142857,83.0,37.623,0.041,415.9375,204.875,17.6663284301758,126.29700088501,3784,488,0,148,39
1762,185,11.6666666666667,85.7142857142857,83.0,37.623,0.041,416.9375,205.875,17.6664047241211,126.320922851563,3788,491,0,147,34
1763,185,11.6666666666667,85.7142857142857,83.0,37.623,0.041,416.9375,205.875,17.6664047241211,126.232467651367,3755,483,0,145,35
1764,185,11.6666666666667,85.7142857142857,83.0,37.623,0.041,417.6875,205.875,17.6673469543457,126.391441345215,3810,490,0,152,43
1765,185,11.6666666666667,85.7142857142857,83.0,37.623,0.041,417.6875,205.875,17.6673469543457,126.383827209473,3801,489,0,151,40
1766,185,11.6666666666667,85.7142857142857,83.0,37.623,0.041,417.6875,205.875,17.6673469543457,126.381328582764,3794,489,0,149,37
1767,185,11.6666666666667,85.7142857142857,83.0,37.623,0.041,417.6875,205.875,17.6673469543457,126.382690429688,3794,489,0,149,37
1768,185,11.6666666666667,85.7142857142857,80.0,48.797,0.047,417.6875,205.875,17.6673469543457,126.396472930908,3794,490,0,149,33
1769,186,11.9047619047619,84.0,80.0,48.797,0.047,420.6875,206.875,17.6831855773926,126.526996612549,3851,498,0,157,45
1770,186,11.9047619047619,84.0,80.0,48.797,0.047,421.9375,206.875,17.6816749572754,126.732822418213,3954,526,0,168,62
1771,186,11.9047619047619,84.0,80.0,48.797,0.047,422.1875,206.875,17.6797561645508,126.783023834229,3978,529,0,171,68
1772,186,11.9047619047619,84.0,80.0,48.797,0.047,422.9375,206.875,17.6823616027832,126.800098419189,3982,529,0,172,72
1773,186,12.3809523809524,80.7692307692308,80.0,48.797,0.047,422.4375,206.875,17.6819725036621,126.764026641846,3978,526,0,170,75
1774,186,11.6666666666667,85.7142857142857,80.0,48.797,0.047,421.9375,206.875,17.6795616149902,126.762283325195,3975,526,0,171,74
1775,186,30.007666666667,33.3248169912129,80.0,48.797,0.047,422.1875,206.875,17.6797103881836,126.810169219971,4011,530,0,175,81
1776,187,16.6666666666667,60.0,80.0,48.797,0.047,422.4375,206.875,17.6799812316895,126.809234619141,4012,530,0,177,80
1777,187,16.6666666666667,60.0,80.0,48.797,0.047,422.4375,206.875,17.6799812316895,126.807903289795,4006,530,0,178,77
1778,187,16.6666666666667,60.0,80.0,48.797,0.047,422.4375,206.875,17.6799812316895,126.738037109375,3985,523,0,173,77
1779,187,12.7066666666667,78.6988457502623,80.0,48.797,0.047,421.4375,206.875,17.6751594543457,126.708713531494,3974,521,0,171,75
1780,187,11.39,87.7963125548727,80.0,48.797,0.047,421.4375,206.875,17.6751594543457,126.710395812988,3962,520,0,171,70
1781,187,11.513,86.8583340571528,80.0,48.797,0.047,421.6875,206.875,17.6753540039063,126.645889282227,3935,514,0,167,65
1782,187,10.993,90.9669789866279,80.0,48.797,0.047,420.9375,206.875,17.6708030700684,126.636951446533,3922,513,0,167,60
1783,188,12.263,81.5461143276523,80.0,48.797,0.047,421.1875,206.875,17.6709823608398,126.574966430664,3931,512,0,161,66
1784,188,11.824,84.573748308525,80.0,48.797,0.047,419.9375,206.875,17.6696357727051,126.501331329346,3893,507,0,161,58
1785,188,10.778,92.781592132121,80.0,48.797,0.047,418.1875,205.875,17.6689453125,126.493114471436,3882,507,0,161,54
1786,188,11.068,90.3505601734731,80.0,48.797,0.047,418.1875,205.875,17.6689453125,126.493263244629,3880,507,0,160,53
1787,188,11.731,85.2442247037763,80.0,48.797,0.047,419.9375,205.875,17.6706657409668,126.665309906006,3941,516,0,167,62
1788,188,11.794,84.7888756995082,80.0,48.797,0.047,419.9375,205.875,17.6706657409668,126.662536621094,3932,516,0,168,60
1789,188,11.169,89.5335303071,80.0,48.797,0.047,420.1875,205.875,17.6708297729492,126.673442840576,3936,516,0,169,64
1790,188,11.0,90.9090909090909,80.0,48.797,0.047,420.1875,205.875,17.6708297729492,126.6748046875,3936,516,0,169,64
1791,188,11.6666666666667,85.7142857142857,80.0,48.797,0.047,420.1875,205.875,17.6708297729492,126.680477142334,3957,518,0,167,68
1792,189,11.6666666666667,85.7142857142857,80.0,48.797,0.047,419.9375,205.875,17.6705589294434,126.640933990479,3937,512,0,164,64
1793,189,11.1111111111111,90.0,80.0,48.797,0.047,419.9375,205.875,17.6705589294434,126.666515350342,3947,519,0,170,65
1794,189,11.1111111111111,90.0,80.0,48.797,0.047,420.1875,205.875,17.6668853759766,126.708839416504,3957,522,0,173,67
1795,189,11.1111111111111,90.0,80.0,48.797,0.047,420.1875,205.875,17.6668853759766,126.70435333252,3954,521,0,172,65
1796,189,11.1111111111111,90.0,80.0,48.797,0.047,420.1875,205.875,17.6668853759766,126.667724609375,3938,518,0,170,63
1797,189,11.1111111111111,90.0,80.0,48.797,0.047,419.6875,205.875,17.6644744873047,126.673717498779,3944,519,0,170,64
1798,189,11.1111111111111,90.0,80.0,48.797,0.047,419.6875,205.875,17.6644744873047,126.670585632324,3963,516,0,168,71
1799,189,11.1111111111111,90.0,80.0,48.797,0.047,419.6875,205.875,17.6644744873047,126.649719238281,3944,513,0,165,67
1800,189,11.1111111111111,90.0,80.0,48.797,0.047,419.6875,205.875,17.6644744873047,126.576728820801,3915,507,0,161,64
1801,190,11.1111111111111,90.0,80.0,48.797,0.047,418.1875,204.875,17.6619873046875,126.587154388428,3914,508,0,161,64
1802,190,11.1111111111111,90.0,80.0,48.797,0.047,417.9375,204.875,17.661792755127,126.596557617188,3925,509,0,161,67
1803,190,11.1111111111111,90.0,80.0,48.797,0.047,417.9375,204.875,17.661792755127,126.595310211182,3920,509,0,160,62
1804,190,11.1111111111111,90.0,80.0,48.797,0.047,417.9375,204.875,17.661792755127,126.581432342529,3900,508,0,160,61
1805,190,11.1111111111111,90.0,80.0,48.797,0.047,417.9375,204.875,17.661792755127,126.576889038086,3891,508,0,160,55
1806,190,11.1111111111111,90.0,80.0,48.797,0.047,417.9375,204.875,17.661792755127,126.57674407959,3895,507,0,159,57
1807,190,11.1111111111111,90.0,80.0,48.797,0.047,417.9375,204.875,17.661792755127,126.581993103027,3897,508,0,159,57
1808,190,11.1111111111111,90.0,80.0,48.797,0.047,418.1875,204.875,17.6619873046875,126.606567382813,3905,510,0,161,58
1809,190,11.1111111111111,90.0,80.0,48.797,0.047,418.1875,204.875,17.6619873046875,126.598491668701,3898,509,0,161,58
1810,191,11.1111111111111,90.0,80.0,48.797,0.047,418.3125,204.875,17.6588172912598,126.478183746338,3884,501,0,155,63
1811,191,11.1111111111111,90.0,80.0,48.797,0.047,416.5625,204.875,17.6570816040039,126.439785003662,3848,498,0,154,52
1812,191,11.1111111111111,90.0,80.0,48.797,0.047,416.5625,204.875,17.6570816040039,126.433208465576,3848,499,0,154,51
1813,191,11.1111111111111,90.0,80.0,48.797,0.047,416.5625,204.875,17.6570816040039,126.435146331787,3848,499,0,155,51
1814,191,11.1111111111111,90.0,80.0,48.797,0.047,416.5625,204.875,17.6570816040039,126.42862701416,3844,497,0,155,51
1815,191,11.1111111111111,90.0,80.0,48.797,0.047,416.5625,204.875,17.6570816040039,126.348880767822,3809,491,0,150,51
1816,191,11.1111111111111,90.0,80.0,48.797,0.047,415.3125,204.875,17.6562309265137,126.340744018555,3804,490,0,147,48
1817,191,20.5133333333334,48.7487812804679,80.0,48.797,0.047,415.5625,204.875,17.6564254760742,126.386329650879,3830,496,0,144,51
1818,192,12.5,80.0,80.0,48.797,0.047,415.5625,204.875,17.6564254760742,126.351699829102,3817,490,0,143,50
1819,192,12.5,80.0,80.0,48.797,0.047,415.1875,204.875,17.6553955078125,126.346187591553,3813,490,0,141,49
1820,192,12.5,80.0,80.0,48.797,0.047,416.875,204.875,17.6571292877197,126.835041999817,3869,498,0,147,51
1821,192,12.5,80.0,80.0,48.797,0.047,416.875,204.875,17.6571292877197,126.821587562561,3844,498,0,147,42
1822,192,12.5,80.0,80.0,48.797,0.047,416.875,204.875,17.6571292877197,126.713070869446,3799,488,0,142,42
1823,192,12.5,80.0,80.0,48.797,0.047,415.625,204.875,17.656156539917,126.692601203918,3799,488,0,142,42
1824,192,12.5,80.0,80.0,48.797,0.047,415.625,204.875,17.656156539917,126.633358955383,3776,475,0,141,43
1825,192,12.5,80.0,80.0,48.797,0.047,415.625,204.875,17.656156539917,126.621918678284,3761,474,0,140,39
1826,193,12.5,80.0,80.0,48.797,0.047,416.125,204.875,17.6585674285889,126.684426307678,3782,479,0,141,41
1827,193,12.5,80.0,80.0,48.797,0.047,416.125,204.875,17.6585674285889,126.686268806458,3783,479,0,141,41
1828,193,12.5,80.0,80.0,48.797,0.047,416.625,204.875,17.6609783172607,126.728001594543,3798,482,0,143,43
1829,193,12.5,80.0,80.0,48.797,0.047,416.625,204.875,17.6609783172607,126.727387428284,3795,482,0,143,41
1830,193,11.2136666666667,89.1768972384889,80.0,48.797,0.047,416.625,204.875,17.6609783172607,126.70970249176,3770,481,0,143,35
1831,193,10.764,92.9022668153103,80.0,48.797,0.047,416.625,204.875,17.6609783172607,126.68777179718,3759,479,0,142,34
1832,193,11.316,88.3704489218805,80.0,48.797,0.047,416.625,204.875,17.6609325408936,126.723629951477,3786,484,0,148,38
1833,193,10.86,92.0810313075506,80.0,48.797,0.047,416.625,204.875,17.6609325408936,126.703053474426,3777,482,0,147,38
1834,194,10.668,93.7382827146607,80.0,48.797,0.047,416.375,204.875,17.660737991333,126.703358650208,3777,482,0,147,38
1835,194,10.978,91.0912734560029,80.0,48.797,0.047,416.375,204.875,17.660737991333,126.704720497131,3777,482,0,147,38
1836,194,11.06,90.4159132007233,80.0,48.797,0.047,416.375,204.875,17.660737991333,126.703473091125,3775,482,0,147,36
1837,194,10.559,94.7059380623165,80.0,48.797,0.047,416.375,204.875,17.660737991333,126.6817445755,3764,480,0,146,35
1838,194,10.45,95.6937799043062,80.0,48.797,0.047,416.125,204.875,17.6605434417725,126.682171821594,3764,480,0,146,35
1839,194,10.425,95.9232613908873,80.0,48.797,0.047,416.125,204.875,17.6605434417725,126.66734790802,3758,476,0,144,35
1840,194,10.883,91.8864283745291,80.0,48.797,0.047,416.125,204.875,17.6605434417725,126.577095985413,3712,469,0,138,31
1841,194,10.51,95.1474785918173,80.0,48.797,0.047,414.875,204.875,17.6596927642822,126.569828987122,3703,469,0,138,26
1842,194,10.344,96.6744006187162,80.0,48.797,0.047,414.875,204.875,17.6596927642822,126.540303230286,3693,461,0,138,26
1843,194,10.576,94.553706505295,80.0,48.797,0.047,414.3125,204.875,17.6593151092529,126.519074440002,3684,459,0,137,26
1844,195,10.6060606060606,94.2857142857143,80.0,48.797,0.047,414.0625,204.875,17.6591205596924,126.499691963196,3674,457,0,136,23
1845,195,10.6060606060606,94.2857142857143,80.0,48.797,0.047,413.8125,204.875,17.658971786499,126.469445228577,3658,454,0,135,21
1846,195,10.4738787878788,95.4756132138248,80.0,48.797,0.047,413.5625,204.875,17.6587772369385,126.447995185852,3649,452,0,134,21
1847,195,10.623333333333,94.1324129275214,80.0,48.797,0.047,413.3125,204.875,17.6585826873779,126.172550201416,3622,443,0,125,21
1848,195,10.594666666667,94.3871130128333,80.0,48.797,0.047,411.625,204.875,17.6568489074707,125.974731445313,3595,443,0,125,12
1849,195,10.315,96.9461948618517,80.0,48.797,0.047,411.625,204.875,17.6568489074707,125.975368499756,3594,443,0,125,11
1850,195,10.6060606060606,94.2857142857143,80.0,48.797,0.047,411.625,204.875,17.6568489074707,125.97673034668,3594,443,0,125,11
1851,195,10.6060606060606,94.2857142857143,80.0,48.797,0.047,411.625,204.875,17.6568489074707,125.970302581787,3589,443,0,127,8
1852,195,10.6060606060606,94.2857142857143,84.0,38.352,0.04,411.625,204.875,17.6568489074707,125.971664428711,3589,443,0,127,8
1853,196,10.6060606060606,94.2857142857143,84.0,38.352,0.04,412.875,204.875,17.6618499755859,126.15209197998,3657,456,0,130,18
1854,196,10.6060606060606,94.2857142857143,84.0,38.352,0.04,412.875,204.875,17.6618499755859,126.144462585449,3650,455,0,130,17
1855,196,10.6060606060606,94.2857142857143,84.0,38.352,0.04,412.875,204.875,17.6618499755859,126.145824432373,3650,455,0,130,17
1856,196,10.6060606060606,94.2857142857143,84.0,38.352,0.04,413.875,204.875,17.6666717529297,126.192325592041,3667,458,0,132,19
1857,196,10.6060606060606,94.2857142857143,84.0,38.352,0.04,415.125,204.875,17.6659812927246,126.363594055176,3728,467,0,141,28
1858,196,10.9085151515148,91.6715048849832,84.0,38.352,0.04,415.125,204.875,17.6659812927246,126.363994598389,3726,467,0,141,27
1859,196,10.6060606060606,94.2857142857143,84.0,38.352,0.04,415.125,204.875,17.6659812927246,126.27770614624,3681,461,0,136,25
1860,196,10.6060606060606,94.2857142857143,84.0,38.352,0.04,414.125,204.875,17.659538269043,126.24853515625,3682,460,0,137,29
1861,196,20.3042121212125,49.2508645019161,84.0,38.352,0.04,413.375,204.875,17.6569328308105,126.244606018066,3678,460,0,135,27
1862,197,11.866,84.2743974380583,84.0,38.352,0.04,413.375,204.875,17.6569328308105,126.24299621582,3673,460,0,135,26
1863,197,16.975,58.9101620029455,84.0,38.352,0.04,417.0,205.875,17.6596984863281,126.567115783691,3827,498,0,152,50
1864,197,12.5,80.0,84.0,38.352,0.04,417.0,205.875,17.6596984863281,126.568477630615,3827,498,0,152,50
1865,197,12.5,80.0,84.0,38.352,0.04,417.0,205.875,17.6596984863281,126.561534881592,3825,496,0,149,50
1866,197,12.5,80.0,84.0,38.352,0.04,417.0,205.875,17.6596984863281,126.56050491333,3822,496,0,148,48
1867,197,12.5,80.0,84.0,38.352,0.04,417.0,205.875,17.6596984863281,126.548450469971,3806,495,0,147,44
1868,197,12.5,80.0,84.0,38.352,0.04,417.0,205.875,17.6596984863281,126.553951263428,3809,493,0,144,44
1869,197,12.5,80.0,84.0,38.352,0.04,418.25,206.875,17.659969329834,126.556529998779,3800,493,0,145,41
1870,198,19.615,50.9813917919959,84.0,38.352,0.04,422.125,206.875,17.6714897155762,127.10639667511,3979,514,0,151,74
1871,198,12.962962962963,77.1428571428571,84.0,38.352,0.04,421.5625,206.875,17.6675758361816,127.112019538879,3979,514,0,154,74
1872,198,12.962962962963,77.1428571428571,84.0,38.352,0.04,422.0625,206.875,17.6699867248535,127.154629707336,3994,517,0,156,76
1873,198,13.3333333333333,75.0,84.0,38.352,0.04,423.8125,206.875,17.6717071533203,127.326012611389,4054,525,0,165,85
1874,198,12.4350740740737,80.4176954671251,84.0,38.352,0.04,423.8125,206.875,17.6717071533203,127.343792915344,4067,527,0,166,87
1875,198,13.3333333333333,75.0,84.0,38.352,0.04,424.3125,206.875,17.6721267700195,127.38879108429,4081,532,0,175,84
1876,198,13.3333333333333,75.0,84.0,38.352,0.04,424.3125,206.875,17.6721267700195,127.244790077209,4040,523,0,166,76
1877,199,13.3333333333333,75.0,84.0,38.352,0.04,423.0625,206.875,17.6707801818848,127.250477790833,4021,524,0,170,69
1878,199,13.3333333333333,75.0,84.0,38.352,0.04,423.4375,206.875,17.6718101501465,127.317131996155,4057,535,0,181,73
1879,199,13.3333333333333,75.0,84.0,38.352,0.04,424.1875,206.875,17.6723022460938,127.303486824036,4059,532,0,182,78
1880,199,13.3333333333333,75.0,84.0,38.352,0.04,423.1875,206.875,17.66748046875,127.318776130676,4067,533,0,183,79
1881,199,13.3333333333333,75.0,84.0,38.352,0.04,423.4375,206.875,17.6677513122559,127.306450843811,4066,531,0,181,78
1882,199,13.3333333333333,75.0,84.0,38.352,0.04,423.4375,206.875,17.6677513122559,127.224873542786,4025,523,0,179,73
1883,199,13.3333333333333,75.0,84.0,38.352,0.04,422.6875,206.875,17.6630935668945,127.597101211548,4058,527,0,179,79
1884,200,13.3333333333333,75.0,84.0,38.352,0.04,422.9375,206.875,17.6632881164551,127.520559310913,4032,517,0,175,76
1885,200,13.3333333333333,75.0,84.0,38.352,0.04,421.0625,205.875,17.6617164611816,127.498628616333,4022,515,0,173,74
1886,200,11.6556666666671,85.795178310976,84.0,38.352,0.04,420.8125,205.875,17.6615676879883,127.498113632202,4018,515,0,174,73
1887,200,11.33,88.261253309797,84.0,38.352,0.04,421.0625,205.875,17.6617622375488,127.517839431763,4023,516,0,174,72
1888,200,11.023,90.719404880704,84.0,38.352,0.04,421.0625,205.875,17.6617622375488,127.514799118042,4015,516,0,173,70
1889,200,12.92,77.3993808049536,84.0,38.352,0.04,421.0625,205.875,17.6617622375488,127.507707595825,4018,515,0,173,71
1890,200,11.62,86.0585197934596,84.0,38.352,0.04,421.0625,205.875,17.6617622375488,127.4937915802,4028,511,0,170,80
1891,200,11.663,85.74123295893,84.0,38.352,0.04,421.0625,205.875,17.6617622375488,127.466962814331,4005,510,0,169,75
1892,200,11.429,87.4967188730423,84.0,38.352,0.04,420.8125,205.875,17.661491394043,127.465063095093,4001,510,0,168,74
1893,201,12.5,80.0,84.0,38.352,0.04,421.0625,205.875,17.6616859436035,127.371137619019,3992,506,0,162,74
1894,201,12.5,80.0,84.0,38.352,0.04,419.5625,205.875,17.6601448059082,124.896775245667,3906,474,0,156,65
1895,201,11.108,90.0252070579762,84.0,38.352,0.04,415.25,205.5,16.1094970703125,124.857480049133,3866,473,0,155,60
1896,201,11.336,88.2145377558222,84.0,38.352,0.04,415.25,205.5,16.1094970703125,124.852944374084,3857,473,0,154,55
1897,201,11.022,90.7276356378153,84.0,38.352,0.04,415.25,205.5,16.1094970703125,124.820473670959,3848,471,0,152,55
1898,201,10.787,92.7041809585612,84.0,38.352,0.04,414.75,205.5,16.1070861816406,124.797528266907,3842,469,0,150,54
1899,201,11.042,90.5633037493208,84.0,38.352,0.04,413.5,204.5,16.1068153381348,124.787873268127,3825,469,0,150,49
1900,201,17.6273333333333,56.730078287508,84.0,38.352,0.04,413.75,204.5,16.1070098876953,124.832531929016,3854,474,0,149,54
1901,202,11.9047619047619,84.0,84.0,38.352,0.04,413.75,204.5,16.1070098876953,124.745903968811,3823,463,0,144,53
1902,202,11.865571428571,84.2774413368838,84.0,38.352,0.04,412.875,204.5,16.1035690307617,124.7293176651,3810,461,0,142,49
1903,202,11.9047619047619,84.0,84.0,38.352,0.04,412.75,204.5,16.1002044677734,124.722973823547,3797,461,0,142,46
1904,202,11.9047619047619,84.0,84.0,38.352,0.04,412.75,204.5,16.1002044677734,124.724335670471,3797,461,0,142,46
1905,202,9.52380952380953,105.0,84.0,38.352,0.04,412.75,204.5,16.1002044677734,124.631146430969,3756,452,0,136,45
1906,202,11.9047619047619,84.0,84.0,38.352,0.04,411.5,204.5,16.0993537902832,124.627236366272,3752,452,0,136,44
1907,202,11.9047619047619,84.0,84.0,38.352,0.04,411.5,204.5,16.0993537902832,124.613991737366,3747,449,0,133,43
1908,202,11.9047619047619,84.0,84.0,38.352,0.04,411.5,204.5,16.0993537902832,124.577298164368,3718,446,0,130,38
1909,203,11.9047619047619,84.0,84.0,38.352,0.04,412.1875,204.5,16.108699798584,124.592343330383,3713,440,0,131,38
1910,203,11.9047619047619,84.0,84.0,38.352,0.04,411.875,204.5,16.1049346923828,124.5962266922,3718,440,0,131,40
1911,203,11.9047619047619,84.0,84.0,38.352,0.04,411.875,204.5,16.1049346923828,124.574463844299,3699,440,0,131,27
1912,203,11.9047619047619,84.0,84.0,38.352,0.04,412.375,204.5,16.1073455810547,124.594738960266,3705,441,0,132,29
1913,203,11.9047619047619,84.0,84.0,38.352,0.04,412.125,204.5,16.1071510314941,124.473408699036,3645,431,0,125,23
1914,203,11.9047619047619,84.0,84.0,38.352,0.04,410.875,204.5,16.1061782836914,124.453751564026,3625,430,0,123,19
1915,203,11.9047619047619,84.0,84.0,38.352,0.04,411.125,204.5,16.1063270568848,124.492074012756,3653,435,0,129,23
1916,203,11.6666666666667,85.7142857142857,84.0,38.352,0.04,411.125,204.5,16.1063270568848,124.449341773987,3630,425,0,129,24
1917,203,11.6666666666667,85.7142857142857,84.0,38.352,0.04,411.125,204.5,16.1063270568848,124.450772285461,3630,425,0,129,24
1918,204,11.6666666666667,85.7142857142857,84.0,38.352,0.04,411.125,204.5,16.1063270568848,124.451951026917,3630,425,0,127,24
1919,204,11.6666666666667,85.7142857142857,84.0,38.352,0.04,411.125,204.5,16.1063270568848,124.452748298645,3631,425,0,127,24
1920,204,11.6666666666667,85.7142857142857,84.0,38.352,0.04,411.125,204.5,16.1063270568848,124.451218605042,3626,425,0,127,22
1921,204,11.6666666666667,85.7142857142857,84.0,38.352,0.04,411.125,204.5,16.1063270568848,124.444275856018,3624,423,0,125,22
1922,204,10.952380952381,91.3043478260868,84.0,38.352,0.04,411.125,204.5,16.1063270568848,124.436661720276,3615,422,0,124,19
1923,204,11.6666666666667,85.7142857142857,84.0,38.352,0.04,411.125,204.5,16.1063270568848,124.425560951233,3603,420,0,124,15
1924,204,11.6666666666667,85.7142857142857,84.0,38.352,0.04,411.125,204.5,16.1063270568848,124.345376014709,3568,414,0,119,15
1925,204,11.6666666666667,85.7142857142857,84.0,38.352,0.04,409.875,204.5,16.1054763793945,124.321801185608,3559,412,0,118,15
1926,205,11.6666666666667,85.7142857142857,84.0,38.352,0.04,409.625,204.5,16.105281829834,124.304593086243,3552,410,0,114,15
1927,205,11.6666666666667,85.7142857142857,84.0,38.352,0.04,409.375,204.5,16.1051330566406,124.303063392639,3548,410,0,114,14
1928,205,11.6666666666667,85.7142857142857,84.0,38.352,0.04,409.375,204.5,16.1051330566406,124.302449226379,3545,410,0,114,12
1929,205,11.6666666666667,85.7142857142857,84.0,38.352,0.04,409.375,204.5,16.1051330566406,124.281933784485,3536,408,0,113,12
1930,205,11.2413333333337,88.9574190487455,84.0,38.352,0.04,409.125,204.5,16.1049385070801,124.282361030579,3536,408,0,113,12
1931,205,10.752,93.0059523809524,84.0,38.352,0.04,409.125,204.5,16.1049385070801,124.202904701233,3516,390,0,113,12
1932,205,10.624,94.1265060240964,84.0,38.352,0.04,406.6875,204.5,16.1033020019531,124.201439857483,3516,390,0,111,12
1933,205,11.263,88.7862913966084,84.0,38.352,0.04,406.6875,204.5,16.1033020019531,124.20112323761,3513,390,0,111,11
1934,205,10.71,93.3706816059757,82.0,34.242,0.044,406.6875,204.5,16.1033020019531,124.199547767639,3508,390,0,111,8
1935,206,10.835,92.2934933087217,82.0,34.242,0.044,406.6875,204.5,16.1033020019531,124.200909614563,3508,390,0,110,8
1936,206,10.783,92.7385699712511,82.0,34.242,0.044,406.6875,204.5,16.1033020019531,124.178292274475,3496,388,0,109,7
1937,206,10.594,94.3930526713234,82.0,34.242,0.044,406.4375,204.5,16.1031074523926,124.171406745911,3492,387,0,109,7
1938,206,10.625,94.1176470588235,82.0,34.242,0.044,406.4375,204.5,16.1031074523926,124.172768592834,3492,387,0,109,7
1939,206,11.1111111111111,90.0,82.0,34.242,0.044,406.4375,204.5,16.1031074523926,124.140503883362,3482,384,0,107,7
1940,206,11.1111111111111,90.0,82.0,34.242,0.044,405.9375,204.5,16.1006965637207,124.136731147766,3478,384,0,107,6
1941,206,11.1111111111111,90.0,82.0,34.242,0.044,405.9375,204.5,16.1006965637207,124.13809299469,3478,384,0,107,6
1942,206,11.1111111111111,90.0,82.0,34.242,0.044,405.9375,204.5,16.1006965637207,124.092484474182,3468,380,0,107,7
1943,206,11.1111111111111,90.0,82.0,34.242,0.044,405.4375,204.5,16.0982856750488,121.042232513428,3411,350,0,104,7
1944,207,24.1947777777778,41.3312330943776,82.0,34.242,0.044,401.625,204.125,14.6113700866699,121.071983337402,3426,354,0,105,10
1945,207,12.5,80.0,82.0,34.242,0.044,401.625,204.125,14.6113700866699,121.070987701416,3426,354,0,105,10
1946,207,11.9889999999996,83.4097923096199,82.0,34.242,0.044,401.5,204.125,14.6080055236816,121.071655273438,3425,354,0,105,9
1947,207,12.5,80.0,82.0,34.242,0.044,403.25,204.125,14.6097259521484,121.244327545166,3485,363,0,113,17
1948,207,12.5,80.0,82.0,34.242,0.044,403.25,204.125,14.6097259521484,121.087668418884,3476,361,0,112,17
1949,207,12.5,80.0,82.0,34.242,0.044,403.0,204.125,14.609561920166,120.749221801758,3460,358,0,109,17
1950,207,12.5,80.0,82.0,34.242,0.044,402.75,204.125,14.6093978881836,120.563367843628,3456,358,0,109,16
1951,207,12.5,80.0,82.0,34.242,0.044,402.75,204.125,14.6093978881836,120.564729690552,3456,358,0,109,16
1952,208,12.9950000000004,76.9526741054228,82.0,34.242,0.044,404.875,204.125,14.6118354797363,120.889375686646,3601,395,0,124,40
1953,208,12.962962962963,77.1428571428571,82.0,34.242,0.044,405.625,204.125,14.6123275756836,120.940317153931,3623,398,0,127,45
1954,208,12.962962962963,77.1428571428571,82.0,34.242,0.044,405.625,204.125,14.6123275756836,120.935747146606,3618,398,0,125,44
1955,208,12.962962962963,77.1428571428571,82.0,34.242,0.044,407.375,204.125,14.6140480041504,121.115747451782,3685,408,0,134,54
1956,208,12.962962962963,77.1428571428571,82.0,34.242,0.044,407.375,204.125,14.6140480041504,121.116594314575,3683,408,0,133,53
1957,208,12.962962962963,77.1428571428571,82.0,34.242,0.044,407.375,204.125,14.6140480041504,121.108419418335,3678,406,0,131,52
1958,208,12.962962962963,77.1428571428571,82.0,34.242,0.044,407.375,204.125,14.6140480041504,121.102487564087,3671,405,0,130,50
1959,209,12.962962962963,77.1428571428571,82.0,34.242,0.044,407.375,204.125,14.6140480041504,121.107637405396,3675,406,0,130,50
1960,209,12.962962962963,77.1428571428571,82.0,34.242,0.044,407.375,204.125,14.6140480041504,121.110013961792,3675,406,0,131,50
1961,209,13.4202962962963,74.5140031130295,82.0,34.242,0.044,409.75,205.125,14.6158409118652,121.25226020813,3736,422,0,143,58
1962,209,12.962962962963,77.1428571428571,82.0,34.242,0.044,409.75,205.125,14.6158409118652,121.249670028687,3735,421,0,142,58
1963,209,12.962962962963,77.1428571428571,82.0,34.242,0.044,409.75,205.125,14.6158409118652,121.254919052124,3737,422,0,142,58
1964,209,12.962962962963,77.1428571428571,82.0,34.242,0.044,409.75,205.125,14.6158409118652,121.263879776001,3743,423,0,143,59
1965,209,12.962962962963,77.1428571428571,82.0,34.242,0.044,409.75,205.125,14.6158409118652,121.260412216187,3734,423,0,144,52
1966,209,12.962962962963,77.1428571428571,82.0,34.242,0.044,409.75,205.125,14.6158409118652,121.261510848999,3730,421,0,141,48
1967,210,13.5731851851852,73.6746744670865,82.0,34.242,0.044,411.75,206.125,14.6252517700195,121.16791343689,3728,408,0,136,52
1968,210,13.3333333333333,75.0,82.0,34.242,0.044,410.125,206.125,14.6203460693359,121.152715682983,3709,409,0,137,44
1969,210,13.3333333333333,75.0,82.0,34.242,0.044,410.625,206.125,14.6227569580078,121.196340560913,3724,412,0,140,46
1970,210,13.3333333333333,75.0,82.0,34.242,0.044,410.625,206.125,14.6227569580078,121.193311691284,3723,411,0,139,46
1971,210,13.3333333333333,75.0,82.0,34.242,0.044,410.625,206.125,14.6227569580078,121.198492050171,3725,412,0,139,46
1972,210,13.3333333333333,75.0,82.0,34.242,0.044,410.625,206.125,14.6227569580078,121.217084884644,3736,413,0,139,47
1973,210,13.3333333333333,75.0,82.0,34.242,0.044,411.125,206.125,14.623176574707,121.280794143677,3773,421,0,145,52
1974,211,13.3333333333333,75.0,82.0,34.242,0.044,411.125,206.125,14.623176574707,121.110902786255,3739,406,0,134,52
1975,211,13.3333333333333,75.0,82.0,34.242,0.044,409.25,206.125,14.62060546875,121.08896446228,3711,406,0,134,43
1976,211,13.3333333333333,75.0,82.0,34.242,0.044,409.25,206.125,14.62060546875,121.088224411011,3720,406,0,135,45
1977,211,12.962962962963,77.1428571428571,82.0,34.242,0.044,409.25,206.125,14.62060546875,121.084943771362,3713,406,0,136,43
1978,211,12.6967037037033,78.7605998640675,82.0,34.242,0.044,409.25,206.125,14.62060546875,121.097166061401,3720,406,0,135,44
1979,211,12.962962962963,77.1428571428571,82.0,34.242,0.044,409.5,206.125,14.6208763122559,121.082307815552,3736,401,0,131,53
1980,211,12.962962962963,77.1428571428571,82.0,34.242,0.044,409.5,206.125,14.6208763122559,121.079027175903,3718,400,0,129,47
1981,211,12.962962962963,77.1428571428571,82.0,34.242,0.044,409.5,206.125,14.6208763122559,121.077451705933,3711,400,0,130,45
1982,212,19.7834444444448,50.5473150951122,82.0,34.242,0.044,409.5,206.125,14.6208763122559,121.098585128784,3730,403,0,130,48
1983,212,13.3333333333333,75.0,82.0,34.242,0.044,409.5,206.125,14.6208763122559,121.026708602905,3709,393,0,125,47
1984,212,11.3276666666663,88.2794338345674,82.0,34.242,0.044,408.625,206.125,14.6194267272949,121.024076461792,3693,393,0,125,46
1985,212,13.3333333333333,75.0,82.0,34.242,0.044,408.875,206.125,14.6196975708008,121.023683547974,3683,393,0,126,39
1986,212,13.3333333333333,75.0,82.0,34.242,0.044,408.875,206.125,14.6196975708008,121.025045394897,3683,393,0,126,39
1987,212,13.3333333333333,75.0,82.0,34.242,0.044,408.875,206.125,14.6196975708008,121.01801109314,3684,392,0,127,39
1988,212,13.3333333333333,75.0,82.0,34.242,0.044,408.875,206.125,14.6196975708008,120.996629714966,3680,391,0,128,39
1989,213,13.3333333333333,75.0,82.0,34.242,0.044,408.625,206.125,14.6194267272949,120.980131149292,3671,388,0,125,37
1990,213,13.3333333333333,75.0,82.0,34.242,0.044,408.625,206.125,14.6194267272949,119.525860786438,3604,355,0,121,34
1991,213,13.3333333333333,75.0,82.0,34.242,0.044,404.3125,205.75,13.2705421447754,119.513283729553,3597,355,0,122,32
1992,213,13.1393333333337,76.1073621188267,82.0,34.242,0.044,404.3125,205.75,13.2705421447754,119.514645576477,3597,355,0,122,32
1993,213,12.305,81.2677773262901,82.0,34.242,0.044,404.3125,205.75,13.2705421447754,119.467717170715,3574,350,0,120,26
1994,213,11.094,90.1388137732107,82.0,34.242,0.044,403.8125,205.75,13.2681312561035,119.352971076965,3518,342,0,114,25
1995,213,10.783,92.7385699712511,82.0,34.242,0.044,402.3125,205.75,13.2670097351074,119.34809589386,3514,342,0,114,24
1996,213,11.042,90.5633037493208,82.0,34.242,0.044,402.3125,205.75,13.2670097351074,119.304348945618,3500,338,0,110,24
1997,214,10.795,92.6354793886058,82.0,34.242,0.044,401.8125,205.75,13.2645988464355,119.317196846008,3504,339,0,109,24
1998,214,10.711,93.3619643357296,82.0,34.242,0.044,402.0625,205.75,13.2648696899414,119.322796821594,3503,339,0,110,24
1999,214,10.892,91.8105031215571,82.0,34.242,0.044,402.0625,205.75,13.2648696899414,119.313881874084,3488,339,0,110,14
2000,214,10.625,94.1176470588235,82.0,34.242,0.044,401.9375,205.75,13.2615051269531,119.307820320129,3476,339,0,110,8
2001,214,10.73,93.1966449207829,82.0,34.242,0.044,401.9375,205.75,13.2615051269531,119.198327064514,3431,329,0,105,8
2002,214,10.504,95.2018278750952,82.0,34.242,0.044,400.6875,205.75,13.2605323791504,119.178292274475,3428,328,0,104,8
2003,214,10.783,92.7385699712511,82.0,34.242,0.044,400.4375,205.75,13.2602615356445,119.086274147034,3385,320,0,99,7
2004,214,10.919,91.5834783405074,82.0,34.242,0.044,399.1875,205.75,13.2594108581543,119.054448127747,3368,311,0,99,8
2005,214,10.6060606060606,94.2857142857143,82.0,34.242,0.044,399.4375,205.75,13.2596817016602,119.060685157776,3368,311,0,100,8
2006,214,10.6060606060606,94.2857142857143,82.0,34.242,0.044,399.4375,205.75,13.2596817016602,119.05300617218,3361,310,0,98,8
2007,215,10.6060606060606,94.2857142857143,82.0,34.242,0.044,399.4375,205.75,13.2596817016602,119.052689552307,3358,310,0,98,7
2008,215,10.6060606060606,94.2857142857143,82.0,34.242,0.044,399.4375,205.75,13.2596817016602,119.054051399231,3358,310,0,98,7
2009,215,10.6060606060606,94.2857142857143,82.0,34.242,0.044,399.4375,205.75,13.2596817016602,119.028054237366,3355,309,0,97,7
2010,215,10.6060606060606,94.2857142857143,82.0,34.242,0.044,399.1875,205.75,13.2594108581543,119.020222663879,3346,309,0,95,5
2011,215,10.6060606060606,94.2857142857143,82.0,34.242,0.044,399.1875,205.75,13.2594108581543,119.02086353302,3346,309,0,95,5
2012,215,10.6060606060606,94.2857142857143,82.0,34.242,0.044,399.1875,205.75,13.2594108581543,119.03786945343,3354,310,0,95,6
2013,215,10.6060606060606,94.2857142857143,82.0,34.242,0.044,399.4375,205.75,13.2596817016602,119.044106483459,3354,310,0,96,6
2014,215,10.6060606060606,94.2857142857143,82.0,34.242,0.044,399.4375,205.75,13.2596817016602,119.045468330383,3354,310,0,96,6
2015,215,10.6060606060606,94.2857142857143,81.0,37.046,0.08,399.4375,205.75,13.2596817016602,119.036820411682,3354,310,0,96,6
2016,216,10.6060606060606,94.2857142857143,81.0,37.046,0.08,399.4375,205.75,13.2596817016602,119.038182258606,3354,310,0,96,6
2017,216,10.6060606060606,94.2857142857143,81.0,37.046,0.08,399.4375,205.75,13.2596817016602,119.022728919983,3351,309,0,93,6
2018,216,10.6060606060606,94.2857142857143,81.0,37.046,0.08,399.1875,205.75,13.2594108581543,119.019150733948,3344,309,0,93,4
2019,216,10.6060606060606,94.2857142857143,81.0,37.046,0.08,399.1875,205.75,13.2594108581543,119.020512580872,3344,309,0,93,4
2020,216,10.6060606060606,94.2857142857143,81.0,37.046,0.08,399.1875,205.75,13.2594108581543,119.037610054016,3352,310,0,93,5
2021,216,10.6060606060606,94.2857142857143,81.0,37.046,0.08,399.4375,205.75,13.2596817016602,119.043847084045,3352,310,0,94,5
2022,216,10.6060606060606,94.2857142857143,81.0,37.046,0.08,399.4375,205.75,13.2596817016602,119.045208930969,3352,310,0,94,5
2023,216,10.6060606060606,94.2857142857143,81.0,37.046,0.08,399.4375,205.75,13.2596817016602,119.046570777893,3352,310,0,94,5
2024,216,10.6060606060606,94.2857142857143,81.0,37.046,0.08,399.4375,205.75,13.2596817016602,119.03111743927,3349,309,0,93,5
2025,216,10.5117878787879,95.1312956017629,81.0,37.046,0.08,399.1875,205.75,13.2594108581543,119.029217720032,3345,309,0,93,4
2026,217,15.8843333333333,62.9551130044278,81.0,37.046,0.08,399.1875,205.75,13.2594108581543,119.030579566956,3345,309,0,94,4
2027,217,11.1111111111111,90.0,81.0,37.046,0.08,399.1875,205.75,13.2594108581543,119.068211555481,3364,312,0,94,7
2028,217,11.1111111111111,90.0,81.0,37.046,0.08,399.6875,205.75,13.2598762512207,119.058091163635,3359,310,0,95,7
2029,217,11.1111111111111,90.0,81.0,37.046,0.08,398.4375,204.75,13.2596054077148,119.058033943176,3359,310,0,95,7
2030,217,11.1111111111111,90.0,81.0,37.046,0.08,398.4375,204.75,13.2596054077148,119.0593957901,3359,310,0,95,7
2031,217,11.1111111111111,90.0,81.0,37.046,0.08,398.4375,204.75,13.2596054077148,119.060757637024,3359,310,0,95,7
2032,217,11.1111111111111,90.0,81.0,37.046,0.08,398.4375,204.75,13.2596054077148,119.045304298401,3356,309,0,92,7
2033,217,11.1111111111111,90.0,81.0,37.046,0.08,398.1875,204.75,13.259334564209,119.041726112366,3349,309,0,92,5
2034,218,11.1111111111111,90.0,81.0,37.046,0.08,398.4375,204.75,13.2595138549805,119.088299751282,3369,313,0,93,9
2035,218,11.1111111111111,90.0,81.0,37.046,0.08,398.4375,204.75,13.2595138549805,119.089661598206,3369,313,0,93,9
2036,218,11.6666666666667,85.7142857142857,81.0,37.046,0.08,398.4375,204.75,13.2595138549805,119.091023445129,3369,313,0,93,9
2037,218,12.1603333333329,82.2345878676598,81.0,37.046,0.08,398.4375,204.75,13.2595138549805,119.091652870178,3368,313,0,93,8
2038,218,11.6666666666667,85.7142857142857,81.0,37.046,0.08,400.1875,204.75,13.2612342834473,119.261578559875,3425,322,0,102,16
2039,218,11.1696666666671,89.5281864573665,81.0,37.046,0.08,400.1875,204.75,13.2612342834473,119.246125221252,3422,321,0,101,16
2040,218,11.1111111111111,90.0,81.0,37.046,0.08,399.9375,204.75,13.2609634399414,119.244225502014,3418,321,0,101,15
2041,218,11.1111111111111,90.0,81.0,37.046,0.08,399.9375,204.75,13.2609634399414,119.245587348938,3418,321,0,101,15
2042,218,11.1111111111111,90.0,81.0,37.046,0.08,399.9375,204.75,13.2609634399414,119.246949195862,3418,321,0,101,15
2043,219,11.1111111111111,90.0,81.0,37.046,0.08,399.9375,204.75,13.2609634399414,119.248250007629,3418,321,0,101,15
2044,219,11.1111111111111,90.0,81.0,37.046,0.08,400.3125,204.75,13.2619934082031,119.309617042542,3445,331,0,109,17
2045,219,11.1111111111111,90.0,81.0,37.046,0.08,401.0625,204.75,13.2624855041504,119.361771583557,3469,334,0,112,23
2046,219,11.1111111111111,90.0,81.0,37.046,0.08,401.0625,204.75,13.2624855041504,119.346364021301,3470,333,0,111,25
2047,219,11.1111111111111,90.0,81.0,37.046,0.08,399.8125,203.75,13.2622146606445,119.344033241272,3466,333,0,111,24
2048,219,11.1111111111111,90.0,81.0,37.046,0.08,399.8125,203.75,13.2622146606445,119.351979255676,3472,334,0,111,25
2049,219,11.1111111111111,90.0,81.0,37.046,0.08,399.8125,203.75,13.2622146606445,119.352826118469,3470,334,0,112,24
2050,219,11.1111111111111,90.0,81.0,37.046,0.08,399.8125,203.75,13.2622146606445,119.346329689026,3468,332,0,108,24
2051,219,11.1111111111111,90.0,81.0,37.046,0.08,399.8125,203.75,13.2622146606445,119.337685585022,3457,331,0,107,21
2052,220,11.1111111111111,90.0,81.0,37.046,0.08,400.8125,203.75,13.2650604248047,119.46808719635,3501,341,0,112,27
2053,220,11.1111111111111,90.0,81.0,37.046,0.08,400.8125,203.75,13.2650604248047,119.475541114807,3507,342,0,112,28
2054,220,11.1111111111111,90.0,81.0,37.046,0.08,400.8125,203.75,13.2650604248047,119.443604469299,3486,339,0,112,28
2055,220,11.1111111111111,90.0,81.0,37.046,0.08,401.0625,203.75,13.267276763916,119.482419013977,3496,342,0,114,28
2056,220,11.1111111111111,90.0,81.0,37.046,0.08,402.8125,203.75,13.2689971923828,119.655640602112,3557,351,0,123,37
2057,220,11.1111111111111,90.0,81.0,37.046,0.08,402.8125,203.75,13.2689971923828,119.653050422668,3556,350,0,122,37
2058,220,11.1111111111111,90.0,81.0,37.046,0.08,403.0625,203.75,13.2691459655762,119.697152137756,3580,356,0,126,40
2059,220,11.1111111111111,90.0,81.0,37.046,0.08,403.0625,203.75,13.2691459655762,119.699090003967,3580,356,0,127,40
2060,220,11.1111111111111,90.0,81.0,37.046,0.08,403.0625,203.75,13.2691459655762,119.699238777161,3578,356,0,127,39
2061,221,11.6666666666667,85.7142857142857,81.0,37.046,0.08,404.5625,203.75,13.2809524536133,119.668145179749,3596,348,0,124,46
2062,221,11.6666666666667,85.7142857142857,81.0,37.046,0.08,402.9375,203.75,13.2760467529297,119.652874946594,3586,348,0,125,41
2063,221,11.6666666666667,85.7142857142857,81.0,37.046,0.08,403.6875,203.75,13.276538848877,119.701680183411,3604,351,0,129,45
2064,221,11.6666666666667,85.7142857142857,81.0,37.046,0.08,404.6875,203.75,13.2813606262207,119.777756690979,3632,355,0,131,49
2065,221,11.6666666666667,85.7142857142857,81.0,37.046,0.08,404.6875,203.75,13.2813606262207,119.769703865051,3623,354,0,130,46
2066,221,11.6666666666667,85.7142857142857,81.0,37.046,0.08,404.6875,203.75,13.2813606262207,119.775032997131,3626,355,0,130,46
2067,221,11.6666666666667,85.7142857142857,81.0,37.046,0.08,404.9375,203.75,13.2815093994141,119.809407234192,3641,359,0,134,46
2068,221,12.1636666666663,82.2120522868677,81.0,37.046,0.08,404.9375,203.75,13.2815093994141,119.825493812561,3652,362,0,134,46
2069,221,11.6666666666667,85.7142857142857,81.0,37.046,0.08,404.9375,203.75,13.2815093994141,119.774720191956,3636,354,0,131,46
2070,222,31.5223333333337,31.7235399240746,81.0,37.046,0.08,404.8125,203.75,13.2827415466309,119.83754825592,3661,359,0,133,49
2071,222,16.6666666666667,60.0,81.0,37.046,0.08,405.3125,203.75,13.2851524353027,119.865521430969,3674,359,0,132,51
2072,222,16.6666666666667,60.0,81.0,37.046,0.08,405.3125,203.75,13.2851524353027,119.845559120178,3659,358,0,129,46
2073,222,16.6666666666667,60.0,81.0,37.046,0.08,405.3125,203.75,13.2851524353027,119.821564674377,3651,354,0,127,44
2074,222,16.6666666666667,60.0,81.0,37.046,0.08,405.5625,203.75,13.2853012084961,119.851376533508,3657,359,0,131,43
2075,223,14.847,67.3536741429245,81.0,37.046,0.08,405.5625,203.75,13.2853012084961,119.701409339905,3624,349,0,122,42
2076,223,12.47,80.1924619085806,81.0,37.046,0.08,403.8125,203.75,13.2836112976074,119.68029499054,3600,349,0,122,33
2077,223,12.538,79.7575370872547,81.0,37.046,0.08,403.8125,203.75,13.2836112976074,119.681656837463,3600,349,0,122,33
2078,223,12.389,80.7167648720639,81.0,37.046,0.08,403.8125,203.75,13.2836112976074,119.64851474762,3590,346,0,120,33
2079,223,12.807,78.082298742875,81.0,37.046,0.08,403.3125,203.75,13.2812004089355,119.609089851379,3561,343,0,118,26
2080,223,12.266,81.5261699005381,81.0,37.046,0.08,403.3125,203.75,13.2812004089355,119.610928535461,3550,342,0,117,22
2081,223,12.689,78.8084167389077,81.0,37.046,0.08,403.3125,203.75,13.2812004089355,119.566342353821,3533,338,0,115,21
2082,223,12.345,81.0044552450385,81.0,37.046,0.08,402.8125,203.75,13.2787895202637,119.560170173645,3531,338,0,117,20
2083,224,12.447,80.3406443319675,81.0,37.046,0.08,402.8125,203.75,13.2787895202637,119.561409950256,3531,338,0,117,20
2084,224,12.293,81.3471081103067,81.0,37.046,0.08,402.8125,203.75,13.2787895202637,119.545197486877,3524,336,0,116,20
2085,224,12.5,80.0,81.0,37.046,0.08,402.5625,203.75,13.2786407470703,118.373237609863,3465,304,0,112,19
2086,224,12.5,80.0,81.0,37.046,0.08,398.0,203.375,11.9288673400879,118.287242889404,3439,298,0,108,17
2087,224,12.5,80.0,81.0,37.046,0.08,397.0,203.375,11.9240455627441,118.192855834961,3396,290,0,102,15
2088,224,12.146,82.3316318129425,81.0,37.046,0.08,395.75,203.375,11.9231948852539,118.18021774292,3389,289,0,102,15
2089,224,12.5,80.0,81.0,37.046,0.08,395.75,203.375,11.9231948852539,118.08430480957,3360,281,0,100,15
2090,224,11.887,84.125515268781,81.0,37.046,0.08,394.75,203.375,11.9183731079102,118.080509185791,3358,281,0,100,15
2091,225,11.402,87.7039115944571,81.0,37.046,0.08,394.75,203.375,11.9183731079102,118.081085205078,3357,281,0,100,14
2092,225,12.448,80.3341902313625,81.0,37.046,0.08,394.75,203.375,11.9183731079102,118.082050323486,3357,281,0,100,14
2093,225,11.877,84.1963458785889,81.0,37.046,0.08,394.625,203.375,11.9150085449219,118.083267211914,3357,281,0,100,14
2094,225,12.007,83.2847505621721,81.0,37.046,0.08,394.625,203.375,11.9150085449219,118.084629058838,3357,281,0,100,14
2095,225,11.707,85.4189800973776,81.0,37.046,0.08,394.625,203.375,11.9150085449219,118.046459197998,3338,278,0,98,8
2096,225,12.1212121212121,82.5,81.0,37.046,0.08,394.125,203.375,11.91259765625,118.036781311035,3331,277,0,98,8
2097,225,12.1212121212121,82.5,81.0,37.046,0.08,394.125,203.375,11.91259765625,118.037181854248,3329,277,0,98,7
2098,225,11.4575757575758,87.2784977519175,83.0,39.798,0.126,394.125,203.375,11.91259765625,117.994178771973,3315,273,0,94,7
2099,226,12.1212121212121,82.5,83.0,39.798,0.126,393.625,203.375,11.9101867675781,117.993587493896,3315,273,0,92,7
2100,226,12.0857878787879,82.7418129483415,83.0,39.798,0.126,393.625,203.375,11.9101867675781,117.99263381958,3311,273,0,92,6
2101,226,12.1212121212121,82.5,83.0,39.798,0.126,393.625,203.375,11.9101867675781,117.991104125977,3306,273,0,92,4
2102,226,11.8167878787879,84.6253660688184,83.0,39.798,0.126,393.625,203.375,11.9101867675781,117.986534118652,3301,273,0,90,3
2103,226,11.55,86.5800865800866,83.0,39.798,0.126,393.625,203.375,11.9101867675781,117.987174987793,3301,273,0,90,3
2104,226,11.9047619047619,84.0,83.0,39.798,0.126,393.625,203.375,11.9101867675781,117.897464752197,3262,265,0,85,3
2105,226,11.6102380952381,86.1308779197342,83.0,39.798,0.126,392.375,203.375,11.9093360900879,117.89582824707,3262,265,0,85,3
2106,226,11.9047619047619,84.0,83.0,39.798,0.126,392.375,203.375,11.9093360900879,117.897190093994,3262,265,0,85,3
2107,227,11.9047619047619,84.0,83.0,39.798,0.126,392.375,203.375,11.9093360900879,117.898551940918,3262,265,0,85,3
2108,227,15.3888095238095,64.9822845914626,83.0,39.798,0.126,392.375,203.375,11.9093360900879,117.890872955322,3255,264,0,85,3
2109,227,12.1212121212121,82.5,83.0,39.798,0.126,392.375,203.375,11.9093360900879,117.892234802246,3255,264,0,85,3
2110,227,12.1212121212121,82.5,83.0,39.798,0.126,392.375,203.375,11.9093360900879,117.89359664917,3255,264,0,85,3
2111,227,12.1212121212121,82.5,83.0,39.798,0.126,392.375,203.375,11.9093360900879,117.894958496094,3255,264,0,85,3
2112,227,12.1212121212121,82.5,83.0,39.798,0.126,392.375,203.375,11.9093360900879,117.896320343018,3255,264,0,83,3
2113,227,11.9047619047619,84.0,83.0,39.798,0.126,392.375,203.375,11.9093360900879,117.896003723145,3252,264,0,83,2
2114,227,11.0813896103892,90.2413898580431,83.0,39.798,0.126,392.375,203.375,11.9093360900879,117.897365570068,3252,264,0,83,2
2115,227,11.9047619047619,84.0,83.0,39.798,0.126,392.375,203.375,11.9093360900879,117.898727416992,3252,264,0,83,2
2116,228,12.1212121212121,82.5,83.0,39.798,0.126,395.0625,203.375,11.9111366271973,118.365387916565,3389,287,0,89,26
2117,228,12.1212121212121,82.5,83.0,39.798,0.126,395.0625,203.375,11.9111366271973,118.368863105774,3389,287,0,90,26
2118,228,11.9047619047619,84.0,83.0,39.798,0.126,395.0625,203.375,11.9111366271973,118.370224952698,3389,287,0,90,26
2119,228,11.9047619047619,84.0,83.0,39.798,0.126,395.0625,203.375,11.9111366271973,118.371586799622,3389,287,0,90,26
2120,228,11.9047619047619,84.0,83.0,39.798,0.126,395.0625,203.375,11.9111366271973,118.372948646545,3389,287,0,90,26
2121,228,11.4718614718615,87.1698113207547,83.0,39.798,0.126,395.0625,203.375,11.9111366271973,118.376423835754,3389,287,0,92,26
2122,228,11.9047619047619,84.0,83.0,39.798,0.126,395.0625,203.375,11.9111366271973,118.384125709534,3389,287,0,96,26
2123,228,11.9047619047619,84.0,83.0,39.798,0.126,395.0625,203.375,11.9111366271973,118.391827583313,3389,287,0,97,26
2124,229,11.3178095238099,88.3563200013431,83.0,39.798,0.126,395.3125,203.375,11.9113311767578,118.415513038635,3395,288,0,99,27
2125,229,10.793,92.6526452330214,83.0,39.798,0.126,395.3125,203.375,11.9113311767578,118.417462348938,3392,288,0,100,26
2126,229,10.953,91.2991874372318,83.0,39.798,0.126,395.6875,203.375,11.9123611450195,118.480042457581,3421,298,0,108,29
2127,229,10.778,92.781592132121,83.0,39.798,0.126,395.6875,203.375,11.9123611450195,118.481404304504,3421,298,0,108,29
2128,229,10.717,93.3096948772977,83.0,39.798,0.126,395.6875,203.375,11.9123611450195,118.482659339905,3419,298,0,109,29
2129,229,10.38,96.3391136801541,83.0,39.798,0.126,395.6875,203.375,11.9123611450195,118.484021186829,3419,298,0,109,29
2130,229,10.562,94.6790380609733,83.0,39.798,0.126,395.6875,203.375,11.9123611450195,118.4929895401,3423,299,0,110,29
2131,229,11.1111111111111,90.0,83.0,39.798,0.126,395.9375,203.375,11.912525177002,118.83966255188,3433,300,0,110,31
2132,229,11.1111111111111,90.0,83.0,39.798,0.126,395.9375,203.375,11.912525177002,118.837942123413,3427,300,0,110,29
2133,230,11.1111111111111,90.0,83.0,39.798,0.126,396.4375,203.375,11.9149360656738,118.895208358765,3450,303,0,111,32
2134,230,11.1111111111111,90.0,83.0,39.798,0.126,396.4375,203.375,11.9149360656738,118.887563705444,3443,302,0,110,29
2135,230,11.1111111111111,90.0,83.0,39.798,0.126,396.4375,203.375,11.9149360656738,118.893339157104,3446,303,0,109,29
2136,230,11.1111111111111,90.0,83.0,39.798,0.126,396.9375,203.375,11.9173469543457,118.930826187134,3453,306,0,111,28
2137,230,11.1111111111111,90.0,83.0,39.798,0.126,397.1875,203.375,11.9175415039063,118.95322227478,3462,307,0,112,30
2138,230,11.1111111111111,90.0,83.0,39.798,0.126,397.1875,203.375,11.9175415039063,118.95018196106,3454,307,0,112,28
2139,230,11.1111111111111,90.0,83.0,39.798,0.126,397.4375,203.375,11.9176902770996,118.984689712524,3475,311,0,115,31
2140,230,11.1111111111111,90.0,83.0,39.798,0.126,397.4375,203.375,11.9176902770996,118.989938735962,3477,312,0,114,31
2141,230,11.1111111111111,90.0,83.0,39.798,0.126,397.4375,203.375,11.9176902770996,118.987787246704,3470,312,0,114,29
2142,231,11.1111111111111,90.0,83.0,39.798,0.126,397.4375,203.375,11.9176902770996,118.989088058472,3470,312,0,112,29
2143,231,11.291,88.5661146045522,83.0,39.798,0.126,397.4375,203.375,11.9176902770996,118.978212356567,3459,312,0,110,27
2144,231,11.391,87.7886050390659,83.0,39.798,0.126,397.4375,203.375,11.9176902770996,118.966993331909,3443,311,0,109,24
2145,231,11.1111111111111,90.0,83.0,39.798,0.126,397.4375,203.375,11.9176902770996,118.96143913269,3438,310,0,106,23
2146,231,11.1111111111111,90.0,83.0,39.798,0.126,397.4375,203.375,11.9176902770996,118.95440864563,3429,309,0,106,21
2147,231,11.1111111111111,90.0,83.0,39.798,0.126,397.4375,203.375,11.9176902770996,118.953443527222,3425,309,0,106,19
2148,231,11.1111111111111,90.0,83.0,39.798,0.126,397.4375,203.375,11.9176902770996,118.953714370728,3423,309,0,105,18
2149,231,11.1111111111111,90.0,83.0,39.798,0.126,397.4375,203.375,11.9176902770996,118.948247909546,3417,308,0,103,17
2150,231,11.1111111111111,90.0,83.0,39.798,0.126,397.4375,203.375,11.9176902770996,118.950551986694,3414,309,0,103,16
2151,232,11.1111111111111,90.0,83.0,39.798,0.126,397.4375,203.375,11.9176902770996,118.95424079895,3426,310,0,103,19
2152,232,28.1062222222222,35.5793102357722,83.0,39.798,0.126,397.1875,203.375,11.9175415039063,118.920560836792,3416,304,0,101,18
2153,232,16.6666666666667,60.0,83.0,39.798,0.126,396.8125,203.375,11.9165115356445,118.91632270813,3413,303,0,98,17
2154,232,16.6666666666667,60.0,83.0,39.798,0.126,396.8125,203.375,11.9165115356445,118.909063339233,3398,303,0,98,14
2155,232,16.6666666666667,60.0,83.0,39.798,0.126,396.8125,203.375,11.9165115356445,118.907030105591,3401,303,0,100,15
2156,232,14.5666666666667,68.649885583524,83.0,39.798,0.126,396.8125,203.375,11.9165115356445,118.890832901001,3395,299,0,94,14
2157,233,12.454,80.2954873936085,83.0,39.798,0.126,397.0625,203.375,11.9232406616211,118.850114822388,3367,289,0,91,10
2158,233,12.487,80.0832866180828,83.0,39.798,0.126,396.9375,203.375,11.9198760986328,118.849355697632,3364,289,0,91,8
2159,233,11.965,83.5770998746344,83.0,39.798,0.126,396.9375,203.375,11.9198760986328,118.850717544556,3364,289,0,91,8
2160,233,12.225,81.799591002045,83.0,39.798,0.126,396.9375,203.375,11.9198760986328,118.79697227478,3345,284,0,88,8
2161,233,11.881,84.167999326656,83.0,39.798,0.126,396.1875,203.375,11.9172706604004,118.794507980347,3343,284,0,88,7
2162,233,12.031,83.1186102568365,83.0,39.798,0.126,396.1875,203.375,11.9172706604004,118.785612106323,3332,283,0,88,9
2163,233,12.23,81.7661488143908,83.0,39.798,0.126,396.1875,203.375,11.9172706604004,118.742460250854,3318,279,0,86,9
2164,233,11.766,84.9906510283869,83.0,39.798,0.126,395.6875,203.375,11.9148597717285,118.741231918335,3317,279,0,86,9
2165,234,12.5,80.0,83.0,39.798,0.126,396.1875,203.375,11.9172706604004,118.806356430054,3342,284,0,88,12
2166,234,12.5,80.0,83.0,39.798,0.126,396.1875,203.375,11.9172706604004,118.807718276978,3342,284,0,88,12
2167,234,12.5,80.0,83.0,39.798,0.126,396.1875,203.375,11.9172706604004,118.809080123901,3342,284,0,88,12
2168,234,12.24,81.6993464052288,83.0,39.798,0.126,396.6875,203.375,11.9196815490723,118.850812911987,3357,287,0,90,14
2169,234,11.97,83.5421888053467,83.0,39.798,0.126,396.6875,203.375,11.9196815490723,118.852174758911,3357,287,0,90,14
2170,234,11.73,85.2514919011083,83.0,39.798,0.126,396.6875,203.375,11.9196815490723,118.844495773315,3350,286,0,89,14
2171,234,11.347,88.1290208865779,83.0,39.798,0.126,396.9375,203.375,11.9198303222656,118.883401870728,3372,291,0,93,17
2172,234,11.051,90.4895484571532,83.0,39.798,0.126,396.9375,203.375,11.9198303222656,118.883550643921,3370,291,0,93,16
2173,235,10.914,91.6254352208173,83.0,39.798,0.126,396.9375,203.375,11.9198303222656,118.884851455688,3370,291,0,91,16
2174,235,10.892,91.8105031215571,83.0,39.798,0.126,396.9375,203.375,11.9198303222656,118.883939743042,3366,291,0,91,15
2175,235,11.394,87.7654906090925,83.0,39.798,0.126,396.9375,203.375,11.9198303222656,118.884737014771,3367,291,0,91,15
2176,235,11.02,90.7441016333938,83.0,39.798,0.126,396.9375,203.375,11.9198303222656,118.886098861694,3367,291,0,91,15
2177,235,10.971,91.1493938565309,83.0,39.798,0.126,396.9375,203.375,11.9198303222656,118.887460708618,3367,291,0,91,15
2178,235,11.553,86.5576040855189,83.0,39.798,0.126,396.9375,203.375,11.9198303222656,118.790990829468,3344,271,0,87,15
2179,235,11.1111111111111,90.0,83.0,39.798,0.126,394.5,203.375,11.9181938171387,118.779458999634,3333,270,0,86,11
2180,235,11.0628888888889,90.3923025932547,83.0,39.798,0.126,394.5,203.375,11.9181938171387,118.779142379761,3330,270,0,86,10
2181,235,11.083,90.2282775421817,83.0,31.98,0.079,394.5,203.375,11.9181938171387,118.780504226685,3330,270,0,86,10
2182,236,10.818,92.4385283786282,83.0,31.98,0.079,394.5,203.375,11.9181938171387,118.779829025269,3327,270,0,86,8
2183,236,11.1111111111111,90.0,83.0,31.98,0.079,394.5,203.375,11.9181938171387,118.76361656189,3320,268,0,83,8
2184,236,11.1111111111111,90.0,83.0,31.98,0.079,394.25,203.375,11.9180450439453,117.321370124817,3250,233,0,78,7
2185,236,11.1111111111111,90.0,83.0,31.98,0.079,389.1875,203.0,10.5459747314453,117.303254127502,3245,233,0,78,6
2186,236,10.7516666666667,93.0088358394047,83.0,31.98,0.079,389.1875,203.0,10.5459747314453,117.302655220032,3245,233,0,78,6
2187,236,10.256,97.5039001560062,83.0,31.98,0.079,389.1875,203.0,10.5459747314453,117.304017066956,3245,233,0,78,6
2188,236,11.004,90.8760450745184,83.0,31.98,0.079,389.1875,203.0,10.5459747314453,117.305378913879,3245,233,0,78,6
2189,236,10.765,92.8936367858802,83.0,31.98,0.079,389.1875,203.0,10.5459747314453,117.303448677063,3248,233,0,80,7
2190,236,10.6060606060606,94.2857142857143,83.0,31.98,0.079,389.1875,203.0,10.5459747314453,117.304810523987,3248,233,0,80,7
2191,236,10.6060606060606,94.2857142857143,83.0,31.98,0.079,389.1875,203.0,10.5459747314453,117.306172370911,3248,233,0,80,7
2192,237,10.6060606060606,94.2857142857143,83.0,31.98,0.079,389.1875,203.0,10.5459747314453,117.306511878967,3246,233,0,80,6
2193,237,22.1031515151515,45.2424170966981,83.0,31.98,0.079,389.1875,203.0,10.5459747314453,117.307476997375,3246,233,0,80,6
2194,237,13.3333333333333,75.0,83.0,31.98,0.079,389.0625,203.0,10.542610168457,117.308144569397,3245,233,0,80,5
2195,237,10.4963333333329,95.2713646035163,83.0,31.98,0.079,389.0625,203.0,10.542610168457,117.275330543518,3234,230,0,78,4
2196,237,13.3333333333333,75.0,83.0,31.98,0.079,388.5625,203.0,10.5401992797852,116.963543891907,3214,226,0,74,3
2197,237,12.5,80.0,83.0,31.98,0.079,388.0625,203.0,10.5398712158203,116.600565910339,3211,226,0,74,2
2198,237,12.5,80.0,83.0,31.98,0.079,388.0625,203.0,10.5398712158203,116.601927757263,3211,226,0,74,2
2199,238,11.6666666666667,85.7142857142858,83.0,31.98,0.079,388.0625,203.0,10.5398712158203,116.569884300232,3199,222,0,72,3
2200,238,12.5,80.0,83.0,31.98,0.079,387.5625,203.0,10.5374603271484,116.569293022156,3199,222,0,72,3
2201,238,12.5,80.0,83.0,31.98,0.079,387.5625,203.0,10.5374603271484,116.57065486908,3199,222,0,72,3
2202,238,12.5,80.0,83.0,31.98,0.079,387.5625,203.0,10.5374603271484,116.566084861755,3194,222,0,70,2
2203,238,11.8150000000004,84.6381718154856,83.0,31.98,0.079,387.5625,203.0,10.5374603271484,116.566725730896,3194,222,0,70,2
2204,238,10.821,92.4129008409574,83.0,31.98,0.079,387.5625,203.0,10.5374603271484,116.56808757782,3194,222,0,70,2
2205,238,10.498,95.2562392836731,83.0,31.98,0.079,387.5625,203.0,10.5374603271484,116.569449424744,3194,222,0,70,2
2206,238,10.364,96.487842531841,83.0,31.98,0.079,387.5625,203.0,10.5374603271484,116.570811271667,3194,222,0,70,2
2207,238,10.403,96.1261174661155,83.0,31.98,0.079,387.5625,203.0,10.5374603271484,116.563132286072,3187,221,0,70,2
2208,239,10.569,94.6163307786924,83.0,31.98,0.079,387.5625,203.0,10.5374603271484,116.564433097839,3187,221,0,70,2
2209,239,11.096,90.1225666906994,83.0,31.98,0.079,387.9375,203.0,10.5384902954102,116.627013206482,3216,231,0,78,5
2210,239,10.434,95.8405213724363,83.0,31.98,0.079,387.9375,203.0,10.5384902954102,116.628375053406,3216,231,0,78,5
2211,239,10.6,94.3396226415094,83.0,31.98,0.079,387.9375,203.0,10.5384902954102,116.62973690033,3216,231,0,78,5
2212,239,10.473,95.4836245583882,83.0,31.98,0.079,387.9375,203.0,10.5384902954102,116.631098747253,3216,231,0,78,5
2213,239,10.258,97.4848898420745,83.0,31.98,0.079,387.9375,203.0,10.5384902954102,116.639044761658,3222,232,0,78,6
2214,239,10.274,97.3330737784699,83.0,31.98,0.079,387.9375,203.0,10.5384902954102,116.639891624451,3220,232,0,79,5
2215,239,10.6060606060606,94.2857142857143,83.0,31.98,0.079,387.9375,203.0,10.5384902954102,116.641253471375,3220,232,0,79,5
2216,239,10.3559393939394,96.5629444090055,83.0,31.98,0.079,387.9375,203.0,10.5384902954102,116.634757041931,3218,230,0,77,5
2217,240,10.6060606060606,94.2857142857143,83.0,31.98,0.079,388.4375,203.0,10.540901184082,116.691794395447,3237,234,0,79,6
2218,240,10.6060606060606,94.2857142857143,83.0,31.98,0.079,388.4375,203.0,10.540901184082,116.697569847107,3240,235,0,79,6
2219,240,10.6060606060606,94.2857142857143,83.0,31.98,0.079,388.4375,203.0,10.540901184082,116.699507713318,3240,235,0,80,6
2220,240,10.6060606060606,94.2857142857143,83.0,31.98,0.079,388.9375,203.0,10.5433120727539,116.741240501404,3255,238,0,82,8
2221,240,10.6060606060606,94.2857142857143,83.0,31.98,0.079,388.9375,203.0,10.5433120727539,116.742602348328,3255,238,0,82,8
2222,240,10.9026969696965,91.7204250268944,83.0,31.98,0.079,388.9375,203.0,10.5433120727539,116.743964195251,3255,238,0,82,8
2223,240,10.6060606060606,94.2857142857143,83.0,31.98,0.079,388.9375,203.0,10.5433120727539,116.746321678162,3258,238,0,81,8
2224,240,10.6060606060606,94.2857142857143,83.0,31.98,0.079,389.1875,203.0,10.5434608459473,116.784296989441,3278,243,0,86,11
2225,240,10.6060606060606,94.2857142857143,83.0,31.98,0.079,389.1875,203.0,10.5434608459473,116.784445762634,3276,243,0,86,10
2226,240,10.6060606060606,94.2857142857143,83.0,31.98,0.079,389.1875,203.0,10.5434608459473,116.785807609558,3276,243,0,86,10
2227,241,10.6060606060606,94.2857142857143,83.0,31.98,0.079,389.1875,203.0,10.5434608459473,116.783766746521,3279,243,0,88,11
2228,241,10.6060606060606,94.2857142857143,83.0,31.98,0.079,389.1875,203.0,10.5434608459473,116.786704063416,3285,243,0,87,12
2229,241,10.6060606060606,94.2857142857143,83.0,31.98,0.079,389.1875,203.0,10.5434608459473,116.786368370056,3281,243,0,88,11
2230,241,10.6060606060606,94.2857142857143,83.0,31.98,0.079,389.1875,203.0,10.5434608459473,116.78773021698,3281,243,0,88,11
2231,241,10.6060606060606,94.2857142857143,83.0,31.98,0.079,389.1875,203.0,10.5434608459473,116.779013633728,3277,241,0,86,11
2232,241,10.6060606060606,94.2857142857143,83.0,31.98,0.079,389.1875,203.0,10.5434608459473,116.771399497986,3268,240,0,85,8
2233,241,10.6060606060606,94.2857142857142,83.0,31.98,0.079,389.1875,203.0,10.5434608459473,116.772131919861,3268,240,0,82,7
2234,241,10.6060606060606,94.2857142857143,83.0,31.98,0.079,389.1875,203.0,10.5434608459473,116.770117759705,3261,240,0,83,5
2235,241,10.6060606060606,94.2857142857143,83.0,31.98,0.079,389.1875,203.0,10.5434608459473,116.790904045105,3280,243,0,83,8
2236,242,10.6060606060606,94.2857142857143,83.0,31.98,0.079,389.1875,203.0,10.5434608459473,116.740878105164,3264,235,0,80,8
2237,242,10.6060606060606,94.2857142857143,83.0,31.98,0.079,388.5625,203.0,10.5422821044922,116.741187095642,3264,235,0,80,8
2238,242,19.7714242424247,50.5780457562709,83.0,31.98,0.079,388.5625,203.0,10.5422821044922,116.738596916199,3263,234,0,79,8
2239,242,11.1111111111111,90.0,83.0,31.98,0.079,388.5625,203.0,10.5422821044922,116.737685203552,3259,234,0,79,7
2240,242,13.3333333333333,75.0,83.0,31.98,0.079,388.5625,203.0,10.5422821044922,116.739047050476,3259,234,0,79,7
2241,242,13.3333333333333,75.0,83.0,31.98,0.079,388.5625,203.0,10.5422821044922,116.732615470886,3261,233,0,80,8
2242,242,13.3333333333333,75.0,83.0,31.98,0.079,388.5625,203.0,10.5422821044922,116.719504356384,3254,230,0,77,7
2243,242,12.5,80.0,83.0,31.98,0.079,388.5625,203.0,10.5422821044922,116.713084220886,3240,230,0,77,3
2244,243,12.5,80.0,83.0,31.98,0.079,388.5625,203.0,10.5422821044922,116.714385032654,3240,230,0,77,3
2245,243,11.6932222222218,85.5196267543434,83.0,31.98,0.079,388.5625,203.0,10.5422821044922,116.715746879578,3240,230,0,77,3
2246,243,12.5,80.0,83.0,31.98,0.079,388.5625,203.0,10.5422821044922,116.717108726501,3240,230,0,77,3
2247,243,11.8713333333338,84.2365361936286,83.0,31.98,0.079,388.5625,203.0,10.5422821044922,116.684844017029,3230,227,0,75,3
2248,243,10.354,96.5810314854163,83.0,31.98,0.079,388.0625,203.0,10.5398712158203,116.670172691345,3212,226,0,75,2
2249,243,10.602,94.3218260705527,83.0,31.98,0.079,388.0625,203.0,10.5398712158203,116.671534538269,3212,226,0,75,2
2250,243,10.324,96.8616815187912,83.0,31.98,0.079,388.0625,203.0,10.5398712158203,116.628111839294,3198,222,0,73,2
2251,243,10.76,92.9368029739777,83.0,31.98,0.079,387.5625,203.0,10.5374603271484,116.626883506775,3197,222,0,73,2
2252,243,10.714,93.3358222885944,83.0,31.98,0.079,387.5625,203.0,10.5374603271484,116.628245353699,3197,222,0,73,2
2253,244,10.492,95.3107129241327,83.0,31.98,0.079,387.5625,203.0,10.5374603271484,116.629607200623,3197,222,0,73,2
2254,244,10.265,97.4184120798831,83.0,31.98,0.079,387.5625,203.0,10.5374603271484,116.630969047546,3197,222,0,73,2
2255,244,10.664,93.7734433608402,83.0,31.98,0.079,387.5625,203.0,10.5374603271484,116.63233089447,3197,222,0,73,2
2256,244,10.486,95.3652489032996,83.0,31.98,0.079,387.5625,203.0,10.5374603271484,116.633692741394,3197,222,0,73,2
2257,244,10.482,95.4016409082236,83.0,31.98,0.079,387.5625,203.0,10.5374603271484,116.635054588318,3197,222,0,73,2
2258,244,10.617,94.1885655081473,83.0,31.98,0.079,387.5625,203.0,10.5374603271484,116.636416435242,3197,222,0,72,2
2259,244,10.59,94.4287063267233,83.0,31.98,0.079,387.5625,203.0,10.5374603271484,116.628714561462,3190,221,0,72,2
2260,244,10.362,96.5064659332175,83.0,31.98,0.079,387.5625,203.0,10.5374603271484,116.630076408386,3190,221,0,72,2
2261,244,10.375,96.3855421686747,83.0,31.98,0.079,387.5625,203.0,10.5374603271484,116.63143825531,3190,221,0,72,2
2262,245,10.242,97.6371802382347,83.0,31.98,0.079,387.5625,203.0,10.5374603271484,116.632800102234,3190,221,0,72,2
2263,245,10.6060606060606,94.2857142857143,83.0,31.98,0.079,387.5625,203.0,10.5374603271484,116.634161949158,3190,221,0,72,2
2264,245,10.6060606060606,94.2857142857143,83.0,31.98,0.079,387.5625,203.0,10.5374603271484,116.635523796082,3190,221,0,72,2
2265,245,10.6060606060606,94.2857142857143,83.0,31.98,0.079,387.5625,203.0,10.5374603271484,116.636885643005,3190,221,0,72,2
2266,245,10.6060606060606,94.2857142857143,83.0,31.98,0.079,387.5625,203.0,10.5374603271484,116.638247489929,3190,221,0,72,2
2267,245,10.5307575757576,94.9599297872034,83.0,31.98,0.079,387.5625,203.0,10.5374603271484,116.639609336853,3190,221,0,72,2
2268,245,10.6060606060606,94.2857142857143,83.0,31.98,0.079,387.5625,203.0,10.5374603271484,116.640971183777,3190,221,0,72,2
2269,245,10.6060606060606,94.2857142857143,83.0,31.98,0.079,387.5625,203.0,10.5374603271484,116.642333030701,3190,221,0,72,2
2270,245,10.4166666666667,96.0,83.0,31.98,0.079,387.5625,203.0,10.5374603271484,116.643694877625,3190,221,0,72,2
2271,245,10.4166666666667,96.0,90.0,38.609,0.037,387.5625,203.0,10.5374603271484,116.645056724548,3190,221,0,70,2
2272,246,10.4166666666667,96.0,90.0,38.609,0.037,389.3125,203.0,10.5530281066895,116.788798332214,3250,231,0,78,13
2273,246,10.4166666666667,96.0,90.0,38.609,0.037,389.1875,203.0,10.5496635437012,116.790015220642,3250,231,0,78,13
2274,246,10.4166666666667,96.0,90.0,38.609,0.037,389.1875,203.0,10.5496635437012,116.791377067566,3250,231,0,78,13
2275,246,10.4166666666667,96.0,90.0,38.609,0.037,389.6875,203.0,10.552074432373,116.833109855652,3265,234,0,80,15
2276,246,10.4166666666667,96.0,90.0,38.609,0.037,389.6875,203.0,10.552074432373,116.834471702576,3265,234,0,80,15
2277,246,10.4166666666667,96.0,90.0,38.609,0.037,389.6875,203.0,10.552074432373,116.8358335495,3265,234,0,80,15
2278,246,10.6060606060606,94.2857142857143,90.0,38.609,0.037,389.6875,203.0,10.552074432373,116.837195396423,3265,234,0,80,15
2279,246,10.6060606060606,94.2857142857143,90.0,38.609,0.037,389.9375,203.0,10.5522232055664,116.876101493835,3287,239,0,84,18
2280,246,10.6060606060606,94.2857142857143,90.0,38.609,0.037,389.9375,203.0,10.5522232055664,116.876250267029,3285,239,0,84,17
2281,247,10.6060606060606,94.2857142857143,90.0,38.609,0.037,389.9375,203.0,10.5522232055664,116.877551078796,3285,239,0,84,17
2282,247,10.6060606060606,94.2857142857143,90.0,38.609,0.037,389.9375,203.0,10.5522232055664,116.87891292572,3285,239,0,84,17
2283,247,10.6060606060606,94.2857142857143,90.0,38.609,0.037,389.9375,203.0,10.5522232055664,116.879710197449,3286,239,0,84,17
2284,247,24.3205151515152,41.1175500917669,90.0,38.609,0.037,389.9375,203.0,10.5522232055664,116.881072044373,3286,239,0,84,17
2285,247,12.5,80.0,90.0,38.609,0.037,389.9375,203.0,10.5522232055664,116.874129295349,3284,237,0,80,17
2286,247,10.3423333333329,96.6899796951087,90.0,38.609,0.037,389.9375,203.0,10.5522232055664,116.863745689392,3270,236,0,79,12
2287,247,12.5,80.0,90.0,38.609,0.037,389.9375,203.0,10.5522232055664,116.863429069519,3267,236,0,79,11
2288,247,12.5,80.0,90.0,38.609,0.037,389.9375,203.0,10.5522232055664,116.863402366638,3265,236,0,79,10
2289,248,12.5,80.0,90.0,38.609,0.037,389.9375,203.0,10.5522232055664,116.876643180847,3268,236,0,79,11
2290,248,12.5,80.0,90.0,38.609,0.037,389.9375,203.0,10.5522232055664,116.859042167664,3259,234,0,78,10
2291,248,12.5,80.0,90.0,38.609,0.037,389.6875,203.0,10.552074432373,116.85978603363,3259,234,0,78,10
2292,248,12.5,80.0,90.0,38.609,0.037,389.6875,203.0,10.552074432373,116.859934806824,3257,234,0,78,9
2293,248,12.5,80.0,90.0,38.609,0.037,389.6875,203.0,10.552074432373,116.861296653748,3257,234,0,78,9
2294,248,12.5,80.0,90.0,38.609,0.037,389.6875,203.0,10.552074432373,116.862658500671,3257,234,0,78,9
2295,248,11.5273333333338,86.750332542938,90.0,38.609,0.037,389.9375,203.0,10.5522384643555,116.881484031677,3275,235,0,81,16
2296,248,10.498,95.2562392836731,90.0,38.609,0.037,389.9375,203.0,10.5522384643555,116.882845878601,3275,235,0,81,16
2297,249,10.747,93.0492230389876,90.0,38.609,0.037,389.9375,203.0,10.5522384643555,116.883124351501,3273,235,0,81,15
2298,249,11.43,87.4890638670166,90.0,38.609,0.037,390.3125,203.0,10.5532684326172,116.945704460144,3302,245,0,89,18
2299,249,10.609,94.2595909133754,90.0,38.609,0.037,390.3125,203.0,10.5532684326172,116.947066307068,3302,245,0,89,18
2300,249,10.62,94.1619585687382,90.0,38.609,0.037,390.3125,203.0,10.5532684326172,116.948428153992,3302,245,0,89,18
2301,249,10.898,91.7599559552211,90.0,38.609,0.037,390.3125,203.0,10.5532684326172,116.949790000916,3302,245,0,89,18
2302,249,10.726,93.231400335633,90.0,38.609,0.037,390.3125,203.0,10.5532684326172,116.924109458923,3298,243,0,87,19
2303,249,10.51,95.1474785918173,90.0,38.609,0.037,389.8125,203.0,10.5508575439453,116.922041893005,3294,243,0,88,17
2304,249,10.7,93.4579439252337,90.0,38.609,0.037,389.8125,203.0,10.5508575439453,116.923403739929,3294,243,0,88,17
2305,249,10.715,93.3271115258983,90.0,38.609,0.037,389.8125,203.0,10.5508575439453,116.872397422791,3278,237,0,84,17
2306,250,11.1111111111111,90.0,90.0,38.609,0.037,389.8125,203.0,10.5508575439453,116.927206993103,3297,241,0,86,18
2307,250,11.1111111111111,90.0,90.0,38.609,0.037,389.8125,203.0,10.5508575439453,116.93234539032,3299,242,0,86,18
2308,250,10.9397777777778,91.4095350301651,90.0,38.609,0.037,389.8125,203.0,10.5508575439453,116.934283256531,3299,242,0,87,18
2309,250,11.068,90.3505601734731,90.0,38.609,0.037,390.3125,203.0,10.5532684326172,116.972392082214,3309,245,0,89,15
2310,250,10.502,95.2199581032184,90.0,38.609,0.037,390.3125,203.0,10.5532684326172,116.973753929138,3309,245,0,89,15
2311,250,10.408,96.0799385088393,90.0,38.609,0.037,390.3125,203.0,10.5532684326172,116.971163749695,3308,244,0,88,15
2312,250,11.037,90.6043308870164,90.0,38.609,0.037,390.3125,203.0,10.5532684326172,116.975199699402,3308,245,0,88,14
2313,250,10.903,91.7178758139962,90.0,38.609,0.037,390.5625,203.0,10.5534172058105,117.015448570251,3332,250,0,93,18
2314,250,11.079,90.2608538676776,90.0,38.609,0.037,390.5625,203.0,10.5534172058105,117.015597343445,3330,250,0,93,17
2315,250,10.644,93.9496429913566,90.0,38.609,0.037,390.5625,203.0,10.5534172058105,117.007521629334,3323,249,0,93,17
2316,251,10.856,92.1149594694178,90.0,38.609,0.037,390.4375,203.0,10.5500526428223,117.001486778259,3325,248,0,94,18
2317,251,10.6060606060606,94.2857142857143,90.0,38.609,0.037,390.4375,203.0,10.5500526428223,117.006102561951,3328,249,0,94,18
2318,251,10.6060606060606,94.2857142857143,90.0,38.609,0.037,390.4375,203.0,10.5500526428223,117.008040428162,3328,249,0,95,18
2319,251,10.6060606060606,94.2857142857143,90.0,38.609,0.037,390.4375,203.0,10.5500526428223,117.009402275085,3328,249,0,95,18
2320,251,10.6060606060606,94.2857142857143,90.0,38.609,0.037,390.4375,203.0,10.5500526428223,117.002905845642,3326,247,0,93,18
2321,251,10.6060606060606,94.2857142857143,90.0,38.609,0.037,390.4375,203.0,10.5500526428223,116.990248680115,3314,245,0,91,14
2322,251,10.6060606060606,94.2857142857143,90.0,38.609,0.037,390.4375,203.0,10.5500526428223,116.993750572205,3313,246,0,91,13
2323,251,10.6060606060606,94.2857142857143,90.0,38.609,0.037,390.4375,203.0,10.5500526428223,117.014388084412,3331,249,0,92,15
2324,251,10.6060606060606,94.2857142857143,90.0,38.609,0.037,390.4375,203.0,10.5500526428223,116.982058525085,3322,243,0,90,15
2325,252,10.6060606060606,94.2857142857143,90.0,38.609,0.037,390.0625,203.0,10.5490226745605,116.965289115906,3315,241,0,89,15
2326,252,10.6060606060606,94.2857142857143,90.0,38.609,0.037,389.8125,203.0,10.5488739013672,116.966032981873,3315,241,0,89,15
2327,252,10.6060606060606,94.2857142857143,90.0,38.609,0.037,389.8125,203.0,10.5488739013672,116.955901145935,3306,240,0,86,13
2328,252,24.5756666666667,40.6906560690113,90.0,38.609,0.037,391.5,203.0,10.5506076812744,117.404647827148,3374,249,0,95,24
2329,252,11.6666666666667,85.7142857142857,90.0,38.609,0.037,391.5,203.0,10.5506076812744,117.406009674072,3374,249,0,95,24
2330,252,12.5,80.0,90.0,38.609,0.037,391.5,203.0,10.5506076812744,117.387676239014,3373,245,0,93,25
2331,252,12.5,80.0,90.0,38.609,0.037,391.5,203.0,10.5506076812744,117.378982543945,3355,245,0,93,20
2332,252,12.5,80.0,90.0,38.609,0.037,391.5,203.0,10.5506076812744,117.380344390869,3355,245,0,93,20
2333,253,12.5,80.0,90.0,38.609,0.037,391.5,203.0,10.5506076812744,117.381645202637,3355,245,0,93,20
2334,253,12.5,80.0,90.0,38.609,0.037,391.5,203.0,10.5506076812744,117.383007049561,3355,245,0,93,20
2335,253,12.5,80.0,90.0,38.609,0.037,391.5,203.0,10.5506076812744,117.350742340088,3345,242,0,91,20
2336,253,12.5,80.0,90.0,38.609,0.037,391.0,203.0,10.5481967926025,117.336071014404,3327,241,0,91,19
2337,253,12.5,80.0,90.0,38.609,0.037,391.0,203.0,10.5481967926025,117.337432861328,3327,241,0,91,19
2338,253,10.714,93.3358222885944,90.0,38.609,0.037,391.0,203.0,10.5481967926025,117.294284820557,3313,237,0,87,19
2339,253,10.379,96.34839579921,90.0,38.609,0.037,390.5,203.0,10.5457859039307,117.292015075684,3310,237,0,87,18
2340,253,10.293,97.1534052268532,90.0,38.609,0.037,390.5,203.0,10.5457859039307,117.292739868164,3309,237,0,87,18
2341,254,10.573,94.5805353258299,90.0,38.609,0.037,390.5,203.0,10.5457859039307,117.294101715088,3309,237,0,87,18
2342,254,10.519,95.0660709192889,90.0,38.609,0.037,390.5,203.0,10.5457859039307,117.295463562012,3309,237,0,87,18
2343,254,10.403,96.1261174661155,90.0,38.609,0.037,390.5,203.0,10.5457859039307,117.296825408936,3309,237,0,87,18
2344,254,10.258,97.4848898420745,90.0,38.609,0.037,390.5,203.0,10.5457859039307,117.298187255859,3309,237,0,87,18
2345,254,10.389,96.2556550197324,90.0,38.609,0.037,390.5,203.0,10.5457859039307,117.299549102783,3309,237,0,87,18
2346,254,10.446,95.7304231284702,90.0,38.609,0.037,390.5,203.0,10.5457859039307,117.300910949707,3309,237,0,86,18
2347,254,10.564,94.6611132146914,90.0,38.609,0.037,390.5,203.0,10.5457859039307,117.302272796631,3309,237,0,86,18
2348,254,10.236,97.6944118796405,90.0,38.609,0.037,390.5,203.0,10.5457859039307,117.294593811035,3302,236,0,86,18
2349,254,10.466,95.5474871010892,90.0,38.609,0.037,390.5,203.0,10.5457859039307,117.295955657959,3302,236,0,86,18
2350,254,10.418,95.9877135726627,90.0,38.609,0.037,390.5,203.0,10.5457859039307,117.297317504883,3302,236,0,86,18
2351,255,10.48,95.4198473282443,90.0,38.609,0.037,390.5,203.0,10.5457859039307,117.296504974365,3299,236,0,86,15
2352,255,10.264,97.4279033515199,90.0,38.609,0.037,390.5,203.0,10.5457859039307,117.297866821289,3299,236,0,86,15
2353,255,10.4166666666667,96.0,90.0,38.609,0.037,390.5,203.0,10.5457859039307,117.299228668213,3299,236,0,86,15
2354,255,10.4166666666667,96.0,90.0,38.609,0.037,390.5,203.0,10.5457859039307,117.029158592224,3272,227,0,77,15
2355,255,10.4166666666667,96.0,90.0,38.609,0.037,388.8125,203.0,10.5440521240234,116.831515312195,3245,227,0,77,6
2356,255,10.4166666666667,96.0,90.0,38.609,0.037,388.8125,203.0,10.5440521240234,116.832152366638,3244,227,0,77,5
2357,255,10.4166666666667,96.0,90.0,38.609,0.037,388.8125,203.0,10.5440521240234,116.833514213562,3244,227,0,77,5
2358,255,10.4166666666667,96.0,90.0,38.609,0.037,388.8125,203.0,10.5440521240234,116.834876060486,3244,227,0,77,5
2359,255,10.4166666666667,96.0,88.0,39.911,0.029,388.8125,203.0,10.5440521240234,116.832507133484,3238,227,0,77,2
2360,256,10.4166666666667,96.0,88.0,39.911,0.029,388.8125,203.0,10.5440521240234,116.833868980408,3238,227,0,75,2
2361,256,10.4166666666667,96.0,88.0,39.911,0.029,388.8125,203.0,10.5440521240234,116.833552360535,3235,227,0,75,1
2362,256,10.4166666666667,96.0,88.0,39.911,0.029,388.8125,203.0,10.5440521240234,116.834914207459,3235,227,0,75,1
2363,256,10.4166666666667,96.0,88.0,39.911,0.029,388.8125,203.0,10.5440521240234,116.836276054382,3235,227,0,75,1
2364,256,10.4166666666667,96.0,88.0,39.911,0.029,388.8125,203.0,10.5440521240234,116.837637901306,3235,227,0,75,1
2365,256,10.416,96.0061443932411,88.0,39.911,0.029,388.8125,203.0,10.5440521240234,116.83899974823,3235,227,0,75,1
2366,256,10.4166666666667,96.0,88.0,39.911,0.029,388.8125,203.0,10.5440521240234,116.756762504578,3194,221,0,70,1
2367,256,10.4166666666667,96.0,88.0,39.911,0.029,387.5625,203.0,10.5374603271484,116.755125999451,3194,221,0,70,1
2368,256,10.3956666666667,96.1939269567448,88.0,39.911,0.029,387.5625,203.0,10.5374603271484,116.756487846375,3194,221,0,70,1
2369,256,10.4166666666667,96.0,88.0,39.911,0.029,387.5625,203.0,10.5374603271484,116.757849693298,3194,221,0,70,1
2370,257,10.4166666666667,96.0,88.0,39.911,0.029,387.5625,203.0,10.5374603271484,116.759211540222,3194,221,0,70,1
2371,257,10.4166666666667,96.0,88.0,39.911,0.029,387.5625,203.0,10.5374603271484,116.760573387146,3194,221,0,70,1
2372,257,10.4166666666667,96.0,88.0,39.911,0.029,387.5625,203.0,10.5374603271484,116.76193523407,3194,221,0,70,1
2373,257,21.6766666666667,46.1325542057512,88.0,39.911,0.029,387.5625,203.0,10.5374603271484,116.763297080994,3194,221,0,70,1
2374,257,11.1111111111111,90.0,88.0,39.911,0.029,387.5625,203.0,10.5374603271484,116.764658927917,3194,221,0,68,1
2375,257,10.9502222222218,91.3223475931527,88.0,39.911,0.029,387.5625,203.0,10.5374603271484,116.766020774841,3194,221,0,68,1
2376,257,11.1111111111111,90.0,88.0,39.911,0.029,387.5625,203.0,10.5374603271484,116.765681266785,3191,221,0,68,0
2377,257,11.1111111111111,90.0,88.0,39.911,0.029,387.5625,203.0,10.5374603271484,116.767043113709,3191,221,0,68,0
2378,258,13.5904444444449,73.5811109112586,88.0,39.911,0.029,390.6875,203.0,10.5463905334473,117.222087860107,3324,234,0,71,25
