render_frame,replay_frame,delta_ms,instant_fps,engine_fps,process_ms,physics_ms,video_mb,texture_mb,buffer_mb,static_mb,objects,nodes,orphans,draw_calls,tweens
1,0,51.8313333333338,19.2933489395088,2.0,51.918,0.01,0.0,0.0,0.0,244.418218612671,6058,2762,0,0,2
2,0,19.5769999999996,51.0803493895909,2.0,51.918,0.01,0.0,0.0,0.0,244.419733047485,6058,2762,0,0,2
3,0,22.8063333333333,43.847469270232,2.0,51.918,0.01,0.0,0.0,0.0,244.423109054565,6058,2762,0,0,2
4,1,19.829,50.4311866458218,2.0,51.918,0.01,0.0,0.0,0.0,244.424516677856,6058,2762,0,0,2
5,1,13.979,71.5358752414336,2.0,51.918,0.01,0.0,0.0,0.0,244.439054489136,6065,2763,0,0,4
6,1,14.051,71.169311792755,2.0,51.918,0.01,0.0,0.0,0.0,244.44041633606,6065,2763,0,0,4
7,1,14.023,71.3114169578549,2.0,51.918,0.01,0.0,0.0,0.0,244.441915512085,6065,2763,0,0,4
8,1,13.865,72.1240533717995,2.0,51.918,0.01,0.0,0.0,0.0,244.443277359009,6065,2763,0,0,4
9,1,14.172,70.5616709003669,2.0,51.918,0.01,0.0,0.0,0.0,244.444639205933,6065,2763,0,0,4
10,2,13.637,73.3299112708074,2.0,51.918,0.01,0.0,0.0,0.0,244.456964492798,6072,2764,0,0,6
11,2,13.896,71.9631548647093,2.0,51.918,0.01,0.0,0.0,0.0,244.458326339722,6072,2764,0,0,6
12,2,16.6666666666667,60.0,2.0,51.918,0.01,0.0,0.0,0.0,244.459688186646,6072,2764,0,0,6
13,2,16.1733333333333,61.8301731244848,2.0,51.918,0.01,0.0,0.0,0.0,244.461050033569,6072,2764,0,0,6
14,2,13.974,71.56147130385,2.0,51.918,0.01,0.0,0.0,0.0,244.462686538696,6072,2764,0,0,6
15,2,13.409,74.5767767917071,2.0,51.918,0.01,0.0,0.0,0.0,244.46404838562,6072,2764,0,0,6
16,2,13.965,71.6075904045829,2.0,51.918,0.01,0.0,0.0,0.0,244.465410232544,6072,2764,0,0,6
17,3,14.509,68.9227376111379,2.0,51.918,0.01,0.0,0.0,0.0,244.477613449097,6079,2765,0,0,8
18,3,13.458,74.3052459503641,2.0,51.918,0.01,0.0,0.0,0.0,244.478242874146,6078,2765,0,0,7
19,3,13.816,72.3798494499131,2.0,51.918,0.01,0.0,0.0,0.0,244.478391647339,6076,2765,0,0,6
20,3,13.991,71.4745193338575,2.0,51.918,0.01,0.0,0.0,0.0,244.480165481567,6076,2765,0,0,6
21,3,13.692,73.0353491089687,2.0,51.918,0.01,0.0,0.0,0.0,244.481527328491,6076,2765,0,0,6
22,3,13.936,71.7566016073479,2.0,51.918,0.01,0.0,0.0,0.0,244.482889175415,6076,2765,0,0,6
23,3,15.9080000000004,62.8614533567999,2.0,51.918,0.01,0.0,0.0,0.0,244.484251022339,6076,2765,0,0,6
24,4,14.2857142857143,70.0,2.0,51.918,0.01,0.0,0.0,0.0,244.485612869263,6076,2765,0,0,6
25,4,14.2857142857143,70.0,2.0,51.918,0.01,0.0,0.0,0.0,244.486974716187,6076,2765,0,0,6
26,4,14.2857142857143,70.0,2.0,51.918,0.01,0.0,0.0,0.0,244.48833656311,6076,2765,0,0,6
27,4,14.2857142857143,70.0,2.0,51.918,0.01,0.0,0.0,0.0,244.489698410034,6076,2765,0,0,6
28,4,14.2857142857143,70.0,2.0,51.918,0.01,0.0,0.0,0.0,244.490327835083,6075,2765,0,0,5
29,4,14.1954285714281,70.4452137509078,2.0,51.918,0.01,0.0,0.0,0.0,244.490385055542,6072,2765,0,0,3
30,4,14.3760000000004,69.5603784084565,2.0,51.918,0.01,0.0,0.0,0.0,244.490533828735,6070,2765,0,0,2
31,5,16.6666666666667,60.0,2.0,51.918,0.01,0.0,0.0,0.0,245.522771835327,6542,2864,0,0,66
32,5,14.4579999999996,69.1658597316385,2.0,51.918,0.01,0.0,0.0,0.0,245.53212928772,6542,2864,0,0,66
33,5,14.427,69.3144797948291,2.0,51.918,0.01,0.0,0.0,0.0,245.620866775513,6587,2873,0,0,72
34,5,14.5833333333333,68.5714285714286,2.0,51.918,0.01,0.0,0.0,0.0,245.747652053833,6617,2879,0,0,76
35,5,14.5833333333333,68.5714285714286,2.0,51.918,0.01,0.0,0.0,0.0,245.805879592896,6661,2889,0,0,82
36,5,14.5833333333333,68.5714285714286,2.0,51.918,0.01,0.0,0.0,0.0,245.864427566528,6697,2898,0,0,85
37,5,14.5833333333333,68.5714285714286,2.0,51.918,0.01,0.0,0.0,0.0,245.875635147095,6698,2899,0,0,83
38,6,16.4973333333333,60.6158571082195,2.0,51.918,0.01,0.0,0.0,0.0,246.13910484314,6835,2908,0,0,104
39,6,20.739,48.2183326100583,58.0,48.866,0.02,0.0,0.0,0.0,246.133771896362,6837,2904,0,0,104
40,6,14.8148148148148,67.5,58.0,48.866,0.02,0.0,0.0,0.0,246.172025680542,6849,2906,0,0,102
41,6,15.0,66.6666666666667,58.0,48.866,0.02,0.0,0.0,0.0,246.158380508423,6829,2905,0,0,93
42,6,15.1515151515152,66.0,58.0,48.866,0.02,0.0,0.0,0.0,246.192838668823,6840,2911,0,0,88
43,6,13.9123367003371,71.878651411288,58.0,48.866,0.02,0.0,0.0,0.0,246.165826797485,6818,2907,0,0,84
44,7,18.1273333333329,55.1653120517831,58.0,48.866,0.02,0.0,0.0,0.0,246.194421768188,6820,2907,0,0,84
45,7,16.6666666666667,60.0,58.0,48.866,0.02,0.0,0.0,0.0,246.168821334839,6805,2903,0,0,82
46,7,16.6666666666667,60.0,58.0,48.866,0.02,0.0,0.0,0.0,246.176622390747,6810,2902,0,0,83
47,7,16.6666666666667,60.0,58.0,48.866,0.02,0.0,0.0,0.0,246.171049118042,6803,2901,0,0,81
48,7,16.6666666666667,60.0,58.0,48.866,0.02,0.0,0.0,0.0,246.164842605591,6789,2901,0,0,76
49,7,16.6666666666667,60.0,58.0,48.866,0.02,0.0,0.0,0.0,246.175519943237,6808,2901,0,0,81
50,8,16.6666666666667,60.0,58.0,48.866,0.02,0.0,0.0,0.0,246.11346244812,6776,2893,0,0,82
51,8,16.6666666666667,60.0,58.0,48.866,0.02,0.0,0.0,0.0,246.129529953003,6783,2895,0,0,83
52,8,16.493,60.6317831807433,58.0,48.866,0.02,0.0,0.0,0.0,246.03249168396,6735,2884,0,0,83
53,8,14.049,71.1794433767528,58.0,48.866,0.02,0.0,0.0,0.0,246.028093338013,6725,2884,0,0,80
54,8,13.592,73.5726898175397,58.0,48.866,0.02,0.0,0.0,0.0,246.028364181519,6723,2884,0,0,79
55,8,14.621,68.3947746392176,58.0,48.866,0.02,0.0,0.0,0.0,245.996126174927,6709,2880,0,0,79
56,8,13.941,71.7308657915501,58.0,48.866,0.02,0.0,0.0,0.0,245.992052078247,6699,2880,0,0,76
57,9,14.609,68.4509548908207,58.0,48.866,0.02,0.0,0.0,0.0,245.972700119019,6683,2878,0,0,74
58,9,14.208,70.3828828828829,58.0,48.866,0.02,0.0,0.0,0.0,245.932611465454,6660,2874,0,0,73
59,9,14.634,68.3340166735001,58.0,48.866,0.02,0.0,0.0,0.0,245.931997299194,6657,2874,0,0,71
60,9,14.2857142857143,70.0,58.0,48.866,0.02,0.0,0.0,0.0,245.880662918091,6629,2868,0,0,67
61,9,14.2857142857143,70.0,58.0,48.866,0.02,0.0,0.0,0.0,245.866033554077,6620,2866,0,0,67
62,9,14.2857142857143,70.0,58.0,48.866,0.02,0.0,0.0,0.0,245.761449813843,6570,2854,0,0,65
63,9,14.2857142857143,70.0,58.0,48.866,0.02,0.0,0.0,0.0,245.679349899292,6520,2846,0,0,61
64,10,14.2857142857143,70.0,58.0,48.866,0.02,0.0,0.0,0.0,245.69721031189,6529,2848,0,0,61
65,10,14.2857142857143,70.0,58.0,48.866,0.02,0.0,0.0,0.0,245.682668685913,6520,2846,0,0,61
66,10,14.2857142857143,70.0,58.0,48.866,0.02,0.0,0.0,0.0,245.68007850647,6514,2846,0,0,57
67,10,14.2857142857143,70.0,58.0,48.866,0.02,0.0,0.0,0.0,245.649610519409,6496,2842,0,0,58
68,10,14.2857142857143,70.0,58.0,48.866,0.02,0.0,0.0,0.0,245.662553787231,6503,2843,0,0,62
69,10,14.2857142857143,70.0,58.0,48.866,0.02,0.0,0.0,0.0,245.663915634155,6503,2843,0,0,62
70,10,14.2857142857143,70.0,58.0,48.866,0.02,0.0,0.0,0.0,245.675870895386,6504,2845,0,0,60
71,11,14.2857142857143,70.0,58.0,48.866,0.02,0.0,0.0,0.0,245.804174423218,6545,2851,0,0,67
72,11,14.5833333333333,68.5714285714286,58.0,48.866,0.02,0.0,0.0,0.0,245.805536270142,6545,2851,0,0,67
73,11,14.5833333333333,68.5714285714286,58.0,48.866,0.02,0.0,0.0,0.0,245.791040420532,6536,2849,0,0,67
74,11,15.130428571429,66.0919811543419,58.0,48.866,0.02,0.0,0.0,0.0,245.84397315979,6569,2854,0,0,74
75,11,14.5833333333333,68.5714285714286,58.0,48.866,0.02,0.0,0.0,0.0,245.93150138855,6646,2865,0,0,86
76,11,14.5833333333333,68.5714285714286,58.0,48.866,0.02,0.0,0.0,0.0,245.948308944702,6655,2867,0,0,87
77,12,14.5833333333333,68.5714285714286,58.0,48.866,0.02,0.0,0.0,0.0,245.967092514038,6640,2867,0,0,80
78,12,14.5833333333333,68.5714285714286,58.0,48.866,0.02,0.0,0.0,0.0,245.961305618286,6628,2867,0,0,76
79,12,14.5833333333333,68.5714285714286,58.0,48.866,0.02,0.0,0.0,0.0,246.037134170532,6676,2879,0,0,82
80,12,14.5833333333333,68.5714285714286,58.0,48.866,0.02,0.0,0.0,0.0,245.990808486938,6648,2861,0,0,81
81,12,14.5833333333333,68.5714285714286,58.0,48.866,0.02,0.0,0.0,0.0,246.105306625366,6724,2872,0,0,92
82,12,14.5833333333333,68.5714285714286,58.0,48.866,0.02,0.0,0.0,0.0,246.117628097534,6725,2874,0,0,89
83,12,14.5833333333333,68.5714285714286,58.0,48.866,0.02,0.0,0.0,0.0,246.109086990356,6708,2874,0,0,82
84,13,14.5833333333333,68.5714285714286,58.0,48.866,0.02,0.0,0.0,0.0,246.193956375122,6709,2874,0,0,80
85,13,14.5833333333333,68.5714285714286,58.0,48.866,0.02,0.0,0.0,0.0,246.407285690308,6798,2916,0,0,87
86,13,14.5833333333333,68.5714285714286,58.0,48.866,0.02,0.0,0.0,0.0,246.417798995972,6806,2915,0,0,90
87,13,14.5833333333333,68.5714285714286,58.0,48.866,0.02,0.0,0.0,0.0,246.516340255737,6871,2924,0,0,100
88,13,14.5833333333333,68.5714285714286,58.0,48.866,0.02,0.0,0.0,0.0,246.534376144409,6877,2927,0,0,98
89,13,14.5833333333333,68.5714285714286,58.0,48.866,0.02,0.0,0.0,0.0,246.540830612183,6879,2926,0,0,97
90,13,14.5833333333333,68.5714285714286,58.0,48.866,0.02,0.0,0.0,0.0,246.535768508911,6870,2925,0,0,92
91,14,24.5483333333329,40.7359630660608,58.0,48.866,0.02,0.0,0.0,0.0,247.283044815063,7051,2915,0,0,144
92,14,18.966,52.7259306126753,58.0,48.866,0.02,0.0,0.0,0.0,247.723329544067,7059,2922,0,0,142
93,14,16.543,60.4485280783413,58.0,48.866,0.02,0.0,0.0,0.0,247.8502368927,7142,2934,0,0,153
94,14,16.064,62.2509960159363,58.0,48.866,0.02,0.0,0.0,0.0,247.848657608032,7140,2934,0,0,152
95,14,16.6666666666667,60.0,58.0,48.866,0.02,0.0,0.0,0.0,247.837652206421,7126,2932,0,0,142
96,14,16.6666666666667,60.0,58.0,48.866,0.02,0.0,0.0,0.0,247.752977371216,7084,2922,0,0,133
97,15,32.6846666666667,30.5953862157587,58.0,48.866,0.02,0.0,0.0,0.0,248.451877593994,7218,3000,0,0,125
98,15,18.0555555555556,55.3846153846154,58.0,48.866,0.02,0.0,0.0,0.0,248.555229187012,7288,3008,0,0,138
99,15,18.0555555555556,55.3846153846154,58.0,48.866,0.02,0.0,0.0,0.0,248.5315284729,7282,3005,0,0,136
100,15,18.0555555555556,55.3846153846154,58.0,48.866,0.02,0.0,0.0,0.0,248.388092041016,7142,2996,0,0,81
101,16,18.2573333333333,54.7725115022274,58.0,48.866,0.02,0.0,0.0,0.0,248.415901184082,7192,2997,0,0,78
102,16,18.0555555555556,55.3846153846154,63.0,33.736,0.033,0.0,0.0,0.0,248.559799194336,7272,3011,0,0,87
103,16,23.9904444444445,41.6832627805515,63.0,33.736,0.033,0.0,0.0,0.0,248.416130065918,7326,3014,0,0,101
104,16,19.4444444444444,51.4285714285714,63.0,33.736,0.033,0.0,0.0,0.0,248.387763977051,7316,3013,0,0,102
105,16,19.4444444444444,51.4285714285714,63.0,33.736,0.033,0.0,0.0,0.0,248.307411193848,7306,2999,0,0,112
106,16,19.047619047619,52.5,63.0,33.736,0.033,0.0,0.0,0.0,248.315608978271,7295,3004,0,0,103
107,17,18.7874920634925,53.2269020591196,63.0,33.736,0.033,0.0,0.0,0.0,248.449615478516,7387,3012,0,0,115
108,17,16.6666666666667,60.0,63.0,33.736,0.033,0.0,0.0,0.0,248.447792053223,7379,3010,0,0,112
109,17,16.6666666666667,60.0,63.0,33.736,0.033,0.0,0.0,0.0,248.239402770996,7265,2987,0,0,107
110,17,18.75,53.3333333333333,63.0,33.736,0.033,0.0,0.0,0.0,248.241626739502,7245,2992,0,0,92
111,17,16.1013333333329,62.1066578337213,63.0,33.736,0.033,0.0,0.0,0.0,248.210094451904,7226,2985,0,0,88
112,18,16.646,60.0744923705395,63.0,33.736,0.033,0.0,0.0,0.0,248.285179138184,7261,2994,0,0,93
113,18,15.778,63.3793890226898,63.0,33.736,0.033,0.0,0.0,0.0,248.251712799072,7248,2986,0,0,93
114,18,16.44,60.8272506082725,63.0,33.736,0.033,0.0,0.0,0.0,248.303417205811,7269,2991,0,0,94
115,18,16.6666666666667,60.0,63.0,33.736,0.033,0.0,0.0,0.0,248.146076202393,7202,2974,0,0,96
116,18,16.6666666666667,60.0,63.0,33.736,0.033,0.0,0.0,0.0,248.142395019531,7190,2979,0,0,86
117,18,16.6666666666667,60.0,63.0,33.736,0.033,0.0,0.0,0.0,248.129547119141,7180,2976,0,0,82
118,19,16.6666666666667,60.0,63.0,33.736,0.033,0.0,0.0,0.0,248.092540740967,7159,2963,0,0,81
119,19,16.6666666666667,60.0,63.0,33.736,0.033,0.0,0.0,0.0,248.063220977783,7140,2960,0,0,78
120,19,16.6666666666667,60.0,63.0,33.736,0.033,0.0,0.0,0.0,247.978866577148,7071,2951,0,0,59
121,19,16.6666666666667,60.0,63.0,33.736,0.033,0.0,0.0,0.0,247.731769561768,6921,2923,0,0,46
122,19,16.6666666666667,60.0,63.0,33.736,0.033,0.0,0.0,0.0,247.692409515381,6879,2921,0,0,34
123,19,16.6666666666667,60.0,63.0,33.736,0.033,0.0,0.0,0.0,247.634220123291,6845,2907,0,0,34
124,20,16.6666666666667,60.0,63.0,33.736,0.033,0.0,0.0,0.0,247.622356414795,6839,2905,0,0,34
125,20,16.6666666666667,60.0,63.0,33.736,0.033,0.0,0.0,0.0,247.596981048584,6827,2902,0,0,32
126,20,16.6666666666667,60.0,63.0,33.736,0.033,0.0,0.0,0.0,247.509288787842,6783,2893,0,0,32
127,20,16.6666666666667,60.0,63.0,33.736,0.033,0.0,0.0,0.0,247.516418457031,6784,2894,0,0,33
128,20,16.6666666666667,60.0,63.0,33.736,0.033,0.0,0.0,0.0,247.512607574463,6775,2894,0,0,29
129,20,16.6666666666667,60.0,63.0,33.736,0.033,0.0,0.0,0.0,247.510948181152,6778,2894,0,0,30
130,21,16.6666666666667,60.0,63.0,33.736,0.033,0.0,0.0,0.0,247.558166503906,6784,2894,0,0,31
131,21,16.6666666666667,60.0,63.0,33.736,0.033,0.0,0.0,0.0,247.571018218994,6791,2895,0,0,35
132,21,18.0555555555556,55.3846153846154,63.0,33.736,0.033,0.0,0.0,0.0,247.474697113037,6714,2886,0,0,24
133,21,18.0555555555556,55.3846153846154,63.0,33.736,0.033,0.0,0.0,0.0,247.471046447754,6713,2886,0,0,23
134,21,16.7472222222222,59.7113949245314,63.0,33.736,0.033,0.0,0.0,0.0,247.469158172607,6716,2886,0,0,24
135,21,16.6666666666667,60.0,63.0,33.736,0.033,0.0,0.0,0.0,247.393482208252,6681,2878,0,0,23
136,22,16.6666666666667,60.0,63.0,33.736,0.033,0.0,0.0,0.0,247.49976348877,6726,2887,0,0,35
137,22,18.0555555555556,55.3846153846154,63.0,33.736,0.033,0.0,0.0,0.0,247.403841972351,6852,2893,0,0,57
138,22,16.6666666666667,60.0,63.0,33.736,0.033,0.0,0.0,0.0,247.458106040955,6877,2899,0,0,60
139,22,16.6666666666667,60.0,63.0,33.736,0.033,0.0,0.0,0.0,247.464686393738,6881,2900,0,0,60
140,22,16.6666666666667,60.0,63.0,33.736,0.033,0.0,0.0,0.0,247.445311546326,6863,2897,0,0,55
141,22,16.6666666666667,60.0,63.0,33.736,0.033,0.0,0.0,0.0,247.480090141296,6882,2900,0,0,57
142,23,16.6666666666667,60.0,63.0,33.736,0.033,0.0,0.0,0.0,247.581793785095,6943,2909,0,0,69
143,23,16.6666666666667,60.0,63.0,33.736,0.033,0.0,0.0,0.0,247.581904411316,6945,2909,0,0,69
144,23,16.6666666666667,60.0,63.0,33.736,0.033,0.0,0.0,0.0,247.582053184509,6943,2909,0,0,68
145,23,16.6666666666667,60.0,63.0,33.736,0.033,0.0,0.0,0.0,247.580676078796,6940,2909,0,0,63
146,23,16.6666666666667,60.0,63.0,33.736,0.033,0.0,0.0,0.0,247.628054618835,6960,2914,0,0,63
147,23,16.6666666666667,60.0,63.0,33.736,0.033,0.0,0.0,0.0,247.634104728699,6961,2915,0,0,62
148,24,16.6666666666667,60.0,63.0,33.736,0.033,0.0,0.0,0.0,247.753684043884,7039,2925,0,0,75
149,24,16.6666666666667,60.0,63.0,33.736,0.033,0.0,0.0,0.0,248.002802848816,7197,2967,0,0,100
150,24,16.6666666666667,60.0,63.0,33.736,0.033,0.0,0.0,0.0,247.996844291687,7190,2967,0,0,98
151,24,16.6666666666667,60.0,63.0,33.736,0.033,0.0,0.0,0.0,247.965098381042,7198,2962,0,0,104
152,24,16.6666666666667,60.0,63.0,33.736,0.033,0.0,0.0,0.0,247.939173698425,7159,2961,0,0,91
153,24,16.6666666666667,60.0,63.0,33.736,0.033,0.0,0.0,0.0,248.059794425964,7247,2972,0,0,106
154,25,18.0555555555556,55.3846153846154,63.0,33.736,0.033,0.0,0.0,0.0,248.104277610779,7262,2969,0,0,112
155,25,18.0555555555556,55.3846153846154,63.0,33.736,0.033,0.0,0.0,0.0,248.111079216003,7255,2969,0,0,109
156,25,17.0983333333333,58.4852324787991,63.0,33.736,0.033,0.0,0.0,0.0,248.046004295349,7240,2959,0,0,113
157,25,18.0555555555556,55.3846153846154,63.0,33.736,0.033,0.0,0.0,0.0,248.136710166931,7293,2971,0,0,115
158,25,18.0555555555556,55.3846153846154,63.0,33.736,0.033,0.0,0.0,0.0,248.115344047546,7264,2970,0,0,107
159,25,18.0555555555556,55.3846153846154,63.0,33.736,0.033,0.0,0.0,0.0,248.098864555359,7244,2968,0,0,95
160,26,21.3280000000004,46.8867216804193,58.0,24.82,0.03,0.0,0.0,0.0,248.134581565857,7300,2980,0,0,97
161,26,16.993333333333,58.8466065123591,58.0,24.82,0.03,0.0,0.0,0.0,248.042315483093,7262,2968,0,0,97
162,26,18.0555555555556,55.3846153846154,58.0,24.82,0.03,0.0,0.0,0.0,248.130999565125,7299,2977,0,0,95
163,26,18.0555555555556,55.3846153846154,58.0,24.82,0.03,0.0,0.0,0.0,248.107562065125,7275,2976,0,0,88
164,26,18.0555555555556,55.3846153846154,58.0,24.82,0.03,0.0,0.0,0.0,248.031561851501,7236,2968,0,0,86
165,27,29.401,34.0124485561715,58.0,24.82,0.03,0.0,0.0,0.0,248.813059806824,7483,2983,0,0,149
166,27,19.4444444444444,51.4285714285714,58.0,24.82,0.03,0.0,0.0,0.0,248.811896324158,7500,2983,0,0,156
167,27,19.4444444444444,51.4285714285714,58.0,24.82,0.03,0.0,0.0,0.0,248.716814994812,7443,2971,0,0,142
168,27,19.4444444444444,51.4285714285714,58.0,24.82,0.03,0.0,0.0,0.0,248.766837120056,7502,2977,0,0,158
169,27,19.4444444444444,51.4285714285714,58.0,24.82,0.03,0.0,0.0,0.0,248.655009269714,7447,2963,0,0,151
170,28,19.4444444444444,51.4285714285714,58.0,24.82,0.03,0.0,0.0,0.0,248.547797203064,7444,2956,0,0,141
171,28,19.4444444444444,51.4285714285714,58.0,24.82,0.03,0.0,0.0,0.0,248.509448051453,7421,2948,0,0,138
172,28,19.4444444444444,51.4285714285714,58.0,24.82,0.03,0.0,0.0,0.0,248.501791954041,7411,2947,0,0,134
173,28,19.4444444444444,51.4285714285714,58.0,24.82,0.03,0.0,0.0,0.0,248.449278831482,7322,2950,0,0,80
174,28,16.8601111111111,59.3115901437318,58.0,24.82,0.03,0.0,0.0,0.0,248.302027702332,7231,2931,0,0,77
175,29,19.246,51.9588485919152,58.0,24.82,0.03,0.0,0.0,0.0,248.284148216248,7259,2934,0,0,66
176,29,16.224,61.6370808678501,58.0,24.82,0.03,0.0,0.0,0.0,248.330538749695,7275,2938,0,0,67
177,29,18.759,53.3077456154379,58.0,24.82,0.03,0.0,0.0,0.0,248.145167350769,7301,2938,0,0,76
178,29,15.451,64.720730049835,58.0,24.82,0.03,0.0,0.0,0.0,248.140490531921,7286,2940,0,0,77
179,29,15.879,62.9762579507526,58.0,24.82,0.03,0.0,0.0,0.0,248.131987571716,7269,2940,0,0,71
180,29,15.53,64.3915003219575,58.0,24.82,0.03,0.0,0.0,0.0,248.083422660828,7232,2935,0,0,68
181,30,16.572,60.3427468018344,58.0,24.82,0.03,0.0,0.0,0.0,248.174220085144,7276,2944,0,0,73
182,30,16.148,61.9271736437949,58.0,24.82,0.03,0.0,0.0,0.0,248.148760795593,7250,2941,0,0,57
183,30,16.275,61.4439324116743,58.0,24.82,0.03,0.0,0.0,0.0,248.177851676941,7259,2944,0,0,57
184,30,15.62,64.0204865556978,58.0,24.82,0.03,0.0,0.0,0.0,248.036665916443,7170,2928,0,0,48
185,30,15.253,65.560873270832,58.0,24.82,0.03,0.0,0.0,0.0,247.987040519714,7144,2924,0,0,49
186,30,15.899,62.8970375495314,58.0,24.82,0.03,0.0,0.0,0.0,247.917693138123,7097,2908,0,0,47
187,31,16.603,60.2300789014034,58.0,24.82,0.03,0.0,0.0,0.0,247.942690849304,7103,2908,0,0,49
188,31,16.632,60.1250601250601,58.0,24.82,0.03,0.0,0.0,0.0,247.881167411804,7074,2902,0,0,47
189,31,15.712,63.6456211812627,58.0,24.82,0.03,0.0,0.0,0.0,247.889338493347,7080,2902,0,0,48
190,31,18.0555555555556,55.3846153846154,58.0,24.82,0.03,0.0,0.0,0.0,247.835204124451,7035,2896,0,0,42
191,31,18.0555555555556,55.3846153846154,58.0,24.82,0.03,0.0,0.0,0.0,247.744528770447,7005,2887,0,0,43
192,31,17.9865555555556,55.5970817709524,58.0,24.82,0.03,0.0,0.0,0.0,247.738268852234,6992,2887,0,0,41
193,32,16.6666666666667,60.0,58.0,24.82,0.03,0.0,0.0,0.0,247.702666282654,6975,2882,0,0,41
194,32,16.6666666666667,60.0,58.0,24.82,0.03,0.0,0.0,0.0,247.757750511169,7012,2892,0,0,46
195,32,16.6666666666667,60.0,58.0,24.82,0.03,0.0,0.0,0.0,247.698843955994,6975,2887,0,0,43
196,32,16.6666666666667,60.0,58.0,24.82,0.03,0.0,0.0,0.0,247.677653312683,6954,2885,0,0,39
197,32,16.6666666666667,60.0,58.0,24.82,0.03,0.0,0.0,0.0,247.674006462097,6953,2885,0,0,38
198,32,16.6666666666667,60.0,58.0,24.82,0.03,0.0,0.0,0.0,247.711569786072,6979,2889,0,0,43
199,33,18.0555555555556,55.3846153846154,58.0,24.82,0.03,0.0,0.0,0.0,248.209098815918,7092,2931,0,0,56
200,33,16.7524444444445,59.6927811529992,58.0,24.82,0.03,0.0,0.0,0.0,248.21000289917,7090,2931,0,0,55
201,33,16.6666666666667,60.0,58.0,24.82,0.03,0.0,0.0,0.0,248.220458984375,7100,2931,0,0,59
202,33,16.6666666666667,60.0,58.0,24.82,0.03,0.0,0.0,0.0,248.207138061523,7087,2928,0,0,54
203,33,16.6666666666667,60.0,58.0,24.82,0.03,0.0,0.0,0.0,248.256607055664,7122,2933,0,0,62
204,33,16.739,59.7407252524046,58.0,24.82,0.03,0.0,0.0,0.0,248.30269241333,7164,2937,0,0,71
205,34,18.0555555555556,55.3846153846154,58.0,24.82,0.03,0.0,0.0,0.0,248.308853149414,7165,2936,0,0,72
206,34,17.3584444444444,57.6088487191633,58.0,24.82,0.03,0.0,0.0,0.0,248.275077819824,7149,2925,0,0,70
207,34,16.6666666666667,60.0,58.0,24.82,0.03,0.0,0.0,0.0,248.251285552979,7105,2925,0,0,54
208,34,16.6666666666667,60.0,58.0,24.82,0.03,0.0,0.0,0.0,248.28963470459,7126,2929,0,0,55
209,34,16.6666666666667,60.0,58.0,24.82,0.03,0.0,0.0,0.0,248.397918701172,7192,2940,0,0,63
210,34,16.6666666666667,60.0,58.0,24.82,0.03,0.0,0.0,0.0,248.422882080078,7205,2943,0,0,65
211,35,23.4950000000004,42.5622472866561,58.0,24.82,0.03,0.0,0.0,0.0,248.964497566223,7390,3004,0,0,87
212,35,18.0555555555556,55.3846153846154,58.0,24.82,0.03,0.0,0.0,0.0,249.156292915344,7497,3031,0,0,103
213,35,17.1157777777774,58.4256241804196,58.0,24.82,0.03,0.0,0.0,0.0,249.162034034729,7505,3031,0,0,106
214,35,16.6666666666667,60.0,58.0,24.82,0.03,0.0,0.0,0.0,249.292328834534,7596,3046,0,0,118
215,35,16.6666666666667,60.0,58.0,24.82,0.03,0.0,0.0,0.0,249.272503852844,7593,3044,0,0,118
216,36,16.6666666666667,60.0,58.0,24.82,0.03,0.0,0.0,0.0,249.276989936829,7587,3044,0,0,114
217,36,16.6666666666667,60.0,57.0,34.95,0.031,0.0,0.0,0.0,248.881698608398,7551,3008,0,0,121
218,36,16.6666666666667,60.0,57.0,34.95,0.031,0.0,0.0,0.0,248.981475830078,7598,3017,0,0,123
219,36,16.6666666666667,60.0,57.0,34.95,0.031,0.0,0.0,0.0,248.946975708008,7571,3014,0,0,118
220,36,18.0555555555556,55.3846153846154,57.0,34.95,0.031,0.0,0.0,0.0,248.924060821533,7556,3011,0,0,116
221,36,18.0555555555556,55.3846153846154,57.0,34.95,0.031,0.0,0.0,0.0,248.923713684082,7551,3010,0,0,116
222,37,18.0555555555556,55.3846153846154,57.0,34.95,0.031,0.0,0.0,0.0,248.835205078125,7503,2987,0,0,111
223,37,18.0555555555556,55.3846153846154,57.0,34.95,0.031,0.0,0.0,0.0,248.890274047852,7533,2993,0,0,111
224,37,18.0555555555556,55.3846153846154,57.0,34.95,0.031,0.0,0.0,0.0,248.912803649902,7539,2996,0,0,107
225,37,18.0555555555556,55.3846153846154,57.0,34.95,0.031,0.0,0.0,0.0,248.884155273438,7509,2993,0,0,100
226,37,18.0555555555556,55.3846153846154,57.0,34.95,0.031,0.0,0.0,0.0,248.783843994141,7459,2983,0,0,95
227,37,18.0555555555556,55.3846153846154,57.0,34.95,0.031,0.0,0.0,0.0,248.690895080566,7409,2973,0,0,89
228,38,21.5952222222222,46.3065389978236,57.0,34.95,0.031,0.0,0.0,0.0,250.190102577209,7517,3026,0,0,95
229,38,18.974,52.7036997997259,57.0,34.95,0.031,0.0,0.0,0.0,250.196652412415,7512,3028,0,0,94
230,38,18.0555555555556,55.3846153846154,57.0,34.95,0.031,0.0,0.0,0.0,250.233559608459,7531,3033,0,0,94
231,38,18.0555555555556,55.3846153846154,57.0,34.95,0.031,0.0,0.0,0.0,251.119294166565,7481,3017,0,0,90
232,38,19.0228888888889,52.5682511126946,57.0,34.95,0.031,0.0,0.0,0.0,251.137219429016,7475,3021,0,0,85
233,39,18.0555555555556,55.3846153846154,57.0,34.95,0.031,0.0,0.0,0.0,251.13259601593,7463,3023,0,0,78
234,39,18.0555555555556,55.3846153846154,57.0,34.95,0.031,0.0,0.0,0.0,251.149399757385,7474,3026,0,0,77
235,39,18.0555555555556,55.3846153846154,57.0,34.95,0.031,0.0,0.0,0.0,251.027821540833,7416,3009,0,0,72
236,39,18.0555555555556,55.3846153846154,57.0,34.95,0.031,0.0,0.0,0.0,251.00060749054,7385,3006,0,0,60
237,39,18.0555555555556,55.3846153846154,57.0,34.95,0.031,0.0,0.0,0.0,250.96254825592,7345,3002,0,0,55
238,40,29.3412222222222,34.0817431675572,57.0,34.95,0.031,0.0,0.0,0.0,251.522450447083,7551,3004,0,0,110
239,40,18.3333333333333,54.5454545454545,57.0,34.95,0.031,0.0,0.0,0.0,251.151557922363,7494,2970,0,0,107
240,40,18.3333333333333,54.5454545454545,57.0,34.95,0.031,0.0,0.0,0.0,251.12230682373,7461,2967,0,0,99
241,40,18.3333333333333,54.5454545454545,57.0,34.95,0.031,0.0,0.0,0.0,251.076351165771,7445,2962,0,0,102
242,40,16.728666666667,59.7776272267154,57.0,34.95,0.031,0.0,0.0,0.0,251.188102722168,7506,2972,0,0,115
243,41,31.282333333333,31.9669248883825,57.0,34.95,0.031,0.0,0.0,0.0,251.697075843811,7598,3007,0,0,127
244,41,25.077,39.8771782908641,57.0,34.95,0.031,0.0,0.0,0.0,251.838497161865,7881,3072,0,0,158
245,41,25.0,40.0,57.0,34.95,0.031,0.0,0.0,0.0,251.85998916626,7929,3082,0,0,165
246,41,25.0,40.0,57.0,34.95,0.031,0.0,0.0,0.0,251.648738861084,7796,3042,0,0,128
247,42,25.0,40.0,57.0,34.95,0.031,0.0,0.0,0.0,251.789291381836,7880,3062,0,0,126
248,42,25.0,40.0,57.0,34.95,0.031,0.0,0.0,0.0,251.595806121826,7814,3043,0,0,114
249,42,19.8266666666667,50.4371217215871,57.0,34.95,0.031,0.0,0.0,0.0,251.489593505859,7745,3011,0,0,101
250,42,19.609,50.9969911775205,57.0,34.95,0.031,0.0,0.0,0.0,251.335990905762,7758,3016,0,0,97
251,43,19.138,52.2520639565263,57.0,34.95,0.031,0.0,0.0,0.0,251.38565826416,7810,3016,0,0,104
252,43,16.902,59.16459590581,57.0,34.95,0.031,0.0,0.0,0.0,248.742796897888,7644,2970,0,0,92
253,43,16.054,62.2897720194344,57.0,34.95,0.031,0.0,0.0,0.0,248.740889549255,7624,2977,0,0,88
254,43,16.301,61.3459296975646,57.0,34.95,0.031,0.0,0.0,0.0,248.728343009949,7612,2976,0,0,82
255,43,16.095,62.1310966138552,57.0,34.95,0.031,0.0,0.0,0.0,248.72011089325,7607,2969,0,0,79
256,43,16.472,60.709082078679,57.0,34.95,0.031,0.0,0.0,0.0,248.770564079285,7641,2980,0,0,83
257,44,19.909666666667,50.226857975187,57.0,34.95,0.031,0.0,0.0,0.0,247.889773368835,7715,2992,0,0,95
258,44,16.781333333333,59.5900206578751,57.0,34.95,0.031,0.0,0.0,0.0,247.932677268982,7757,2992,0,0,102
259,44,17.52,57.0776255707763,57.0,34.95,0.031,0.0,0.0,0.0,247.813605308533,7729,2978,0,0,103
260,44,18.5185185185185,54.0,57.0,34.95,0.031,0.0,0.0,0.0,247.81275844574,7712,2976,0,0,95
261,44,18.5185185185185,54.0,57.0,34.95,0.031,0.0,0.0,0.0,247.825415611267,7741,2974,0,0,102
262,44,18.5185185185185,54.0,57.0,34.95,0.031,0.0,0.0,0.0,247.803343772888,7736,2973,0,0,100
263,45,18.5185185185185,54.0,57.0,34.95,0.031,0.0,0.0,0.0,247.760485649109,7709,2960,0,0,96
264,45,17.1179259259259,58.4182922818617,57.0,34.95,0.031,0.0,0.0,0.0,247.659712791443,7671,2944,0,0,96
265,45,18.319,54.5881325399858,57.0,34.95,0.031,0.0,0.0,0.0,247.61133480072,7612,2939,0,0,79
266,45,18.3333333333333,54.5454545454545,57.0,34.95,0.031,0.0,0.0,0.0,247.681601524353,7643,2945,0,0,85
267,45,18.1818181818182,55.0,57.0,34.95,0.031,0.0,0.0,0.0,247.633994102478,7595,2936,0,0,78
268,46,19.6725151515155,50.8323410757655,57.0,34.95,0.031,0.0,0.0,0.0,246.581870079041,7555,2934,0,0,74
269,46,18.1818181818182,55.0,57.0,34.95,0.031,0.0,0.0,0.0,246.69752407074,7633,2950,0,0,91
270,46,18.1025151515148,55.2409425778782,53.0,36.254,0.033,0.0,0.0,0.0,246.736727714539,7655,2948,0,0,99
271,46,16.422,60.8939227865059,53.0,36.254,0.033,0.0,0.0,0.0,246.753611564636,7655,2952,0,0,96
272,46,16.8,59.5238095238095,53.0,36.254,0.033,0.0,0.0,0.0,246.679278373718,7602,2944,0,0,94
273,46,18.1818181818182,55.0,53.0,36.254,0.033,0.0,0.0,0.0,246.631655693054,7571,2934,0,0,92
274,47,18.1818181818182,55.0,53.0,36.254,0.033,0.0,0.0,0.0,246.713587760925,7607,2941,0,0,97
275,47,18.1818181818182,55.0,53.0,36.254,0.033,0.0,0.0,0.0,246.757292747498,7648,2941,0,0,105
276,47,18.1818181818182,55.0,53.0,36.254,0.033,0.0,0.0,0.0,246.74386882782,7630,2939,0,0,105
277,47,18.1818181818182,55.0,53.0,36.254,0.033,0.0,0.0,0.0,246.664755821228,7583,2932,0,0,97
278,47,18.1818181818182,55.0,53.0,36.254,0.033,0.0,0.0,0.0,246.635268211365,7520,2933,0,0,81
279,47,18.0555555555556,55.3846153846154,53.0,36.254,0.033,0.0,0.0,0.0,246.513209342957,7469,2915,0,0,84
280,48,20.013868686869,49.9653523087265,53.0,36.254,0.033,0.0,0.0,0.0,246.666018486023,7552,2943,0,0,89
281,48,17.5766666666663,56.8936089512623,53.0,36.254,0.033,0.0,0.0,0.0,246.670359611511,7553,2944,0,0,88
282,48,16.646,60.0744923705395,53.0,36.254,0.033,0.0,0.0,0.0,246.658541679382,7532,2944,0,0,86
283,48,16.753,59.6908016474661,53.0,36.254,0.033,0.0,0.0,0.0,246.535284996033,7479,2928,0,0,83
284,48,16.963,58.9518363497023,53.0,36.254,0.033,0.0,0.0,0.0,246.47030544281,7411,2921,0,0,70
285,49,18.0555555555556,55.3846153846154,53.0,36.254,0.033,0.0,0.0,0.0,246.806063652039,7573,2950,0,0,92
286,49,18.0555555555556,55.3846153846154,53.0,36.254,0.033,0.0,0.0,0.0,246.809485435486,7568,2950,0,0,89
287,49,18.0555555555556,55.3846153846154,53.0,36.254,0.033,0.0,0.0,0.0,246.898272514343,7612,2958,0,0,94
288,49,18.0555555555556,55.3846153846154,53.0,36.254,0.033,0.0,0.0,0.0,246.780207633972,7569,2941,0,0,94
289,49,17.2517777777778,57.965040639934,53.0,36.254,0.033,0.0,0.0,0.0,246.814131736755,7582,2948,0,0,93
290,49,16.73,59.7728631201434,53.0,36.254,0.033,0.0,0.0,0.0,246.918410301209,7647,2957,0,0,99
291,50,18.0555555555556,55.3846153846154,53.0,36.254,0.033,0.0,0.0,0.0,248.03736782074,7725,2981,0,0,104
292,50,16.6666666666667,60.0,53.0,36.254,0.033,0.0,0.0,0.0,248.003691673279,7705,2975,0,0,105
293,50,16.6666666666667,60.0,53.0,36.254,0.033,0.0,0.0,0.0,247.913542747498,7666,2963,0,0,101
294,50,16.6666666666667,60.0,53.0,36.254,0.033,0.0,0.0,0.0,247.88420009613,7620,2962,0,0,82
295,50,16.6666666666667,60.0,53.0,36.254,0.033,0.0,0.0,0.0,249.00786113739,7690,2973,0,0,86
296,50,16.6666666666667,60.0,53.0,36.254,0.033,0.0,0.0,0.0,249.025862693787,7702,2976,0,0,88
297,51,16.9657777777778,58.9421842663663,53.0,36.254,0.033,0.0,0.0,0.0,248.986311912537,7680,2959,0,0,89
298,51,18.0555555555556,55.3846153846154,53.0,36.254,0.033,0.0,0.0,0.0,248.895232200623,7642,2947,0,0,87
299,51,18.0555555555556,55.3846153846154,53.0,36.254,0.033,0.0,0.0,0.0,248.830641746521,7583,2940,0,0,74
300,51,18.0555555555556,55.3846153846154,53.0,36.254,0.033,0.0,0.0,0.0,248.838152885437,7602,2942,0,0,80
301,51,20.002666666667,49.9933342221028,53.0,36.254,0.033,0.0,0.0,0.0,248.930422782898,7667,2948,0,0,90
302,52,20.162333333333,49.597434159407,53.0,36.254,0.033,0.0,0.0,0.0,249.023882865906,7769,2966,0,0,107
303,52,18.0555555555556,55.3846153846154,53.0,36.254,0.033,0.0,0.0,0.0,248.964606285095,7741,2963,0,0,108
304,52,18.0555555555556,55.3846153846154,53.0,36.254,0.033,0.0,0.0,0.0,248.932940483093,7694,2961,0,0,95
305,52,18.0555555555556,55.3846153846154,53.0,36.254,0.033,0.0,0.0,0.0,248.9086561203,7688,2959,0,0,95
306,52,18.0555555555556,55.3846153846154,53.0,36.254,0.033,0.0,0.0,0.0,249.017088890076,7760,2970,0,0,105
307,52,18.0555555555556,55.3846153846154,53.0,36.254,0.033,0.0,0.0,0.0,248.983668327332,7746,2960,0,0,105
308,53,26.5892222222222,37.6092234531117,53.0,36.254,0.033,0.0,0.0,0.0,249.320204734802,7839,2947,0,0,151
309,53,19.047619047619,52.5,53.0,36.254,0.033,0.0,0.0,0.0,249.32691860199,7823,2948,0,0,142
310,53,19.047619047619,52.5,53.0,36.254,0.033,0.0,0.0,0.0,249.43152141571,7890,2957,0,0,149
311,53,19.047619047619,52.5,53.0,36.254,0.033,0.0,0.0,0.0,249.379656791687,7875,2951,0,0,149
312,53,18.75,53.3333333333333,53.0,36.254,0.033,0.0,0.0,0.0,249.312052726746,7817,2943,0,0,141
313,54,20.0081428571429,49.979651142035,53.0,36.254,0.033,0.0,0.0,0.0,249.93971157074,8156,3043,0,0,181
314,54,17.069666666667,58.5834521275545,53.0,36.254,0.033,0.0,0.0,0.0,249.913569450378,8113,3042,0,0,164
315,54,19.047619047619,52.5,53.0,36.254,0.033,0.0,0.0,0.0,250.026110649109,8207,3057,0,0,182
316,54,19.047619047619,52.5,53.0,36.254,0.033,0.0,0.0,0.0,249.612421035767,8145,3006,0,0,184
317,54,19.047619047619,52.5,53.0,36.254,0.033,0.0,0.0,0.0,249.485525131226,7961,2994,0,0,120
318,55,19.047619047619,52.5,53.0,36.254,0.033,0.0,0.0,0.0,249.454473495483,8021,2997,0,0,123
319,55,19.047619047619,52.5,53.0,36.254,0.033,0.0,0.0,0.0,249.642351150513,8137,3028,0,0,131
320,55,19.047619047619,52.5,53.0,36.254,0.033,0.0,0.0,0.0,248.534433364868,8173,3020,0,0,143
321,55,19.047619047619,52.5,53.0,36.254,0.033,0.0,0.0,0.0,248.561365127563,8197,3032,0,0,142
322,55,18.810333333333,53.1622689656404,53.0,36.254,0.033,0.0,0.0,0.0,248.396379470825,8099,3011,0,0,130
323,56,19.047619047619,52.5,53.0,36.254,0.033,0.0,0.0,0.0,248.818167686462,8167,3042,0,0,126
324,56,19.047619047619,52.5,54.0,30.971,0.042,0.0,0.0,0.0,248.837912559509,8194,3053,0,0,124
325,56,19.047619047619,52.5,54.0,30.971,0.042,0.0,0.0,0.0,248.772192955017,8161,3047,0,0,119
326,56,19.047619047619,52.5,54.0,30.971,0.042,0.0,0.0,0.0,248.666487693787,8096,3027,0,0,114
327,56,18.75,53.3333333333333,54.0,30.971,0.042,0.0,0.0,0.0,248.656687736511,8120,3036,0,0,116
328,57,18.75,53.3333333333333,54.0,30.971,0.042,0.0,0.0,0.0,247.608511924744,8091,3026,0,0,109
329,57,19.047619047619,52.5,54.0,30.971,0.042,0.0,0.0,0.0,247.628821372986,8105,3025,0,0,109
330,57,18.75,53.3333333333333,54.0,30.971,0.042,0.0,0.0,0.0,247.602538108826,8102,3032,0,0,107
331,57,19.047619047619,52.5,54.0,30.971,0.042,0.0,0.0,0.0,247.559805870056,8117,3028,0,0,114
332,57,19.047619047619,52.5,54.0,30.971,0.042,0.0,0.0,0.0,247.387755393982,8016,2992,0,0,100
333,57,19.047619047619,52.5,54.0,30.971,0.042,0.0,0.0,0.0,247.387316703796,8008,2999,0,0,94
334,58,19.047619047619,52.5,54.0,30.971,0.042,0.0,0.0,0.0,247.365225791931,7995,2990,0,0,94
335,58,19.047619047619,52.5,54.0,30.971,0.042,0.0,0.0,0.0,247.181303977966,7892,2959,0,0,92
336,58,19.047619047619,52.5,54.0,30.971,0.042,0.0,0.0,0.0,247.158305168152,7824,2965,0,0,70
337,58,19.047619047619,52.5,54.0,30.971,0.042,0.0,0.0,0.0,247.122336387634,7817,2958,0,0,75
338,58,18.75,53.3333333333333,54.0,30.971,0.042,0.0,0.0,0.0,247.059165000916,7773,2945,0,0,64
339,59,18.75,53.3333333333333,54.0,30.971,0.042,0.0,0.0,0.0,246.994608879089,7709,2939,0,0,58
340,59,18.75,53.3333333333333,54.0,30.971,0.042,0.0,0.0,0.0,246.989550590515,7717,2940,0,0,60
341,59,18.75,53.3333333333333,54.0,30.971,0.042,0.0,0.0,0.0,246.869280815125,7638,2919,0,0,63
342,59,16.2959047619048,61.3651107201925,54.0,30.971,0.042,0.0,0.0,0.0,246.84997844696,7627,2915,0,0,59
343,59,16.379,61.0537883875694,54.0,30.971,0.042,0.0,0.0,0.0,246.812685966492,7599,2907,0,0,53
344,59,16.626,60.146758089739,54.0,30.971,0.042,0.0,0.0,0.0,246.755297660828,7564,2898,0,0,49
345,60,18.3333333333333,54.5454545454545,54.0,30.971,0.042,0.0,0.0,0.0,246.821566581726,7573,2892,0,0,59
346,60,18.1818181818182,55.0,54.0,30.971,0.042,0.0,0.0,0.0,246.837569236755,7579,2893,0,0,59
347,60,18.0555555555556,55.3846153846154,54.0,30.971,0.042,0.0,0.0,0.0,246.770003318787,7500,2881,0,0,48
348,60,17.6842929292929,56.5473555543497,54.0,30.971,0.042,0.0,0.0,0.0,246.753027915955,7491,2880,0,0,49
349,60,16.578,60.3209072264447,54.0,30.971,0.042,0.0,0.0,0.0,246.765955924988,7488,2884,0,0,50
350,61,18.0555555555556,55.3846153846154,54.0,30.971,0.042,0.0,0.0,0.0,246.445413589478,7454,2835,0,0,59
351,61,18.0555555555556,55.3846153846154,54.0,30.971,0.042,0.0,0.0,0.0,246.465257644653,7462,2847,0,0,64
352,61,18.0555555555556,55.3846153846154,54.0,30.971,0.042,0.0,0.0,0.0,246.457525253296,7446,2847,0,0,60
353,61,18.0555555555556,55.3846153846154,54.0,30.971,0.042,0.0,0.0,0.0,246.454149246216,7449,2845,0,0,61
354,61,18.0555555555556,55.3846153846154,54.0,30.971,0.042,0.0,0.0,0.0,246.470861434937,7456,2846,0,0,59
355,61,18.0555555555556,55.3846153846154,54.0,30.971,0.042,0.0,0.0,0.0,246.389730453491,7375,2838,0,0,47
356,62,18.0555555555556,55.3846153846154,54.0,30.971,0.042,0.0,0.0,0.0,247.749826431274,7616,2892,0,0,81
357,62,18.1818181818182,55.0,54.0,30.971,0.042,0.0,0.0,0.0,247.736494064331,7607,2890,0,0,80
358,62,18.1818181818182,55.0,54.0,30.971,0.042,0.0,0.0,0.0,247.756677627563,7622,2893,0,0,80
359,62,18.1818181818182,55.0,54.0,30.971,0.042,0.0,0.0,0.0,247.722352981567,7602,2885,0,0,74
360,62,18.9666565656569,52.7241054077348,54.0,30.971,0.042,0.0,0.0,0.0,248.740144729614,7631,2886,0,0,78
361,63,18.1818181818182,55.0,54.0,30.971,0.042,0.0,0.0,0.0,248.695341110229,7605,2878,0,0,71
362,63,18.1818181818182,55.0,54.0,30.971,0.042,0.0,0.0,0.0,248.686319351196,7606,2878,0,0,69
363,63,18.1818181818182,55.0,54.0,30.971,0.042,0.0,0.0,0.0,248.669176101685,7589,2874,0,0,64
364,63,18.1818181818182,55.0,54.0,30.971,0.042,0.0,0.0,0.0,248.623376846313,7565,2867,0,0,64
365,63,18.1818181818182,55.0,54.0,30.971,0.042,0.0,0.0,0.0,248.642309188843,7580,2868,0,0,64
366,63,18.1818181818182,55.0,54.0,30.971,0.042,0.0,0.0,0.0,248.573495864868,7530,2861,0,0,62
367,64,18.1818181818182,55.0,54.0,30.971,0.042,0.0,0.0,0.0,247.835826873779,7462,2796,0,0,66
368,64,18.1818181818182,55.0,54.0,30.971,0.042,0.0,0.0,0.0,247.778049468994,7409,2791,0,0,62
369,64,18.1818181818182,55.0,54.0,30.971,0.042,0.0,0.0,0.0,247.771499633789,7406,2790,0,0,61
370,64,18.1818181818182,55.0,54.0,30.971,0.042,0.0,0.0,0.0,247.79515838623,7433,2792,0,0,64
371,64,18.1818181818182,55.0,54.0,30.971,0.042,0.0,0.0,0.0,247.784736633301,7445,2789,0,0,73
372,65,18.247333333333,54.802528223303,54.0,30.971,0.042,0.0,0.0,0.0,248.110814094543,7464,2813,0,0,67
373,65,18.1818181818182,55.0,54.0,30.971,0.042,0.0,0.0,0.0,248.116559028625,7460,2813,0,0,66
374,65,18.1818181818182,55.0,54.0,30.971,0.042,0.0,0.0,0.0,248.108632087708,7447,2813,0,0,67
375,65,18.1818181818182,55.0,54.0,30.971,0.042,0.0,0.0,0.0,248.153286933899,7482,2819,0,0,69
376,65,18.1818181818182,55.0,54.0,30.971,0.042,0.0,0.0,0.0,248.08026599884,7450,2807,0,0,70
377,65,18.1818181818182,55.0,54.0,30.971,0.042,0.0,0.0,0.0,248.065445899963,7430,2807,0,0,65
378,66,27.7419090909091,36.046545921661,54.0,33.104,0.034,0.0,0.0,0.0,248.656849861145,7704,2821,0,0,134
379,66,19.047619047619,52.5,54.0,33.104,0.034,0.0,0.0,0.0,248.642102241516,7693,2816,0,0,131
380,66,19.047619047619,52.5,54.0,33.104,0.034,0.0,0.0,0.0,248.589314460754,7647,2811,0,0,123
381,66,19.047619047619,52.5,54.0,33.104,0.034,0.0,0.0,0.0,248.562809944153,7631,2807,0,0,120
382,66,18.75,53.3333333333333,54.0,33.104,0.034,0.0,0.0,0.0,248.559571266174,7625,2804,0,0,120
383,67,21.7861428571429,45.9007363789565,54.0,33.104,0.034,0.0,0.0,0.0,248.390313148499,8136,2964,0,0,177
384,67,23.03,43.4216239687364,54.0,33.104,0.034,0.0,0.0,0.0,248.388146400452,8137,2964,0,0,177
385,67,19.4444444444444,51.4285714285714,54.0,33.104,0.034,0.0,0.0,0.0,248.453492164612,8199,2979,0,0,188
386,67,19.4444444444444,51.4285714285714,54.0,33.104,0.034,0.0,0.0,0.0,248.255246162415,8055,2928,0,0,143
387,68,19.4444444444444,51.4285714285714,54.0,33.104,0.034,0.0,0.0,0.0,248.172974586487,7961,2924,0,0,96
388,68,20.2326666666667,49.42502224126,54.0,33.104,0.034,0.0,0.0,0.0,247.906505584717,8034,2912,0,0,111
389,68,20.477,48.8352786052644,54.0,33.104,0.034,0.0,0.0,0.0,247.878347396851,8135,2923,0,0,131
390,68,20.0,50.0,54.0,33.104,0.034,0.0,0.0,0.0,246.815893173218,8111,2907,0,0,132
391,68,20.0,50.0,54.0,33.104,0.034,0.0,0.0,0.0,246.834314346313,8090,2923,0,0,110
392,69,20.0,50.0,54.0,33.104,0.034,0.0,0.0,0.0,246.812208175659,8087,2921,0,0,108
393,69,19.6969696969697,50.7692307692308,54.0,33.104,0.034,0.0,0.0,0.0,246.392388343811,8010,2874,0,0,102
394,69,19.6969696969697,50.7692307692308,54.0,33.104,0.034,0.0,0.0,0.0,246.411992073059,8016,2887,0,0,98
395,69,19.6969696969697,50.7692307692308,54.0,33.104,0.034,0.0,0.0,0.0,246.381100654602,7985,2884,0,0,92
396,69,18.9837575757576,52.6766103080145,54.0,33.104,0.034,0.0,0.0,0.0,246.38898563385,8015,2878,0,0,97
397,69,17.117,58.4214523573056,54.0,33.104,0.034,0.0,0.0,0.0,246.340306282043,8013,2874,0,0,102
398,70,18.895,52.9240539825351,54.0,33.104,0.034,0.0,0.0,0.0,246.235196113586,8003,2857,0,0,107
399,70,18.12,55.1876379690949,54.0,33.104,0.034,0.0,0.0,0.0,246.20144367218,7990,2844,0,0,107
400,70,19.4444444444444,51.4285714285714,54.0,33.104,0.034,0.0,0.0,0.0,246.193192481995,7990,2848,0,0,105
401,70,19.4444444444444,51.4285714285714,54.0,33.104,0.034,0.0,0.0,0.0,246.162594795227,7979,2838,0,0,104
402,70,19.3971111111111,51.5540687616713,54.0,33.104,0.034,0.0,0.0,0.0,246.07994556427,7916,2816,0,0,94
403,71,19.4444444444444,51.4285714285714,54.0,33.104,0.034,0.0,0.0,0.0,245.801044464111,7894,2792,0,0,92
404,71,19.4444444444444,51.4285714285714,54.0,33.104,0.034,0.0,0.0,0.0,245.711181640625,7825,2781,0,0,90
405,71,19.047619047619,52.5,54.0,33.104,0.034,0.0,0.0,0.0,245.536157608032,7718,2753,0,0,89
406,71,18.2538253968257,54.7830374324659,54.0,33.104,0.034,0.0,0.0,0.0,245.535814285278,7735,2764,0,0,89
407,71,19.047619047619,52.5,54.0,33.104,0.034,0.0,0.0,0.0,245.511789321899,7739,2757,0,0,94
408,72,17.6320476190473,56.7149103499321,54.0,33.104,0.034,0.0,0.0,0.0,245.447229385376,7738,2735,0,0,97
409,72,17.709,56.4684623637698,54.0,33.104,0.034,0.0,0.0,0.0,245.419202804565,7707,2729,0,0,90
410,72,19.047619047619,52.5,54.0,33.104,0.034,0.0,0.0,0.0,245.40993309021,7704,2726,0,0,90
411,72,19.047619047619,52.5,54.0,33.104,0.034,0.0,0.0,0.0,245.342836380005,7654,2710,0,0,86
412,72,17.9067619047619,55.8448258439217,54.0,33.104,0.034,0.0,0.0,0.0,245.204042434692,7516,2694,0,0,66
413,72,19.047619047619,52.5,54.0,33.104,0.034,0.0,0.0,0.0,245.166471481323,7477,2685,0,0,57
414,73,20.5617142857146,48.6340772031229,54.0,33.104,0.034,0.0,0.0,0.0,245.156766891479,7404,2681,0,0,51
415,73,19.047619047619,52.5,54.0,33.104,0.034,0.0,0.0,0.0,245.108564376831,7342,2678,0,0,50
416,73,17.2770476190473,57.88025952406,54.0,33.104,0.034,0.0,0.0,0.0,244.999547958374,7228,2657,0,0,37
417,73,16.616,60.1829561868079,54.0,33.104,0.034,0.0,0.0,0.0,245.013570785522,7234,2658,0,0,37
418,73,18.644,53.6365586783952,54.0,33.104,0.034,0.0,0.0,0.0,245.022050857544,7243,2659,0,0,37
419,74,17.048,58.6579070858752,54.0,33.104,0.034,0.0,0.0,0.0,245.010694503784,7233,2658,0,0,34
420,74,19.047619047619,52.5,54.0,33.104,0.034,0.0,0.0,0.0,245.760170936584,7271,2648,0,0,42
421,74,18.552380952381,53.9014373716632,54.0,33.104,0.034,0.0,0.0,0.0,245.730027198792,7254,2645,0,0,41
422,74,16.263,61.4892701223636,54.0,33.104,0.034,0.0,0.0,0.0,245.74914264679,7270,2648,0,0,43
423,74,16.767,59.640961412298,54.0,33.104,0.034,0.0,0.0,0.0,245.704403877258,7251,2640,0,0,41
424,74,16.75,59.7014925373134,54.0,33.104,0.034,0.0,0.0,0.0,246.720376014709,7265,2639,0,0,44
425,75,18.0555555555556,55.3846153846154,54.0,33.104,0.034,0.0,0.0,0.0,246.733540534973,7272,2640,0,0,42
426,75,16.6666666666667,60.0,54.0,33.104,0.034,0.0,0.0,0.0,246.719796180725,7245,2640,0,0,33
427,75,16.6666666666667,60.0,54.0,33.104,0.034,0.0,0.0,0.0,246.717122077942,7246,2638,0,0,33
428,75,16.6666666666667,60.0,54.0,33.104,0.034,0.0,0.0,0.0,246.686928749084,7227,2635,0,0,32
429,75,16.6666666666667,60.0,54.0,33.104,0.034,0.0,0.0,0.0,246.718335151672,7244,2639,0,0,34
430,75,16.6666666666667,60.0,54.0,33.104,0.034,0.0,0.0,0.0,246.700798988342,7231,2636,0,0,32
431,76,16.6666666666667,60.0,54.0,33.104,0.034,0.0,0.0,0.0,246.676308631897,7232,2636,0,0,32
432,76,16.6666666666667,60.0,54.0,30.177,0.025,0.0,0.0,0.0,246.68715763092,7236,2637,0,0,33
433,76,16.6666666666667,60.0,54.0,30.177,0.025,0.0,0.0,0.0,246.655602455139,7211,2634,0,0,29
434,76,16.6666666666667,60.0,54.0,30.177,0.025,0.0,0.0,0.0,246.650567054749,7218,2632,0,0,32
435,76,16.6666666666667,60.0,54.0,30.177,0.025,0.0,0.0,0.0,246.633473396301,7204,2632,0,0,28
436,76,16.6666666666667,60.0,54.0,30.177,0.025,0.0,0.0,0.0,246.660809516907,7217,2635,0,0,28
437,77,18.0555555555556,55.3846153846154,54.0,30.177,0.025,0.0,0.0,0.0,246.66490650177,7224,2628,0,0,33
438,77,18.0555555555556,55.3846153846154,54.0,30.177,0.025,0.0,0.0,0.0,246.685566902161,7222,2631,0,0,30
439,77,19.820666666667,50.4523897615275,54.0,30.177,0.025,0.0,0.0,0.0,246.710492134094,7245,2633,0,0,33
440,77,18.0555555555556,55.3846153846154,54.0,30.177,0.025,0.0,0.0,0.0,246.717503547668,7262,2632,0,0,38
441,77,18.0555555555556,55.3846153846154,54.0,30.177,0.025,0.0,0.0,0.0,246.692734718323,7240,2629,0,0,30
442,78,18.0555555555556,55.3846153846154,54.0,30.177,0.025,0.0,0.0,0.0,246.761433601379,7314,2640,0,0,47
443,78,18.0555555555556,55.3846153846154,54.0,30.177,0.025,0.0,0.0,0.0,246.773777961731,7323,2641,0,0,49
444,78,18.0555555555556,55.3846153846154,54.0,30.177,0.025,0.0,0.0,0.0,246.767949104309,7319,2638,0,0,47
445,78,17.4912222222219,57.1715336581534,54.0,30.177,0.025,0.0,0.0,0.0,246.777024269104,7322,2640,0,0,46
446,78,16.718,59.8157674362962,54.0,30.177,0.025,0.0,0.0,0.0,246.732846260071,7288,2634,0,0,43
447,78,16.6666666666667,60.0,54.0,30.177,0.025,0.0,0.0,0.0,246.704239845276,7257,2631,0,0,41
448,79,22.355,44.7327219861329,54.0,30.177,0.025,0.0,0.0,0.0,247.462220191956,7597,2686,0,0,117
449,79,18.0555555555556,55.3846153846154,54.0,30.177,0.025,0.0,0.0,0.0,247.467251777649,7592,2687,0,0,113
450,79,18.0555555555556,55.3846153846154,54.0,30.177,0.025,0.0,0.0,0.0,247.442959785461,7585,2683,0,0,114
451,79,18.0555555555556,55.3846153846154,54.0,30.177,0.025,0.0,0.0,0.0,247.418358802795,7561,2680,0,0,107
452,79,18.0555555555556,55.3846153846154,54.0,30.177,0.025,0.0,0.0,0.0,247.367581367493,7531,2674,0,0,103
453,80,21.6237777777778,46.2453883071105,54.0,30.177,0.025,0.0,0.0,0.0,247.542199134827,7583,2681,0,0,116
454,80,22.346,44.7507383871834,54.0,30.177,0.025,0.0,0.0,0.0,247.65327167511,7700,2705,0,0,126
455,80,19.27,51.8941359626362,54.0,30.177,0.025,0.0,0.0,0.0,246.626229286194,7696,2702,0,0,127
456,80,17.6960000000003,56.5099457504511,54.0,30.177,0.025,0.0,0.0,0.0,246.664582252502,7730,2709,0,0,133
457,80,19.4444444444444,51.4285714285714,54.0,30.177,0.025,0.0,0.0,0.0,246.576420783997,7601,2703,0,0,67
458,81,19.4444444444444,51.4285714285714,54.0,30.177,0.025,0.0,0.0,0.0,246.221057891846,7551,2663,0,0,65
459,81,19.4444444444444,51.4285714285714,54.0,30.177,0.025,0.0,0.0,0.0,246.19947052002,7596,2665,0,0,63
460,81,19.4444444444444,51.4285714285714,54.0,30.177,0.025,0.0,0.0,0.0,246.181800842285,7590,2661,0,0,63
461,81,19.4444444444444,51.4285714285714,54.0,30.177,0.025,0.0,0.0,0.0,246.050720214844,7595,2658,0,0,67
462,81,19.4444444444444,51.4285714285714,54.0,30.177,0.025,0.0,0.0,0.0,246.044437408447,7569,2661,0,0,54
463,82,19.4444444444444,51.4285714285714,54.0,30.177,0.025,0.0,0.0,0.0,246.04373550415,7565,2659,0,0,57
464,82,19.4444444444444,51.4285714285714,54.0,30.177,0.025,0.0,0.0,0.0,245.037853240967,7589,2658,0,0,61
465,82,19.4444444444444,51.4285714285714,54.0,30.177,0.025,0.0,0.0,0.0,245.018898010254,7581,2654,0,0,61
466,82,19.4444444444444,51.4285714285714,54.0,30.177,0.025,0.0,0.0,0.0,245.051982879639,7636,2654,0,0,83
467,82,19.4444444444444,51.4285714285714,54.0,30.177,0.025,0.0,0.0,0.0,245.040103912354,7625,2651,0,0,79
468,83,19.047619047619,52.5,54.0,30.177,0.025,0.0,0.0,0.0,245.070205688477,7657,2656,0,0,83
469,83,17.0634920634921,58.6046511627907,54.0,30.177,0.025,0.0,0.0,0.0,245.007781982422,7620,2644,0,0,78
470,83,19.047619047619,52.5,54.0,30.177,0.025,0.0,0.0,0.0,244.902660369873,7598,2633,0,0,84
471,83,19.4444444444444,51.4285714285714,54.0,30.177,0.025,0.0,0.0,0.0,244.894691467285,7581,2633,0,0,78
472,83,19.047619047619,52.5,54.0,30.177,0.025,0.0,0.0,0.0,244.805335998535,7529,2624,0,0,75
473,83,19.047619047619,52.5,54.0,30.177,0.025,0.0,0.0,0.0,244.766189575195,7513,2616,0,0,74
474,84,19.047619047619,52.5,54.0,30.177,0.025,0.0,0.0,0.0,244.405074119568,7444,2586,0,0,65
475,84,19.047619047619,52.5,54.0,30.177,0.025,0.0,0.0,0.0,244.391379356384,7429,2584,0,0,64
476,84,18.6507936507937,53.6170212765957,54.0,30.177,0.025,0.0,0.0,0.0,244.364542961121,7397,2582,0,0,64
477,84,17.666333333333,56.6048416007859,54.0,30.177,0.025,0.0,0.0,0.0,244.352118492126,7390,2581,0,0,64
478,84,17.238,58.0113702285648,54.0,30.177,0.025,0.0,0.0,0.0,244.349352836609,7391,2581,0,0,64
479,85,19.047619047619,52.5,54.0,30.177,0.025,0.0,0.0,0.0,244.370512962341,7396,2571,0,0,67
480,85,19.047619047619,52.5,54.0,30.177,0.025,0.0,0.0,0.0,244.331122398376,7349,2569,0,0,44
481,85,17.1977619047619,58.1471010901197,54.0,30.177,0.025,0.0,0.0,0.0,244.131827354431,7223,2544,0,0,33
482,85,17.002,58.8166098106105,54.0,30.177,0.025,0.0,0.0,0.0,244.131510734558,7220,2544,0,0,32
483,85,18.554,53.8967338579282,54.0,30.177,0.025,0.0,0.0,0.0,244.043967247009,7169,2522,0,0,33
484,85,16.66,60.0240096038415,54.0,30.177,0.025,0.0,0.0,0.0,244.045329093933,7169,2522,0,0,33
485,86,24.2533333333336,41.2314458493673,54.0,30.177,0.025,0.0,0.0,0.0,245.138941764832,7225,2532,0,0,40
486,86,17.4766666666664,57.2191493419807,54.0,30.861,0.039,0.0,0.0,0.0,245.134490013123,7220,2532,0,0,39
487,86,16.787,59.5699052838506,54.0,30.861,0.039,0.0,0.0,0.0,245.146914482117,7229,2534,0,0,40
488,86,16.99,58.8581518540318,54.0,30.861,0.039,0.0,0.0,0.0,246.13180065155,7195,2533,0,0,26
489,86,18.75,53.3333333333333,54.0,30.861,0.039,0.0,0.0,0.0,246.115973472595,7185,2529,0,0,24
490,87,19.047619047619,52.5,54.0,30.861,0.039,0.0,0.0,0.0,246.122466087341,7253,2503,0,0,43
491,87,19.047619047619,52.5,54.0,30.861,0.039,0.0,0.0,0.0,246.17225933075,7282,2513,0,0,46
492,87,19.047619047619,52.5,54.0,30.861,0.039,0.0,0.0,0.0,246.182078361511,7289,2513,0,0,47
493,87,22.8534761904765,43.7570193551877,54.0,30.861,0.039,0.0,0.0,0.0,246.211436271667,7311,2517,0,0,50
494,87,19.047619047619,52.5,54.0,30.861,0.039,0.0,0.0,0.0,246.199385643005,7302,2514,0,0,48
495,88,18.75,53.3333333333333,54.0,30.861,0.039,0.0,0.0,0.0,246.188990592957,7291,2512,0,0,45
496,88,18.75,53.3333333333333,54.0,30.861,0.039,0.0,0.0,0.0,245.854253768921,7280,2487,0,0,49
497,88,18.75,53.3333333333333,54.0,30.861,0.039,0.0,0.0,0.0,245.876932144165,7280,2491,0,0,47
498,88,18.75,53.3333333333333,54.0,30.861,0.039,0.0,0.0,0.0,245.857465744019,7275,2488,0,0,46
499,88,18.75,53.3333333333333,54.0,30.861,0.039,0.0,0.0,0.0,245.879991531372,7281,2491,0,0,46
500,89,20.5357142857143,48.695652173913,54.0,30.861,0.039,0.0,0.0,0.0,245.955484390259,7326,2497,0,0,54
501,89,19.047619047619,52.5,54.0,30.861,0.039,0.0,0.0,0.0,245.987607955933,7349,2496,0,0,60
502,89,19.047619047619,52.5,54.0,30.861,0.039,0.0,0.0,0.0,245.985010147095,7349,2497,0,0,59
503,89,19.047619047619,52.5,54.0,30.861,0.039,0.0,0.0,0.0,246.120084762573,7443,2512,0,0,73
504,89,19.047619047619,52.5,54.0,30.861,0.039,0.0,0.0,0.0,246.117681503296,7439,2510,0,0,71
505,89,19.047619047619,52.5,54.0,30.861,0.039,0.0,0.0,0.0,246.147550582886,7456,2513,0,0,73
506,90,23.7285714285712,42.1432871764002,54.0,30.861,0.039,0.0,0.0,0.0,245.400309562683,7556,2469,0,0,109
507,90,20.498,48.785247341204,54.0,30.861,0.039,0.0,0.0,0.0,245.49308681488,7618,2479,0,0,117
508,90,19.4444444444444,51.4285714285714,54.0,30.861,0.039,0.0,0.0,0.0,245.500079154968,7631,2479,0,0,118
509,90,19.4444444444444,51.4285714285714,54.0,30.861,0.039,0.0,0.0,0.0,245.49695110321,7626,2475,0,0,121
510,90,19.4444444444444,51.4285714285714,54.0,30.861,0.039,0.0,0.0,0.0,245.600932121277,7693,2484,0,0,130
511,91,18.8686666666669,52.9979154153262,54.0,30.861,0.039,0.0,0.0,0.0,245.575713157654,7679,2471,0,0,129
512,91,19.4444444444444,51.4285714285714,54.0,30.861,0.039,0.0,0.0,0.0,246.525237083435,7679,2471,0,0,128
513,91,19.4444444444444,51.4285714285714,54.0,30.861,0.039,0.0,0.0,0.0,246.509589195251,7658,2469,0,0,121
514,91,19.4444444444444,51.4285714285714,54.0,30.861,0.039,0.0,0.0,0.0,246.50819683075,7657,2470,0,0,120
515,91,19.4444444444444,51.4285714285714,54.0,30.861,0.039,0.0,0.0,0.0,246.474146842957,7642,2466,0,0,110
516,92,28.8912222222219,34.6125889831978,54.0,30.861,0.039,0.0,0.0,0.0,246.84681224823,7725,2464,0,0,137
517,92,21.373,46.7880035558883,54.0,30.861,0.039,0.0,0.0,0.0,245.978220939636,7811,2479,0,0,149
518,92,26.159,38.2277610000382,54.0,30.861,0.039,0.0,0.0,0.0,245.899218559265,7787,2469,0,0,150
519,92,22.468,44.5077443475165,54.0,30.861,0.039,0.0,0.0,0.0,245.891116142273,7761,2473,0,0,135
520,93,27.337,36.5804587189523,54.0,30.861,0.039,0.0,0.0,0.0,245.979128837585,7782,2462,0,0,147
521,93,29.284,34.148340390657,54.0,30.861,0.039,0.0,0.0,0.0,245.538469314575,7767,2426,0,0,149
522,93,24.0740740740741,41.5384615384615,54.0,30.861,0.039,0.0,0.0,0.0,245.492372512817,7764,2415,0,0,155
523,93,23.8095238095238,42.0,54.0,30.861,0.039,0.0,0.0,0.0,245.435754776001,7685,2415,0,0,117
524,94,18.8264021164024,53.1168937015722,54.0,30.861,0.039,0.0,0.0,0.0,245.285249710083,7592,2399,0,0,101
525,94,23.8095238095238,42.0,54.0,30.861,0.039,0.0,0.0,0.0,243.873795509338,7538,2368,0,0,87
526,94,23.8095238095238,42.0,54.0,30.861,0.039,0.0,0.0,0.0,243.779362678528,7493,2358,0,0,82
527,94,23.8095238095238,42.0,54.0,30.861,0.039,0.0,0.0,0.0,243.602528572083,7439,2352,0,0,70
528,95,18.872095238095,52.9882870653076,54.0,30.861,0.039,0.0,0.0,0.0,243.605629920959,7447,2354,0,0,66
529,95,18.206,54.9269471602768,54.0,30.861,0.039,0.0,0.0,0.0,243.218338012695,7386,2320,0,0,66
530,95,18.352,54.4899738448126,54.0,30.861,0.039,0.0,0.0,0.0,243.105609893799,7314,2309,0,0,61
531,95,17.379,57.5407100523621,54.0,30.861,0.039,0.0,0.0,0.0,243.104049682617,7309,2309,0,0,58
532,95,17.564,56.9346390343885,54.0,30.861,0.039,0.0,0.0,0.0,243.03145980835,7279,2301,0,0,58
533,95,17.77,56.274620146314,54.0,30.861,0.039,0.0,0.0,0.0,243.046268463135,7285,2303,0,0,58
534,96,18.75,53.3333333333333,54.0,30.861,0.039,0.0,0.0,0.0,242.995063781738,7281,2303,0,0,47
535,96,18.465,54.1565123206065,49.0,30.445,0.051,0.0,0.0,0.0,242.940021514893,7231,2298,0,0,37
536,96,17.945,55.7258289217052,49.0,30.445,0.051,0.0,0.0,0.0,242.439955711365,7111,2251,0,0,39
537,96,18.75,53.3333333333333,49.0,30.445,0.051,0.0,0.0,0.0,242.438143730164,7106,2251,0,0,38
538,96,18.75,53.3333333333333,49.0,30.445,0.051,0.0,0.0,0.0,242.316241264343,7025,2227,0,0,38
539,97,19.047619047619,52.5,49.0,30.445,0.051,0.0,0.0,0.0,242.462485313416,7160,2230,0,0,67
540,97,19.047619047619,52.5,49.0,30.445,0.051,0.0,0.0,0.0,242.462725639343,7159,2230,0,0,66
541,97,19.047619047619,52.5,49.0,30.445,0.051,0.0,0.0,0.0,242.478804588318,7168,2232,0,0,69
542,97,20.6254761904765,48.4837290913912,49.0,30.445,0.051,0.0,0.0,0.0,242.582709312439,7254,2245,0,0,82
543,97,19.1279999999997,52.2793810121296,49.0,30.445,0.051,0.0,0.0,0.0,242.537547111511,7219,2240,0,0,80
544,98,21.546,46.4123271140815,49.0,30.445,0.051,0.0,0.0,0.0,242.564860343933,7229,2241,0,0,82
545,98,21.349,46.8406014333224,49.0,30.445,0.051,0.0,0.0,0.0,243.629305839539,7261,2257,0,0,86
546,98,20.393,49.0364340705144,49.0,30.445,0.051,0.0,0.0,0.0,243.772479057312,7354,2272,0,0,102
547,98,19.814,50.4693650953871,49.0,30.445,0.051,0.0,0.0,0.0,243.785216331482,7364,2274,0,0,103
548,98,21.847,45.7728749942784,49.0,30.445,0.051,0.0,0.0,0.0,244.822997093201,7371,2271,0,0,102
549,99,22.321,44.8008601765154,49.0,30.445,0.051,0.0,0.0,0.0,244.851744651794,7372,2274,0,0,99
550,99,19.4444444444444,51.4285714285714,49.0,30.445,0.051,0.0,0.0,0.0,244.891924858093,7397,2279,0,0,101
551,99,20.3703703703704,49.0909090909091,49.0,30.445,0.051,0.0,0.0,0.0,244.998587608337,7461,2290,0,0,109
552,99,20.3703703703704,49.0909090909091,49.0,30.445,0.051,0.0,0.0,0.0,245.003016471863,7463,2289,0,0,108
553,99,20.3703703703704,49.0909090909091,49.0,30.445,0.051,0.0,0.0,0.0,244.918322563171,7398,2283,0,0,94
554,100,20.3703703703704,49.0909090909091,49.0,30.445,0.051,0.0,0.0,0.0,244.735311508179,7445,2277,0,0,100
555,100,19.342740740741,51.6989817215371,49.0,30.445,0.051,0.0,0.0,0.0,244.71799659729,7422,2275,0,0,95
556,100,20.0,50.0,49.0,30.445,0.051,0.0,0.0,0.0,244.738374710083,7436,2279,0,0,97
557,100,20.0,50.0,49.0,30.445,0.051,0.0,0.0,0.0,244.644281387329,7395,2268,0,0,93
558,100,20.0,50.0,49.0,30.445,0.051,0.0,0.0,0.0,244.750150680542,7427,2279,0,0,88
559,101,20.0,50.0,49.0,30.445,0.051,0.0,0.0,0.0,245.109296798706,7647,2333,0,0,121
560,101,20.0,50.0,49.0,30.445,0.051,0.0,0.0,0.0,245.099573135376,7616,2331,0,0,110
561,101,20.0,50.0,49.0,30.445,0.051,0.0,0.0,0.0,245.093271255493,7614,2329,0,0,109
562,101,20.0,50.0,49.0,30.445,0.051,0.0,0.0,0.0,245.167219161987,7694,2336,0,0,125
563,101,20.0,50.0,49.0,30.445,0.051,0.0,0.0,0.0,245.135751724243,7650,2335,0,0,110
564,102,20.0,50.0,49.0,30.445,0.051,0.0,0.0,0.0,245.110059738159,7651,2321,0,0,112
565,102,20.0,50.0,49.0,30.445,0.051,0.0,0.0,0.0,244.998613357544,7595,2310,0,0,104
566,102,20.0,50.0,49.0,30.445,0.051,0.0,0.0,0.0,244.979448318481,7569,2309,0,0,97
567,102,20.0,50.0,49.0,30.445,0.051,0.0,0.0,0.0,245.080289840698,7636,2318,0,0,105
568,102,20.0,50.0,49.0,30.445,0.051,0.0,0.0,0.0,245.071187973022,7632,2321,0,0,95
569,103,20.0,50.0,49.0,30.445,0.051,0.0,0.0,0.0,245.040208816528,7618,2314,0,0,92
570,103,20.0,50.0,49.0,30.445,0.051,0.0,0.0,0.0,244.968950271606,7594,2305,0,0,91
571,103,20.0,50.0,49.0,30.445,0.051,0.0,0.0,0.0,245.014348983765,7603,2311,0,0,90
572,103,18.4269999999997,54.2681934118421,49.0,30.445,0.051,0.0,0.0,0.0,245.028146743774,7617,2311,0,0,90
573,103,18.718,53.4245111657228,49.0,30.445,0.051,0.0,0.0,0.0,245.000246047974,7595,2306,0,0,86
574,104,20.0,50.0,49.0,30.445,0.051,0.0,0.0,0.0,245.014024734497,7679,2296,0,0,108
575,104,20.0,50.0,49.0,30.445,0.051,0.0,0.0,0.0,244.962919235229,7625,2291,0,0,98
576,104,20.0,50.0,49.0,30.445,0.051,0.0,0.0,0.0,244.894231796265,7590,2270,0,0,98
577,104,19.838,50.4083072890412,49.0,30.445,0.051,0.0,0.0,0.0,244.93443107605,7644,2275,0,0,115
578,104,18.451,54.1976044658826,49.0,30.445,0.051,0.0,0.0,0.0,244.944616317749,7643,2276,0,0,111
579,105,20.0,50.0,49.0,30.445,0.051,0.0,0.0,0.0,245.140153884888,7672,2262,0,0,136
580,105,20.0,50.0,49.0,30.445,0.051,0.0,0.0,0.0,244.762051582336,7587,2232,0,0,125
581,105,21.2326666666669,47.0972401017294,49.0,30.445,0.051,0.0,0.0,0.0,243.685811042786,7531,2223,0,0,120
582,105,20.0,50.0,49.0,30.445,0.051,0.0,0.0,0.0,243.721150398254,7556,2229,0,0,122
583,105,20.0,50.0,49.0,30.445,0.051,0.0,0.0,0.0,243.595540046692,7509,2212,0,0,119
584,106,20.0,50.0,49.0,30.445,0.051,0.0,0.0,0.0,243.721726417542,7542,2215,0,0,128
585,106,20.0,50.0,50.0,29.215,0.05,0.0,0.0,0.0,243.835213661194,7642,2243,0,0,135
586,106,20.0,50.0,50.0,29.215,0.05,0.0,0.0,0.0,243.836445808411,7639,2242,0,0,130
587,106,20.0,50.0,50.0,29.215,0.05,0.0,0.0,0.0,243.804871559143,7621,2239,0,0,129
588,106,20.0,50.0,50.0,29.215,0.05,0.0,0.0,0.0,243.698414802551,7515,2225,0,0,97
589,107,20.0,50.0,50.0,29.215,0.05,0.0,0.0,0.0,243.902009010315,7703,2260,0,0,117
590,107,20.0,50.0,50.0,29.215,0.05,0.0,0.0,0.0,243.181662559509,7601,2204,0,0,102
591,107,20.0,50.0,50.0,29.215,0.05,0.0,0.0,0.0,241.885870933533,7519,2183,0,0,105
592,107,20.0,50.0,50.0,29.215,0.05,0.0,0.0,0.0,241.724276542664,7417,2161,0,0,91
593,107,20.3703703703704,49.0909090909091,50.0,29.215,0.05,0.0,0.0,0.0,241.667704582214,7380,2150,0,0,87
594,108,20.0,50.0,50.0,29.215,0.05,0.0,0.0,0.0,241.789023399353,7459,2165,0,0,98
595,108,20.0,50.0,50.0,29.215,0.05,0.0,0.0,0.0,241.634097099304,7419,2149,0,0,103
596,108,20.0,50.0,50.0,29.215,0.05,0.0,0.0,0.0,241.617732048035,7385,2150,0,0,89
597,108,20.0,50.0,50.0,29.215,0.05,0.0,0.0,0.0,241.570761680603,7350,2146,0,0,87
598,108,20.0,50.0,50.0,29.215,0.05,0.0,0.0,0.0,241.74796962738,7490,2165,0,0,109
599,109,20.0376296296293,49.9061025921606,50.0,29.215,0.05,0.0,0.0,0.0,241.662707328796,7454,2125,0,0,112
600,109,22.9253333333336,43.6198673956026,50.0,29.215,0.05,0.0,0.0,0.0,241.658381462097,7438,2127,0,0,106
601,109,20.1756666666664,49.5646570951813,50.0,29.215,0.05,0.0,0.0,0.0,241.615054130554,7407,2121,0,0,107
602,109,20.0,50.0,50.0,29.215,0.05,0.0,0.0,0.0,241.585066795349,7389,2112,0,0,103
603,109,20.0,50.0,50.0,29.215,0.05,0.0,0.0,0.0,241.56637096405,7346,2114,0,0,92
604,110,20.3703703703704,49.0909090909091,50.0,29.215,0.05,0.0,0.0,0.0,242.676383018494,7413,2135,0,0,98
605,110,20.3703703703704,49.0909090909091,50.0,29.215,0.05,0.0,0.0,0.0,242.567328453064,7343,2122,0,0,99
606,110,20.3703703703704,49.0909090909091,50.0,29.215,0.05,0.0,0.0,0.0,242.692736625671,7412,2139,0,0,103
607,110,20.3703703703704,49.0909090909091,50.0,29.215,0.05,0.0,0.0,0.0,243.686320304871,7409,2135,0,0,100
608,110,20.3703703703704,49.0909090909091,50.0,29.215,0.05,0.0,0.0,0.0,243.665247917175,7389,2132,0,0,93
609,111,22.4268148148148,44.5894795251716,50.0,29.215,0.05,0.0,0.0,0.0,243.628783226013,7389,2118,0,0,101
610,111,20.3703703703704,49.0909090909091,50.0,29.215,0.05,0.0,0.0,0.0,243.741225242615,7443,2131,0,0,102
611,111,20.3703703703704,49.0909090909091,50.0,29.215,0.05,0.0,0.0,0.0,243.731554985046,7440,2125,0,0,102
612,111,20.3703703703704,49.0909090909091,50.0,29.215,0.05,0.0,0.0,0.0,243.744132041931,7445,2129,0,0,100
613,111,20.3703703703704,49.0909090909091,50.0,29.215,0.05,0.0,0.0,0.0,243.71147441864,7428,2126,0,0,103
614,112,21.3255185185185,46.8921775164166,50.0,29.215,0.05,0.0,0.0,0.0,243.424942970276,7647,2112,0,0,153
615,112,20.3703703703704,49.0909090909091,50.0,29.215,0.05,0.0,0.0,0.0,243.439824104309,7651,2117,0,0,151
616,112,20.3703703703704,49.0909090909091,50.0,29.215,0.05,0.0,0.0,0.0,243.40493106842,7606,2118,0,0,136
617,112,20.3703703703704,49.0909090909091,50.0,29.215,0.05,0.0,0.0,0.0,243.350335121155,7590,2105,0,0,137
618,113,24.6788888888889,40.520462833731,50.0,29.215,0.05,0.0,0.0,0.0,243.449284553528,7636,2120,0,0,135
619,113,20.3703703703704,49.0909090909091,50.0,29.215,0.05,0.0,0.0,0.0,243.448887825012,7636,2118,0,0,134
620,113,21.6666296296296,46.1539250494445,50.0,29.215,0.05,0.0,0.0,0.0,243.418877601624,7596,2116,0,0,121
621,113,20.8333333333333,48.0,50.0,29.215,0.05,0.0,0.0,0.0,243.393971443176,7607,2114,0,0,124
622,113,20.8333333333333,48.0,50.0,29.215,0.05,0.0,0.0,0.0,243.444897651672,7623,2118,0,0,112
623,114,21.5063333333333,46.4979308420775,50.0,29.215,0.05,0.0,0.0,0.0,243.353512763977,7549,2103,0,0,97
624,114,20.8333333333333,48.0,50.0,29.215,0.05,0.0,0.0,0.0,243.025440216064,7540,2081,0,0,99
625,114,21.2121212121212,47.1428571428571,50.0,29.215,0.05,0.0,0.0,0.0,242.929286956787,7510,2065,0,0,98
626,114,21.2121212121212,47.1428571428571,50.0,29.215,0.05,0.0,0.0,0.0,242.850322723389,7442,2057,0,0,85
627,114,21.2121212121212,47.1428571428571,50.0,29.215,0.05,0.0,0.0,0.0,242.855773925781,7457,2055,0,0,89
628,115,20.6023030303033,48.5382628596973,50.0,29.215,0.05,0.0,0.0,0.0,242.807315826416,7432,2036,0,0,86
629,115,21.2121212121212,47.1428571428571,50.0,29.215,0.05,0.0,0.0,0.0,240.225039482117,7334,1996,0,0,82
630,115,21.2121212121212,47.1428571428571,50.0,29.215,0.05,0.0,0.0,0.0,240.182360649109,7308,1991,0,0,73
631,115,21.2121212121212,47.1428571428571,50.0,29.215,0.05,0.0,0.0,0.0,240.152445793152,7291,1984,0,0,82
632,116,21.2121212121212,47.1428571428571,50.0,29.215,0.05,0.0,0.0,0.0,240.132304191589,7281,1974,0,0,82
633,116,21.2121212121212,47.1428571428571,48.0,27.021,0.052,0.0,0.0,0.0,240.048968315125,7239,1965,0,0,88
634,116,21.2121212121212,47.1428571428571,48.0,27.021,0.052,0.0,0.0,0.0,239.957457542419,7166,1956,0,0,75
635,116,21.2121212121212,47.1428571428571,48.0,27.021,0.052,0.0,0.0,0.0,239.92973613739,7132,1954,0,0,67
636,116,21.2121212121212,47.1428571428571,48.0,27.021,0.052,0.0,0.0,0.0,239.943591117859,7150,1957,0,0,71
637,117,21.2121212121212,47.1428571428571,48.0,27.021,0.052,0.0,0.0,0.0,238.853419303894,7088,1944,0,0,64
638,117,21.1982424242422,47.173722235406,48.0,27.021,0.052,0.0,0.0,0.0,238.574151992798,7091,1921,0,0,73
639,117,20.8333333333333,48.0,48.0,27.021,0.052,0.0,0.0,0.0,238.558462142944,7074,1921,0,0,69
640,117,20.8333333333333,48.0,48.0,27.021,0.052,0.0,0.0,0.0,238.541227340698,7063,1917,0,0,65
641,117,20.8333333333333,48.0,48.0,27.021,0.052,0.0,0.0,0.0,238.524724960327,7049,1916,0,0,65
642,118,21.2121212121212,47.1428571428571,48.0,27.021,0.052,0.0,0.0,0.0,238.705720901489,7080,1911,0,0,86
643,118,21.2121212121212,47.1428571428571,48.0,27.021,0.052,0.0,0.0,0.0,238.319825172424,6996,1881,0,0,67
644,118,21.2121212121212,47.1428571428571,48.0,27.021,0.052,0.0,0.0,0.0,238.162529945374,6894,1863,0,0,58
645,118,21.2121212121212,47.1428571428571,48.0,27.021,0.052,0.0,0.0,0.0,238.179287910461,6908,1865,0,0,61
646,118,21.2121212121212,47.1428571428571,48.0,27.021,0.052,0.0,0.0,0.0,237.192158699036,6918,1856,0,0,73
647,119,24.8380606060606,40.2607923323931,48.0,27.021,0.052,0.0,0.0,0.0,237.903316497803,7511,2037,0,0,142
648,119,21.2121212121212,47.1428571428571,48.0,27.021,0.052,0.0,0.0,0.0,237.992031097412,7616,2056,0,0,160
649,119,21.2121212121212,47.1428571428571,48.0,27.021,0.052,0.0,0.0,0.0,237.730670928955,7511,1997,0,0,163
650,119,18.7364242424245,53.37197680098,48.0,27.021,0.052,0.0,0.0,0.0,237.618762969971,7328,1981,0,0,102
651,120,21.2121212121212,47.1428571428571,48.0,27.021,0.052,0.0,0.0,0.0,237.681049346924,7405,2002,0,0,99
652,120,21.2121212121212,47.1428571428571,48.0,27.021,0.052,0.0,0.0,0.0,238.125549316406,7690,2102,0,0,127
653,120,21.5100909090907,46.4898081661467,48.0,27.021,0.052,0.0,0.0,0.0,238.034378051758,7704,2083,0,0,137
654,120,21.2121212121212,47.1428571428571,48.0,27.021,0.052,0.0,0.0,0.0,238.283851623535,7890,2127,0,0,160
655,120,21.2121212121212,47.1428571428571,48.0,27.021,0.052,0.0,0.0,0.0,238.128032684326,7811,2076,0,0,147
656,121,21.2121212121212,47.1428571428571,48.0,27.021,0.052,0.0,0.0,0.0,238.068862915039,7659,2066,0,0,102
657,121,21.2121212121212,47.1428571428571,48.0,27.021,0.052,0.0,0.0,0.0,238.16756439209,7821,2089,0,0,134
658,121,21.2121212121212,47.1428571428571,48.0,27.021,0.052,0.0,0.0,0.0,238.18431854248,7837,2069,0,0,135
659,121,21.2121212121212,47.1428571428571,48.0,27.021,0.052,0.0,0.0,0.0,238.113986968994,7711,2069,0,0,103
660,121,21.2121212121212,47.1428571428571,48.0,27.021,0.052,0.0,0.0,0.0,238.334133148193,7949,2109,0,0,141
661,122,20.9141515151518,47.8145144580943,48.0,27.021,0.052,0.0,0.0,0.0,238.152763366699,7969,2061,0,0,163
662,122,21.2121212121212,47.1428571428571,48.0,27.021,0.052,0.0,0.0,0.0,238.126998901367,7883,2057,0,0,136
663,122,21.2121212121212,47.1428571428571,48.0,27.021,0.052,0.0,0.0,0.0,238.225845336914,8021,2075,0,0,160
664,122,21.2121212121212,47.1428571428571,48.0,27.021,0.052,0.0,0.0,0.0,238.110626220703,7965,2035,0,0,153
665,123,21.2121212121212,47.1428571428571,48.0,27.021,0.052,0.0,0.0,0.0,238.061515808105,7931,2042,0,0,136
666,123,21.2121212121212,47.1428571428571,48.0,27.021,0.052,0.0,0.0,0.0,238.040439605713,7960,2027,0,0,145
667,123,21.2121212121212,47.1428571428571,48.0,27.021,0.052,0.0,0.0,0.0,237.946056365967,7892,2003,0,0,143
668,123,21.2121212121212,47.1428571428571,48.0,27.021,0.052,0.0,0.0,0.0,237.841373443604,7758,1997,0,0,122
669,123,21.2121212121212,47.1428571428571,48.0,27.021,0.052,0.0,0.0,0.0,237.773468017578,7789,1981,0,0,136
670,124,21.2121212121212,47.1428571428571,48.0,27.021,0.052,0.0,0.0,0.0,237.639312744141,7683,1959,0,0,113
671,124,21.2121212121212,47.1428571428571,48.0,27.021,0.052,0.0,0.0,0.0,237.254633903503,7590,1930,0,0,97
672,124,21.013121212121,47.5893128824276,48.0,27.021,0.052,0.0,0.0,0.0,237.204924583435,7541,1929,0,0,107
673,124,20.8333333333333,48.0,48.0,27.021,0.052,0.0,0.0,0.0,237.087828636169,7515,1906,0,0,108
674,124,20.8333333333333,48.0,48.0,27.021,0.052,0.0,0.0,0.0,236.944266319275,7349,1890,0,0,79
675,125,20.8333333333333,48.0,48.0,27.021,0.052,0.0,0.0,0.0,236.999381065369,7402,1898,0,0,91
676,125,20.8333333333333,48.0,48.0,27.021,0.052,0.0,0.0,0.0,236.979338645935,7371,1897,0,0,88
677,125,20.8333333333333,48.0,48.0,27.021,0.052,0.0,0.0,0.0,236.842772483826,7304,1869,0,0,81
678,125,20.8333333333333,48.0,48.0,27.021,0.052,0.0,0.0,0.0,236.787302970886,7216,1875,0,0,62
679,125,19.2463333333333,51.9579487001853,48.0,27.021,0.052,0.0,0.0,0.0,236.78794002533,7215,1875,0,0,61
680,126,20.8333333333333,48.0,48.0,27.021,0.052,0.0,0.0,0.0,236.784289360046,7208,1864,0,0,69
681,126,20.0156666666667,49.9608639898746,48.0,31.631,0.034,0.0,0.0,0.0,236.838763237,7240,1878,0,0,71
682,126,20.15,49.6277915632754,48.0,31.631,0.034,0.0,0.0,0.0,236.916346549988,7289,1885,0,0,82
683,126,20.132,49.6721637194516,48.0,31.631,0.034,0.0,0.0,0.0,236.971205711365,7368,1886,0,0,95
684,126,20.21,49.480455220188,48.0,31.631,0.034,0.0,0.0,0.0,236.904410362244,7341,1873,0,0,90
685,127,19.931,50.1730971852892,48.0,31.631,0.034,0.0,0.0,0.0,236.871493339539,7311,1868,0,0,81
686,127,20.3703703703704,49.0909090909091,48.0,31.631,0.034,0.0,0.0,0.0,237.013686180115,7459,1880,0,0,110
687,127,20.3703703703704,49.0909090909091,48.0,31.631,0.034,0.0,0.0,0.0,236.81288433075,7344,1832,0,0,96
688,127,20.3703703703704,49.0909090909091,48.0,31.631,0.034,0.0,0.0,0.0,236.796988487244,7310,1833,0,0,85
689,127,20.3703703703704,49.0909090909091,48.0,31.631,0.034,0.0,0.0,0.0,236.739398002625,7279,1819,0,0,80
690,128,19.6925185185185,50.7807063408176,48.0,31.631,0.034,0.0,0.0,0.0,236.608668327332,7181,1793,0,0,70
691,128,20.0,50.0,48.0,31.631,0.034,0.0,0.0,0.0,236.509657859802,7025,1790,0,0,52
692,128,20.0,50.0,48.0,31.631,0.034,0.0,0.0,0.0,236.472880363464,7002,1785,0,0,54
693,128,20.0,50.0,48.0,31.631,0.034,0.0,0.0,0.0,236.372099876404,6951,1774,0,0,49
694,128,20.0,50.0,48.0,31.631,0.034,0.0,0.0,0.0,236.283255577087,6809,1772,0,0,41
695,129,20.0,50.0,48.0,31.631,0.034,0.0,0.0,0.0,236.198882102966,6752,1761,0,0,36
696,129,19.547,51.1587455875582,48.0,31.631,0.034,0.0,0.0,0.0,235.826944351196,6692,1730,0,0,36
697,129,19.597,51.0282186048885,48.0,31.631,0.034,0.0,0.0,0.0,235.728048324585,6641,1720,0,0,32
698,129,19.114,52.317672909909,48.0,31.631,0.034,0.0,0.0,0.0,235.701025009155,6606,1717,0,0,20
699,129,18.781,53.2453011021777,48.0,31.631,0.034,0.0,0.0,0.0,235.686456680298,6585,1716,0,0,15
700,130,20.0,50.0,48.0,31.631,0.034,0.0,0.0,0.0,235.788358688354,6685,1733,0,0,31
701,130,19.858,50.357538523517,48.0,31.631,0.034,0.0,0.0,0.0,235.789323806763,6685,1733,0,0,31
702,130,18.577,53.8300048447004,48.0,31.631,0.034,0.0,0.0,0.0,235.775590896606,6666,1732,0,0,29
703,130,18.287,54.6836550555039,48.0,31.631,0.034,0.0,0.0,0.0,235.738290786743,6646,1727,0,0,28
704,130,18.205,54.9299642955232,48.0,31.631,0.034,0.0,0.0,0.0,235.734518051147,6637,1727,0,0,25
705,131,20.0,50.0,48.0,31.631,0.034,0.0,0.0,0.0,235.984624862671,6698,1727,0,0,45
706,131,24.8740000000003,40.2026212109025,48.0,31.631,0.034,0.0,0.0,0.0,235.985986709595,6698,1727,0,0,45
707,131,19.2759999999997,51.8779829840223,48.0,31.631,0.034,0.0,0.0,0.0,235.981603622437,6693,1727,0,0,44
708,131,18.177,55.0145788633988,48.0,31.631,0.034,0.0,0.0,0.0,235.982244491577,6693,1727,0,0,44
709,131,18.294,54.6627309500383,48.0,31.631,0.034,0.0,0.0,0.0,235.982515335083,6691,1727,0,0,43
710,132,20.0,50.0,48.0,31.631,0.034,0.0,0.0,0.0,236.117448806763,6716,1717,0,0,54
711,132,24.2530000000003,41.2320125345314,48.0,31.631,0.034,0.0,0.0,0.0,237.001745223999,7292,1909,0,0,115
712,132,20.3703703703704,49.0909090909091,48.0,31.631,0.034,0.0,0.0,0.0,236.981813430786,7262,1904,0,0,115
713,132,20.0,50.0,48.0,31.631,0.034,0.0,0.0,0.0,237.053384780884,7318,1922,0,0,110
714,132,20.0,50.0,48.0,31.631,0.034,0.0,0.0,0.0,236.923185348511,7280,1870,0,0,112
715,133,22.962962962963,43.5483870967742,48.0,31.631,0.034,0.0,0.0,0.0,237.340421676636,7448,1972,0,0,93
716,133,20.3703703703704,49.0909090909091,48.0,31.631,0.034,0.0,0.0,0.0,237.395738601685,7521,1985,0,0,110
717,133,20.3703703703704,49.0909090909091,48.0,31.631,0.034,0.0,0.0,0.0,237.385847091675,7614,1995,0,0,131
718,133,20.645259259259,48.437270147214,48.0,31.631,0.034,0.0,0.0,0.0,237.27232170105,7558,1950,0,0,120
719,133,20.3703703703704,49.0909090909091,48.0,31.631,0.034,0.0,0.0,0.0,237.2601146698,7503,1967,0,0,88
720,134,21.1226296296296,47.3425902709224,48.0,31.631,0.034,0.0,0.0,0.0,237.337377548218,7571,1984,0,0,97
721,134,21.847,45.7728749942784,48.0,31.631,0.034,0.0,0.0,0.0,237.25001335144,7577,1966,0,0,106
722,134,20.3703703703704,49.0909090909091,48.0,31.631,0.034,0.0,0.0,0.0,237.305959701538,7623,1977,0,0,109
723,134,20.3703703703704,49.0909090909091,48.0,31.631,0.034,0.0,0.0,0.0,237.31455039978,7626,1983,0,0,103
724,135,20.3703703703704,49.0909090909091,48.0,31.631,0.034,0.0,0.0,0.0,237.3033618927,7659,1967,0,0,112
725,135,20.3703703703704,49.0909090909091,48.0,31.631,0.034,0.0,0.0,0.0,237.249471664429,7644,1956,0,0,108
726,135,20.6505185185185,48.4249341779599,48.0,31.631,0.034,0.0,0.0,0.0,236.936509132385,7651,1935,0,0,114
727,135,20.3703703703704,49.0909090909091,48.0,31.631,0.034,0.0,0.0,0.0,236.870343208313,7626,1911,0,0,115
728,135,20.8333333333333,48.0,48.0,31.631,0.034,0.0,0.0,0.0,236.867917060852,7669,1912,0,0,120
729,136,20.8333333333333,48.0,48.0,31.631,0.034,0.0,0.0,0.0,236.783261299133,7617,1901,0,0,111
730,136,20.8333333333333,48.0,49.0,26.995,0.042,0.0,0.0,0.0,236.791142463684,7653,1892,0,0,118
731,136,20.8333333333333,48.0,49.0,26.995,0.042,0.0,0.0,0.0,236.679493904114,7569,1872,0,0,113
732,136,20.8333333333333,48.0,49.0,26.995,0.042,0.0,0.0,0.0,236.6313829422,7553,1866,0,0,114
733,136,20.8333333333333,48.0,49.0,26.995,0.042,0.0,0.0,0.0,236.544838905334,7472,1845,0,0,101
734,137,25.7776296296296,38.7933263984276,49.0,26.995,0.042,0.0,0.0,0.0,236.695336341858,7625,1856,0,0,125
735,137,26.057,38.377403384887,49.0,26.995,0.042,0.0,0.0,0.0,236.619114875793,7508,1847,0,0,111
736,137,22.474,44.4958618848447,49.0,26.995,0.042,0.0,0.0,0.0,236.617962837219,7543,1843,0,0,116
737,137,24.934,40.1058795219379,49.0,26.995,0.042,0.0,0.0,0.0,236.567807197571,7463,1842,0,0,104
738,138,24.112,41.4731254147313,49.0,26.995,0.042,0.0,0.0,0.0,236.636677742004,7531,1838,0,0,122
739,138,23.3333333333333,42.8571428571429,49.0,26.995,0.042,0.0,0.0,0.0,236.56648349762,7444,1824,0,0,110
740,138,23.4536666666667,42.6372564346726,49.0,26.995,0.042,0.0,0.0,0.0,236.573033332825,7489,1816,0,0,120
741,138,23.3333333333333,42.8571428571429,49.0,26.995,0.042,0.0,0.0,0.0,236.539570808411,7382,1821,0,0,89
742,139,25.0146666666667,39.9765470923725,49.0,26.995,0.042,0.0,0.0,0.0,236.550656318665,7423,1819,0,0,97
743,139,23.3333333333333,42.8571428571429,49.0,26.995,0.042,0.0,0.0,0.0,236.525902748108,7355,1825,0,0,87
744,139,23.6111111111111,42.3529411764706,49.0,26.995,0.042,0.0,0.0,0.0,236.533738136292,7382,1823,0,0,87
745,139,23.6111111111111,42.3529411764706,49.0,26.995,0.042,0.0,0.0,0.0,236.536442756653,7371,1831,0,0,76
746,139,22.059777777778,45.3313723317446,49.0,26.995,0.042,0.0,0.0,0.0,236.460057258606,7372,1806,0,0,80
747,140,23.3333333333333,42.8571428571429,49.0,26.995,0.042,0.0,0.0,0.0,236.109642028809,7344,1782,0,0,79
748,140,23.3333333333333,42.8571428571429,49.0,26.995,0.042,0.0,0.0,0.0,235.92769241333,7301,1739,0,0,86
749,140,23.3333333333333,42.8571428571429,49.0,26.995,0.042,0.0,0.0,0.0,235.86939239502,7248,1727,0,0,74
750,140,20.8633333333331,47.9309793896794,49.0,26.995,0.042,0.0,0.0,0.0,235.679840087891,7136,1696,0,0,61
751,141,22.551,44.3439315329697,49.0,26.995,0.042,0.0,0.0,0.0,235.592468261719,7054,1670,0,0,48
752,141,20.513,48.7495734412324,49.0,26.995,0.042,0.0,0.0,0.0,235.4423828125,6881,1656,0,0,34
753,141,19.783,50.5484506899864,49.0,26.995,0.042,0.0,0.0,0.0,235.389762878418,6820,1649,0,0,26
754,141,19.017,52.5845296313825,49.0,26.995,0.042,0.0,0.0,0.0,235.262962341309,6668,1641,0,0,21
755,141,20.305,49.248953459739,49.0,26.995,0.042,0.0,0.0,0.0,235.256122589111,6654,1642,0,0,24
756,142,20.353,49.1328059745492,49.0,26.995,0.042,0.0,0.0,0.0,235.260250091553,6632,1645,0,0,28
757,142,19.4444444444444,51.4285714285714,49.0,26.995,0.042,0.0,0.0,0.0,235.25154876709,6620,1645,0,0,24
758,142,19.4444444444444,51.4285714285714,49.0,26.995,0.042,0.0,0.0,0.0,235.236644744873,6611,1643,0,0,24
759,142,19.4444444444444,51.4285714285714,49.0,26.995,0.042,0.0,0.0,0.0,235.243381500244,6619,1641,0,0,24
760,142,19.4444444444444,51.4285714285714,49.0,26.995,0.042,0.0,0.0,0.0,235.204708099365,6586,1637,0,0,20
761,143,20.0,50.0,49.0,26.995,0.042,0.0,0.0,0.0,235.197471618652,6575,1637,0,0,16
762,143,19.6969696969697,50.7692307692308,49.0,26.995,0.042,0.0,0.0,0.0,235.198196411133,6574,1637,0,0,16
763,143,19.6969696969697,50.7692307692308,49.0,26.995,0.042,0.0,0.0,0.0,235.206642150879,6571,1638,0,0,16
764,143,19.6969696969697,50.7692307692308,49.0,26.995,0.042,0.0,0.0,0.0,235.212463378906,6574,1638,0,0,16
765,143,19.6969696969697,50.7692307692308,49.0,26.995,0.042,0.0,0.0,0.0,235.201587677002,6564,1637,0,0,14
766,144,20.0,50.0,49.0,26.995,0.042,0.0,0.0,0.0,235.403945922852,6606,1627,0,0,31
767,144,20.0,50.0,49.0,26.995,0.042,0.0,0.0,0.0,235.070883750916,6589,1600,0,0,34
768,144,20.0490101010103,49.8777742622618,49.0,26.995,0.042,0.0,0.0,0.0,235.013670921326,6561,1581,0,0,33
769,144,20.0,50.0,49.0,26.995,0.042,0.0,0.0,0.0,235.004321098328,6554,1580,0,0,32
770,144,20.0,50.0,49.0,26.995,0.042,0.0,0.0,0.0,235.020400047302,6559,1582,0,0,33
771,145,20.0,50.0,49.0,26.995,0.042,0.0,0.0,0.0,235.174036979675,6596,1581,0,0,44
772,145,23.4896666666664,42.5719110530876,49.0,26.995,0.042,0.0,0.0,0.0,235.894846916199,7072,1722,0,0,107
773,145,20.3703703703704,49.0909090909091,49.0,26.995,0.042,0.0,0.0,0.0,235.883276939392,7063,1721,0,0,106
774,145,20.3703703703704,49.0909090909091,49.0,26.995,0.042,0.0,0.0,0.0,235.918158531189,7089,1731,0,0,99
775,145,20.3703703703704,49.0909090909091,49.0,26.995,0.042,0.0,0.0,0.0,235.843405723572,7062,1703,0,0,98
776,146,20.3703703703704,49.0909090909091,46.0,28.681,0.063,0.0,0.0,0.0,235.799452781677,7022,1704,0,0,73
777,146,20.3703703703704,49.0909090909091,46.0,28.681,0.063,0.0,0.0,0.0,235.832713127136,7060,1712,0,0,78
778,146,21.1981481481481,47.1739320345942,46.0,28.681,0.063,0.0,0.0,0.0,235.754416465759,7088,1709,0,0,92
779,146,20.3703703703704,49.0909090909091,46.0,28.681,0.063,0.0,0.0,0.0,235.714632987976,7054,1699,0,0,80
780,146,20.3703703703704,49.0909090909091,46.0,28.681,0.063,0.0,0.0,0.0,235.722819328308,7069,1708,0,0,68
781,147,20.9282592592593,47.7822826835238,46.0,28.681,0.063,0.0,0.0,0.0,235.339570999146,6999,1677,0,0,56
782,147,20.735,48.227634434531,46.0,28.681,0.063,0.0,0.0,0.0,235.270364761353,7009,1667,0,0,62
783,147,20.3703703703704,49.0909090909091,46.0,28.681,0.063,0.0,0.0,0.0,235.275175094604,7010,1674,0,0,60
784,147,20.3703703703704,49.0909090909091,46.0,28.681,0.063,0.0,0.0,0.0,235.260526657104,7000,1672,0,0,60
785,148,20.3155925925928,49.2232749520979,46.0,28.681,0.063,0.0,0.0,0.0,235.359052658081,7135,1684,0,0,84
786,148,20.3703703703704,49.0909090909091,46.0,28.681,0.063,0.0,0.0,0.0,235.15765953064,7034,1638,0,0,76
787,148,20.3703703703704,49.0909090909091,46.0,28.681,0.063,0.0,0.0,0.0,235.159021377563,7034,1638,0,0,76
788,148,20.3703703703704,49.0909090909091,46.0,28.681,0.063,0.0,0.0,0.0,235.121431350708,7024,1628,0,0,76
789,148,22.3495555555553,44.7436190627708,46.0,28.681,0.063,0.0,0.0,0.0,235.084875106812,7022,1606,0,0,88
790,149,25.039,39.9376971923799,46.0,28.681,0.063,0.0,0.0,0.0,235.186586380005,6999,1620,0,0,73
791,149,24.395,40.9920065587211,46.0,28.681,0.063,0.0,0.0,0.0,235.279329299927,7051,1629,0,0,79
792,149,21.6666666666667,46.1538461538462,46.0,28.681,0.063,0.0,0.0,0.0,235.166177749634,6927,1622,0,0,79
793,149,21.6666666666667,46.1538461538462,46.0,28.681,0.063,0.0,0.0,0.0,235.190221786499,6953,1625,0,0,81
794,149,21.6666666666667,46.1538461538462,46.0,28.681,0.063,0.0,0.0,0.0,235.190767288208,6952,1625,0,0,80
795,150,18.7720000000002,53.270828894097,46.0,28.681,0.063,0.0,0.0,0.0,235.195161819458,6966,1617,0,0,84
796,150,21.6666666666667,46.1538461538462,46.0,28.681,0.063,0.0,0.0,0.0,235.170114517212,6952,1610,0,0,83
797,150,21.6666666666667,46.1538461538462,46.0,28.681,0.063,0.0,0.0,0.0,235.149297714233,6933,1606,0,0,77
798,150,21.6666666666667,46.1538461538462,46.0,28.681,0.063,0.0,0.0,0.0,235.186967849731,6947,1613,0,0,75
799,151,21.6666666666667,46.1538461538462,46.0,28.681,0.063,0.0,0.0,0.0,235.144842147827,6932,1592,0,0,80
800,151,21.6666666666667,46.1538461538462,46.0,28.681,0.063,0.0,0.0,0.0,235.129163742065,6911,1591,0,0,79
801,151,21.6666666666667,46.1538461538462,46.0,28.681,0.063,0.0,0.0,0.0,235.106317520142,6879,1590,0,0,58
802,151,21.4285714285714,46.6666666666667,46.0,28.681,0.063,0.0,0.0,0.0,234.897066116333,6716,1567,0,0,31
803,151,21.4285714285714,46.6666666666667,46.0,28.681,0.063,0.0,0.0,0.0,234.881425857544,6702,1567,0,0,26
804,152,21.4285714285714,46.6666666666667,46.0,28.681,0.063,0.0,0.0,0.0,234.913328170776,6718,1567,0,0,33
805,152,21.4285714285714,46.6666666666667,46.0,28.681,0.063,0.0,0.0,0.0,234.815843582153,6668,1557,0,0,33
806,152,21.4285714285714,46.6666666666667,46.0,28.681,0.063,0.0,0.0,0.0,234.801748275757,6636,1558,0,0,21
807,152,21.4285714285714,46.6666666666667,46.0,28.681,0.063,0.0,0.0,0.0,234.706434249878,6604,1545,0,0,22
808,152,21.4285714285714,46.6666666666667,46.0,28.681,0.063,0.0,0.0,0.0,234.696699142456,6591,1545,0,0,18
809,153,21.0026666666664,47.6130015236166,46.0,28.681,0.063,0.0,0.0,0.0,234.706823348999,6602,1546,0,0,21
810,153,19.431,51.4641552158921,46.0,28.681,0.063,0.0,0.0,0.0,234.350655555725,6564,1516,0,0,20
811,153,19.906,50.2361097156636,46.0,28.681,0.063,0.0,0.0,0.0,234.377346992493,6581,1519,0,0,21
812,153,21.4285714285714,46.6666666666667,46.0,28.681,0.063,0.0,0.0,0.0,234.354458808899,6569,1517,0,0,21
813,153,21.5650952380954,46.3712304053945,46.0,28.681,0.063,0.0,0.0,0.0,234.335770606995,6571,1516,0,0,23
814,154,21.4285714285714,46.6666666666667,46.0,28.681,0.063,0.0,0.0,0.0,233.977344512939,6530,1486,0,0,22
815,154,21.4285714285714,46.6666666666667,46.0,28.681,0.063,0.0,0.0,0.0,233.999576568604,6543,1489,0,0,23
816,154,19.9261904761903,50.1852073127022,46.0,28.681,0.063,0.0,0.0,0.0,233.979053497314,6533,1486,0,0,21
817,154,19.243,51.966949020423,46.0,28.681,0.063,0.0,0.0,0.0,233.957885742188,6526,1484,0,0,23
818,155,20.816,48.0399692544197,46.0,28.681,0.063,0.0,0.0,0.0,233.959041595459,6514,1478,0,0,21
819,155,19.301,51.8107870058546,46.0,28.681,0.063,0.0,0.0,0.0,233.982612609863,6530,1480,0,0,23
820,155,20.8333333333333,48.0,46.0,28.681,0.063,0.0,0.0,0.0,233.987155914307,6537,1480,0,0,26
821,155,20.3703703703704,49.0909090909091,46.0,28.681,0.063,0.0,0.0,0.0,233.955219268799,6519,1474,0,0,24
822,155,20.3703703703704,49.0909090909091,46.0,28.681,0.063,0.0,0.0,0.0,233.947486877441,6503,1474,0,0,20
823,156,20.3703703703704,49.0909090909091,46.0,28.681,0.063,0.0,0.0,0.0,234.424549102783,6862,1546,0,0,81
824,156,20.8333333333333,48.0,48.0,28.02,0.043,0.0,0.0,0.0,234.417743682861,6859,1544,0,0,82
825,156,24.8145555555556,40.2989284962679,48.0,28.02,0.043,0.0,0.0,0.0,234.406803131104,6846,1544,0,0,82
826,156,23.164,43.1704368848213,48.0,28.02,0.043,0.0,0.0,0.0,234.385177612305,6830,1539,0,0,77
827,156,22.381,44.6807559983915,48.0,28.02,0.043,0.0,0.0,0.0,236.252323150635,6815,1540,0,0,69
828,157,25.232,39.6322130627774,48.0,28.02,0.043,0.0,0.0,0.0,236.379779815674,6826,1534,0,0,81
829,157,22.2222222222222,45.0,48.0,28.02,0.043,0.0,0.0,0.0,236.383373260498,6827,1535,0,0,79
830,157,22.2222222222222,45.0,48.0,28.02,0.043,0.0,0.0,0.0,236.355079650879,6806,1531,0,0,78
831,157,22.2222222222222,45.0,48.0,28.02,0.043,0.0,0.0,0.0,236.326400756836,6763,1530,0,0,52
832,158,22.2222222222222,45.0,48.0,28.02,0.043,0.0,0.0,0.0,236.4182472229,6785,1527,0,0,64
833,158,22.2222222222222,45.0,48.0,28.02,0.043,0.0,0.0,0.0,237.922584533691,7110,1637,0,0,96
834,158,22.2222222222222,45.0,48.0,28.02,0.043,0.0,0.0,0.0,237.91618347168,7103,1636,0,0,95
835,158,22.2222222222222,45.0,48.0,28.02,0.043,0.0,0.0,0.0,237.987190246582,7177,1649,0,0,107
836,158,22.2222222222222,45.0,48.0,28.02,0.043,0.0,0.0,0.0,238.88879776001,7125,1616,0,0,94
837,159,22.7272727272727,44.0,48.0,28.02,0.043,0.0,0.0,0.0,238.455557823181,7000,1586,0,0,57
838,159,22.7272727272727,44.0,48.0,28.02,0.043,0.0,0.0,0.0,238.498190879822,7050,1597,0,0,65
839,159,22.921676767677,43.6268258267279,48.0,28.02,0.043,0.0,0.0,0.0,238.440306663513,7117,1585,0,0,96
840,159,22.2222222222222,45.0,48.0,28.02,0.043,0.0,0.0,0.0,238.483160972595,7134,1598,0,0,89
841,160,22.2222222222222,45.0,48.0,28.02,0.043,0.0,0.0,0.0,238.52531337738,7160,1603,0,0,90
842,160,22.2222222222222,45.0,48.0,28.02,0.043,0.0,0.0,0.0,238.520762443542,7158,1594,0,0,91
843,160,22.2222222222222,45.0,48.0,28.02,0.043,0.0,0.0,0.0,238.562541007996,7187,1606,0,0,92
844,160,22.1247777777776,45.1981940810458,48.0,28.02,0.043,0.0,0.0,0.0,238.558077812195,7199,1600,0,0,94
845,160,19.91,50.2260170768458,48.0,28.02,0.043,0.0,0.0,0.0,238.589949607849,7201,1608,0,0,89
846,161,22.2222222222222,45.0,48.0,28.02,0.043,0.0,0.0,0.0,238.605074882507,7302,1606,0,0,116
847,161,21.5347777777778,46.4365135465629,48.0,28.02,0.043,0.0,0.0,0.0,238.543478965759,7309,1583,0,0,123
848,161,21.659,46.1701832956277,48.0,28.02,0.043,0.0,0.0,0.0,238.443034172058,7232,1564,0,0,109
849,161,19.964,50.0901622921258,48.0,28.02,0.043,0.0,0.0,0.0,238.428389549255,7231,1559,0,0,109
850,162,20.562,48.6334014200953,48.0,28.02,0.043,0.0,0.0,0.0,238.348940849304,7170,1538,0,0,101
851,162,19.777,50.5637862163119,48.0,28.02,0.043,0.0,0.0,0.0,238.277525901794,7074,1532,0,0,65
852,162,21.2121212121212,47.1428571428571,48.0,28.02,0.043,0.0,0.0,0.0,238.072562217712,6916,1511,0,0,52
853,162,19.5858787878788,51.0571933396665,48.0,28.02,0.043,0.0,0.0,0.0,237.946551322937,6810,1488,0,0,50
854,162,19.58,51.0725229826353,48.0,28.02,0.043,0.0,0.0,0.0,237.89914226532,6762,1482,0,0,45
855,163,20.364,49.1062659595364,48.0,28.02,0.043,0.0,0.0,0.0,237.868330955505,6736,1482,0,0,44
856,163,20.647,48.4331864193345,48.0,28.02,0.043,0.0,0.0,0.0,237.877017021179,6737,1483,0,0,43
857,163,19.857,50.3600745329103,48.0,28.02,0.043,0.0,0.0,0.0,237.852190971375,6737,1476,0,0,46
858,163,20.3703703703704,49.0909090909091,48.0,28.02,0.043,0.0,0.0,0.0,237.870173454285,6764,1479,0,0,49
859,163,20.3703703703704,49.0909090909091,48.0,28.02,0.043,0.0,0.0,0.0,237.772406578064,6728,1462,0,0,49
860,164,20.3703703703704,49.0909090909091,48.0,28.02,0.043,0.0,0.0,0.0,237.747633934021,6724,1448,0,0,52
861,164,20.3703703703704,49.0909090909091,48.0,28.02,0.043,0.0,0.0,0.0,237.737956047058,6711,1446,0,0,49
862,164,20.3703703703704,49.0909090909091,48.0,28.02,0.043,0.0,0.0,0.0,237.712103843689,6691,1440,0,0,46
863,164,20.3703703703704,49.0909090909091,48.0,28.02,0.043,0.0,0.0,0.0,237.668810844421,6642,1438,0,0,32
864,164,20.3703703703704,49.0909090909091,48.0,28.02,0.043,0.0,0.0,0.0,236.646235466003,6619,1436,0,0,29
865,165,20.3703703703704,49.0909090909091,48.0,28.02,0.043,0.0,0.0,0.0,236.712706565857,6651,1448,0,0,36
866,165,20.3703703703704,49.0909090909091,48.0,28.02,0.043,0.0,0.0,0.0,236.661730766296,6603,1441,0,0,36
867,165,20.3703703703704,49.0909090909091,48.0,28.02,0.043,0.0,0.0,0.0,236.658267021179,6602,1441,0,0,36
868,165,19.7672962962963,50.5886078202494,48.0,28.02,0.043,0.0,0.0,0.0,236.646124839783,6593,1438,0,0,34
869,165,19.65,50.8905852417303,48.0,28.02,0.043,0.0,0.0,0.0,236.627673149109,6580,1434,0,0,30
870,166,20.3703703703704,49.0909090909091,48.0,28.02,0.043,0.0,0.0,0.0,236.696925163269,6603,1445,0,0,31
871,166,20.3703703703704,49.0909090909091,47.0,27.993,0.033,0.0,0.0,0.0,235.673239707947,6571,1444,0,0,22
872,166,21.5829259259261,46.3329209131357,47.0,27.993,0.033,0.0,0.0,0.0,235.673964500427,6569,1444,0,0,21
873,166,19.5653333333332,51.110808232248,47.0,27.993,0.033,0.0,0.0,0.0,235.654368400574,6543,1442,0,0,19
874,166,19.142,52.2411451259012,47.0,27.993,0.033,0.0,0.0,0.0,235.64547252655,6541,1441,0,0,19
875,167,20.3703703703704,49.0909090909091,47.0,27.993,0.033,0.0,0.0,0.0,236.101058006287,6886,1506,0,0,80
876,167,20.3703703703704,49.0909090909091,47.0,27.993,0.033,0.0,0.0,0.0,236.106085777283,6888,1507,0,0,80
877,167,20.5519259259261,48.6572403775798,47.0,27.993,0.033,0.0,0.0,0.0,236.110255241394,6893,1507,0,0,81
878,167,20.3703703703704,49.0909090909091,47.0,27.993,0.033,0.0,0.0,0.0,236.087111473084,6876,1504,0,0,79
879,167,20.3703703703704,49.0909090909091,47.0,27.993,0.033,0.0,0.0,0.0,236.061453819275,6860,1499,0,0,75
880,168,20.8333333333333,48.0,47.0,27.993,0.033,0.0,0.0,0.0,236.067904472351,6958,1471,0,0,104
881,168,21.7592592592593,45.9574468085107,47.0,27.993,0.033,0.0,0.0,0.0,236.069708824158,6959,1471,0,0,104
882,168,20.8333333333333,48.0,47.0,27.993,0.033,0.0,0.0,0.0,236.055422782898,6951,1467,0,0,103
883,168,20.8333333333333,48.0,47.0,27.993,0.033,0.0,0.0,0.0,236.071375846863,6945,1470,0,0,91
884,168,20.8333333333333,48.0,47.0,27.993,0.033,0.0,0.0,0.0,236.053534507751,6920,1470,0,0,79
885,169,20.8333333333333,48.0,47.0,27.993,0.033,0.0,0.0,0.0,236.067870140076,6896,1469,0,0,76
886,169,22.4609999999998,44.5216152442014,47.0,27.993,0.033,0.0,0.0,0.0,236.105353355408,6921,1472,0,0,81
887,169,20.954,47.7235849957049,47.0,27.993,0.033,0.0,0.0,0.0,236.121214866638,6928,1474,0,0,81
888,169,20.8333333333333,48.0,47.0,27.993,0.033,0.0,0.0,0.0,236.115748405457,6916,1474,0,0,78
889,170,24.4226666666667,40.9455696893596,47.0,27.993,0.033,0.0,0.0,0.0,236.215876579285,6942,1475,0,0,86
890,170,24.323,41.1133495045841,47.0,27.993,0.033,0.0,0.0,0.0,236.934682846069,6948,1458,0,0,91
891,170,23.43,42.6803243704652,47.0,27.993,0.033,0.0,0.0,0.0,237.035737991333,7031,1474,0,0,104
892,170,22.536,44.3734469293575,47.0,27.993,0.033,0.0,0.0,0.0,237.052572250366,7070,1471,0,0,121
893,170,22.2222222222222,45.0,47.0,27.993,0.033,0.0,0.0,0.0,238.045564651489,7052,1470,0,0,114
894,171,28.7937777777778,34.7297255579909,47.0,27.993,0.033,0.0,0.0,0.0,237.210066795349,7053,1391,0,0,135
895,171,22.2222222222222,45.0,47.0,27.993,0.033,0.0,0.0,0.0,237.350203514099,7138,1406,0,0,147
896,171,23.3333333333333,42.8571428571429,47.0,27.993,0.033,0.0,0.0,0.0,237.305766105652,7113,1400,0,0,138
897,171,23.3333333333333,42.8571428571429,47.0,27.993,0.033,0.0,0.0,0.0,237.362616539001,7149,1408,0,0,141
898,172,21.1351111111113,47.3146317870207,47.0,27.993,0.033,0.0,0.0,0.0,237.331564903259,7131,1403,0,0,137
899,172,23.3333333333333,42.8571428571429,47.0,27.993,0.033,0.0,0.0,0.0,237.409670829773,7206,1410,0,0,147
900,172,22.9166666666667,43.6363636363636,47.0,27.993,0.033,0.0,0.0,0.0,237.410758018494,7211,1409,0,0,147
901,172,20.4166666666667,48.9795918367347,47.0,27.993,0.033,0.0,0.0,0.0,237.274401664734,7128,1393,0,0,125
902,173,22.9166666666667,43.6363636363636,47.0,27.993,0.033,0.0,0.0,0.0,237.365038871765,7169,1395,0,0,127
903,173,22.9166666666667,43.6363636363636,47.0,27.993,0.033,0.0,0.0,0.0,237.263545036316,7133,1388,0,0,113
904,173,22.9166666666667,43.6363636363636,47.0,27.993,0.033,0.0,0.0,0.0,237.059748649597,6996,1365,0,0,97
905,173,22.9166666666667,43.6363636363636,47.0,27.993,0.033,0.0,0.0,0.0,236.905821800232,6913,1337,0,0,94
906,173,22.6953333333332,44.0619216872782,47.0,27.993,0.033,0.0,0.0,0.0,236.904276847839,6901,1340,0,0,85
907,174,21.747,45.9833540258426,47.0,27.993,0.033,0.0,0.0,0.0,236.508169174194,6833,1304,0,0,83
908,174,22.9166666666667,43.6363636363636,47.0,27.993,0.033,0.0,0.0,0.0,236.444093704224,6809,1303,0,0,80
909,174,22.9166666666667,43.6363636363636,47.0,27.993,0.033,0.0,0.0,0.0,236.302560806274,6755,1273,0,0,79
910,174,22.9166666666667,43.6363636363636,47.0,27.993,0.033,0.0,0.0,0.0,236.228921890259,6694,1265,0,0,62
911,175,22.9166666666667,43.6363636363636,47.0,27.993,0.033,0.0,0.0,0.0,236.239099502563,6699,1258,0,0,66
912,175,21.7803333333333,45.9129795993327,47.0,27.993,0.033,0.0,0.0,0.0,236.130094528198,6625,1248,0,0,55
913,175,20.127,49.6845034033885,47.0,27.993,0.033,0.0,0.0,0.0,236.105890274048,6582,1247,0,0,44
914,175,22.603,44.2419147900721,47.0,27.993,0.033,0.0,0.0,0.0,236.159055709839,6620,1254,0,0,52
915,175,22.2222222222222,45.0,47.0,27.993,0.033,0.0,0.0,0.0,236.149694442749,6625,1253,0,0,54
916,176,22.2222222222222,45.0,47.0,27.993,0.033,0.0,0.0,0.0,236.193628311157,6646,1263,0,0,54
917,176,22.2222222222222,45.0,46.0,30.967,0.03,0.0,0.0,0.0,235.803246498108,6580,1231,0,0,49
918,176,21.7133333333333,46.0546515198035,46.0,30.967,0.03,0.0,0.0,0.0,235.774720191956,6564,1229,0,0,50
919,176,22.098,45.2529640691465,46.0,30.967,0.03,0.0,0.0,0.0,235.901173591614,6641,1241,0,0,59
920,177,22.2222222222222,45.0,46.0,30.967,0.03,0.0,0.0,0.0,234.895241737366,6626,1237,0,0,57
921,177,22.2222222222222,45.0,46.0,30.967,0.03,0.0,0.0,0.0,234.851208686829,6595,1232,0,0,55
922,177,21.2595555555556,47.037671948823,46.0,30.967,0.03,0.0,0.0,0.0,234.893010139465,6629,1237,0,0,63
923,177,21.27,47.0145745181006,46.0,30.967,0.03,0.0,0.0,0.0,234.987648963928,6703,1244,0,0,76
924,177,20.912,47.8194338179036,46.0,30.967,0.03,0.0,0.0,0.0,234.985543251038,6698,1244,0,0,74
925,178,22.6833333333335,44.0852314474648,46.0,30.967,0.03,0.0,0.0,0.0,234.992851257324,6895,1277,0,0,109
926,178,22.2222222222222,45.0,46.0,30.967,0.03,0.0,0.0,0.0,234.933284759521,6842,1270,0,0,103
927,178,22.2222222222222,45.0,46.0,30.967,0.03,0.0,0.0,0.0,234.063011169434,6925,1285,0,0,115
928,178,20.0162222222221,49.9594773128467,46.0,30.967,0.03,0.0,0.0,0.0,234.039810180664,6909,1279,0,0,111
929,179,20.9,47.8468899521531,46.0,30.967,0.03,0.0,0.0,0.0,233.96561050415,6839,1272,0,0,105
930,179,20.414,48.985990006858,46.0,30.967,0.03,0.0,0.0,0.0,233.917556762695,6834,1267,0,0,109
931,179,21.6666666666667,46.1538461538462,46.0,30.967,0.03,0.0,0.0,0.0,234.011962890625,6856,1280,0,0,99
932,179,22.5586666666668,44.3288610437966,46.0,30.967,0.03,0.0,0.0,0.0,233.985359191895,6840,1275,0,0,98
933,179,21.6666666666667,46.1538461538462,46.0,30.967,0.03,0.0,0.0,0.0,233.938137054443,6801,1272,0,0,85
934,180,21.6666666666667,46.1538461538462,46.0,30.967,0.03,0.0,0.0,0.0,233.849979400635,6756,1262,0,0,75
935,180,23.3333333333333,42.8571428571429,46.0,30.967,0.03,0.0,0.0,0.0,233.967254638672,6815,1277,0,0,77
936,180,21.6666666666667,46.1538461538462,46.0,30.967,0.03,0.0,0.0,0.0,233.963684082031,6808,1277,0,0,74
937,180,21.1753333333332,47.2247583666534,46.0,30.967,0.03,0.0,0.0,0.0,233.974910736084,6819,1278,0,0,75
938,180,20.869,47.9179644448704,46.0,30.967,0.03,0.0,0.0,0.0,233.89022064209,6793,1265,0,0,76
939,181,21.6666666666667,46.1538461538462,46.0,30.967,0.03,0.0,0.0,0.0,234.076042175293,6944,1263,0,0,102
940,181,21.6666666666667,46.1538461538462,46.0,30.967,0.03,0.0,0.0,0.0,234.084865570068,6949,1265,0,0,101
941,181,21.6666666666667,46.1538461538462,46.0,30.967,0.03,0.0,0.0,0.0,234.054355621338,6947,1257,0,0,102
942,181,21.6666666666667,46.1538461538462,46.0,30.967,0.03,0.0,0.0,0.0,234.009803771973,6964,1248,0,0,120
943,182,21.6666666666667,46.1538461538462,46.0,30.967,0.03,0.0,0.0,0.0,234.156192779541,7031,1263,0,0,123
944,182,21.7933333333333,45.8855919241358,46.0,30.967,0.03,0.0,0.0,0.0,234.166244506836,7037,1263,0,0,125
945,182,22.8290000000002,43.8039335932364,46.0,30.967,0.03,0.0,0.0,0.0,234.156173706055,7022,1262,0,0,121
946,182,21.6666666666667,46.1538461538462,46.0,30.967,0.03,0.0,0.0,0.0,234.076015472412,6990,1254,0,0,124
947,182,21.6666666666667,46.1538461538462,46.0,30.967,0.03,0.0,0.0,0.0,234.171207427979,7027,1266,0,0,119
948,183,23.3333333333333,42.8571428571429,46.0,30.967,0.03,0.0,0.0,0.0,234.247253417969,7073,1272,0,0,129
949,183,21.6666666666667,46.1538461538462,46.0,30.967,0.03,0.0,0.0,0.0,234.140228271484,7020,1258,0,0,124
950,183,21.6666666666667,46.1538461538462,46.0,30.967,0.03,0.0,0.0,0.0,234.070690155029,6944,1253,0,0,106
951,183,21.6666666666667,46.1538461538462,46.0,30.967,0.03,0.0,0.0,0.0,234.192016601563,7024,1265,0,0,118
952,184,22.2222222222222,45.0,46.0,30.967,0.03,0.0,0.0,0.0,234.299480438232,7043,1264,0,0,125
953,184,22.2222222222222,45.0,46.0,30.967,0.03,0.0,0.0,0.0,233.602895736694,7012,1217,0,0,134
954,184,22.2222222222222,45.0,46.0,30.967,0.03,0.0,0.0,0.0,233.497476577759,6879,1212,0,0,87
955,184,22.2222222222222,45.0,46.0,30.967,0.03,0.0,0.0,0.0,232.970303535461,6762,1164,0,0,89
956,184,22.2222222222222,45.0,46.0,30.967,0.03,0.0,0.0,0.0,232.866978645325,6679,1137,0,0,80
957,185,22.2222222222222,45.0,46.0,30.967,0.03,0.0,0.0,0.0,233.313439369202,6991,1229,0,0,116
958,185,22.2222222222222,45.0,46.0,30.967,0.03,0.0,0.0,0.0,233.284440040588,6954,1225,0,0,111
959,185,22.2222222222222,45.0,46.0,30.967,0.03,0.0,0.0,0.0,233.327233314514,7012,1232,0,0,121
960,185,22.2222222222222,45.0,46.0,30.967,0.03,0.0,0.0,0.0,233.216683387756,6957,1203,0,0,109
961,186,22.2222222222222,45.0,46.0,30.967,0.03,0.0,0.0,0.0,233.072842597961,6849,1192,0,0,77
962,186,22.2222222222222,45.0,45.0,28.148,0.034,0.0,0.0,0.0,233.087300300598,6859,1205,0,0,75
963,186,22.2222222222222,45.0,45.0,28.148,0.034,0.0,0.0,0.0,233.146340370178,6896,1203,0,0,80
964,186,22.2222222222222,45.0,45.0,28.148,0.034,0.0,0.0,0.0,233.10900592804,6832,1204,0,0,68
965,186,22.2222222222222,45.0,45.0,28.148,0.034,0.0,0.0,0.0,233.157971382141,6888,1212,0,0,75
966,187,22.2222222222222,45.0,45.0,28.148,0.034,0.0,0.0,0.0,233.012848854065,6843,1189,0,0,79
967,187,22.2222222222222,45.0,45.0,28.148,0.034,0.0,0.0,0.0,233.013970375061,6822,1192,0,0,71
968,187,21.6666666666667,46.1538461538462,45.0,28.148,0.034,0.0,0.0,0.0,233.063279151917,6881,1200,0,0,82
969,187,21.6666666666667,46.1538461538462,45.0,28.148,0.034,0.0,0.0,0.0,233.01708316803,6862,1186,0,0,81
970,188,21.6666666666667,46.1538461538462,45.0,28.148,0.034,0.0,0.0,0.0,232.959961891174,6782,1183,0,0,65
971,188,21.6666666666667,46.1538461538462,45.0,28.148,0.034,0.0,0.0,0.0,232.653522491455,6804,1163,0,0,75
972,188,21.6666666666667,46.1538461538462,45.0,28.148,0.034,0.0,0.0,0.0,232.531478881836,6739,1143,0,0,73
973,188,21.1111111111111,47.3684210526315,45.0,28.148,0.034,0.0,0.0,0.0,232.41495513916,6667,1132,0,0,62
974,188,21.6666666666667,46.1538461538462,45.0,28.148,0.034,0.0,0.0,0.0,232.328903198242,6629,1128,0,0,60
975,189,21.6666666666667,46.1538461538462,45.0,28.148,0.034,0.0,0.0,0.0,232.602111816406,6803,1167,0,0,90
976,189,21.6666666666667,46.1538461538462,45.0,28.148,0.034,0.0,0.0,0.0,232.547386169434,6741,1158,0,0,76
977,189,21.6666666666667,46.1538461538462,45.0,28.148,0.034,0.0,0.0,0.0,232.599071502686,6800,1168,0,0,87
978,189,21.6666666666667,46.1538461538462,45.0,28.148,0.034,0.0,0.0,0.0,232.495529174805,6729,1148,0,0,81
979,189,21.6666666666667,46.1538461538462,45.0,28.148,0.034,0.0,0.0,0.0,232.475105285645,6685,1150,0,0,66
980,190,21.6666666666667,46.1538461538462,45.0,28.148,0.034,0.0,0.0,0.0,232.515026092529,6738,1158,0,0,76
981,190,21.6666666666667,46.1538461538462,45.0,28.148,0.034,0.0,0.0,0.0,232.475685119629,6717,1146,0,0,74
982,190,21.6666666666667,46.1538461538462,45.0,28.148,0.034,0.0,0.0,0.0,232.458934783936,6678,1148,0,0,63
983,190,21.6666666666667,46.1538461538462,45.0,28.148,0.034,0.0,0.0,0.0,232.509532928467,6733,1158,0,0,64
984,191,21.6666666666667,46.1538461538462,45.0,28.148,0.034,0.0,0.0,0.0,232.451999664307,6699,1136,0,0,56
985,191,21.6666666666667,46.1538461538462,45.0,28.148,0.034,0.0,0.0,0.0,232.505466461182,6733,1150,0,0,56
986,191,21.6666666666667,46.1538461538462,45.0,28.148,0.034,0.0,0.0,0.0,232.453788757324,6744,1133,0,0,64
987,191,21.6666666666667,46.1538461538462,45.0,28.148,0.034,0.0,0.0,0.0,232.420124053955,6728,1121,0,0,63
988,191,21.6666666666667,46.1538461538462,45.0,28.148,0.034,0.0,0.0,0.0,232.502628326416,6798,1140,0,0,69
989,192,21.6666666666667,46.1538461538462,45.0,28.148,0.034,0.0,0.0,0.0,232.380016326904,6778,1100,0,0,77
990,192,21.6666666666667,46.1538461538462,45.0,28.148,0.034,0.0,0.0,0.0,232.240760803223,6651,1080,0,0,55
991,192,21.6666666666667,46.1538461538462,45.0,28.148,0.034,0.0,0.0,0.0,232.225524902344,6625,1081,0,0,48
992,192,21.6666666666667,46.1538461538462,45.0,28.148,0.034,0.0,0.0,0.0,232.162567138672,6587,1061,0,0,69
993,192,21.6666666666667,46.1538461538462,45.0,28.148,0.034,0.0,0.0,0.0,232.094257354736,6497,1055,0,0,48
994,193,21.6666666666667,46.1538461538462,45.0,28.148,0.034,0.0,0.0,0.0,232.108066558838,6478,1056,0,0,43
995,193,21.6666666666667,46.1538461538462,45.0,28.148,0.034,0.0,0.0,0.0,232.037384033203,6371,1054,0,0,45
996,193,21.6666666666667,46.1538461538462,45.0,28.148,0.034,0.0,0.0,0.0,232.015098571777,6353,1047,0,0,47
997,193,21.6666666666667,46.1538461538462,45.0,28.148,0.034,0.0,0.0,0.0,232.000782012939,6337,1046,0,0,43
998,194,21.6666666666667,46.1538461538462,45.0,28.148,0.034,0.0,0.0,0.0,231.649222373962,6306,1018,0,0,44
999,194,21.6666666666667,46.1538461538462,45.0,28.148,0.034,0.0,0.0,0.0,232.640555381775,6302,1014,0,0,43
1000,194,21.6666666666667,46.1538461538462,45.0,28.148,0.034,0.0,0.0,0.0,232.639719963074,6290,1015,0,0,39
1001,194,21.6666666666667,46.1538461538462,45.0,28.148,0.034,0.0,0.0,0.0,232.638628959656,6293,1015,0,0,40
1002,194,21.6666666666667,46.1538461538462,45.0,28.148,0.034,0.0,0.0,0.0,233.649386405945,6301,1015,0,0,41
1003,195,21.6666666666667,46.1538461538462,45.0,28.148,0.034,0.0,0.0,0.0,233.62016582489,6266,1006,0,0,39
1004,195,21.6666666666667,46.1538461538462,45.0,28.148,0.034,0.0,0.0,0.0,233.608080863953,6232,1008,0,0,12
1005,195,21.6666666666667,46.1538461538462,45.0,28.148,0.034,0.0,0.0,0.0,233.437769889832,6138,986,0,0,12
1006,195,21.6666666666667,46.1538461538462,45.0,28.148,0.034,0.0,0.0,0.0,233.374876976013,6093,969,0,0,11
1007,196,21.6666666666667,46.1538461538462,45.0,28.148,0.034,0.0,0.0,0.0,233.394667625427,6103,970,0,0,14
1008,196,21.6666666666667,46.1538461538462,46.0,25.394,0.025,0.0,0.0,0.0,233.463080406189,6156,983,0,0,21
1009,196,21.6666666666667,46.1538461538462,46.0,25.394,0.025,0.0,0.0,0.0,233.426928520203,6140,976,0,0,20
1010,196,21.6666666666667,46.1538461538462,46.0,25.394,0.025,0.0,0.0,0.0,233.443709373474,6150,978,0,0,21
1011,196,20.1149999999999,49.7141436738756,46.0,25.394,0.025,0.0,0.0,0.0,233.439402580261,6153,977,0,0,20
1012,197,21.6666666666667,46.1538461538462,46.0,25.394,0.025,0.0,0.0,0.0,233.564444541931,6183,978,0,0,30
1013,197,21.6666666666667,46.1538461538462,46.0,25.394,0.025,0.0,0.0,0.0,233.552535057068,6167,978,0,0,26
1014,197,21.6666666666667,46.1538461538462,46.0,25.394,0.025,0.0,0.0,0.0,233.569308280945,6177,980,0,0,27
1015,197,21.205,47.1586889884461,46.0,25.394,0.025,0.0,0.0,0.0,233.538397789001,6146,975,0,0,24
1016,197,20.766,48.1556390253299,46.0,25.394,0.025,0.0,0.0,0.0,233.513285636902,6128,973,0,0,21
1017,198,21.6666666666667,46.1538461538462,46.0,25.394,0.025,0.0,0.0,0.0,233.960272789001,6420,1074,0,0,50
1018,198,21.6666666666667,46.1538461538462,46.0,25.394,0.025,0.0,0.0,0.0,233.970057487488,6426,1073,0,0,51
1019,198,21.6666666666667,46.1538461538462,46.0,25.394,0.025,0.0,0.0,0.0,234.001746177673,6468,1081,0,0,60
1020,198,22.9140000000001,43.6414419132406,46.0,25.394,0.025,0.0,0.0,0.0,233.903029441834,6420,1051,0,0,51
1021,199,21.6666666666667,46.1538461538462,46.0,25.394,0.025,0.0,0.0,0.0,233.847399711609,6340,1049,0,0,22
1022,199,21.0383333333332,47.5322823417574,46.0,25.394,0.025,0.0,0.0,0.0,233.914202690125,6403,1061,0,0,31
1023,199,21.6666666666667,46.1538461538462,46.0,25.394,0.025,0.0,0.0,0.0,233.911673545837,6408,1054,0,0,34
1024,199,21.6666666666667,46.1538461538462,46.0,25.394,0.025,0.0,0.0,0.0,232.863528251648,6357,1049,0,0,24
1025,199,21.6666666666667,46.1538461538462,46.0,25.394,0.025,0.0,0.0,0.0,232.916689872742,6407,1060,0,0,31
1026,200,21.6666666666667,46.1538461538462,46.0,25.394,0.025,0.0,0.0,0.0,233.186438560486,6636,1103,0,0,75
1027,200,21.6666666666667,46.1538461538462,46.0,25.394,0.025,0.0,0.0,0.0,233.15857219696,6594,1101,0,0,65
1028,200,21.6666666666667,46.1538461538462,46.0,25.394,0.025,0.0,0.0,0.0,233.212950706482,6655,1112,0,0,75
1029,200,21.6666666666667,46.1538461538462,46.0,25.394,0.025,0.0,0.0,0.0,233.167380332947,6639,1100,0,0,72
1030,200,22.2950000000001,44.8531060775956,46.0,25.394,0.025,0.0,0.0,0.0,233.134299278259,6589,1098,0,0,59
1031,201,21.6666666666667,46.1538461538462,46.0,25.394,0.025,0.0,0.0,0.0,233.220019340515,6659,1110,0,0,71
1032,201,21.6666666666667,46.1538461538462,46.0,25.394,0.025,0.0,0.0,0.0,232.185542106628,6646,1099,0,0,71
1033,201,21.6666666666667,46.1538461538462,46.0,25.394,0.025,0.0,0.0,0.0,232.153948783875,6605,1097,0,0,62
1034,201,21.6666666666667,46.1538461538462,46.0,25.394,0.025,0.0,0.0,0.0,232.197455406189,6639,1109,0,0,52
1035,202,21.6666666666667,46.1538461538462,46.0,25.394,0.025,0.0,0.0,0.0,232.160124778748,6639,1089,0,0,57
1036,202,21.6666666666667,46.1538461538462,46.0,25.394,0.025,0.0,0.0,0.0,232.189040184021,6632,1098,0,0,50
1037,202,21.6666666666667,46.1538461538462,46.0,25.394,0.025,0.0,0.0,0.0,232.225932121277,6679,1107,0,0,60
1038,202,21.6666666666667,46.1538461538462,46.0,25.394,0.025,0.0,0.0,0.0,232.206164360046,6675,1098,0,0,60
1039,202,21.6666666666667,46.1538461538462,46.0,25.394,0.025,0.0,0.0,0.0,232.175333976746,6630,1094,0,0,48
1040,203,21.6666666666667,46.1538461538462,46.0,25.394,0.025,0.0,0.0,0.0,232.265952110291,6710,1111,0,0,58
1041,203,21.6666666666667,46.1538461538462,46.0,25.394,0.025,0.0,0.0,0.0,232.266280174255,6726,1105,0,0,62
1042,203,21.6666666666667,46.1538461538462,46.0,25.394,0.025,0.0,0.0,0.0,232.236796379089,6720,1096,0,0,71
1043,203,21.6666666666667,46.1538461538462,46.0,25.394,0.025,0.0,0.0,0.0,232.311770439148,6788,1109,0,0,80
1044,204,21.6666666666667,46.1538461538462,46.0,25.394,0.025,0.0,0.0,0.0,232.284380912781,6784,1099,0,0,81
1045,204,21.6666666666667,46.1538461538462,46.0,25.394,0.025,0.0,0.0,0.0,232.305800437927,6806,1105,0,0,81
1046,204,21.6666666666667,46.1538461538462,46.0,25.394,0.025,0.0,0.0,0.0,232.24321269989,6794,1089,0,0,83
1047,204,21.6666666666667,46.1538461538462,46.0,25.394,0.025,0.0,0.0,0.0,232.242007255554,6804,1081,0,0,85
1048,204,21.6666666666667,46.1538461538462,46.0,25.394,0.025,0.0,0.0,0.0,232.297377586365,6862,1095,0,0,90
1049,205,22.0689999999999,45.3124291993297,46.0,25.394,0.025,0.0,0.0,0.0,231.750730514526,6742,1009,0,0,93
1050,205,22.1,45.2488687782805,46.0,25.394,0.025,0.0,0.0,0.0,231.699941635132,6674,1003,0,0,75
1051,205,21.6666666666667,46.1538461538462,46.0,25.394,0.025,0.0,0.0,0.0,231.674882888794,6648,998,0,0,69
1052,205,21.6666666666667,46.1538461538462,46.0,25.394,0.025,0.0,0.0,0.0,231.551259994507,6548,975,0,0,70
1053,205,21.6666666666667,46.1538461538462,46.0,25.394,0.025,0.0,0.0,0.0,231.524473190308,6483,976,0,0,53
1054,206,22.2222222222222,45.0,46.0,28.123,0.035,0.0,0.0,0.0,232.639127731323,6588,992,0,0,55
1055,206,22.2222222222222,45.0,46.0,28.123,0.035,0.0,0.0,0.0,232.365114212036,6343,965,0,0,44
1056,206,22.2222222222222,45.0,46.0,28.123,0.035,0.0,0.0,0.0,232.3587474823,6348,964,0,0,46
1057,206,21.8433333333333,45.780558522814,46.0,28.123,0.035,0.0,0.0,0.0,233.260282516479,6267,941,0,0,42
1058,207,22.2222222222222,45.0,46.0,28.123,0.035,0.0,0.0,0.0,233.438123703003,6419,959,0,0,67
1059,207,22.2222222222222,45.0,46.0,28.123,0.035,0.0,0.0,0.0,233.503839492798,6471,969,0,0,72
1060,207,22.2222222222222,45.0,46.0,28.123,0.035,0.0,0.0,0.0,233.429285049438,6431,955,0,0,69
1061,207,22.2222222222222,45.0,46.0,28.123,0.035,0.0,0.0,0.0,233.465662002563,6456,960,0,0,72
1062,207,22.2222222222222,45.0,46.0,28.123,0.035,0.0,0.0,0.0,233.454992294312,6446,958,0,0,72
1063,208,22.2222222222222,45.0,46.0,28.123,0.035,0.0,0.0,0.0,233.068936347961,6401,922,0,0,71
1064,208,22.2222222222222,45.0,46.0,28.123,0.035,0.0,0.0,0.0,233.03485584259,6362,918,0,0,62
1065,208,21.6666666666667,46.1538461538462,46.0,28.123,0.035,0.0,0.0,0.0,233.034321784973,6361,920,0,0,59
1066,208,22.2222222222222,45.0,46.0,28.123,0.035,0.0,0.0,0.0,233.025731086731,6321,919,0,0,57
1067,209,22.2222222222222,45.0,46.0,28.123,0.035,0.0,0.0,0.0,233.009243965149,6297,913,0,0,56
1068,209,21.6666666666667,46.1538461538462,46.0,28.123,0.035,0.0,0.0,0.0,232.669456481934,6263,886,0,0,54
1069,209,21.6666666666667,46.1538461538462,46.0,28.123,0.035,0.0,0.0,0.0,232.668720245361,6251,887,0,0,50
1070,209,21.6666666666667,46.1538461538462,46.0,28.123,0.035,0.0,0.0,0.0,232.660869598389,6248,886,0,0,50
1071,209,21.6666666666667,46.1538461538462,46.0,28.123,0.035,0.0,0.0,0.0,232.650737762451,6235,886,0,0,47
1072,210,22.2222222222222,45.0,46.0,28.123,0.035,0.0,0.0,0.0,232.381056785584,6204,850,0,0,53
1073,210,22.2222222222222,45.0,46.0,28.123,0.035,0.0,0.0,0.0,232.338267326355,6164,847,0,0,48
1074,210,22.2222222222222,45.0,46.0,28.123,0.035,0.0,0.0,0.0,232.33630657196,6154,848,0,0,45
1075,210,22.2222222222222,45.0,46.0,28.123,0.035,0.0,0.0,0.0,232.317847251892,6144,847,0,0,45
1076,211,22.2222222222222,45.0,46.0,28.123,0.035,0.0,0.0,0.0,232.405791282654,6182,845,0,0,51
1077,211,22.5932222222223,44.2610615769724,46.0,28.123,0.035,0.0,0.0,0.0,232.762759208679,6414,901,0,0,86
1078,211,22.2222222222222,45.0,46.0,28.123,0.035,0.0,0.0,0.0,232.750014305115,6395,901,0,0,81
1079,211,22.2222222222222,45.0,46.0,28.123,0.035,0.0,0.0,0.0,232.764662742615,6408,904,0,0,83
1080,211,22.2222222222222,45.0,46.0,28.123,0.035,0.0,0.0,0.0,232.739043235779,6371,902,0,0,69
1081,212,22.2222222222222,45.0,46.0,28.123,0.035,0.0,0.0,0.0,232.703246116638,6363,891,0,0,67
1082,212,22.2222222222222,45.0,46.0,28.123,0.035,0.0,0.0,0.0,232.694930076599,6370,889,0,0,70
1083,212,22.2222222222222,45.0,46.0,28.123,0.035,0.0,0.0,0.0,231.67245388031,6357,886,0,0,69
1084,212,22.2222222222222,45.0,46.0,28.123,0.035,0.0,0.0,0.0,231.663126945496,6346,886,0,0,65
1085,213,22.2222222222222,45.0,46.0,28.123,0.035,0.0,0.0,0.0,231.631663322449,6312,884,0,0,45
1086,213,22.2222222222222,45.0,46.0,28.123,0.035,0.0,0.0,0.0,231.284715652466,6319,858,0,0,55
1087,213,22.2222222222222,45.0,46.0,28.123,0.035,0.0,0.0,0.0,231.215883255005,6281,846,0,0,53
1088,213,22.2222222222222,45.0,46.0,28.123,0.035,0.0,0.0,0.0,231.212675094604,6282,846,0,0,52
1089,213,22.2222222222222,45.0,46.0,28.123,0.035,0.0,0.0,0.0,231.203939437866,6268,845,0,0,47
1090,214,22.2222222222222,45.0,46.0,28.123,0.035,0.0,0.0,0.0,231.186475753784,6261,842,0,0,46
1091,214,22.2222222222222,45.0,46.0,28.123,0.035,0.0,0.0,0.0,229.69509601593,6160,777,0,0,44
1092,214,22.2222222222222,45.0,46.0,28.123,0.035,0.0,0.0,0.0,229.682614326477,6142,776,0,0,39
1093,214,22.2222222222222,45.0,46.0,28.123,0.035,0.0,0.0,0.0,229.588349342346,6133,763,0,0,56
1094,215,22.2222222222222,45.0,46.0,28.123,0.035,0.0,0.0,0.0,229.56213092804,6111,753,0,0,56
1095,215,22.2222222222222,45.0,46.0,28.123,0.035,0.0,0.0,0.0,229.189945220947,6064,721,0,0,56
1096,215,22.2222222222222,45.0,46.0,28.123,0.035,0.0,0.0,0.0,229.152496337891,6030,718,0,0,53
1097,215,22.2222222222222,45.0,46.0,28.123,0.035,0.0,0.0,0.0,229.144680023193,6028,718,0,0,53
1098,215,22.2222222222222,45.0,46.0,28.123,0.035,0.0,0.0,0.0,229.141666412354,6025,717,0,0,52
1099,216,22.2222222222222,45.0,45.0,29.957,0.042,0.0,0.0,0.0,229.188667297363,6050,727,0,0,54
1100,216,22.2222222222222,45.0,45.0,29.957,0.042,0.0,0.0,0.0,229.179836273193,6041,726,0,0,52
1101,216,22.2222222222222,45.0,45.0,29.957,0.042,0.0,0.0,0.0,229.158653259277,6036,724,0,0,52
1102,216,22.2222222222222,45.0,45.0,29.957,0.042,0.0,0.0,0.0,229.12943649292,6020,719,0,0,50
1103,217,22.2222222222222,45.0,45.0,29.957,0.042,0.0,0.0,0.0,229.153377532959,6021,720,0,0,49
1104,217,22.2222222222222,45.0,45.0,29.957,0.042,0.0,0.0,0.0,229.143142700195,6016,718,0,0,49
1105,217,22.2222222222222,45.0,45.0,29.957,0.042,0.0,0.0,0.0,229.106128692627,5959,718,0,0,19
1106,217,22.2222222222222,45.0,45.0,29.957,0.042,0.0,0.0,0.0,228.96492767334,5883,700,0,0,20
1107,217,22.2222222222222,45.0,45.0,29.957,0.042,0.0,0.0,0.0,228.894130706787,5836,682,0,0,19
1108,218,22.2222222222222,45.0,45.0,29.957,0.042,0.0,0.0,0.0,229.607264518738,5835,661,0,0,22
1109,218,22.2222222222222,45.0,45.0,29.957,0.042,0.0,0.0,0.0,229.628878593445,5838,664,0,0,20
1110,218,22.2222222222222,45.0,45.0,29.957,0.042,0.0,0.0,0.0,229.628523826599,5837,664,0,0,20
1111,218,22.2222222222222,45.0,45.0,29.957,0.042,0.0,0.0,0.0,230.686331748962,5879,673,0,0,24
1112,219,22.2222222222222,45.0,45.0,29.957,0.042,0.0,0.0,0.0,230.656611442566,5868,666,0,0,23
1113,219,22.2222222222222,45.0,45.0,29.957,0.042,0.0,0.0,0.0,230.655558586121,5867,666,0,0,22
1114,219,22.2222222222222,45.0,45.0,29.957,0.042,0.0,0.0,0.0,230.64234828949,5858,663,0,0,21
1115,219,22.2222222222222,45.0,45.0,29.957,0.042,0.0,0.0,0.0,230.635172843933,5851,660,0,0,18
1116,219,22.2222222222222,45.0,45.0,29.957,0.042,0.0,0.0,0.0,230.632441520691,5839,661,0,0,14
1117,220,22.2222222222222,45.0,45.0,29.957,0.042,0.0,0.0,0.0,230.618250846863,5835,659,0,0,15
1118,220,22.2222222222222,45.0,45.0,29.957,0.042,0.0,0.0,0.0,230.594584465027,5807,657,0,0,14
1119,220,22.2222222222222,45.0,45.0,29.957,0.042,0.0,0.0,0.0,230.597327232361,5815,659,0,0,15
1120,220,22.2222222222222,45.0,45.0,29.957,0.042,0.0,0.0,0.0,230.606413841248,5818,659,0,0,16
1121,221,22.2222222222222,45.0,45.0,29.957,0.042,0.0,0.0,0.0,230.607005119324,5820,647,0,0,20
1122,221,22.2222222222222,45.0,45.0,29.957,0.042,0.0,0.0,0.0,230.602999687195,5806,648,0,0,16
1123,221,22.2222222222222,45.0,45.0,29.957,0.042,0.0,0.0,0.0,230.591174125671,5804,646,0,0,17
1124,221,22.2222222222222,45.0,45.0,29.957,0.042,0.0,0.0,0.0,230.588412284851,5801,645,0,0,16
1125,221,22.2222222222222,45.0,45.0,29.957,0.042,0.0,0.0,0.0,230.548621177673,5785,641,0,0,16
1126,222,22.2222222222222,45.0,45.0,29.957,0.042,0.0,0.0,0.0,230.987029075623,6053,710,0,0,58
1127,222,22.2222222222222,45.0,45.0,29.957,0.042,0.0,0.0,0.0,230.997550010681,6060,710,0,0,59
1128,222,22.2222222222222,45.0,45.0,29.957,0.042,0.0,0.0,0.0,231.01461315155,6074,713,0,0,61
1129,222,22.2222222222222,45.0,45.0,29.957,0.042,0.0,0.0,0.0,231.018820762634,6079,710,0,0,62
1130,223,22.2222222222222,45.0,45.0,29.957,0.042,0.0,0.0,0.0,231.079787254334,6102,708,0,0,62
1131,223,22.2222222222222,45.0,45.0,29.957,0.042,0.0,0.0,0.0,231.200125694275,6183,724,0,0,72
1132,223,22.2222222222222,45.0,45.0,29.957,0.042,0.0,0.0,0.0,231.165251731873,6166,716,0,0,69
1133,223,22.2222222222222,45.0,45.0,29.957,0.042,0.0,0.0,0.0,231.202132225037,6187,721,0,0,70
1134,223,22.2222222222222,45.0,45.0,29.957,0.042,0.0,0.0,0.0,231.186915397644,6154,723,0,0,45
1135,224,22.2222222222222,45.0,45.0,29.957,0.042,0.0,0.0,0.0,230.803552627563,6113,688,0,0,45
1136,224,22.2222222222222,45.0,45.0,29.957,0.042,0.0,0.0,0.0,230.782106399536,6095,686,0,0,41
1137,224,22.2222222222222,45.0,45.0,29.957,0.042,0.0,0.0,0.0,229.779890060425,6096,686,0,0,41
1138,224,22.2222222222222,45.0,45.0,29.957,0.042,0.0,0.0,0.0,229.770792007446,6094,684,0,0,40
1139,225,22.2222222222222,45.0,45.0,29.957,0.042,0.0,0.0,0.0,229.741376876831,6058,680,0,0,39
1140,225,22.2145555555557,45.0155303579732,45.0,29.957,0.042,0.0,0.0,0.0,229.74896812439,6069,682,0,0,41
1141,225,22.2222222222222,45.0,45.0,29.957,0.042,0.0,0.0,0.0,229.747018814087,6072,680,0,0,42
1142,225,22.2222222222222,45.0,45.0,29.957,0.042,0.0,0.0,0.0,229.76556968689,6119,680,0,0,60
1143,225,22.2222222222222,45.0,45.0,29.957,0.042,0.0,0.0,0.0,229.764085769653,6117,681,0,0,58
1144,226,22.2222222222222,45.0,45.0,24.863,0.036,0.0,0.0,0.0,229.420441627502,6095,652,0,0,62
1145,226,22.2222222222222,45.0,45.0,24.863,0.036,0.0,0.0,0.0,228.337430000305,6048,643,0,0,58
1146,226,22.2222222222222,45.0,45.0,24.863,0.036,0.0,0.0,0.0,228.349305152893,6059,645,0,0,58
1147,226,22.2222222222222,45.0,45.0,24.863,0.036,0.0,0.0,0.0,228.236344337463,6006,631,0,0,57
1148,227,21.8004444444445,45.8706244521008,45.0,24.863,0.036,0.0,0.0,0.0,228.21511554718,5983,629,0,0,50
1149,227,21.6666666666667,46.1538461538462,45.0,24.863,0.036,0.0,0.0,0.0,228.202393531799,5979,627,0,0,51
1150,227,21.2683333333335,47.0182587571504,45.0,24.863,0.036,0.0,0.0,0.0,228.188981056213,5973,625,0,0,52
1151,227,21.6666666666667,46.1538461538462,45.0,24.863,0.036,0.0,0.0,0.0,228.147259712219,5943,619,0,0,48
1152,227,21.6666666666667,46.1538461538462,45.0,24.863,0.036,0.0,0.0,0.0,228.126179695129,5927,617,0,0,46
1153,228,21.6666666666667,46.1538461538462,45.0,24.863,0.036,0.0,0.0,0.0,228.099793434143,5915,613,0,0,45
1154,228,21.6666666666667,46.1538461538462,45.0,24.863,0.036,0.0,0.0,0.0,228.054986000061,5872,610,0,0,25
1155,228,21.6666666666667,46.1538461538462,45.0,24.863,0.036,0.0,0.0,0.0,227.849450111389,5741,584,0,0,12
1156,228,21.6666666666667,46.1538461538462,45.0,24.863,0.036,0.0,0.0,0.0,227.767708778381,5689,563,0,0,12
1157,229,21.6666666666667,46.1538461538462,45.0,24.863,0.036,0.0,0.0,0.0,227.82746219635,5694,567,0,0,15
1158,229,21.6666666666667,46.1538461538462,45.0,24.863,0.036,0.0,0.0,0.0,227.844685554504,5700,567,0,0,15
1159,229,21.6666666666667,46.1538461538462,45.0,24.863,0.036,0.0,0.0,0.0,227.836945533752,5686,567,0,0,12
1160,229,21.6666666666667,46.1538461538462,45.0,24.863,0.036,0.0,0.0,0.0,227.867966651917,5708,572,0,0,15
1161,229,21.6666666666667,46.1538461538462,45.0,24.863,0.036,0.0,0.0,0.0,227.851372718811,5683,571,0,0,13
1162,230,22.2222222222222,45.0,45.0,24.863,0.036,0.0,0.0,0.0,228.870350837708,5695,574,0,0,13
1163,230,22.2222222222222,45.0,45.0,24.863,0.036,0.0,0.0,0.0,228.863263130188,5690,572,0,0,12
1164,230,22.2222222222222,45.0,45.0,24.863,0.036,0.0,0.0,0.0,228.856392860413,5681,571,0,0,9
1165,230,22.2222222222222,45.0,45.0,24.863,0.036,0.0,0.0,0.0,229.865254402161,5681,572,0,0,6
1166,230,22.2222222222222,45.0,45.0,24.863,0.036,0.0,0.0,0.0,229.8536195755,5675,570,0,0,6
1167,231,22.2222222222222,45.0,45.0,24.863,0.036,0.0,0.0,0.0,229.932286262512,5772,577,0,0,24
